latitude,longitude,marker,Acc Y (g),Temp Data,HRot Count,Speed,Samples,Heading GPS (dg),Speed GPS,Accuracy GPS,Altitude GPS,RSSI dBm,HH:mm:ss,SSS
,,4,0.151,155,0,-2,0,,,,,,09:40:39,463
,,3,0.161,165,0,-1,1,,,,,,,
,,3,0.167,171,0,0,2,,,,,,,
,,3,0.171,175,0,0,3,,,,,,,
,,3,0.192,197,0,0,4,,,,,,,
,,3,0.206,211,0,0,5,,,,,,,
,,3,0.216,221,0,0,6,,,,,,,
,,3,0.196,201,0,0,7,,,,,,,
,,3,0.223,228,0,0,8,,,,,,,
,,3,0.224,229,0,0,9,,,,,,,
,,3,0.237,243,0,0,10,,,,,,09:40:39,662
,,3,0.257,263,0,0,11,,,,,,,
,,3,0.272,279,0,0,12,,,,,,,
,,3,0.269,275,0,0,13,,,,,,,
,,3,0.297,304,0,0,14,,,,,,,
,,3,0.313,320,0,0,15,,,,,,,
,,3,0.333,341,0,0,16,,,,,,,
,,3,0.35,358,0,0,17,,,,,,,
,,3,0.335,343,0,0,18,,,,,,,
,,3,0.343,351,0,0,19,,,,,,,
,,3,0.363,372,0,0,20,,,,,,09:40:39,871
,,3,0.384,393,0,0,21,,,,,,,
,,3,0.409,419,0,0,22,,,,,,,
,,3,0.431,441,0,0,23,,,,,,,
,,3,0.437,447,0,0,24,,,,,,,
,,3,0.467,478,0,0,25,,,,,,,
,,3,0.483,495,0,0,26,,,,,,,
,,3,0.484,496,0,0,27,,,,,,,
,,3,0.496,508,0,0,28,,,,,,,
,,3,0.498,510,0,0,29,,,,,,,
,,3,0.554,567,0,0,30,,,,,-65,09:40:40,023
,,3,0.634,649,0,0,31,,,,,,,
,,3,0.599,613,0,0,32,,,,,,,
,,3,0.587,601,0,0,33,,,,,,,
,,3,0.617,632,0,0,34,,,,,,,
,,3,0.64,655,0,0,35,,,,,,,
,,3,0.675,691,0,0,36,,,,,,,
,,3,0.686,702,0,0,37,,,,,,,
,,3,0.647,663,0,0,38,,,,,,,
,,3,0.706,723,0,0,39,,,,,,,
,,3,0.741,759,0,0,40,,,,,-65,09:40:40,311
,,3,0.74,758,0,0,41,,,,,,,
,,3,0.755,773,0,0,42,,,,,,,
,,3,0.739,757,0,0,43,,,,,,,
,,3,0.796,815,0,0,44,,,,,,,
,,3,0.849,869,0,0,45,,,,,,,
,,3,0.877,898,0,0,46,,,,,,,
,,3,0.839,859,0,0,47,,,,,,,
,,3,0.86,881,0,0,48,,,,,,,
,,3,0.836,856,0,0,49,,,,,,,
52.3548832,4.8056294,3,0.893,914,0,0,50,182,2,11,47,-65,09:40:40,460
,,3,0.91,932,0,0,51,,,,,,,
,,3,0.88,901,0,0,52,,,,,,,
,,3,0.839,859,0,0,53,,,,,,,
,,3,0.922,944,0,0,54,,,,,,,
,,3,0.988,1012,0,0,55,,,,,,,
,,3,0.993,1017,0,0,56,,,,,,,
,,3,0.904,926,0,0,57,,,,,,,
,,3,0.979,1002,0,0,58,,,,,,,
,,3,0.99,1014,0,0,59,,,,,,,
52.3548832,4.8056294,3,0.99,1014,0,0,60,182,2,11,47,-65,09:40:40,626
,,3,1.071,1097,0,0,61,,,,,,,
,,3,1.035,1060,0,0,62,,,,,,,
,,3,0.971,994,0,0,63,,,,,,,
,,3,0.977,1000,0,0,64,,,,,,,
,,3,1.021,1046,0,0,65,,,,,,,
,,3,1.081,1107,0,0,66,,,,,,,
,,3,0.985,1009,0,0,67,,,,,,,
,,3,0.896,917,0,0,68,,,,,,,
,,3,0.912,934,0,0,69,,,,,,,
,,3,1.055,1080,0,0,70,,,,,-65,09:40:40,822
,,3,1.061,1086,0,0,71,,,,,,,
,,3,0.965,988,0,0,72,,,,,,,
,,3,0.901,923,0,0,73,,,,,,,
,,3,0.883,904,0,0,74,,,,,,,
,,3,0.938,960,0,0,75,,,,,,,
,,3,0.976,999,0,0,76,,,,,,,
,,3,0.983,1007,0,0,77,,,,,,,
,,3,0.933,955,0,0,78,,,,,,,
,,3,0.821,841,0,0,79,,,,,,,
,,3,0.84,860,0,0,80,,,,,-65,09:40:41,032
,,3,0.845,865,0,0,81,,,,,,,
,,3,0.897,919,0,0,82,,,,,,,
,,3,0.816,836,0,0,83,,,,,,,
,,3,0.737,755,0,0,84,,,,,,,
,,3,0.687,703,0,0,85,,,,,,,
,,3,0.664,680,0,0,86,,,,,,,
,,3,0.731,749,0,0,87,,,,,,,
,,3,0.7,717,0,0,88,,,,,,,
,,3,0.66,676,0,0,89,,,,,,,
,,3,0.551,564,0,0,90,,,,,-65,09:40:41,224
,,3,0.557,570,0,0,91,,,,,,,
,,3,0.54,553,0,0,92,,,,,,,
,,3,0.51,522,0,0,93,,,,,,,
,,3,0.449,460,0,0,94,,,,,,,
,,3,0.418,428,0,0,95,,,,,,,
,,3,0.299,306,0,0,96,,,,,,,
,,3,0.399,409,0,0,97,,,,,,,
,,3,0.389,398,0,0,98,,,,,,,
,,3,0.22,225,0,0,99,,,,,,,
,,3,0.219,224,0,0,100,,,,,-65,09:40:41,420
,,3,0.159,163,0,0,101,,,,,,,
,,3,0.039,40,0,0,102,,,,,,,
,,3,0.143,146,0,0,103,,,,,,,
,,3,-0.061,-62,0,0,104,,,,,,,
,,3,-0.074,-76,0,0,105,,,,,,,
,,3,-0.062,-63,0,0,106,,,,,,,
,,3,-0.137,-140,0,0,107,,,,,,,
,,3,-0.083,-85,0,0,108,,,,,,,
,,3,-0.273,-280,0,0,109,,,,,,,
,,3,-0.254,-260,0,0,110,,,,,-65,09:40:41,628
,,3,-0.248,-254,0,0,111,,,,,,,
,,3,-0.387,-396,0,0,112,,,,,,,
,,3,-0.489,-501,0,0,113,,,,,,,
,,3,-0.362,-371,0,0,114,,,,,,,
,,3,-0.438,-449,0,0,115,,,,,,,
,,3,-0.431,-441,0,0,116,,,,,,,
,,3,-0.514,-526,0,0,117,,,,,,,
,,3,-0.615,-630,0,0,118,,,,,,,
,,3,-0.612,-627,0,0,119,,,,,,,
,,3,-0.556,-569,0,0,120,,,,,-65,09:40:41,822
,,3,-0.648,-664,0,0,121,,,,,,,
,,3,-0.714,-731,0,0,122,,,,,,,
,,3,-0.571,-585,0,0,123,,,,,,,
,,3,-0.833,-853,0,0,124,,,,,,,
,,3,-0.808,-827,1,0,125,,,,,,,
,,3,-0.753,-771,1,0,126,,,,,,,
,,3,-0.83,-850,1,0,127,,,,,,,
,,3,-0.784,-803,1,0,128,,,,,,,
,,3,-0.848,-868,1,0,129,,,,,,,
,,3,-0.763,-781,1,0,130,,,,,-60,09:40:42,020
,,3,-0.831,-851,1,0,131,,,,,,,
,,3,-1.059,-1084,1,0,132,,,,,,,
,,3,-1.044,-1069,1,0,133,,,,,,,
,,3,-0.891,-912,1,0,134,,,,,,,
,,3,-0.844,-864,1,0,135,,,,,,,
,,3,-0.98,-1004,1,0,136,,,,,,,
,,3,-1.122,-1149,1,0,137,,,,,,,
,,3,-1.038,-1063,1,0,138,,,,,,,
,,3,-0.951,-974,1,0,139,,,,,,,
,,3,-0.835,-855,1,0,140,,,,,,09:40:42,229
,,3,-1.005,-1029,1,0,141,,,,,,,
,,3,-1.123,-1150,1,0,142,,,,,,,
,,3,-0.987,-1011,1,0,143,,,,,,,
,,3,-0.867,-888,1,0,144,,,,,,,
,,3,-1.021,-1045,1,0,145,,,,,,,
,,3,-1.075,-1101,1,0,146,,,,,,,
,,3,-0.963,-986,1,0,147,,,,,,,
,,3,-0.921,-943,1,0,148,,,,,,,
,,3,-1.022,-1047,1,0,149,,,,,,,
,,3,-1.005,-1029,1,0,150,,,,,,09:40:42,423
,,3,-0.708,-725,1,0,151,,,,,,,
,,3,-0.883,-904,1,0,152,,,,,,,
,,3,-0.899,-921,1,0,153,,,,,,,
,,3,-0.911,-933,1,0,154,,,,,,,
,,3,-0.936,-958,1,0,155,,,,,,,
,,3,-0.804,-823,1,0,156,,,,,,,
,,3,-0.8,-819,1,0,157,,,,,,,
,,3,-0.823,-843,1,0,158,,,,,,,
,,3,-0.842,-862,1,0,159,,,,,,,
,,3,-0.695,-712,1,0,160,,,,,,09:40:42,620
,,3,-0.691,-708,1,0,161,,,,,,,
,,3,-0.677,-693,1,0,162,,,,,,,
,,3,-0.593,-607,1,0,163,,,,,,,
,,3,-0.559,-572,1,0,164,,,,,,,
,,3,-0.565,-579,1,0,165,,,,,,,
,,3,-0.538,-551,1,0,166,,,,,,,
,,3,-0.449,-460,1,0,167,,,,,,,
,,3,-0.437,-447,1,0,168,,,,,,,
,,3,-0.439,-450,1,0,169,,,,,,,
,,3,-0.357,-366,1,0,170,,,,,,09:40:42,837
,,3,-0.284,-291,1,0,171,,,,,,,
,,3,-0.303,-310,1,0,172,,,,,,,
,,3,-0.264,-270,1,0,173,,,,,,,
,,3,-0.14,-143,1,0,174,,,,,,,
,,3,-0.187,-191,1,0,175,,,,,,,
,,3,-0.07,-72,1,0,176,,,,,,,
,,3,-0.077,-79,1,0,177,,,,,,,
,,3,-0.028,-29,1,0,178,,,,,,,
,,3,0.002,2,1,0,179,,,,,,,
,,3,-0.052,-53,1,0,180,,,,,,09:40:43,021
,,3,0.09,92,1,0,181,,,,,,,
,,3,0.126,129,1,0,182,,,,,,,
,,3,0.043,44,1,0,183,,,,,,,
,,3,0.219,224,1,0,184,,,,,,,
,,3,0.316,324,1,0,185,,,,,,,
,,3,0.307,314,1,0,186,,,,,,,
,,3,0.36,369,1,0,187,,,,,,,
,,3,0.4,410,1,0,188,,,,,,,
,,3,0.463,474,1,0,189,,,,,,,
52.3548832,4.8056294,14,0.552,565,2,263,190,182,2,11,47,,09:40:43,218
,,1,0.555,568,2,-1,191,,,,,,,
,,1,0.574,588,2,-1,192,,,,,,,
,,1,0.697,714,2,-1,193,,,,,,,
,,1,0.636,651,2,-1,194,,,,,,,
,,1,0.563,576,2,-1,195,,,,,,,
,,1,0.632,647,2,-1,196,,,,,,,
,,1,0.66,676,2,-1,197,,,,,,,
,,1,0.778,797,2,-1,198,,,,,,,
,,1,0.667,683,2,-1,199,,,,,,,
,,1,0.679,695,2,-1,200,,,,,,09:40:43,459
,,1,0.858,879,2,-1,201,,,,,,,
,,1,0.919,941,2,-1,202,,,,,,,
,,1,0.834,854,2,-1,203,,,,,,,
,,1,0.799,818,2,-1,204,,,,,,,
,,1,0.911,933,2,-1,205,,,,,,,
,,1,0.945,968,2,-1,206,,,,,,,
,,1,0.886,907,2,-1,207,,,,,,,
,,1,0.848,868,2,-1,208,,,,,,,
,,1,0.898,920,2,-1,209,,,,,,,
,,1,1.0,1024,2,-1,210,,,,,-69,09:40:43,637
,,1,1.029,1054,2,-1,211,,,,,,,
,,1,0.973,996,2,-1,212,,,,,,,
,,1,0.929,951,2,-1,213,,,,,,,
,,1,1.049,1074,2,-1,214,,,,,,,
,,1,1.02,1044,2,-1,215,,,,,,,
,,1,1.016,1040,2,-1,216,,,,,,,
,,1,0.949,972,2,-1,217,,,,,,,
,,1,1.034,1059,2,-1,218,,,,,,,
,,1,1.165,1193,2,-1,219,,,,,,,
,,1,0.963,986,2,-1,220,,,,,-69,09:40:43,844
,,1,0.825,845,2,-1,221,,,,,,,
,,1,1.059,1084,2,-1,222,,,,,,,
,,1,1.139,1166,2,-1,223,,,,,,,
,,1,1.025,1050,2,-1,224,,,,,,,
,,1,0.984,1008,2,-1,225,,,,,,,
,,1,0.943,966,2,-1,226,,,,,,,
,,1,0.921,943,2,-1,227,,,,,,,
,,1,0.954,977,2,-1,228,,,,,,,
,,1,0.938,961,2,-1,229,,,,,,,
,,1,0.999,1023,2,-1,230,,,,,-69,09:40:44,071
,,1,0.849,869,2,-1,231,,,,,,,
,,1,0.776,795,2,-1,232,,,,,,,
,,1,0.767,785,2,-1,233,,,,,,,
,,1,0.813,832,2,-1,234,,,,,,,
,,1,0.772,791,2,-1,235,,,,,,,
,,1,0.788,807,2,-1,236,,,,,,,
,,1,0.798,817,2,-1,237,,,,,,,
,,1,0.733,751,2,-1,238,,,,,,,
,,1,0.756,774,2,-1,239,,,,,,,
,,1,0.657,673,2,-1,240,,,,,-69,09:40:44,253
,,1,0.604,619,2,-1,241,,,,,,,
,,1,0.584,598,2,-1,242,,,,,,,
,,1,0.502,514,2,-1,243,,,,,,,
,,1,0.523,536,2,-1,244,,,,,,,
,,1,0.379,388,2,-1,245,,,,,,,
,,1,0.332,340,2,-1,246,,,,,,,
,,1,0.323,331,2,-1,247,,,,,,,
,,1,0.367,376,2,-1,248,,,,,,,
,,1,0.208,213,2,-1,249,,,,,,,
52.3547548,4.8056372,9,0.133,136,2,-1,250,121,2,9,43,-69,09:40:44,417
,,1,0.25,256,2,-1,251,,,,,,,
,,1,0.006,6,2,-1,252,,,,,,,
,,1,-0.005,-5,2,-1,253,,,,,,,
,,1,0.024,25,2,-1,254,,,,,,,
,,1,0.107,110,2,-1,255,,,,,,,
,,1,-0.189,-194,2,-1,256,,,,,,,
,,1,-0.189,-194,2,-1,257,,,,,,,
,,1,-0.336,-344,2,-1,258,,,,,,,
,,1,-0.329,-337,2,-1,259,,,,,,,
,,1,-0.443,-454,2,-1,260,,,,,-69,09:40:44,628
,,1,-0.434,-444,2,-1,261,,,,,,,
,,1,-0.508,-520,2,-1,262,,,,,,,
,,7,-0.484,-496,3,362,263,,,,,,,
,,1,-0.707,-724,3,-1,264,,,,,,,
,,1,-0.661,-677,3,-1,265,,,,,,,
,,1,-0.556,-569,3,-1,266,,,,,,,
,,1,-0.684,-700,3,-1,267,,,,,,,
,,1,-0.664,-680,3,-1,268,,,,,,,
,,1,-0.67,-686,3,-1,269,,,,,,,
,,1,-0.748,-766,3,-1,270,,,,,-69,09:40:44,819
,,1,-0.693,-710,3,-1,271,,,,,,,
,,1,-0.953,-976,3,-1,272,,,,,,,
,,1,-0.793,-812,3,-1,273,,,,,,,
,,1,-0.88,-901,3,-1,274,,,,,,,
,,1,-1.024,-1049,3,-1,275,,,,,,,
,,1,-0.966,-989,3,-1,276,,,,,,,
,,1,-0.811,-830,3,-1,277,,,,,,,
,,1,-0.783,-802,3,-1,278,,,,,,,
,,1,-0.889,-910,3,-1,279,,,,,,,
,,1,-1.088,-1114,3,-1,280,,,,,-69,09:40:45,018
,,1,-1.087,-1113,3,-1,281,,,,,,,
,,1,-1.009,-1033,3,-1,282,,,,,,,
,,1,-1.051,-1076,3,-1,283,,,,,,,
,,1,-0.946,-969,3,-1,284,,,,,,,
,,1,-0.921,-943,3,-1,285,,,,,,,
,,1,-0.88,-901,3,-1,286,,,,,,,
,,1,-0.903,-925,3,-1,287,,,,,,,
,,1,-0.927,-949,3,-1,288,,,,,,,
,,1,-1.058,-1083,3,-1,289,,,,,,,
,,1,-0.813,-833,3,-1,290,,,,,-69,09:40:45,228
,,1,-0.723,-740,3,-1,291,,,,,,,
,,1,-0.788,-807,3,-1,292,,,,,,,
,,1,-0.929,-951,3,-1,293,,,,,,,
,,1,-0.687,-703,3,-1,294,,,,,,,
,,1,-0.706,-723,3,-1,295,,,,,,,
,,1,-0.797,-816,3,-1,296,,,,,,,
,,1,-0.54,-553,3,-1,297,,,,,,,
,,1,-0.562,-575,3,-1,298,,,,,,,
,,1,-0.562,-575,3,-1,299,,,,,,,
,,1,-0.507,-519,3,-1,300,,,,,-66,09:40:45,422
,,1,-0.491,-503,3,-1,301,,,,,,,
,,1,-0.488,-500,3,-1,302,,,,,,,
,,1,-0.396,-405,3,-1,303,,,,,,,
,,1,-0.356,-365,3,-1,304,,,,,,,
,,1,-0.237,-243,3,-1,305,,,,,,,
,,1,-0.116,-119,3,-1,306,,,,,,,
,,1,-0.108,-111,3,-1,307,,,,,,,
,,1,-0.054,-55,3,-1,308,,,,,,,
,,1,0.012,12,3,-1,309,,,,,,,
52.3547594,4.8055855,1,0.023,24,3,-1,310,113,0,18,43,-66,09:40:45,618
,,1,0.188,193,3,-1,311,,,,,,,
,,1,0.148,152,3,-1,312,,,,,,,
,,1,0.184,188,3,-1,313,,,,,,,
,,1,0.293,300,3,-1,314,,,,,,,
,,1,0.38,389,3,-1,315,,,,,,,
,,1,0.392,401,3,-1,316,,,,,,,
,,1,0.477,488,3,-1,317,,,,,,,
,,1,0.485,497,3,-1,318,,,,,,,
,,7,0.524,537,4,387,319,,,,,,,
,,1,0.557,570,4,-1,320,,,,,-66,09:40:45,826
,,1,0.838,858,4,-1,321,,,,,,,
,,1,0.684,700,4,-1,322,,,,,,,
,,1,0.633,648,4,-1,323,,,,,,,
,,1,0.742,760,4,-1,324,,,,,,,
,,1,0.684,700,4,-1,325,,,,,,,
,,1,0.862,883,4,-1,326,,,,,,,
,,1,0.84,860,4,-1,327,,,,,,,
,,1,0.695,712,4,-1,328,,,,,,,
,,1,0.812,831,4,-1,329,,,,,,,
,,1,1.011,1035,4,-1,330,,,,,-66,09:40:46,036
,,1,0.898,920,4,-1,331,,,,,,,
,,1,0.878,899,4,-1,332,,,,,,,
,,1,0.945,968,4,-1,333,,,,,,,
,,1,0.953,976,4,-1,334,,,,,,,
,,1,0.947,970,4,-1,335,,,,,,,
,,1,1.075,1101,4,-1,336,,,,,,,
,,1,1.091,1117,4,-1,337,,,,,,,
,,1,1.05,1075,4,-1,338,,,,,,,
,,1,1.102,1128,4,-1,339,,,,,,,
,,1,0.887,908,4,-1,340,,,,,-66,09:40:46,224
,,1,0.928,950,4,-1,341,,,,,,,
,,1,0.997,1021,4,-1,342,,,,,,,
,,1,0.906,928,4,-1,343,,,,,,,
,,1,0.966,989,4,-1,344,,,,,,,
,,1,0.837,857,4,-1,345,,,,,,,
,,1,0.73,748,4,-1,346,,,,,,,
,,1,0.9,922,4,-1,347,,,,,,,
,,1,0.798,817,4,-1,348,,,,,,,
,,1,0.646,662,4,-1,349,,,,,,,
,,1,0.83,850,4,-1,350,,,,,-66,09:40:46,429
,,1,0.843,863,4,-1,351,,,,,,,
,,1,0.626,641,4,-1,352,,,,,,,
,,1,0.718,735,4,-1,353,,,,,,,
,,1,0.691,708,4,-1,354,,,,,,,
,,1,0.758,776,4,-1,355,,,,,,,
,,1,0.641,656,4,-1,356,,,,,,,
,,1,0.543,556,4,-1,357,,,,,,,
,,1,0.435,445,4,-1,358,,,,,,,
,,1,0.38,389,4,-1,359,,,,,,,
,,1,0.409,419,4,-1,360,,,,,-66,09:40:46,622
,,1,0.291,298,4,-1,361,,,,,,,
,,1,0.324,332,4,-1,362,,,,,,,
,,1,0.028,29,4,-1,363,,,,,,,
,,1,0.098,100,4,-1,364,,,,,,,
,,1,0.09,92,4,-1,365,,,,,,,
,,1,0.004,4,4,-1,366,,,,,,,
,,1,-0.055,-56,4,-1,367,,,,,,,
,,1,-0.103,-105,4,-1,368,,,,,,,
,,1,-0.185,-189,4,-1,369,,,,,,,
,,1,-0.227,-232,4,-1,370,,,,,-66,09:40:46,824
,,1,-0.261,-267,4,-1,371,,,,,,,
,,1,-0.236,-242,4,-1,372,,,,,,,
,,1,-0.302,-309,4,-1,373,,,,,,,
,,1,-0.464,-475,4,-1,374,,,,,,,
,,1,-0.578,-592,4,-1,375,,,,,,,
,,7,-0.509,-521,5,442,376,,,,,,,
,,1,-0.697,-714,5,-1,377,,,,,,,
,,1,-0.752,-770,5,-1,378,,,,,,,
,,1,-0.663,-679,5,-1,379,,,,,,,
52.3547362,4.8055798,1,-0.716,-733,5,-1,380,90,1,18,43,-66,09:40:47,036
,,1,-0.79,-809,5,-1,381,,,,,,,
,,1,-0.979,-1002,5,-1,382,,,,,,,
,,1,-0.641,-656,5,-1,383,,,,,,,
,,1,-0.784,-803,5,-1,384,,,,,,,
,,1,-0.984,-1008,5,-1,385,,,,,,,
,,1,-1.031,-1056,5,-1,386,,,,,,,
,,1,-0.765,-783,5,-1,387,,,,,,,
,,1,-0.995,-1019,5,-1,388,,,,,,,
,,1,-1.011,-1035,5,-1,389,,,,,,,
,,1,-1.022,-1047,5,-1,390,,,,,-63,09:40:47,225
,,1,-0.946,-969,5,-1,391,,,,,,,
,,1,-1.033,-1058,5,-1,392,,,,,,,
,,1,-0.929,-951,5,-1,393,,,,,,,
,,1,-0.937,-959,5,-1,394,,,,,,,
,,1,-0.914,-936,5,-1,395,,,,,,,
,,1,-0.981,-1005,5,-1,396,,,,,,,
,,1,-0.846,-866,5,-1,397,,,,,,,
,,1,-0.763,-781,5,-1,398,,,,,,,
,,1,-0.851,-871,5,-1,399,,,,,,,
,,1,-0.817,-837,5,-1,400,,,,,-63,09:40:47,416
,,1,-0.708,-725,5,-1,401,,,,,,,
,,1,-0.712,-729,5,-1,402,,,,,,,
,,1,-0.721,-738,5,-1,403,,,,,,,
,,1,-0.733,-751,5,-1,404,,,,,,,
,,1,-0.62,-635,5,-1,405,,,,,,,
,,1,-0.438,-448,5,-1,406,,,,,,,
,,1,-0.527,-540,5,-1,407,,,,,,,
,,1,-0.415,-425,5,-1,408,,,,,,,
,,1,-0.405,-415,5,-1,409,,,,,,,
,,1,-0.409,-419,5,-1,410,,,,,-63,09:40:47,632
,,1,-0.233,-239,5,-1,411,,,,,,,
,,1,-0.246,-252,5,-1,412,,,,,,,
,,1,-0.211,-216,5,-1,413,,,,,,,
,,1,-0.147,-151,5,-1,414,,,,,,,
,,1,-0.188,-192,5,-1,415,,,,,,,
,,1,0.034,35,5,-1,416,,,,,,,
,,1,0.058,59,5,-1,417,,,,,,,
,,1,0.098,100,5,-1,418,,,,,,,
,,1,0.2,205,5,-1,419,,,,,,,
,,1,0.172,176,5,-1,420,,,,,-63,09:40:47,827
,,1,0.322,330,5,-1,421,,,,,,,
,,1,0.36,369,5,-1,422,,,,,,,
,,1,0.387,396,5,-1,423,,,,,,,
,,1,0.466,477,5,-1,424,,,,,,,
,,1,0.521,533,5,-1,425,,,,,,,
,,7,0.585,599,6,467,426,,,,,,,
,,1,0.648,664,6,-1,427,,,,,,,
,,1,0.679,695,6,-1,428,,,,,,,
,,1,0.685,701,6,-1,429,,,,,,,
,,1,0.784,803,6,-1,430,,,,,-63,09:40:48,019
,,1,0.847,867,6,-1,431,,,,,,,
,,1,0.946,969,6,-1,432,,,,,,,
,,1,0.938,961,6,-1,433,,,,,,,
,,1,0.988,1012,6,-1,434,,,,,,,
,,1,0.871,892,6,-1,435,,,,,,,
,,1,0.935,957,6,-1,436,,,,,,,
,,1,0.919,941,6,-1,437,,,,,,,
,,1,1.1,1126,6,-1,438,,,,,,,
,,1,0.932,954,6,-1,439,,,,,,,
,,1,1.081,1107,6,-1,440,,,,,-63,09:40:48,259
,,1,1.033,1058,6,-1,441,,,,,,,
,,1,0.811,830,6,-1,442,,,,,,,
,,1,0.979,1002,6,-1,443,,,,,,,
,,1,1.133,1160,6,-1,444,,,,,,,
,,1,0.944,967,6,-1,445,,,,,,,
,,1,0.914,936,6,-1,446,,,,,,,
,,1,1.048,1073,6,-1,447,,,,,,,
,,1,1.026,1051,6,-1,448,,,,,,,
,,1,0.852,872,6,-1,449,,,,,,,
52.3547178,4.8055932,1,0.795,814,6,-1,450,122,1,16,43,-63,09:40:48,421
,,1,1.059,1084,6,-1,451,,,,,,,
,,1,0.821,841,6,-1,452,,,,,,,
,,1,0.729,746,6,-1,453,,,,,,,
,,1,0.858,879,6,-1,454,,,,,,,
,,1,0.846,866,6,-1,455,,,,,,,
,,1,0.56,573,6,-1,456,,,,,,,
,,1,0.618,633,6,-1,457,,,,,,,
,,1,0.741,759,6,-1,458,,,,,,,
,,1,0.494,506,6,-1,459,,,,,,,
,,1,0.402,412,6,-1,460,,,,,-63,09:40:48,617
,,1,0.418,428,6,-1,461,,,,,,,
,,1,0.472,483,6,-1,462,,,,,,,
,,1,0.363,372,6,-1,463,,,,,,,
,,1,0.215,220,6,-1,464,,,,,,,
,,1,0.265,271,6,-1,465,,,,,,,
,,1,0.121,124,6,-1,466,,,,,,,
,,1,0.135,138,6,-1,467,,,,,,,
,,1,-0.112,-115,6,-1,468,,,,,,,
,,1,-0.021,-22,6,-1,469,,,,,,,
,,1,-0.172,-176,6,-1,470,,,,,-68,09:40:48,828
,,1,-0.115,-118,6,-1,471,,,,,,,
,,1,-0.166,-170,6,-1,472,,,,,,,
,,1,-0.255,-261,6,-1,473,,,,,,,
,,1,-0.554,-567,6,-1,474,,,,,,,
,,1,-0.27,-276,6,-1,475,,,,,,,
,,1,-0.436,-446,6,-1,476,,,,,,,
,,1,-0.486,-498,6,-1,477,,,,,,,
,,7,-0.804,-823,7,490,478,,,,,,,
,,1,-0.889,-910,7,-1,479,,,,,,,
,,1,-0.741,-759,7,-1,480,,,,,-68,09:40:49,019
,,1,-0.709,-726,7,-1,481,,,,,,,
,,1,-0.801,-820,7,-1,482,,,,,,,
,,1,-0.858,-879,7,-1,483,,,,,,,
,,1,-1.019,-1043,7,-1,484,,,,,,,
,,1,-0.892,-913,7,-1,485,,,,,,,
,,1,-0.847,-867,7,-1,486,,,,,,,
,,1,-1.019,-1043,7,-1,487,,,,,,,
,,1,-0.858,-879,7,-1,488,,,,,,,
,,1,-1.087,-1113,7,-1,489,,,,,,,
,,1,-0.948,-971,7,-1,490,,,,,-68,09:40:49,221
,,1,-0.793,-812,7,-1,491,,,,,,,
,,1,-1.073,-1099,7,-1,492,,,,,,,
,,1,-0.906,-928,7,-1,493,,,,,,,
,,1,-0.763,-781,7,-1,494,,,,,,,
,,1,-0.796,-815,7,-1,495,,,,,,,
,,1,-0.812,-831,7,-1,496,,,,,,,
,,1,-0.768,-786,7,-1,497,,,,,,,
,,1,-1.009,-1033,7,-1,498,,,,,,,
,,1,-0.507,-519,7,-1,499,,,,,,,
52.3547146,4.8055781,1,-0.441,-452,7,-1,500,118,1,16,43,-68,09:40:49,425
,,1,-0.666,-682,7,-1,501,,,,,,,
,,1,-0.439,-450,7,-1,502,,,,,,,
,,1,-0.313,-320,7,-1,503,,,,,,,
,,1,-0.273,-280,7,-1,504,,,,,,,
,,1,0.02,20,7,-1,505,,,,,,,
,,1,-0.196,-201,7,-1,506,,,,,,,
,,1,-0.102,-104,7,-1,507,,,,,,,
,,1,0.146,149,7,-1,508,,,,,,,
,,1,0.035,36,7,-1,509,,,,,,,
,,1,0.319,327,7,-1,510,,,,,-68,09:40:49,619
,,1,0.181,185,7,-1,511,,,,,,,
,,1,0.369,378,7,-1,512,,,,,,,
,,1,0.21,215,7,-1,513,,,,,,,
,,1,0.498,510,7,-1,514,,,,,,,
,,7,0.952,975,8,523,515,,,,,,,
,,1,1.021,1045,8,-1,516,,,,,,,
,,1,0.612,627,8,-1,517,,,,,,,
,,1,0.139,142,8,-1,518,,,,,,,
,,1,0.987,1011,8,-1,519,,,,,,,
,,1,1.522,1559,8,-1,520,,,,,-68,09:40:49,816
,,1,1.274,1305,8,-1,521,,,,,,,
,,1,0.506,518,8,-1,522,,,,,,,
,,1,0.888,909,8,-1,523,,,,,,,
,,1,1.018,1042,8,-1,524,,,,,,,
,,1,0.743,761,8,-1,525,,,,,,,
,,1,1.021,1046,8,-1,526,,,,,,,
,,1,1.292,1323,8,-1,527,,,,,,,
,,1,0.861,882,8,-1,528,,,,,,,
,,1,0.761,779,8,-1,529,,,,,,,
,,1,0.993,1017,8,-1,530,,,,,-68,09:40:50,028
,,1,1.063,1089,8,-1,531,,,,,,,
,,1,0.827,847,8,-1,532,,,,,,,
,,1,0.555,568,8,-1,533,,,,,,,
,,1,0.771,789,8,-1,534,,,,,,,
,,1,0.788,807,8,-1,535,,,,,,,
,,1,0.585,599,8,-1,536,,,,,,,
,,1,0.57,584,8,-1,537,,,,,,,
,,1,0.55,563,8,-1,538,,,,,,,
,,1,0.576,590,8,-1,539,,,,,,,
,,1,-0.145,-148,8,-1,540,,,,,-68,09:40:50,226
,,1,0.173,177,8,-1,541,,,,,,,
,,1,0.257,263,8,-1,542,,,,,,,
,,1,0.114,117,8,-1,543,,,,,,,
,,1,-0.18,-184,8,-1,544,,,,,,,
,,1,-0.35,-358,8,-1,545,,,,,,,
,,1,-0.302,-309,8,-1,546,,,,,,,
,,1,-0.209,-214,8,-1,547,,,,,,,
,,1,-0.393,-402,8,-1,548,,,,,,,
,,1,-0.446,-457,8,-1,549,,,,,,,
52.354708,4.8055754,1,-0.673,-689,8,-1,550,90,1,15,43,-68,09:40:50,450
,,7,-0.738,-756,9,617,551,,,,,,,
,,1,-0.479,-491,9,-1,552,,,,,,,
,,1,-0.745,-763,9,-1,553,,,,,,,
,,1,-1.075,-1101,9,-1,554,,,,,,,
,,1,-1.04,-1065,9,-1,555,,,,,,,
,,1,-0.715,-732,9,-1,556,,,,,,,
,,1,-0.747,-765,9,-1,557,,,,,,,
,,1,-0.956,-979,9,-1,558,,,,,,,
,,1,-0.959,-982,9,-1,559,,,,,,,
,,1,-0.989,-1013,9,-1,560,,,,,-69,09:40:50,630
,,1,-0.94,-963,9,-1,561,,,,,,,
,,1,-0.84,-860,9,-1,562,,,,,,,
,,1,-0.731,-749,9,-1,563,,,,,,,
,,1,-1.235,-1265,9,-1,564,,,,,,,
,,1,-0.95,-973,9,-1,565,,,,,,,
,,1,-0.446,-457,9,-1,566,,,,,,,
,,1,-0.747,-765,9,-1,567,,,,,,,
,,1,-0.89,-911,9,-1,568,,,,,,,
,,1,-0.316,-324,9,-1,569,,,,,,,
,,1,-0.479,-491,9,-1,570,,,,,-69,09:40:50,827
,,1,-0.456,-467,9,-1,571,,,,,,,
,,1,-0.342,-350,9,-1,572,,,,,,,
,,1,-0.303,-310,9,-1,573,,,,,,,
,,1,-0.205,-210,9,-1,574,,,,,,,
,,1,0.033,34,9,-1,575,,,,,,,
,,1,-0.072,-74,9,-1,576,,,,,,,
,,1,0.417,427,9,-1,577,,,,,,,
,,1,0.18,184,9,-1,578,,,,,,,
,,1,0.418,428,9,-1,579,,,,,,,
,,1,0.605,620,9,-1,580,,,,,-69,09:40:51,026
,,1,0.558,571,9,-1,581,,,,,,,
,,7,0.419,429,10,714,582,,,,,,,
,,1,0.999,1023,10,-1,583,,,,,,,
,,1,1.133,1160,10,-1,584,,,,,,,
,,1,0.903,925,10,-1,585,,,,,,,
,,1,0.698,715,10,-1,586,,,,,,,
,,1,0.71,727,10,-1,587,,,,,,,
,,1,1.238,1268,10,-1,588,,,,,,,
,,1,1.33,1362,10,-1,589,,,,,,,
,,1,1.38,1413,10,-1,590,,,,,-69,09:40:51,228
,,1,0.897,919,10,-1,591,,,,,,,
,,1,0.589,603,10,-1,592,,,,,,,
,,1,1.008,1032,10,-1,593,,,,,,,
,,1,1.37,1403,10,-1,594,,,,,,,
,,1,1.023,1048,10,-1,595,,,,,,,
,,1,0.535,548,10,-1,596,,,,,,,
,,1,0.884,905,10,-1,597,,,,,,,
,,1,0.733,751,10,-1,598,,,,,,,
,,1,0.6,614,10,-1,599,,,,,,,
,,1,0.739,757,10,-1,600,,,,,-69,09:40:51,454
,,1,0.572,586,10,-1,601,,,,,,,
,,1,0.342,350,10,-1,602,,,,,,,
,,1,0.344,352,10,-1,603,,,,,,,
,,1,0.309,316,10,-1,604,,,,,,,
,,1,0.561,574,10,-1,605,,,,,,,
,,1,0.28,287,10,-1,606,,,,,,,
,,1,-0.038,-39,10,-1,607,,,,,,,
,,1,0.044,45,10,-1,608,,,,,,,
,,1,-0.434,-444,10,-1,609,,,,,,,
52.3547086,4.8055751,1,-0.196,-201,10,-1,610,90,1,12,43,-69,09:40:51,616
,,1,-0.454,-465,10,-1,611,,,,,,,
,,1,-0.61,-625,10,-1,612,,,,,,,
,,1,-0.353,-361,10,-1,613,,,,,,,
,,7,-0.49,-502,11,769,614,,,,,,,
,,1,-0.945,-968,11,-1,615,,,,,,,
,,1,-1.044,-1069,11,-1,616,,,,,,,
,,1,-0.604,-619,11,-1,617,,,,,,,
,,1,-0.813,-832,11,-1,618,,,,,,,
,,1,-1.191,-1220,11,-1,619,,,,,,,
,,1,-1.029,-1054,11,-1,620,,,,,-69,09:40:51,831
,,1,-0.961,-984,11,-1,621,,,,,,,
,,1,-1.083,-1109,11,-1,622,,,,,,,
,,1,-0.759,-777,11,-1,623,,,,,,,
,,1,-1.157,-1185,11,-1,624,,,,,,,
,,1,-1.086,-1112,11,-1,625,,,,,,,
,,1,-0.776,-795,11,-1,626,,,,,,,
,,1,-0.741,-759,11,-1,627,,,,,,,
,,1,-0.322,-330,11,-1,628,,,,,,,
,,1,-0.839,-859,11,-1,629,,,,,,,
,,1,-0.661,-677,11,-1,630,,,,,-69,09:40:52,033
,,1,-0.842,-862,11,-1,631,,,,,,,
,,1,-0.24,-246,11,-1,632,,,,,,,
,,1,-0.353,-361,11,-1,633,,,,,,,
,,1,-0.423,-433,11,-1,634,,,,,,,
,,1,-0.069,-71,11,-1,635,,,,,,,
,,1,-0.131,-134,11,-1,636,,,,,,,
,,1,-0.06,-61,11,-1,637,,,,,,,
,,1,0.261,267,11,-1,638,,,,,,,
,,1,0.261,267,11,-1,639,,,,,,,
,,1,0.2,205,11,-1,640,,,,,-59,09:40:52,218
,,1,0.396,406,11,-1,641,,,,,,,
,,1,0.824,844,11,-1,642,,,,,,,
,,7,0.647,663,12,806,643,,,,,,,
,,1,0.695,712,12,-1,644,,,,,,,
,,1,0.469,480,12,-1,645,,,,,,,
,,1,0.79,809,12,-1,646,,,,,,,
,,1,1.111,1138,12,-1,647,,,,,,,
,,1,0.732,750,12,-1,648,,,,,,,
,,1,0.944,967,12,-1,649,,,,,,,
52.3547071,4.8055803,1,1.382,1415,12,-1,650,90,1,12,43,-59,09:40:52,440
,,1,1.219,1248,12,-1,651,,,,,,,
,,1,0.993,1017,12,-1,652,,,,,,,
,,1,0.863,884,12,-1,653,,,,,,,
,,1,0.607,622,12,-1,654,,,,,,,
,,1,1.25,1280,12,-1,655,,,,,,,
,,1,1.429,1463,12,-1,656,,,,,,,
,,1,0.863,884,12,-1,657,,,,,,,
,,1,0.844,864,12,-1,658,,,,,,,
,,1,0.74,758,12,-1,659,,,,,,,
,,1,0.306,313,12,-1,660,,,,,-59,09:40:52,623
,,1,0.736,754,12,-1,661,,,,,,,
,,1,0.828,848,12,-1,662,,,,,,,
,,1,0.247,253,12,-1,663,,,,,,,
,,1,0.306,313,12,-1,664,,,,,,,
,,1,0.673,689,12,-1,665,,,,,,,
,,1,0.16,164,12,-1,666,,,,,,,
,,1,0.071,73,12,-1,667,,,,,,,
,,1,0.116,119,12,-1,668,,,,,,,
,,1,0.153,157,12,-1,669,,,,,,,
,,1,-0.178,-182,12,-1,670,,,,,-59,09:40:52,821
,,1,-1.104,-1131,12,-1,671,,,,,,,
,,1,-0.729,-747,12,-1,672,,,,,,,
,,7,-0.003,-3,13,833,673,,,,,,,
,,1,-0.181,-185,13,-1,674,,,,,,,
,,1,-0.801,-820,13,-1,675,,,,,,,
,,1,-1.395,-1428,13,-1,676,,,,,,,
,,1,-0.899,-921,13,-1,677,,,,,,,
,,1,-0.662,-678,13,-1,678,,,,,,,
,,1,-0.578,-592,13,-1,679,,,,,,,
,,1,-0.919,-941,13,-1,680,,,,,-59,09:40:53,034
,,1,-1.102,-1128,13,-1,681,,,,,,,
,,1,-1.624,-1663,13,-1,682,,,,,,,
,,1,-1.284,-1315,13,-1,683,,,,,,,
,,1,-0.422,-432,13,-1,684,,,,,,,
,,1,-0.965,-988,13,-1,685,,,,,,,
,,1,-0.837,-857,13,-1,686,,,,,,,
,,1,-0.676,-692,13,-1,687,,,,,,,
,,1,-1.11,-1137,13,-1,688,,,,,,,
,,1,-1.173,-1201,13,-1,689,,,,,,,
,,1,-0.138,-141,13,-1,690,,,,,-59,09:40:53,226
,,1,-0.146,-150,13,-1,691,,,,,,,
,,1,-0.756,-774,13,-1,692,,,,,,,
,,1,-0.564,-578,13,-1,693,,,,,,,
,,1,-0.099,-101,13,-1,694,,,,,,,
,,1,-0.711,-728,13,-1,695,,,,,,,
,,1,0.152,156,13,-1,696,,,,,,,
,,1,-0.256,-262,13,-1,697,,,,,,,
,,1,0.021,21,13,-1,698,,,,,,,
,,1,0.44,451,13,-1,699,,,,,,,
,,1,0.273,280,13,-1,700,,,,,-59,09:40:53,426
,,1,0.217,222,13,-1,701,,,,,,,
,,1,0.662,678,13,-1,702,,,,,,,
,,1,0.191,196,13,-1,703,,,,,,,
,,1,0.294,301,13,-1,704,,,,,,,
,,7,0.916,938,14,826,705,,,,,,,
,,1,0.793,812,14,-1,706,,,,,,,
,,1,0.6,614,14,-1,707,,,,,,,
,,1,0.559,572,14,-1,708,,,,,,,
,,1,0.504,516,14,-1,709,,,,,,,
52.3546946,4.8055857,1,0.963,986,14,-1,710,68,2,11,42,-59,09:40:53,631
,,1,1.267,1297,14,-1,711,,,,,,,
,,1,1.153,1181,14,-1,712,,,,,,,
,,1,0.553,566,14,-1,713,,,,,,,
,,1,0.671,687,14,-1,714,,,,,,,
,,1,1.376,1409,14,-1,715,,,,,,,
,,1,1.377,1410,14,-1,716,,,,,,,
,,1,0.786,805,14,-1,717,,,,,,,
,,1,0.699,716,14,-1,718,,,,,,,
,,1,1.391,1424,14,-1,719,,,,,,,
,,1,1.263,1293,14,-1,720,,,,,-59,09:40:53,826
,,1,0.785,804,14,-1,721,,,,,,,
,,1,0.904,926,14,-1,722,,,,,,,
,,1,0.727,744,14,-1,723,,,,,,,
,,1,0.722,739,14,-1,724,,,,,,,
,,1,0.457,468,14,-1,725,,,,,,,
,,1,0.089,91,14,-1,726,,,,,,,
,,1,0.881,902,14,-1,727,,,,,,,
,,1,0.286,293,14,-1,728,,,,,,,
,,1,-0.059,-60,14,-1,729,,,,,,,
,,1,0.139,142,14,-1,730,,,,,-55,09:40:54,019
,,1,-0.318,-326,14,-1,731,,,,,,,
,,1,-0.051,-52,14,-1,732,,,,,,,
,,1,-0.164,-168,14,-1,733,,,,,,,
,,1,-1.255,-1285,14,-1,734,,,,,,,
,,7,-0.827,-847,15,806,735,,,,,,,
,,1,0.256,262,15,-1,736,,,,,,,
,,1,-0.811,-830,15,-1,737,,,,,,,
,,1,-1.025,-1050,15,-1,738,,,,,,,
,,1,-0.597,-611,15,-1,739,,,,,,,
,,1,-0.484,-496,15,-1,740,,,,,-55,09:40:54,236
,,1,-0.935,-957,15,-1,741,,,,,,,
,,1,-0.903,-925,15,-1,742,,,,,,,
,,1,-0.809,-828,15,-1,743,,,,,,,
,,1,-0.617,-632,15,-1,744,,,,,,,
,,1,-0.998,-1022,15,-1,745,,,,,,,
,,1,-0.849,-869,15,-1,746,,,,,,,
,,1,-1.18,-1208,15,-1,747,,,,,,,
,,1,-0.894,-915,15,-1,748,,,,,,,
,,1,-0.878,-899,15,-1,749,,,,,,,
,,1,-1.108,-1135,15,-1,750,,,,,-55,09:40:54,425
,,1,-0.997,-1021,15,-1,751,,,,,,,
,,1,-0.762,-780,15,-1,752,,,,,,,
,,1,-0.941,-964,15,-1,753,,,,,,,
,,1,-1.13,-1157,15,-1,754,,,,,,,
,,1,-0.927,-949,15,-1,755,,,,,,,
,,1,-0.803,-822,15,-1,756,,,,,,,
,,1,-0.894,-915,15,-1,757,,,,,,,
,,1,-0.821,-841,15,-1,758,,,,,,,
,,1,-1.036,-1061,15,-1,759,,,,,,,
52.3546974,4.8055866,1,-0.82,-840,15,-1,760,90,2,11,42,-55,09:40:54,618
,,1,-0.625,-640,15,-1,761,,,,,,,
,,1,-0.61,-625,15,-1,762,,,,,,,
,,1,-0.527,-540,15,-1,763,,,,,,,
,,1,-0.668,-684,15,-1,764,,,,,,,
,,1,-0.518,-530,15,-1,765,,,,,,,
,,1,-0.368,-377,15,-1,766,,,,,,,
,,1,-0.393,-402,15,-1,767,,,,,,,
,,1,-0.36,-369,15,-1,768,,,,,,,
,,1,-0.301,-308,15,-1,769,,,,,,,
,,1,-0.244,-250,15,-1,770,,,,,-55,09:40:54,833
,,1,-0.097,-99,15,-1,771,,,,,,,
,,1,-0.062,-63,15,-1,772,,,,,,,
,,1,0.066,68,15,-1,773,,,,,,,
,,1,0.086,88,15,-1,774,,,,,,,
,,1,0.234,240,15,-1,775,,,,,,,
,,1,0.11,113,15,-1,776,,,,,,,
,,1,0.186,190,15,-1,777,,,,,,,
,,1,0.379,388,15,-1,778,,,,,,,
,,1,0.412,422,15,-1,779,,,,,,,
,,1,0.456,467,15,-1,780,,,,,-55,09:40:55,023
,,7,0.669,685,16,724,781,,,,,,,
,,1,0.645,660,16,-1,782,,,,,,,
,,1,0.643,658,16,-1,783,,,,,,,
,,1,0.714,731,16,-1,784,,,,,,,
,,1,0.551,564,16,-1,785,,,,,,,
,,1,0.661,677,16,-1,786,,,,,,,
,,1,1.042,1067,16,-1,787,,,,,,,
,,1,1.125,1152,16,-1,788,,,,,,,
,,1,1.116,1143,16,-1,789,,,,,,,
,,1,0.687,703,16,-1,790,,,,,-55,09:40:55,221
,,1,0.804,823,16,-1,791,,,,,,,
,,1,0.896,918,16,-1,792,,,,,,,
,,1,0.933,955,16,-1,793,,,,,,,
,,1,1.037,1062,16,-1,794,,,,,,,
,,1,1.238,1268,16,-1,795,,,,,,,
,,1,0.92,942,16,-1,796,,,,,,,
,,1,0.714,731,16,-1,797,,,,,,,
,,1,0.838,858,16,-1,798,,,,,,,
,,1,1.061,1086,16,-1,799,,,,,,,
,,1,0.916,938,16,-1,800,,,,,-55,09:40:55,432
,,1,0.788,807,16,-1,801,,,,,,,
,,1,0.729,746,16,-1,802,,,,,,,
,,1,0.802,821,16,-1,803,,,,,,,
,,1,0.782,801,16,-1,804,,,,,,,
,,1,0.607,622,16,-1,805,,,,,,,
,,1,0.616,631,16,-1,806,,,,,,,
,,1,0.584,598,16,-1,807,,,,,,,
,,1,0.538,551,16,-1,808,,,,,,,
,,1,0.311,318,16,-1,809,,,,,,,
52.3546764,4.8055916,1,0.471,482,16,-1,810,330,3,11,42,-55,09:40:55,622
,,1,0.197,202,16,-1,811,,,,,,,
,,1,0.084,86,16,-1,812,,,,,,,
,,1,0.188,193,16,-1,813,,,,,,,
,,1,0.325,333,16,-1,814,,,,,,,
,,1,0.071,73,16,-1,815,,,,,,,
,,1,-0.313,-321,16,-1,816,,,,,,,
,,1,-0.201,-206,16,-1,817,,,,,,,
,,1,0.018,18,16,-1,818,,,,,,,
,,1,-0.13,-133,16,-1,819,,,,,,,
,,1,-0.587,-601,16,-1,820,,,,,-50,09:40:55,822
,,1,-0.547,-560,16,-1,821,,,,,,,
,,1,-0.343,-351,16,-1,822,,,,,,,
,,7,-0.417,-427,17,609,823,,,,,,,
,,1,-0.448,-459,17,-1,824,,,,,,,
,,1,-0.723,-740,17,-1,825,,,,,,,
,,1,-0.846,-866,17,-1,826,,,,,,,
,,1,-0.707,-724,17,-1,827,,,,,,,
,,1,-0.483,-495,17,-1,828,,,,,,,
,,1,-0.923,-945,17,-1,829,,,,,,,
,,1,-0.96,-983,17,-1,830,,,,,-50,09:40:56,030
,,1,-0.888,-909,17,-1,831,,,,,,,
,,1,-0.749,-767,17,-1,832,,,,,,,
,,1,-0.805,-824,17,-1,833,,,,,,,
,,1,-0.914,-936,17,-1,834,,,,,,,
,,1,-0.971,-994,17,-1,835,,,,,,,
,,1,-1.143,-1170,17,-1,836,,,,,,,
,,1,-1.016,-1040,17,-1,837,,,,,,,
,,1,-0.941,-964,17,-1,838,,,,,,,
,,1,-1.005,-1029,17,-1,839,,,,,,,
,,1,-0.974,-997,17,-1,840,,,,,-50,09:40:56,229
,,1,-0.936,-958,17,-1,841,,,,,,,
,,1,-0.824,-844,17,-1,842,,,,,,,
,,1,-0.617,-632,17,-1,843,,,,,,,
,,1,-0.723,-740,17,-1,844,,,,,,,
,,1,-0.84,-860,17,-1,845,,,,,,,
,,1,-0.731,-749,17,-1,846,,,,,,,
,,1,-0.618,-633,17,-1,847,,,,,,,
,,1,-0.59,-604,17,-1,848,,,,,,,
,,1,-0.454,-465,17,-1,849,,,,,,,
,,1,-0.393,-402,17,-1,850,,,,,-50,09:40:56,419
,,1,-0.438,-449,17,-1,851,,,,,,,
,,1,-0.323,-331,17,-1,852,,,,,,,
,,1,-0.159,-163,17,-1,853,,,,,,,
,,1,0.015,15,17,-1,854,,,,,,,
,,1,-0.222,-227,17,-1,855,,,,,,,
,,1,0.073,75,17,-1,856,,,,,,,
,,1,0.386,395,17,-1,857,,,,,,,
,,1,0.145,148,17,-1,858,,,,,,,
,,1,0.454,465,17,-1,859,,,,,,,
52.354676,4.8055834,1,0.244,250,17,-1,860,346,5,11,42,-50,09:40:56,632
,,1,0.405,415,17,-1,861,,,,,,,
,,1,0.674,690,17,-1,862,,,,,,,
,,7,0.632,647,18,588,863,,,,,,,
,,1,0.748,766,18,-1,864,,,,,,,
,,1,0.857,878,18,-1,865,,,,,,,
,,1,0.732,750,18,-1,866,,,,,,,
,,1,0.622,637,18,-1,867,,,,,,,
,,1,0.67,686,18,-1,868,,,,,,,
,,1,0.976,999,18,-1,869,,,,,,,
,,1,0.923,945,18,-1,870,,,,,-50,09:40:56,823
,,1,1.053,1078,18,-1,871,,,,,,,
,,1,0.802,821,18,-1,872,,,,,,,
,,1,0.84,860,18,-1,873,,,,,,,
,,1,0.994,1018,18,-1,874,,,,,,,
,,1,1.4,1434,18,-1,875,,,,,,,
,,1,0.927,949,18,-1,876,,,,,,,
,,1,0.661,677,18,-1,877,,,,,,,
,,1,0.756,774,18,-1,878,,,,,,,
,,1,1.069,1095,18,-1,879,,,,,,,
,,1,1.24,1270,18,-1,880,,,,,-50,09:40:57,024
,,1,1.097,1123,18,-1,881,,,,,,,
,,1,0.588,602,18,-1,882,,,,,,,
,,1,0.56,573,18,-1,883,,,,,,,
,,1,0.812,831,18,-1,884,,,,,,,
,,1,0.692,709,18,-1,885,,,,,,,
,,1,0.843,863,18,-1,886,,,,,,,
,,1,0.514,526,18,-1,887,,,,,,,
,,1,0.036,37,18,-1,888,,,,,,,
,,1,0.249,255,18,-1,889,,,,,,,
,,1,0.368,377,18,-1,890,,,,,-50,09:40:57,232
,,1,0.131,134,18,-1,891,,,,,,,
,,1,0.09,92,18,-1,892,,,,,,,
,,1,-0.072,-74,18,-1,893,,,,,,,
,,1,-0.066,-68,18,-1,894,,,,,,,
,,1,-0.079,-81,18,-1,895,,,,,,,
,,1,-0.433,-443,18,-1,896,,,,,,,
,,1,-0.524,-537,18,-1,897,,,,,,,
,,1,-0.241,-247,18,-1,898,,,,,,,
,,1,-0.547,-560,18,-1,899,,,,,,,
,,7,-0.577,-591,19,628,900,,,,,-54,09:40:57,423
,,1,-0.677,-693,19,-1,901,,,,,,,
,,1,-0.868,-889,19,-1,902,,,,,,,
,,1,-0.842,-862,19,-1,903,,,,,,,
,,1,-0.711,-728,19,-1,904,,,,,,,
,,1,-0.804,-823,19,-1,905,,,,,,,
,,1,-0.736,-754,19,-1,906,,,,,,,
,,1,-1.067,-1093,19,-1,907,,,,,,,
,,1,-1.141,-1168,19,-1,908,,,,,,,
,,1,-1.04,-1065,19,-1,909,,,,,,,
52.3546851,4.805579,1,-0.947,-970,19,-1,910,353,5,10,42,-54,09:40:57,620
,,1,-0.733,-751,19,-1,911,,,,,,,
,,1,-0.819,-839,19,-1,912,,,,,,,
,,1,-0.898,-920,19,-1,913,,,,,,,
,,1,-1.25,-1280,19,-1,914,,,,,,,
,,1,-1.048,-1073,19,-1,915,,,,,,,
,,1,-0.782,-801,19,-1,916,,,,,,,
,,1,-0.893,-914,19,-1,917,,,,,,,
,,1,-1.002,-1026,19,-1,918,,,,,,,
,,1,-0.649,-665,19,-1,919,,,,,,,
,,1,-0.693,-710,19,-1,920,,,,,-54,09:40:57,832
,,1,-0.893,-914,19,-1,921,,,,,,,
,,1,-0.961,-984,19,-1,922,,,,,,,
,,1,-0.785,-804,19,-1,923,,,,,,,
,,1,-0.422,-432,19,-1,924,,,,,,,
,,1,-0.523,-536,19,-1,925,,,,,,,
,,1,-0.448,-459,19,-1,926,,,,,,,
,,1,-0.239,-245,19,-1,927,,,,,,,
,,1,-0.358,-367,19,-1,928,,,,,,,
,,1,-0.312,-319,19,-1,929,,,,,,,
,,1,-0.153,-157,19,-1,930,,,,,-54,09:40:58,024
,,1,0.086,88,19,-1,931,,,,,,,
,,1,0.004,4,19,-1,932,,,,,,,
,,1,0.034,35,19,-1,933,,,,,,,
,,1,0.152,156,19,-1,934,,,,,,,
,,1,0.384,393,19,-1,935,,,,,,,
,,1,0.359,368,19,-1,936,,,,,,,
,,1,0.295,302,19,-1,937,,,,,,,
,,1,0.207,212,19,-1,938,,,,,,,
,,1,0.42,430,19,-1,939,,,,,,,
,,1,0.819,839,19,-1,940,,,,,-54,09:40:58,223
,,7,0.761,779,20,645,941,,,,,,,
,,1,0.306,313,20,-1,942,,,,,,,
,,1,0.501,513,20,-1,943,,,,,,,
,,1,0.918,940,20,-1,944,,,,,,,
,,1,0.984,1008,20,-1,945,,,,,,,
,,1,1.155,1183,20,-1,946,,,,,,,
,,1,0.896,918,20,-1,947,,,,,,,
,,1,0.489,501,20,-1,948,,,,,,,
,,1,0.596,610,20,-1,949,,,,,,,
,,1,1.033,1058,20,-1,950,,,,,-54,09:40:58,442
,,1,1.183,1211,20,-1,951,,,,,,,
,,1,0.951,974,20,-1,952,,,,,,,
,,1,0.685,701,20,-1,953,,,,,,,
,,1,1.088,1114,20,-1,954,,,,,,,
,,1,1.068,1094,20,-1,955,,,,,,,
,,1,0.771,789,20,-1,956,,,,,,,
,,1,0.86,881,20,-1,957,,,,,,,
,,1,1.123,1150,20,-1,958,,,,,,,
,,1,0.843,863,20,-1,959,,,,,,,
,,1,0.649,665,20,-1,960,,,,,-54,09:40:58,637
,,1,0.754,772,20,-1,961,,,,,,,
,,1,0.861,882,20,-1,962,,,,,,,
,,1,0.479,490,20,-1,963,,,,,,,
,,1,0.892,913,20,-1,964,,,,,,,
,,1,0.596,610,20,-1,965,,,,,,,
,,1,0.269,275,20,-1,966,,,,,,,
,,1,0.276,283,20,-1,967,,,,,,,
,,1,0.457,468,20,-1,968,,,,,,,
,,1,0.303,310,20,-1,969,,,,,,,
52.3546973,4.8055766,1,-0.002,-2,20,-1,970,355,5,8,42,-54,09:40:58,819
,,1,0.244,250,20,-1,971,,,,,,,
,,1,0.198,203,20,-1,972,,,,,,,
,,1,-0.008,-8,20,-1,973,,,,,,,
,,1,-0.096,-98,20,-1,974,,,,,,,
,,1,-0.195,-200,20,-1,975,,,,,,,
,,1,-0.323,-331,20,-1,976,,,,,,,
,,1,-0.041,-42,20,-1,977,,,,,,,
,,1,-0.268,-274,20,-1,978,,,,,,,
,,1,-0.485,-497,20,-1,979,,,,,,,
,,1,-0.374,-383,20,-1,980,,,,,-54,09:40:59,024
,,1,-0.602,-616,20,-1,981,,,,,,,
,,7,-0.584,-598,21,625,982,,,,,,,
,,1,-0.87,-891,21,-1,983,,,,,,,
,,1,-0.561,-574,21,-1,984,,,,,,,
,,1,-0.796,-815,21,-1,985,,,,,,,
,,1,-0.888,-909,21,-1,986,,,,,,,
,,1,-0.987,-1011,21,-1,987,,,,,,,
,,1,-1.067,-1093,21,-1,988,,,,,,,
,,1,-1.079,-1105,21,-1,989,,,,,,,
,,1,-0.713,-730,21,-1,990,,,,,-54,09:40:59,226
,,1,-0.709,-726,21,-1,991,,,,,,,
,,1,-0.996,-1020,21,-1,992,,,,,,,
,,1,-1.169,-1197,21,-1,993,,,,,,,
,,1,-1.066,-1092,21,-1,994,,,,,,,
,,1,-0.962,-985,21,-1,995,,,,,,,
,,1,-0.714,-731,21,-1,996,,,,,,,
,,1,-0.788,-807,21,-1,997,,,,,,,
,,1,-1.098,-1124,21,-1,998,,,,,,,
,,1,-1.117,-1144,21,-1,999,,,,,,,
,,1,-0.865,-886,21,-1,1000,,,,,-54,09:40:59,428
,,1,-0.55,-563,21,-1,1001,,,,,,,
,,1,-0.675,-691,21,-1,1002,,,,,,,
,,1,-0.719,-736,21,-1,1003,,,,,,,
,,1,-0.683,-699,21,-1,1004,,,,,,,
,,1,-0.632,-647,21,-1,1005,,,,,,,
,,1,-0.546,-559,21,-1,1006,,,,,,,
,,1,-0.289,-296,21,-1,1007,,,,,,,
,,1,-0.247,-253,21,-1,1008,,,,,,,
,,1,-0.38,-389,21,-1,1009,,,,,,,
52.354709,4.8055734,1,-0.288,-295,21,-1,1010,359,5,7,42,-54,09:40:59,629
,,1,-0.127,-130,21,-1,1011,,,,,,,
,,1,-0.032,-33,21,-1,1012,,,,,,,
,,1,-0.018,-18,21,-1,1013,,,,,,,
,,1,0.259,265,21,-1,1014,,,,,,,
,,1,0.19,195,21,-1,1015,,,,,,,
,,1,0.239,245,21,-1,1016,,,,,,,
,,1,0.424,434,21,-1,1017,,,,,,,
,,1,0.274,281,21,-1,1018,,,,,,,
,,1,0.57,584,21,-1,1019,,,,,,,
,,7,0.653,669,22,621,1020,,,,,-54,09:40:59,827
,,1,0.642,657,22,-1,1021,,,,,,,
,,1,0.408,418,22,-1,1022,,,,,,,
,,1,0.733,751,22,-1,1023,,,,,,,
,,1,0.735,753,22,-1,1024,,,,,,,
,,1,0.929,951,22,-1,1025,,,,,,,
,,1,0.808,827,22,-1,1026,,,,,,,
,,1,0.785,804,22,-1,1027,,,,,,,
,,1,1.144,1171,22,-1,1028,,,,,,,
,,1,1.064,1090,22,-1,1029,,,,,,,
,,1,0.713,730,22,-1,1030,,,,,-54,09:41:00,023
,,1,1.037,1062,22,-1,1031,,,,,,,
,,1,1.224,1253,22,-1,1032,,,,,,,
,,1,0.914,936,22,-1,1033,,,,,,,
,,1,0.919,941,22,-1,1034,,,,,,,
,,1,1.172,1200,22,-1,1035,,,,,,,
,,1,1.264,1294,22,-1,1036,,,,,,,
,,1,0.99,1014,22,-1,1037,,,,,,,
,,1,0.63,645,22,-1,1038,,,,,,,
,,1,0.833,853,22,-1,1039,,,,,,,
,,1,1.067,1093,22,-1,1040,,,,,-54,09:41:00,227
,,1,0.854,874,22,-1,1041,,,,,,,
,,1,0.999,1023,22,-1,1042,,,,,,,
,,1,0.651,667,22,-1,1043,,,,,,,
,,1,0.253,259,22,-1,1044,,,,,,,
,,1,0.518,530,22,-1,1045,,,,,,,
,,1,0.982,1006,22,-1,1046,,,,,,,
,,1,0.8,819,22,-1,1047,,,,,,,
,,1,0.231,237,22,-1,1048,,,,,,,
,,1,0.214,219,22,-1,1049,,,,,,,
,,1,0.385,394,22,-1,1050,,,,,-54,09:41:00,431
,,1,0.242,248,22,-1,1051,,,,,,,
,,1,0.044,45,22,-1,1052,,,,,,,
,,1,0.007,7,22,-1,1053,,,,,,,
,,1,0.101,103,22,-1,1054,,,,,,,
,,1,-0.017,-17,22,-1,1055,,,,,,,
,,1,-0.354,-363,22,-1,1056,,,,,,,
,,1,-0.079,-81,22,-1,1057,,,,,,,
,,1,-0.406,-416,22,-1,1058,,,,,,,
,,1,-0.535,-548,22,-1,1059,,,,,,,
,,1,-0.655,-671,22,-1,1060,,,,,-54,09:41:00,621
,,7,-0.523,-536,23,632,1061,,,,,,,
,,1,-0.394,-403,23,-1,1062,,,,,,,
,,1,-0.923,-945,23,-1,1063,,,,,,,
,,1,-0.976,-999,23,-1,1064,,,,,,,
,,1,-0.811,-830,23,-1,1065,,,,,,,
,,1,-0.459,-470,23,-1,1066,,,,,,,
,,1,-1.067,-1093,23,-1,1067,,,,,,,
,,1,-1.215,-1244,23,-1,1068,,,,,,,
,,1,-1.088,-1114,23,-1,1069,,,,,,,
52.3547256,4.805572,1,-0.902,-924,23,-1,1070,2,5,5,42,-54,09:41:00,830
,,1,-0.574,-588,23,-1,1071,,,,,,,
,,1,-0.926,-948,23,-1,1072,,,,,,,
,,1,-0.93,-952,23,-1,1073,,,,,,,
,,1,-1.445,-1480,23,-1,1074,,,,,,,
,,1,-1.366,-1399,23,-1,1075,,,,,,,
,,1,-0.818,-838,23,-1,1076,,,,,,,
,,1,-0.544,-557,23,-1,1077,,,,,,,
,,1,-0.629,-644,23,-1,1078,,,,,,,
,,1,-1.096,-1122,23,-1,1079,,,,,,,
,,1,-0.981,-1005,23,-1,1080,,,,,-60,09:41:01,023
,,1,-0.975,-998,23,-1,1081,,,,,,,
,,1,-0.644,-659,23,-1,1082,,,,,,,
,,1,-0.435,-445,23,-1,1083,,,,,,,
,,1,-0.582,-596,23,-1,1084,,,,,,,
,,1,-0.679,-695,23,-1,1085,,,,,,,
,,1,-0.618,-633,23,-1,1086,,,,,,,
,,1,-0.274,-281,23,-1,1087,,,,,,,
,,1,-0.351,-359,23,-1,1088,,,,,,,
,,1,-0.377,-386,23,-1,1089,,,,,,,
,,1,-0.176,-180,23,-1,1090,,,,,-60,09:41:01,222
,,1,-0.142,-145,23,-1,1091,,,,,,,
,,1,-0.161,-165,23,-1,1092,,,,,,,
,,1,-0.054,-55,23,-1,1093,,,,,,,
,,1,0.104,106,23,-1,1094,,,,,,,
,,1,0.322,330,23,-1,1095,,,,,,,
,,1,0.313,321,23,-1,1096,,,,,,,
,,1,0.265,271,23,-1,1097,,,,,,,
,,1,0.419,429,23,-1,1098,,,,,,,
,,1,0.543,556,23,-1,1099,,,,,,,
,,7,0.599,613,24,628,1100,,,,,-60,09:41:01,431
,,1,0.71,727,24,-1,1101,,,,,,,
,,1,0.674,690,24,-1,1102,,,,,,,
,,1,0.593,607,24,-1,1103,,,,,,,
,,1,0.762,780,24,-1,1104,,,,,,,
,,1,0.999,1023,24,-1,1105,,,,,,,
,,1,1.012,1036,24,-1,1106,,,,,,,
,,1,0.86,881,24,-1,1107,,,,,,,
,,1,1.021,1045,24,-1,1108,,,,,,,
,,1,0.895,916,24,-1,1109,,,,,,,
,,1,0.901,923,24,-1,1110,,,,,-60,09:41:01,624
,,1,0.986,1010,24,-1,1111,,,,,,,
,,1,1.211,1240,24,-1,1112,,,,,,,
,,1,1.152,1180,24,-1,1113,,,,,,,
,,1,0.837,857,24,-1,1114,,,,,,,
,,1,0.892,913,24,-1,1115,,,,,,,
,,1,0.9,922,24,-1,1116,,,,,,,
,,1,1.208,1237,24,-1,1117,,,,,,,
,,1,0.986,1010,24,-1,1118,,,,,,,
,,1,0.921,943,24,-1,1119,,,,,,,
52.3547417,4.8055685,1,0.916,938,24,-1,1120,1,5,5,43,-60,09:41:01,827
,,1,0.771,789,24,-1,1121,,,,,,,
,,1,0.889,910,24,-1,1122,,,,,,,
,,1,0.867,888,24,-1,1123,,,,,,,
,,1,0.676,692,24,-1,1124,,,,,,,
,,1,0.744,762,24,-1,1125,,,,,,,
,,1,0.679,695,24,-1,1126,,,,,,,
,,1,0.277,284,24,-1,1127,,,,,,,
,,1,0.351,359,24,-1,1128,,,,,,,
,,1,0.685,701,24,-1,1129,,,,,,,
,,1,0.142,145,24,-1,1130,,,,,-60,09:41:02,030
,,1,0.188,192,24,-1,1131,,,,,,,
,,1,0.282,289,24,-1,1132,,,,,,,
,,1,0.144,147,24,-1,1133,,,,,,,
,,1,-0.104,-107,24,-1,1134,,,,,,,
,,1,-0.1,-102,24,-1,1135,,,,,,,
,,1,0.031,32,24,-1,1136,,,,,,,
,,1,-0.294,-301,24,-1,1137,,,,,,,
,,1,-0.427,-437,24,-1,1138,,,,,,,
,,1,-0.29,-297,24,-1,1139,,,,,,,
,,1,-0.254,-260,24,-1,1140,,,,,-60,09:41:02,223
,,1,-0.769,-787,24,-1,1141,,,,,,,
,,7,-0.638,-653,25,621,1142,,,,,,,
,,1,-0.452,-463,25,-1,1143,,,,,,,
,,1,-0.397,-407,25,-1,1144,,,,,,,
,,1,-1.025,-1050,25,-1,1145,,,,,,,
,,1,-0.795,-814,25,-1,1146,,,,,,,
,,1,-0.748,-766,25,-1,1147,,,,,,,
,,1,-0.983,-1007,25,-1,1148,,,,,,,
,,1,-0.896,-917,25,-1,1149,,,,,,,
,,1,-1.019,-1043,25,-1,1150,,,,,-60,09:41:02,430
,,1,-0.824,-844,25,-1,1151,,,,,,,
,,1,-0.967,-990,25,-1,1152,,,,,,,
,,1,-1.091,-1117,25,-1,1153,,,,,,,
,,1,-1.097,-1123,25,-1,1154,,,,,,,
,,1,-0.844,-864,25,-1,1155,,,,,,,
,,1,-0.929,-951,25,-1,1156,,,,,,,
,,1,-0.965,-988,25,-1,1157,,,,,,,
,,1,-0.891,-912,25,-1,1158,,,,,,,
,,1,-0.893,-914,25,-1,1159,,,,,,,
,,1,-0.781,-800,25,-1,1160,,,,,-58,09:41:02,610
,,1,-0.788,-807,25,-1,1161,,,,,,,
,,1,-0.755,-773,25,-1,1162,,,,,,,
,,1,-0.931,-953,25,-1,1163,,,,,,,
,,1,-0.539,-552,25,-1,1164,,,,,,,
,,1,-0.56,-573,25,-1,1165,,,,,,,
,,1,-0.713,-730,25,-1,1166,,,,,,,
,,1,-0.437,-447,25,-1,1167,,,,,,,
,,1,-0.383,-392,25,-1,1168,,,,,,,
,,1,-0.398,-408,25,-1,1169,,,,,,,
52.3547534,4.8055669,1,-0.315,-323,25,-1,1170,2,5,5,43,-58,09:41:02,855
,,1,-0.103,-105,25,-1,1171,,,,,,,
,,1,-0.153,-157,25,-1,1172,,,,,,,
,,1,-0.061,-62,25,-1,1173,,,,,,,
,,1,0.083,85,25,-1,1174,,,,,,,
,,1,0.152,156,25,-1,1175,,,,,,,
,,1,0.332,340,25,-1,1176,,,,,,,
,,1,0.289,296,25,-1,1177,,,,,,,
,,1,0.499,511,25,-1,1178,,,,,,,
,,1,0.392,401,25,-1,1179,,,,,,,
,,1,0.502,514,25,-1,1180,,,,,-58,09:41:03,023
,,7,0.789,808,26,617,1181,,,,,,,
,,1,0.751,769,26,-1,1182,,,,,,,
,,1,0.513,525,26,-1,1183,,,,,,,
,,1,0.753,771,26,-1,1184,,,,,,,
,,1,0.924,946,26,-1,1185,,,,,,,
,,1,0.993,1017,26,-1,1186,,,,,,,
,,1,1.092,1118,26,-1,1187,,,,,,,
,,1,0.958,981,26,-1,1188,,,,,,,
,,1,0.97,993,26,-1,1189,,,,,,,
,,1,0.689,706,26,-1,1190,,,,,-58,09:41:03,214
,,1,0.835,855,26,-1,1191,,,,,,,
,,1,1.24,1270,26,-1,1192,,,,,,,
,,1,1.364,1397,26,-1,1193,,,,,,,
,,1,0.949,972,26,-1,1194,,,,,,,
,,1,0.751,769,26,-1,1195,,,,,,,
,,1,0.894,915,26,-1,1196,,,,,,,
,,1,1.333,1365,26,-1,1197,,,,,,,
,,1,0.921,943,26,-1,1198,,,,,,,
,,1,0.815,835,26,-1,1199,,,,,,,
,,1,0.84,860,26,-1,1200,,,,,-58,09:41:03,424
,,1,0.906,928,26,-1,1201,,,,,,,
,,1,0.646,661,26,-1,1202,,,,,,,
,,1,0.541,554,26,-1,1203,,,,,,,
,,1,0.984,1008,26,-1,1204,,,,,,,
,,1,0.703,720,26,-1,1205,,,,,,,
,,1,0.263,269,26,-1,1206,,,,,,,
,,1,0.53,543,26,-1,1207,,,,,,,
,,1,0.686,702,26,-1,1208,,,,,,,
,,1,0.197,202,26,-1,1209,,,,,,,
,,1,0.048,49,26,-1,1210,,,,,-58,09:41:03,649
,,1,0.2,205,26,-1,1211,,,,,,,
,,1,-0.129,-132,26,-1,1212,,,,,,,
,,1,-0.021,-22,26,-1,1213,,,,,,,
,,1,-0.11,-113,26,-1,1214,,,,,,,
,,1,-0.479,-490,26,-1,1215,,,,,,,
,,1,-0.675,-691,26,-1,1216,,,,,,,
,,1,-0.091,-93,26,-1,1217,,,,,,,
,,1,-0.209,-214,26,-1,1218,,,,,,,
,,1,-0.751,-769,26,-1,1219,,,,,,,
52.3547657,4.8055653,7,-0.896,-917,27,628,1220,1,5,5,43,-58,09:41:03,815
,,1,-0.85,-870,27,-1,1221,,,,,,,
,,1,-0.531,-544,27,-1,1222,,,,,,,
,,1,-1.087,-1113,27,-1,1223,,,,,,,
,,1,-0.887,-908,27,-1,1224,,,,,,,
,,1,-0.882,-903,27,-1,1225,,,,,,,
,,1,-1.035,-1060,27,-1,1226,,,,,,,
,,1,-0.847,-867,27,-1,1227,,,,,,,
,,1,-1.102,-1128,27,-1,1228,,,,,,,
,,1,-0.866,-887,27,-1,1229,,,,,,,
,,1,-1.035,-1060,27,-1,1230,,,,,-58,09:41:04,033
,,1,-1.2,-1229,27,-1,1231,,,,,,,
,,1,-0.757,-775,27,-1,1232,,,,,,,
,,1,-0.889,-910,27,-1,1233,,,,,,,
,,1,-0.959,-982,27,-1,1234,,,,,,,
,,1,-1.054,-1079,27,-1,1235,,,,,,,
,,1,-0.969,-992,27,-1,1236,,,,,,,
,,1,-1.039,-1064,27,-1,1237,,,,,,,
,,1,-0.968,-991,27,-1,1238,,,,,,,
,,1,-0.716,-733,27,-1,1239,,,,,,,
,,1,-0.663,-679,27,-1,1240,,,,,-58,09:41:04,219
,,1,-0.708,-725,27,-1,1241,,,,,,,
,,1,-0.671,-687,27,-1,1242,,,,,,,
,,1,-0.576,-590,27,-1,1243,,,,,,,
,,1,-0.54,-553,27,-1,1244,,,,,,,
,,1,-0.673,-689,27,-1,1245,,,,,,,
,,1,-0.31,-317,27,-1,1246,,,,,,,
,,1,-0.269,-275,27,-1,1247,,,,,,,
,,1,-0.381,-390,27,-1,1248,,,,,,,
,,1,-0.261,-267,27,-1,1249,,,,,,,
,,1,-0.104,-106,27,-1,1250,,,,,-57,09:41:04,415
,,1,-0.08,-82,27,-1,1251,,,,,,,
,,1,-0.088,-90,27,-1,1252,,,,,,,
,,1,0.134,137,27,-1,1253,,,,,,,
,,1,0.201,206,27,-1,1254,,,,,,,
,,1,0.248,254,27,-1,1255,,,,,,,
,,1,0.443,454,27,-1,1256,,,,,,,
,,1,0.162,166,27,-1,1257,,,,,,,
,,1,0.154,158,27,-1,1258,,,,,,,
,,1,0.485,497,27,-1,1259,,,,,,,
52.3547799,4.8055669,1,0.803,822,27,-1,1260,1,5,5,43,-57,09:41:04,625
,,7,0.712,729,28,632,1261,,,,,,,
,,1,0.649,665,28,-1,1262,,,,,,,
,,1,0.537,550,28,-1,1263,,,,,,,
,,1,0.656,672,28,-1,1264,,,,,,,
,,1,0.945,968,28,-1,1265,,,,,,,
,,1,1.017,1041,28,-1,1266,,,,,,,
,,1,0.867,888,28,-1,1267,,,,,,,
,,1,0.847,867,28,-1,1268,,,,,,,
,,1,0.807,826,28,-1,1269,,,,,,,
,,1,0.895,916,28,-1,1270,,,,,-57,09:41:04,822
,,1,1.201,1230,28,-1,1271,,,,,,,
,,1,1.197,1226,28,-1,1272,,,,,,,
,,1,0.683,699,28,-1,1273,,,,,,,
,,1,0.788,807,28,-1,1274,,,,,,,
,,1,0.987,1011,28,-1,1275,,,,,,,
,,1,1.222,1251,28,-1,1276,,,,,,,
,,1,1.106,1133,28,-1,1277,,,,,,,
,,1,0.605,620,28,-1,1278,,,,,,,
,,1,0.855,876,28,-1,1279,,,,,,,
,,1,0.903,925,28,-1,1280,,,,,-57,09:41:05,016
,,1,0.869,890,28,-1,1281,,,,,,,
,,1,1.01,1034,28,-1,1282,,,,,,,
,,1,0.906,928,28,-1,1283,,,,,,,
,,1,0.504,516,28,-1,1284,,,,,,,
,,1,0.707,724,28,-1,1285,,,,,,,
,,1,0.736,754,28,-1,1286,,,,,,,
,,1,0.525,538,28,-1,1287,,,,,,,
,,1,0.266,272,28,-1,1288,,,,,,,
,,1,0.457,468,28,-1,1289,,,,,,,
,,1,0.196,201,28,-1,1290,,,,,-57,09:41:05,223
,,1,0.217,222,28,-1,1291,,,,,,,
,,1,0.178,182,28,-1,1292,,,,,,,
,,1,0.21,215,28,-1,1293,,,,,,,
,,1,-0.062,-63,28,-1,1294,,,,,,,
,,1,-0.168,-172,28,-1,1295,,,,,,,
,,1,-0.097,-99,28,-1,1296,,,,,,,
,,1,-0.261,-267,28,-1,1297,,,,,,,
,,1,-0.248,-254,28,-1,1298,,,,,,,
,,1,-0.522,-535,28,-1,1299,,,,,,,
,,1,-0.414,-424,28,-1,1300,,,,,-57,09:41:05,421
,,1,-0.37,-379,28,-1,1301,,,,,,,
,,7,-0.599,-613,29,617,1302,,,,,,,
,,1,-0.54,-553,29,-1,1303,,,,,,,
,,1,-0.769,-787,29,-1,1304,,,,,,,
,,1,-0.729,-747,29,-1,1305,,,,,,,
,,1,-0.612,-627,29,-1,1306,,,,,,,
,,1,-0.508,-520,29,-1,1307,,,,,,,
,,1,-1.035,-1060,29,-1,1308,,,,,,,
,,1,-1.012,-1036,29,-1,1309,,,,,,,
52.354792,4.805565,1,-0.963,-986,29,-1,1310,359,5,5,43,-57,09:41:05,613
,,1,-0.823,-843,29,-1,1311,,,,,,,
,,1,-0.982,-1006,29,-1,1312,,,,,,,
,,1,-0.703,-720,29,-1,1313,,,,,,,
,,1,-0.987,-1011,29,-1,1314,,,,,,,
,,1,-1.234,-1264,29,-1,1315,,,,,,,
,,1,-1.059,-1084,29,-1,1316,,,,,,,
,,1,-0.848,-868,29,-1,1317,,,,,,,
,,1,-0.772,-791,29,-1,1318,,,,,,,
,,1,-0.828,-848,29,-1,1319,,,,,,,
,,1,-0.835,-855,29,-1,1320,,,,,-57,09:41:05,828
,,1,-0.999,-1023,29,-1,1321,,,,,,,
,,1,-0.891,-912,29,-1,1322,,,,,,,
,,1,-0.658,-674,29,-1,1323,,,,,,,
,,1,-0.542,-555,29,-1,1324,,,,,,,
,,1,-0.762,-780,29,-1,1325,,,,,,,
,,1,-0.798,-817,29,-1,1326,,,,,,,
,,1,-0.601,-615,29,-1,1327,,,,,,,
,,1,-0.448,-459,29,-1,1328,,,,,,,
,,1,-0.505,-517,29,-1,1329,,,,,,,
,,1,-0.361,-370,29,-1,1330,,,,,-57,09:41:06,022
,,1,-0.365,-374,29,-1,1331,,,,,,,
,,1,-0.347,-355,29,-1,1332,,,,,,,
,,1,-0.29,-297,29,-1,1333,,,,,,,
,,1,0.089,91,29,-1,1334,,,,,,,
,,1,0.083,85,29,-1,1335,,,,,,,
,,1,-0.376,-385,29,-1,1336,,,,,,,
,,1,0.414,424,29,-1,1337,,,,,,,
,,1,0.217,222,29,-1,1338,,,,,,,
,,1,-0.007,-7,29,-1,1339,,,,,,,
,,1,0.65,666,29,-1,1340,,,,,-56,09:41:06,215
,,1,0.371,380,29,-1,1341,,,,,,,
,,1,0.191,196,29,-1,1342,,,,,,,
,,7,0.896,918,30,609,1343,,,,,,,
,,1,0.836,856,30,-1,1344,,,,,,,
,,1,0.245,251,30,-1,1345,,,,,,,
,,1,0.589,603,30,-1,1346,,,,,,,
,,1,0.764,782,30,-1,1347,,,,,,,
,,1,1.042,1067,30,-1,1348,,,,,,,
,,1,0.868,889,30,-1,1349,,,,,,,
,,1,0.738,756,30,-1,1350,,,,,-56,09:41:06,436
,,1,0.768,786,30,-1,1351,,,,,,,
,,1,1.154,1182,30,-1,1352,,,,,,,
,,1,0.976,999,30,-1,1353,,,,,,,
,,1,0.858,879,30,-1,1354,,,,,,,
,,1,0.892,913,30,-1,1355,,,,,,,
,,1,1.248,1278,30,-1,1356,,,,,,,
,,1,1.075,1101,30,-1,1357,,,,,,,
,,1,0.707,724,30,-1,1358,,,,,,,
,,1,0.688,705,30,-1,1359,,,,,,,
,,1,1.12,1147,30,-1,1360,,,,,-56,09:41:06,624
,,1,1.213,1242,30,-1,1361,,,,,,,
,,1,0.793,812,30,-1,1362,,,,,,,
,,1,0.435,445,30,-1,1363,,,,,,,
,,1,1.026,1051,30,-1,1364,,,,,,,
,,1,0.835,855,30,-1,1365,,,,,,,
,,1,0.611,626,30,-1,1366,,,,,,,
,,1,0.984,1008,30,-1,1367,,,,,,,
,,1,0.624,639,30,-1,1368,,,,,,,
,,1,0.48,492,30,-1,1369,,,,,,,
52.3548085,4.8055614,1,0.618,633,30,-1,1370,359,5,5,43,-56,09:41:06,819
,,1,0.604,619,30,-1,1371,,,,,,,
,,1,0.255,261,30,-1,1372,,,,,,,
,,1,0.354,362,30,-1,1373,,,,,,,
,,1,0.296,303,30,-1,1374,,,,,,,
,,1,0.004,4,30,-1,1375,,,,,,,
,,1,0.105,108,30,-1,1376,,,,,,,
,,1,0.214,219,30,-1,1377,,,,,,,
,,1,-0.046,-47,30,-1,1378,,,,,,,
,,1,-0.119,-122,30,-1,1379,,,,,,,
,,1,0.078,80,30,-1,1380,,,,,-56,09:41:07,035
,,1,-0.244,-250,30,-1,1381,,,,,,,
,,1,-0.501,-513,30,-1,1382,,,,,,,
,,1,-0.292,-299,30,-1,1383,,,,,,,
,,1,-0.058,-59,30,-1,1384,,,,,,,
,,1,-0.737,-755,30,-1,1385,,,,,,,
,,7,-0.813,-832,31,602,1386,,,,,,,
,,1,-0.444,-455,31,-1,1387,,,,,,,
,,1,-0.465,-476,31,-1,1388,,,,,,,
,,1,-0.779,-798,31,-1,1389,,,,,,,
,,1,-0.935,-957,31,-1,1390,,,,,-56,09:41:07,229
,,1,-0.768,-786,31,-1,1391,,,,,,,
,,1,-0.722,-739,31,-1,1392,,,,,,,
,,1,-0.869,-890,31,-1,1393,,,,,,,
,,1,-0.879,-900,31,-1,1394,,,,,,,
,,1,-1.009,-1033,31,-1,1395,,,,,,,
,,1,-1.099,-1125,31,-1,1396,,,,,,,
,,1,-0.926,-948,31,-1,1397,,,,,,,
,,1,-0.85,-870,31,-1,1398,,,,,,,
,,1,-1.027,-1052,31,-1,1399,,,,,,,
,,1,-0.956,-979,31,-1,1400,,,,,-56,09:41:07,416
,,1,-1.105,-1132,31,-1,1401,,,,,,,
,,1,-1.031,-1056,31,-1,1402,,,,,,,
,,1,-1.046,-1071,31,-1,1403,,,,,,,
,,1,-0.736,-754,31,-1,1404,,,,,,,
,,1,-0.876,-897,31,-1,1405,,,,,,,
,,1,-1.065,-1091,31,-1,1406,,,,,,,
,,1,-0.944,-967,31,-1,1407,,,,,,,
,,1,-0.859,-880,31,-1,1408,,,,,,,
,,1,-0.833,-853,31,-1,1409,,,,,,,
,,1,-0.729,-747,31,-1,1410,,,,,-56,09:41:07,624
,,1,-0.61,-625,31,-1,1411,,,,,,,
,,1,-0.643,-658,31,-1,1412,,,,,,,
,,1,-0.713,-730,31,-1,1413,,,,,,,
,,1,-0.572,-586,31,-1,1414,,,,,,,
,,1,-0.486,-498,31,-1,1415,,,,,,,
,,1,-0.317,-325,31,-1,1416,,,,,,,
,,1,-0.391,-400,31,-1,1417,,,,,,,
,,1,-0.331,-339,31,-1,1418,,,,,,,
,,1,-0.372,-381,31,-1,1419,,,,,,,
52.3548236,4.8055587,1,-0.249,-255,31,-1,1420,359,5,5,43,-58,09:41:07,818
,,1,-0.058,-59,31,-1,1421,,,,,,,
,,1,-0.07,-72,31,-1,1422,,,,,,,
,,1,0.042,43,31,-1,1423,,,,,,,
,,1,0.102,104,31,-1,1424,,,,,,,
,,1,0.073,75,31,-1,1425,,,,,,,
,,1,0.066,68,31,-1,1426,,,,,,,
,,1,0.221,226,31,-1,1427,,,,,,,
,,1,0.259,265,31,-1,1428,,,,,,,
,,1,0.406,416,31,-1,1429,,,,,,,
,,1,0.376,385,31,-1,1430,,,,,-58,09:41:08,015
,,1,0.261,267,31,-1,1431,,,,,,,
,,1,0.401,411,31,-1,1432,,,,,,,
,,1,0.529,542,31,-1,1433,,,,,,,
,,7,0.576,590,32,571,1434,,,,,,,
,,1,0.712,729,32,-1,1435,,,,,,,
,,1,0.712,729,32,-1,1436,,,,,,,
,,1,0.738,756,32,-1,1437,,,,,,,
,,1,0.584,598,32,-1,1438,,,,,,,
,,1,0.796,815,32,-1,1439,,,,,,,
,,1,0.889,910,32,-1,1440,,,,,-58,09:41:08,233
,,1,0.765,783,32,-1,1441,,,,,,,
,,1,0.698,715,32,-1,1442,,,,,,,
,,1,0.904,926,32,-1,1443,,,,,,,
,,1,0.95,973,32,-1,1444,,,,,,,
,,1,0.982,1006,32,-1,1445,,,,,,,
,,1,0.851,871,32,-1,1446,,,,,,,
,,1,0.97,993,32,-1,1447,,,,,,,
,,1,1.111,1138,32,-1,1448,,,,,,,
,,1,1.182,1210,32,-1,1449,,,,,,,
,,1,0.978,1001,32,-1,1450,,,,,-58,09:41:08,433
,,1,0.974,997,32,-1,1451,,,,,,,
,,1,1.154,1182,32,-1,1452,,,,,,,
,,1,0.934,956,32,-1,1453,,,,,,,
,,1,1.049,1074,32,-1,1454,,,,,,,
,,1,1.106,1133,32,-1,1455,,,,,,,
,,1,1.076,1102,32,-1,1456,,,,,,,
,,1,0.854,874,32,-1,1457,,,,,,,
,,1,0.881,902,32,-1,1458,,,,,,,
,,1,0.882,903,32,-1,1459,,,,,,,
,,1,0.906,928,32,-1,1460,,,,,-58,09:41:08,613
,,1,0.699,716,32,-1,1461,,,,,,,
,,1,0.974,997,32,-1,1462,,,,,,,
,,1,0.755,773,32,-1,1463,,,,,,,
,,1,0.639,654,32,-1,1464,,,,,,,
,,1,0.499,511,32,-1,1465,,,,,,,
,,1,0.633,648,32,-1,1466,,,,,,,
,,1,0.394,403,32,-1,1467,,,,,,,
,,1,0.373,382,32,-1,1468,,,,,,,
,,1,0.277,284,32,-1,1469,,,,,,,
52.3548405,4.8055547,1,0.525,538,32,-1,1470,2,5,5,43,-58,09:41:08,821
,,1,0.201,206,32,-1,1471,,,,,,,
,,1,0.138,141,32,-1,1472,,,,,,,
,,1,0.194,199,32,-1,1473,,,,,,,
,,1,0.171,175,32,-1,1474,,,,,,,
,,1,0.077,79,32,-1,1475,,,,,,,
,,1,0.059,60,32,-1,1476,,,,,,,
,,1,-0.089,-91,32,-1,1477,,,,,,,
,,1,-0.157,-161,32,-1,1478,,,,,,,
,,1,-0.146,-150,32,-1,1479,,,,,,,
,,1,-0.27,-276,32,-1,1480,,,,,-58,09:41:09,020
,,1,-0.38,-389,32,-1,1481,,,,,,,
,,1,-0.488,-500,32,-1,1482,,,,,,,
,,1,-0.434,-444,32,-1,1483,,,,,,,
,,1,-0.348,-356,32,-1,1484,,,,,,,
,,7,-0.695,-712,33,526,1485,,,,,,,
,,1,-0.743,-761,33,-1,1486,,,,,,,
,,1,-0.775,-794,33,-1,1487,,,,,,,
,,1,-0.617,-632,33,-1,1488,,,,,,,
,,1,-0.895,-916,33,-1,1489,,,,,,,
,,1,-1.014,-1038,33,-1,1490,,,,,-58,09:41:09,214
,,1,-0.66,-676,33,-1,1491,,,,,,,
,,1,-0.649,-665,33,-1,1492,,,,,,,
,,1,-0.918,-940,33,-1,1493,,,,,,,
,,1,-0.922,-944,33,-1,1494,,,,,,,
,,1,-0.893,-914,33,-1,1495,,,,,,,
,,1,-0.741,-759,33,-1,1496,,,,,,,
,,1,-0.745,-763,33,-1,1497,,,,,,,
,,1,-0.716,-733,33,-1,1498,,,,,,,
,,1,-0.988,-1012,33,-1,1499,,,,,,,
,,1,-0.906,-928,33,-1,1500,,,,,-58,09:41:09,426
,,1,-0.94,-963,33,-1,1501,,,,,,,
,,1,-0.819,-839,33,-1,1502,,,,,,,
,,1,-0.785,-804,33,-1,1503,,,,,,,
,,1,-0.81,-829,33,-1,1504,,,,,,,
,,1,-1.039,-1064,33,-1,1505,,,,,,,
,,1,-0.772,-791,33,-1,1506,,,,,,,
,,1,-0.889,-910,33,-1,1507,,,,,,,
,,1,-0.745,-763,33,-1,1508,,,,,,,
,,1,-0.264,-270,33,-1,1509,,,,,,,
,,1,-0.643,-658,33,-1,1510,,,,,-58,09:41:09,616
,,1,-1.088,-1114,33,-1,1511,,,,,,,
,,1,-0.395,-404,33,-1,1512,,,,,,,
,,1,-0.418,-428,33,-1,1513,,,,,,,
,,1,0.096,98,33,-1,1514,,,,,,,
,,1,-0.042,-43,33,-1,1515,,,,,,,
,,1,-0.311,-318,33,-1,1516,,,,,,,
,,1,-0.26,-266,33,-1,1517,,,,,,,
,,1,0.085,87,33,-1,1518,,,,,,,
,,1,0.432,442,33,-1,1519,,,,,,,
52.3548532,4.8055484,1,0.626,641,33,-1,1520,15,5,5,43,-58,09:41:09,822
,,7,2.1,2150,34,537,1521,,,,,,,
,,1,1.276,1307,34,-1,1522,,,,,,,
,,1,-0.214,-219,34,-1,1523,,,,,,,
,,1,0.955,978,34,-1,1524,,,,,,,
,,1,2.456,2515,34,-1,1525,,,,,,,
,,1,1.111,1138,34,-1,1526,,,,,,,
,,1,0.044,45,34,-1,1527,,,,,,,
,,1,0.369,378,34,-1,1528,,,,,,,
,,1,0.497,509,34,-1,1529,,,,,,,
,,1,1.232,1262,34,-1,1530,,,,,-58,09:41:10,029
,,1,2.083,2133,34,-1,1531,,,,,,,
,,1,1.315,1347,34,-1,1532,,,,,,,
,,1,0.195,200,34,-1,1533,,,,,,,
,,1,-0.962,-985,34,-1,1534,,,,,,,
,,1,0.809,828,34,-1,1535,,,,,,,
,,1,0.48,492,34,-1,1536,,,,,,,
,,1,-0.388,-397,34,-1,1537,,,,,,,
,,1,-0.153,-157,34,-1,1538,,,,,,,
,,1,-0.339,-347,34,-1,1539,,,,,,,
52.3548532,4.8055484,1,-0.107,-110,34,-1,1540,15,5,5,43,-58,09:41:10,223
,,1,-0.808,-827,34,-1,1541,,,,,,,
,,1,-0.092,-94,34,-1,1542,,,,,,,
,,7,-1.406,-1440,35,689,1543,,,,,,,
,,1,-2.466,-2525,35,-1,1544,,,,,,,
,,1,-1.449,-1484,35,-1,1545,,,,,,,
,,1,1.323,1355,35,-1,1546,,,,,,,
,,1,0.93,952,35,-1,1547,,,,,,,
,,1,-1.987,-2035,35,-1,1548,,,,,,,
,,1,-2.369,-2426,35,-1,1549,,,,,,,
,,1,-0.718,-735,35,-1,1550,,,,,-58,09:41:10,416
,,1,-0.887,-908,35,-1,1551,,,,,,,
,,1,-1.398,-1432,35,-1,1552,,,,,,,
,,1,-0.012,-12,35,-1,1553,,,,,,,
,,1,-0.154,-158,35,-1,1554,,,,,,,
,,1,-1.077,-1103,35,-1,1555,,,,,,,
,,1,0.165,169,35,-1,1556,,,,,,,
,,1,-0.42,-430,35,-1,1557,,,,,,,
,,1,-0.725,-742,35,-1,1558,,,,,,,
,,1,-0.216,-221,35,-1,1559,,,,,,,
52.3548652,4.8055482,1,-0.566,-580,35,-1,1560,26,5,5,43,-58,09:41:10,624
,,1,-0.854,-874,35,-1,1561,,,,,,,
,,1,-0.306,-313,35,-1,1562,,,,,,,
,,1,-0.409,-419,35,-1,1563,,,,,,,
,,1,-0.054,-55,35,-1,1564,,,,,,,
,,1,0.056,57,35,-1,1565,,,,,,,
,,1,-0.291,-298,35,-1,1566,,,,,,,
,,1,0.146,149,35,-1,1567,,,,,,,
,,1,-0.029,-30,35,-1,1568,,,,,,,
,,1,0.175,179,35,-1,1569,,,,,,,
52.3548652,4.8055482,1,0.188,192,35,-1,1570,26,5,5,43,-58,09:41:10,818
,,1,0.006,6,35,-1,1571,,,,,,,
,,1,1.462,1497,35,-1,1572,,,,,,,
,,1,0.062,63,35,-1,1573,,,,,,,
,,7,-0.025,-26,36,900,1574,,,,,,,
,,1,1.048,1073,36,-1,1575,,,,,,,
,,1,0.621,636,36,-1,1576,,,,,,,
,,1,-0.042,-43,36,-1,1577,,,,,,,
,,1,0.646,661,36,-1,1578,,,,,,,
,,1,-0.026,-27,36,-1,1579,,,,,,,
52.3548652,4.8055482,1,-0.567,-581,36,-1,1580,26,5,5,43,-58,09:41:11,018
,,7,-4.269,-4371,37,1006,1581,,,,,,,
,,1,-10.178,-10422,37,-1,1582,,,,,,,
,,1,-6.709,-6870,37,-1,1583,,,,,,,
,,1,13.384,13705,37,-1,1584,,,,,,,
,,1,0.827,847,37,-1,1585,,,,,,,
,,8,-2.123,-2174,37,-1,1586,,,,,,,
,,1,6.502,6658,37,-1,1587,,,,,,,
,,1,-7.103,-7273,37,-1,1588,,,,,,,
,,1,-1.753,-1795,37,-1,1589,,,,,,,
,,6,-1.954,-2001,37,-1,1590,,,,,-58,09:41:11,224
,,1,2.359,2416,37,-1,1591,,,,,,,
,,1,0.369,378,37,-1,1592,,,,,,,
,,6,3.557,3642,38,-1,1593,,,,,,,
,,1,-0.186,-190,38,-1,1594,,,,,,,
,,1,-9.1,-9318,38,-1,1595,,,,,,,
,,6,2.078,2128,39,-1,1596,,,,,,,
,,1,2.968,3039,39,-1,1597,,,,,,,
,,1,-5.568,-5702,39,-1,1598,,,,,,,
,,1,0.092,94,39,-1,1599,,,,,,,
,,1,0.924,946,39,-1,1600,,,,,-71,09:41:11,422
,,1,-1.064,-1090,39,-1,1601,,,,,,,
,,1,-0.715,-732,39,-1,1602,,,,,,,
,,1,0.578,592,39,-1,1603,,,,,,,
,,1,-0.032,-33,39,-1,1604,,,,,,,
,,6,0.305,312,40,-1,1605,,,,,,,
,,1,-0.211,-216,40,-1,1606,,,,,,,
,,1,0.365,374,40,-1,1607,,,,,,,
,,1,0.065,67,40,-1,1608,,,,,,,
,,1,0.474,485,40,-1,1609,,,,,,,
,,1,0.107,110,40,-1,1610,,,,,-71,09:41:11,614
,,1,0.36,369,40,-1,1611,,,,,,,
,,1,0.505,517,40,-1,1612,,,,,,,
,,1,0.329,337,40,-1,1613,,,,,,,
,,1,0.416,426,40,-1,1614,,,,,,,
,,1,0.328,336,40,-1,1615,,,,,,,
,,1,0.017,17,40,-1,1616,,,,,,,
,,1,-0.141,-144,40,-1,1617,,,,,,,
,,1,0.394,403,40,-1,1618,,,,,,,
,,1,0.286,293,40,-1,1619,,,,,,,
52.354876,4.8055524,1,-0.275,-282,40,-1,1620,35,5,6,43,-71,09:41:11,826
,,1,1.407,1441,40,-1,1621,,,,,,,
,,1,-0.375,-384,40,-1,1622,,,,,,,
,,1,0.539,552,40,-1,1623,,,,,,,
,,1,0.021,21,40,-1,1624,,,,,,,
,,1,-0.143,-146,40,-1,1625,,,,,,,
,,1,1.4,1434,40,-1,1626,,,,,,,
,,1,0.642,657,40,-1,1627,,,,,,,
,,1,-1.879,-1924,40,-1,1628,,,,,,,
,,1,-0.035,-36,40,-1,1629,,,,,,,
,,1,0.964,987,40,-1,1630,,,,,-71,09:41:12,018
,,1,-0.452,-463,40,-1,1631,,,,,,,
,,1,-0.358,-367,40,-1,1632,,,,,,,
,,1,0.548,561,40,-1,1633,,,,,,,
,,1,-0.048,-49,40,-1,1634,,,,,,,
,,1,-0.17,-174,40,-1,1635,,,,,,,
,,1,0.279,286,40,-1,1636,,,,,,,
,,1,0.104,106,40,-1,1637,,,,,,,
,,1,-0.131,-134,40,-1,1638,,,,,,,
,,1,0.094,96,40,-1,1639,,,,,,,
,,1,0.142,145,40,-1,1640,,,,,-71,09:41:12,216
,,1,-0.017,-17,40,-1,1641,,,,,,,
,,1,0.073,75,40,-1,1642,,,,,,,
,,1,0.085,87,40,-1,1643,,,,,,,
,,1,0.019,19,40,-1,1644,,,,,,,
,,1,0.047,48,40,-1,1645,,,,,,,
,,1,0.063,65,40,-1,1646,,,,,,,
,,1,0.063,65,40,-1,1647,,,,,,,
,,1,0.002,2,40,-1,1648,,,,,,,
,,1,0.076,78,40,-1,1649,,,,,,,
,,1,0.044,45,40,-1,1650,,,,,-71,09:41:12,428
,,1,0.041,42,40,-1,1651,,,,,,,
,,1,0.056,57,40,-1,1652,,,,,,,
,,1,0.047,48,40,-1,1653,,,,,,,
,,1,0.042,43,40,-1,1654,,,,,,,
,,1,0.046,47,40,-1,1655,,,,,,,
,,1,0.061,62,40,-1,1656,,,,,,,
,,1,0.041,42,40,-1,1657,,,,,,,
,,1,0.062,63,40,-1,1658,,,,,,,
,,1,0.034,35,40,-1,1659,,,,,,,
52.3548854,4.8055601,1,0.076,78,40,-1,1660,28,5,6,43,-71,09:41:12,618
,,1,0.035,36,40,-1,1661,,,,,,,
,,1,0.055,56,40,-1,1662,,,,,,,
,,1,0.06,61,40,-1,1663,,,,,,,
,,1,0.035,36,40,-1,1664,,,,,,,
,,1,0.066,68,40,-1,1665,,,,,,,
,,1,0.04,41,40,-1,1666,,,,,,,
,,1,0.056,57,40,-1,1667,,,,,,,
,,1,0.052,53,40,-1,1668,,,,,,,
,,1,0.045,46,40,-1,1669,,,,,,,
,,1,0.058,59,40,-1,1670,,,,,-71,09:41:12,826
,,1,0.046,47,40,-1,1671,,,,,,,
,,1,0.048,49,40,-1,1672,,,,,,,
,,1,0.056,57,40,-1,1673,,,,,,,
,,1,0.041,42,40,-1,1674,,,,,,,
,,1,0.057,58,40,-1,1675,,,,,,,
,,1,0.044,45,40,-1,1676,,,,,,,
,,1,0.093,95,40,-1,1677,,,,,,,
,,1,0.064,66,40,-1,1678,,,,,,,
,,1,-0.017,-17,40,-1,1679,,,,,,,
52.3548854,4.8055601,1,0.079,81,40,-1,1680,28,5,6,43,-54,09:41:13,022
,,5,0.072,74,40,0,1681,,,,,,,
,,3,0.025,26,40,0,1682,,,,,,,
,,3,0.056,57,40,0,1683,,,,,,,
,,3,0.064,66,40,0,1684,,,,,,,
,,3,0.046,47,40,0,1685,,,,,,,
,,3,0.041,42,40,0,1686,,,,,,,
,,3,0.058,59,40,0,1687,,,,,,,
,,3,0.059,60,40,0,1688,,,,,,,
,,3,0.038,39,40,0,1689,,,,,,,
,,3,0.055,56,40,0,1690,,,,,-54,09:41:13,220
,,3,0.059,60,40,0,1691,,,,,,,
,,3,0.038,39,40,0,1692,,,,,,,
,,3,0.055,56,40,0,1693,,,,,,,
,,3,0.057,58,40,0,1694,,,,,,,
,,3,0.048,49,40,0,1695,,,,,,,
,,3,0.05,51,40,0,1696,,,,,,,
,,3,0.051,52,40,0,1697,,,,,,,
,,3,0.056,57,40,0,1698,,,,,,,
,,3,0.043,44,40,0,1699,,,,,,,
,,3,0.055,56,40,0,1700,,,,,-54,09:41:13,413
,,3,0.054,55,40,0,1701,,,,,,,
,,3,0.044,45,40,0,1702,,,,,,,
,,3,0.053,54,40,0,1703,,,,,,,
,,3,0.054,55,40,0,1704,,,,,,,
,,3,0.048,49,40,0,1705,,,,,,,
,,3,0.053,54,40,0,1706,,,,,,,
,,3,0.05,51,40,0,1707,,,,,,,
,,3,0.054,55,40,0,1708,,,,,,,
,,3,0.049,50,40,0,1709,,,,,,,
,,3,0.05,51,40,0,1710,,,,,-54,09:41:13,621
,,3,0.054,55,40,0,1711,,,,,,,
,,3,0.047,48,40,0,1712,,,,,,,
,,3,0.054,55,40,0,1713,,,,,,,
,,3,0.05,51,40,0,1714,,,,,,,
,,3,0.05,51,40,0,1715,,,,,,,
,,3,0.053,54,40,0,1716,,,,,,,
,,3,0.049,50,40,0,1717,,,,,,,
,,3,0.051,52,40,0,1718,,,,,,,
,,3,0.051,52,40,0,1719,,,,,,,
52.3548948,4.8055577,3,0.046,47,40,0,1720,24,4,6,43,-54,09:41:13,821
,,3,0.055,56,40,0,1721,,,,,,,
,,3,0.048,49,40,0,1722,,,,,,,
,,3,0.05,51,40,0,1723,,,,,,,
,,3,0.05,51,40,0,1724,,,,,,,
,,3,0.05,51,40,0,1725,,,,,,,
,,3,0.051,52,40,0,1726,,,,,,,
,,3,0.047,48,40,0,1727,,,,,,,
,,3,0.053,54,40,0,1728,,,,,,,
,,3,0.051,52,40,0,1729,,,,,,,
,,3,0.05,51,40,0,1730,,,,,-54,09:41:14,014
,,3,0.051,52,40,0,1731,,,,,,,
,,3,0.05,51,40,0,1732,,,,,,,
,,3,0.05,51,40,0,1733,,,,,,,
,,3,0.051,52,40,0,1734,,,,,,,
,,3,0.05,51,40,0,1735,,,,,,,
,,3,0.053,54,40,0,1736,,,,,,,
,,3,0.053,54,40,0,1737,,,,,,,
,,3,0.051,52,40,0,1738,,,,,,,
,,3,0.05,51,40,0,1739,,,,,,,
,,3,0.05,51,40,0,1740,,,,,-54,09:41:14,227
,,3,0.05,51,40,0,1741,,,,,,,
,,3,0.049,50,40,0,1742,,,,,,,
,,3,0.046,47,40,0,1743,,,,,,,
,,3,0.051,52,40,0,1744,,,,,,,
,,3,0.05,51,40,0,1745,,,,,,,
,,3,0.04,41,40,0,1746,,,,,,,
,,3,0.054,55,40,0,1747,,,,,,,
,,3,0.054,55,40,0,1748,,,,,,,
,,3,0.039,40,40,0,1749,,,,,,,
,,3,0.053,54,40,0,1750,,,,,-54,09:41:14,422
,,3,0.033,34,40,0,1751,,,,,,,
,,3,0.049,50,40,0,1752,,,,,,,
,,3,0.052,53,40,0,1753,,,,,,,
,,3,0.049,50,40,0,1754,,,,,,,
,,3,0.059,60,40,0,1755,,,,,,,
,,3,0.063,64,40,0,1756,,,,,,,
,,3,0.042,43,40,0,1757,,,,,,,
,,3,0.111,114,40,0,1758,,,,,,,
,,3,0.032,33,40,0,1759,,,,,,,
,,3,0.049,50,40,0,1760,,,,,-54,09:41:14,616
,,3,0.029,30,40,0,1761,,,,,,,
,,3,0.097,99,40,0,1762,,,,,,,
,,3,0.068,70,40,0,1763,,,,,,,
,,3,0.024,25,40,0,1764,,,,,,,
,,3,0.079,81,40,0,1765,,,,,,,
,,3,0.02,20,40,0,1766,,,,,,,
,,3,0.018,18,40,0,1767,,,,,,,
,,3,-0.006,-6,40,0,1768,,,,,,,
,,3,0.099,101,40,0,1769,,,,,,,
52.3549004,4.8055612,3,0.087,89,40,0,1770,79,4,6,43,-64,09:41:14,825
,,3,0.064,66,40,0,1771,,,,,,,
,,3,0.18,184,40,0,1772,,,,,,,
,,3,0.194,199,40,0,1773,,,,,,,
,,3,0.083,85,40,0,1774,,,,,,,
,,3,0.135,138,40,0,1775,,,,,,,
,,3,0.161,165,40,0,1776,,,,,,,
,,3,0.152,156,40,0,1777,,,,,,,
,,3,0.113,116,40,0,1778,,,,,,,
,,3,0.119,122,40,0,1779,,,,,,,
,,3,0.22,225,40,0,1780,,,,,-64,09:41:15,023
,,3,0.178,182,40,0,1781,,,,,,,
,,3,0.219,224,40,0,1782,,,,,,,
,,3,0.251,257,40,0,1783,,,,,,,
,,3,0.348,356,40,0,1784,,,,,,,
,,3,0.048,49,40,0,1785,,,,,,,
,,3,0.101,103,40,0,1786,,,,,,,
,,3,-0.134,-137,40,0,1787,,,,,,,
,,3,1.447,1482,40,0,1788,,,,,,,
,,3,0.919,941,40,0,1789,,,,,,,
,,3,1.365,1398,40,0,1790,,,,,-64,09:41:15,213
,,3,0.904,926,40,0,1791,,,,,,,
,,3,1.969,2016,40,0,1792,,,,,,,
,,3,1.264,1294,40,0,1793,,,,,,,
,,3,0.342,350,40,0,1794,,,,,,,
,,3,0.354,363,40,0,1795,,,,,,,
,,3,0.737,755,40,0,1796,,,,,,,
,,3,0.405,415,40,0,1797,,,,,,,
,,3,0.452,463,40,0,1798,,,,,,,
,,3,0.416,426,40,0,1799,,,,,,,
,,3,0.71,727,40,0,1800,,,,,-64,09:41:15,426
,,3,0.567,581,40,0,1801,,,,,,,
,,3,0.49,502,40,0,1802,,,,,,,
,,3,0.563,577,40,0,1803,,,,,,,
,,3,0.684,700,40,0,1804,,,,,,,
,,3,0.635,650,40,0,1805,,,,,,,
,,3,0.493,505,40,0,1806,,,,,,,
,,3,0.772,791,40,0,1807,,,,,,,
,,3,0.645,660,40,0,1808,,,,,,,
,,3,0.683,699,40,0,1809,,,,,,,
,,3,0.677,693,40,0,1810,,,,,-64,09:41:15,621
,,3,0.773,792,40,0,1811,,,,,,,
,,3,0.577,591,40,0,1812,,,,,,,
,,3,0.57,584,40,0,1813,,,,,,,
,,3,0.794,813,40,0,1814,,,,,,,
,,3,0.759,777,40,0,1815,,,,,,,
,,3,0.608,623,40,0,1816,,,,,,,
,,3,0.56,573,40,0,1817,,,,,,,
,,3,0.72,737,40,0,1818,,,,,,,
,,3,0.644,659,40,0,1819,,,,,,,
52.3548953,4.805569,3,0.63,645,40,0,1820,94,3,6,42,-64,09:41:15,820
,,3,0.686,702,40,0,1821,,,,,,,
,,3,0.646,662,40,0,1822,,,,,,,
,,3,0.493,505,40,0,1823,,,,,,,
,,3,0.52,532,40,0,1824,,,,,,,
,,3,0.605,620,40,0,1825,,,,,,,
,,3,0.673,689,40,0,1826,,,,,,,
,,3,0.578,592,40,0,1827,,,,,,,
,,3,0.527,540,40,0,1828,,,,,,,
,,3,0.472,483,40,0,1829,,,,,,,
,,3,0.51,522,40,0,1830,,,,,-64,09:41:16,028
,,3,0.531,544,40,0,1831,,,,,,,
,,3,0.502,514,40,0,1832,,,,,,,
,,3,0.437,447,40,0,1833,,,,,,,
,,3,0.443,454,40,0,1834,,,,,,,
,,3,0.504,516,40,0,1835,,,,,,,
,,3,0.521,534,40,0,1836,,,,,,,
,,3,0.414,424,40,0,1837,,,,,,,
,,3,0.49,502,40,0,1838,,,,,,,
,,3,0.515,527,40,0,1839,,,,,,,
,,3,0.383,392,40,0,1840,,,,,-64,09:41:16,220
,,3,0.376,385,40,0,1841,,,,,,,
,,3,0.433,443,40,0,1842,,,,,,,
,,3,0.383,392,40,0,1843,,,,,,,
,,3,0.301,308,40,0,1844,,,,,,,
,,3,0.313,320,40,0,1845,,,,,,,
,,3,0.316,324,40,0,1846,,,,,,,
,,3,0.173,177,40,0,1847,,,,,,,
,,3,0.151,155,40,0,1848,,,,,,,
,,3,0.181,185,40,0,1849,,,,,,,
,,3,0.101,103,40,0,1850,,,,,-64,09:41:16,417
,,3,-0.012,-12,40,0,1851,,,,,,,
,,3,-0.038,-39,40,0,1852,,,,,,,
,,3,-0.073,-75,40,0,1853,,,,,,,
,,3,-0.144,-147,40,0,1854,,,,,,,
,,3,-0.181,-185,40,0,1855,,,,,,,
,,3,-0.292,-299,40,0,1856,,,,,,,
,,3,-0.268,-274,40,0,1857,,,,,,,
,,3,-0.261,-267,40,0,1858,,,,,,,
,,3,-0.327,-335,40,0,1859,,,,,,,
52.3548917,4.8055719,3,-0.386,-395,40,0,1860,86,2,6,42,-52,09:41:16,625
,,3,-0.39,-399,40,0,1861,,,,,,,
,,3,-0.348,-356,40,0,1862,,,,,,,
,,3,-0.344,-352,40,0,1863,,,,,,,
,,3,-0.348,-356,40,0,1864,,,,,,,
,,3,-0.494,-506,40,0,1865,,,,,,,
,,3,-0.604,-618,40,0,1866,,,,,,,
,,3,-0.594,-608,40,0,1867,,,,,,,
,,3,-0.563,-577,40,0,1868,,,,,,,
,,3,-0.608,-623,40,0,1869,,,,,,,
,,3,-0.669,-685,40,0,1870,,,,,-52,09:41:16,820
,,3,-0.641,-656,40,0,1871,,,,,,,
,,3,-0.683,-699,40,0,1872,,,,,,,
,,3,-0.733,-751,40,0,1873,,,,,,,
,,3,-0.789,-808,41,0,1874,,,,,,,
,,3,-0.884,-905,41,0,1875,,,,,,,
,,3,-0.903,-925,41,0,1876,,,,,,,
,,3,-0.605,-620,41,0,1877,,,,,,,
,,3,-0.827,-847,41,0,1878,,,,,,,
,,3,-1.041,-1066,41,0,1879,,,,,,,
,,3,-0.925,-947,41,0,1880,,,,,-52,09:41:17,014
,,3,-0.727,-744,41,0,1881,,,,,,,
,,3,-0.87,-891,41,0,1882,,,,,,,
,,3,-1.128,-1155,41,0,1883,,,,,,,
,,3,-0.872,-893,41,0,1884,,,,,,,
,,3,-0.711,-728,41,0,1885,,,,,,,
,,3,-0.976,-999,41,0,1886,,,,,,,
,,3,-1.074,-1100,41,0,1887,,,,,,,
,,3,-0.769,-787,41,0,1888,,,,,,,
,,3,-0.796,-815,41,0,1889,,,,,,,
,,3,-0.948,-971,41,0,1890,,,,,-52,09:41:17,225
,,3,-0.94,-963,41,0,1891,,,,,,,
,,3,-0.831,-851,41,0,1892,,,,,,,
,,3,-0.987,-1011,41,0,1893,,,,,,,
,,3,-1.032,-1057,41,0,1894,,,,,,,
,,3,-0.798,-817,41,0,1895,,,,,,,
,,3,-0.923,-945,41,0,1896,,,,,,,
,,3,-1.251,-1281,41,0,1897,,,,,,,
,,3,-1.125,-1152,41,0,1898,,,,,,,
,,3,-0.898,-920,41,0,1899,,,,,,,
,,3,-0.899,-921,41,0,1900,,,,,-52,09:41:17,428
,,3,-0.814,-834,41,0,1901,,,,,,,
,,3,-0.635,-650,41,0,1902,,,,,,,
,,3,-0.718,-735,41,0,1903,,,,,,,
,,3,-0.772,-791,41,0,1904,,,,,,,
,,3,-0.745,-763,41,0,1905,,,,,,,
,,3,-0.667,-683,41,0,1906,,,,,,,
,,3,-0.523,-536,41,0,1907,,,,,,,
,,3,-0.518,-530,41,0,1908,,,,,,,
,,3,-0.493,-505,41,0,1909,,,,,,,
,,3,-0.497,-509,41,0,1910,,,,,-52,09:41:17,614
,,3,-0.579,-593,41,0,1911,,,,,,,
,,3,-0.395,-404,41,0,1912,,,,,,,
,,3,-0.281,-288,41,0,1913,,,,,,,
,,3,-0.276,-283,41,0,1914,,,,,,,
,,3,-0.213,-218,41,0,1915,,,,,,,
,,3,-0.122,-125,41,0,1916,,,,,,,
,,3,-0.089,-91,41,0,1917,,,,,,,
,,3,-0.151,-155,41,0,1918,,,,,,,
,,3,-0.059,-60,41,0,1919,,,,,,,
52.3548917,4.805573,3,0.038,39,41,0,1920,64,2,6,42,-52,09:41:17,825
,,3,0.123,126,41,0,1921,,,,,,,
,,3,0.188,193,41,0,1922,,,,,,,
,,3,0.44,451,41,0,1923,,,,,,,
,,3,0.369,378,41,0,1924,,,,,,,
,,3,0.278,285,41,0,1925,,,,,,,
,,3,0.361,370,41,0,1926,,,,,,,
,,3,0.427,437,41,0,1927,,,,,,,
,,3,0.522,535,41,0,1928,,,,,,,
,,7,0.657,673,42,154,1929,,,,,,,
,,1,0.661,677,42,-1,1930,,,,,-52,09:41:18,018
,,1,0.672,688,42,-1,1931,,,,,,,
,,1,0.584,598,42,-1,1932,,,,,,,
,,1,0.587,601,42,-1,1933,,,,,,,
,,1,0.96,983,42,-1,1934,,,,,,,
,,1,1.201,1230,42,-1,1935,,,,,,,
,,1,1.049,1074,42,-1,1936,,,,,,,
,,1,0.783,802,42,-1,1937,,,,,,,
,,1,0.84,860,42,-1,1938,,,,,,,
,,1,0.796,815,42,-1,1939,,,,,,,
,,1,0.756,774,42,-1,1940,,,,,-56,09:41:18,214
,,1,0.919,941,42,-1,1941,,,,,,,
,,1,1.103,1129,42,-1,1942,,,,,,,
,,1,1.154,1182,42,-1,1943,,,,,,,
,,1,1.023,1048,42,-1,1944,,,,,,,
,,1,1.026,1051,42,-1,1945,,,,,,,
,,1,0.995,1019,42,-1,1946,,,,,,,
,,1,0.825,845,42,-1,1947,,,,,,,
,,1,0.904,926,42,-1,1948,,,,,,,
,,1,1.313,1344,42,-1,1949,,,,,,,
,,1,1.132,1159,42,-1,1950,,,,,-56,09:41:18,429
,,1,0.783,802,42,-1,1951,,,,,,,
,,1,0.761,779,42,-1,1952,,,,,,,
,,1,0.732,750,42,-1,1953,,,,,,,
,,1,0.647,663,42,-1,1954,,,,,,,
,,1,0.699,716,42,-1,1955,,,,,,,
,,1,0.815,835,42,-1,1956,,,,,,,
,,1,0.71,727,42,-1,1957,,,,,,,
,,1,0.598,612,42,-1,1958,,,,,,,
,,1,0.62,635,42,-1,1959,,,,,,,
,,1,0.655,671,42,-1,1960,,,,,-56,09:41:18,617
,,1,0.633,648,42,-1,1961,,,,,,,
,,1,0.608,623,42,-1,1962,,,,,,,
,,1,0.629,644,42,-1,1963,,,,,,,
,,1,0.521,533,42,-1,1964,,,,,,,
,,1,0.504,516,42,-1,1965,,,,,,,
,,1,0.535,548,42,-1,1966,,,,,,,
,,1,0.502,514,42,-1,1967,,,,,,,
,,1,0.378,387,42,-1,1968,,,,,,,
,,1,0.323,331,42,-1,1969,,,,,,,
52.3548945,4.8055752,1,0.309,316,42,-1,1970,57,2,6,42,-56,09:41:18,817
,,1,0.217,222,42,-1,1971,,,,,,,
,,1,0.175,179,42,-1,1972,,,,,,,
,,1,0.145,148,42,-1,1973,,,,,,,
,,1,0.051,52,42,-1,1974,,,,,,,
,,1,0.065,67,42,-1,1975,,,,,,,
,,1,0.03,31,42,-1,1976,,,,,,,
,,1,-0.044,-45,42,-1,1977,,,,,,,
,,1,-0.15,-154,42,-1,1978,,,,,,,
,,1,-0.124,-127,42,-1,1979,,,,,,,
52.3548945,4.8055752,1,-0.063,-64,42,-1,1980,57,2,6,42,-56,09:41:19,023
,,1,-0.178,-182,42,-1,1981,,,,,,,
,,1,-0.286,-293,42,-1,1982,,,,,,,
,,1,-0.32,-328,42,-1,1983,,,,,,,
,,1,-0.23,-236,42,-1,1984,,,,,,,
,,1,-0.307,-314,42,-1,1985,,,,,,,
,,1,-0.432,-442,42,-1,1986,,,,,,,
,,1,-0.553,-566,42,-1,1987,,,,,,,
,,7,-0.557,-570,43,438,1988,,,,,,,
,,1,-0.582,-596,43,-1,1989,,,,,,,
,,1,-0.813,-833,43,-1,1990,,,,,-56,09:41:19,218
,,1,-0.846,-866,43,-1,1991,,,,,,,
,,1,-0.78,-799,43,-1,1992,,,,,,,
,,1,-0.795,-814,43,-1,1993,,,,,,,
,,1,-0.827,-847,43,-1,1994,,,,,,,
,,1,-0.735,-753,43,-1,1995,,,,,,,
,,1,-0.724,-741,43,-1,1996,,,,,,,
,,1,-0.91,-932,43,-1,1997,,,,,,,
,,1,-0.981,-1005,43,-1,1998,,,,,,,
,,1,-0.939,-962,43,-1,1999,,,,,,,
,,1,-0.858,-879,43,-1,2000,,,,,-56,09:41:19,419
,,1,-0.82,-840,43,-1,2001,,,,,,,
,,1,-0.779,-798,43,-1,2002,,,,,,,
,,1,-0.907,-929,43,-1,2003,,,,,,,
,,1,-1.013,-1037,43,-1,2004,,,,,,,
,,1,-1.101,-1127,43,-1,2005,,,,,,,
,,1,-1.024,-1049,43,-1,2006,,,,,,,
,,1,-1.026,-1051,43,-1,2007,,,,,,,
,,1,-1.077,-1103,43,-1,2008,,,,,,,
,,1,-1.086,-1112,43,-1,2009,,,,,,,
52.3549004,4.8055853,1,-0.987,-1011,43,-1,2010,58,2,6,42,-56,09:41:19,622
,,1,-0.922,-944,43,-1,2011,,,,,,,
,,1,-0.938,-960,43,-1,2012,,,,,,,
,,1,-0.902,-924,43,-1,2013,,,,,,,
,,1,-1.037,-1062,43,-1,2014,,,,,,,
,,1,-1.093,-1119,43,-1,2015,,,,,,,
,,1,-0.888,-909,43,-1,2016,,,,,,,
,,1,-0.822,-842,43,-1,2017,,,,,,,
,,1,-0.947,-970,43,-1,2018,,,,,,,
,,1,-0.92,-942,43,-1,2019,,,,,,,
,,1,-0.833,-853,43,-1,2020,,,,,-56,09:41:19,821
,,1,-0.821,-841,43,-1,2021,,,,,,,
,,1,-0.919,-941,43,-1,2022,,,,,,,
,,1,-0.835,-855,43,-1,2023,,,,,,,
,,1,-0.81,-829,43,-1,2024,,,,,,,
,,1,-0.806,-825,43,-1,2025,,,,,,,
,,1,-0.788,-807,43,-1,2026,,,,,,,
,,1,-0.734,-752,43,-1,2027,,,,,,,
,,1,-0.682,-698,43,-1,2028,,,,,,,
,,1,-0.634,-649,43,-1,2029,,,,,,,
,,1,-0.577,-591,43,-1,2030,,,,,-54,09:41:20,015
,,1,-0.56,-573,43,-1,2031,,,,,,,
,,1,-0.528,-541,43,-1,2032,,,,,,,
,,1,-0.489,-501,43,-1,2033,,,,,,,
,,1,-0.461,-472,43,-1,2034,,,,,,,
,,1,-0.444,-455,43,-1,2035,,,,,,,
,,1,-0.419,-429,43,-1,2036,,,,,,,
,,1,-0.391,-400,43,-1,2037,,,,,,,
,,1,-0.364,-373,43,-1,2038,,,,,,,
,,1,-0.344,-352,43,-1,2039,,,,,,,
,,1,-0.342,-350,43,-1,2040,,,,,-54,09:41:20,223
,,1,-0.248,-254,43,-1,2041,,,,,,,
,,1,-0.228,-233,43,-1,2042,,,,,,,
,,1,-0.192,-197,43,-1,2043,,,,,,,
,,1,-0.172,-176,43,-1,2044,,,,,,,
,,1,-0.156,-160,43,-1,2045,,,,,,,
,,1,-0.117,-120,43,-1,2046,,,,,,,
,,1,-0.063,-65,43,-1,2047,,,,,,,
,,1,-0.07,-72,43,-1,2048,,,,,,,
,,1,-0.014,-14,43,-1,2049,,,,,,,
,,1,0.025,26,43,-1,2050,,,,,-54,09:41:20,420
,,1,0.052,53,43,-1,2051,,,,,,,
,,1,0.074,76,43,-1,2052,,,,,,,
,,1,0.111,114,43,-1,2053,,,,,,,
,,1,0.163,167,43,-1,2054,,,,,,,
,,1,0.188,192,43,-1,2055,,,,,,,
,,1,0.201,206,43,-1,2056,,,,,,,
,,1,0.172,176,43,-1,2057,,,,,,,
,,1,0.227,232,43,-1,2058,,,,,,,
,,1,0.268,274,43,-1,2059,,,,,,,
52.3549004,4.8055853,1,0.253,259,43,-1,2060,58,2,6,42,-54,09:41:20,615
,,1,0.264,270,43,-1,2061,,,,,,,
,,1,0.306,313,43,-1,2062,,,,,,,
,,1,0.297,304,43,-1,2063,,,,,,,
,,5,0.31,317,43,0,2064,,,,,,,
,,3,0.327,335,43,0,2065,,,,,,,
,,3,0.328,336,43,0,2066,,,,,,,
,,3,0.337,345,43,0,2067,,,,,,,
,,3,0.36,369,43,0,2068,,,,,,,
,,3,0.37,379,43,0,2069,,,,,,,
52.3549081,4.8055996,3,0.368,377,43,0,2070,72,3,6,42,-54,09:41:20,827
,,3,0.402,412,43,0,2071,,,,,,,
,,3,0.384,393,43,0,2072,,,,,,,
,,3,0.441,452,43,0,2073,,,,,,,
,,3,0.475,486,43,0,2074,,,,,,,
,,3,0.393,402,43,0,2075,,,,,,,
,,3,0.391,400,43,0,2076,,,,,,,
,,3,0.498,510,43,0,2077,,,,,,,
,,3,0.437,447,43,0,2078,,,,,,,
,,3,0.44,451,43,0,2079,,,,,,,
,,3,0.497,509,43,0,2080,,,,,-54,09:41:21,025
,,3,0.494,506,43,0,2081,,,,,,,
,,3,0.459,470,43,0,2082,,,,,,,
,,3,0.479,490,43,0,2083,,,,,,,
,,3,0.51,522,43,0,2084,,,,,,,
,,3,0.503,515,43,0,2085,,,,,,,
,,3,0.511,523,43,0,2086,,,,,,,
,,3,0.501,513,43,0,2087,,,,,,,
,,3,0.513,525,43,0,2088,,,,,,,
,,3,0.54,553,43,0,2089,,,,,,,
,,3,0.527,540,43,0,2090,,,,,-54,09:41:21,213
,,3,0.523,536,43,0,2091,,,,,,,
,,3,0.529,542,43,0,2092,,,,,,,
,,3,0.553,566,43,0,2093,,,,,,,
,,3,0.55,563,43,0,2094,,,,,,,
,,3,0.527,540,43,0,2095,,,,,,,
,,3,0.574,588,43,0,2096,,,,,,,
,,3,0.543,556,43,0,2097,,,,,,,
,,3,0.554,567,43,0,2098,,,,,,,
,,3,0.582,596,43,0,2099,,,,,,,
,,3,0.542,555,43,0,2100,,,,,-54,09:41:21,436
,,3,0.564,578,43,0,2101,,,,,,,
,,3,0.579,593,43,0,2102,,,,,,,
,,3,0.57,584,43,0,2103,,,,,,,
,,3,0.569,583,43,0,2104,,,,,,,
,,3,0.574,588,43,0,2105,,,,,,,
,,3,0.579,593,43,0,2106,,,,,,,
,,3,0.594,608,43,0,2107,,,,,,,
,,3,0.564,578,43,0,2108,,,,,,,
,,3,0.575,589,43,0,2109,,,,,,,
,,3,0.564,578,43,0,2110,,,,,-54,09:41:21,623
,,3,0.603,617,43,0,2111,,,,,,,
,,3,0.586,600,43,0,2112,,,,,,,
,,3,0.578,592,43,0,2113,,,,,,,
,,3,0.614,629,43,0,2114,,,,,,,
,,3,0.597,611,43,0,2115,,,,,,,
,,3,0.581,595,43,0,2116,,,,,,,
,,3,0.598,612,43,0,2117,,,,,,,
,,3,0.612,627,43,0,2118,,,,,,,
,,3,0.604,619,43,0,2119,,,,,,,
52.354914,4.8056123,3,0.604,619,43,0,2120,94,2,6,42,-56,09:41:21,818
,,3,0.612,627,43,0,2121,,,,,,,
,,3,0.623,638,43,0,2122,,,,,,,
,,3,0.618,633,43,0,2123,,,,,,,
,,3,0.607,622,43,0,2124,,,,,,,
,,3,0.627,642,43,0,2125,,,,,,,
,,3,0.642,657,43,0,2126,,,,,,,
,,3,0.617,632,43,0,2127,,,,,,,
,,3,0.627,642,43,0,2128,,,,,,,
,,3,0.651,667,43,0,2129,,,,,,,
,,3,0.645,660,43,0,2130,,,,,-56,09:41:22,023
,,3,0.632,647,43,0,2131,,,,,,,
,,3,0.647,663,43,0,2132,,,,,,,
,,3,0.668,684,43,0,2133,,,,,,,
,,3,0.664,680,43,0,2134,,,,,,,
,,3,0.656,672,43,0,2135,,,,,,,
,,3,0.657,673,43,0,2136,,,,,,,
,,3,0.666,682,43,0,2137,,,,,,,
,,3,0.675,691,43,0,2138,,,,,,,
,,3,0.688,704,43,0,2139,,,,,,,
,,3,0.678,694,43,0,2140,,,,,-56,09:41:22,229
,,3,0.673,689,43,0,2141,,,,,,,
,,3,0.684,700,43,0,2142,,,,,,,
,,3,0.698,715,43,0,2143,,,,,,,
,,3,0.691,708,44,0,2144,,,,,,,
,,3,0.687,703,44,0,2145,,,,,,,
,,3,0.7,717,44,0,2146,,,,,,,
,,3,0.704,721,44,0,2147,,,,,,,
,,3,0.702,719,44,0,2148,,,,,,,
,,3,0.701,718,44,0,2149,,,,,,,
,,3,0.709,726,44,0,2150,,,,,-56,09:41:22,414
,,3,0.722,739,44,0,2151,,,,,,,
,,3,0.718,735,44,0,2152,,,,,,,
,,3,0.715,732,44,0,2153,,,,,,,
,,3,0.718,735,44,0,2154,,,,,,,
,,3,0.732,750,44,0,2155,,,,,,,
,,3,0.733,751,44,0,2156,,,,,,,
,,3,0.728,745,44,0,2157,,,,,,,
,,3,0.736,754,44,0,2158,,,,,,,
,,3,0.745,763,44,0,2159,,,,,,,
,,3,0.736,754,44,0,2160,,,,,-56,09:41:22,625
,,3,0.739,757,44,0,2161,,,,,,,
,,3,0.753,771,44,0,2162,,,,,,,
,,3,0.752,770,44,0,2163,,,,,,,
,,3,0.748,766,44,0,2164,,,,,,,
,,3,0.747,765,44,0,2165,,,,,,,
,,3,0.755,773,44,0,2166,,,,,,,
,,3,0.763,781,44,0,2167,,,,,,,
,,3,0.761,779,44,0,2168,,,,,,,
,,3,0.758,776,44,0,2169,,,,,,,
52.3549153,4.8056144,3,0.76,778,44,0,2170,106,1,6,42,-56,09:41:22,826
,,3,0.763,781,44,0,2171,,,,,,,
,,3,0.765,783,44,0,2172,,,,,,,
,,3,0.764,782,44,0,2173,,,,,,,
,,3,0.766,784,44,0,2174,,,,,,,
,,3,0.769,787,44,0,2175,,,,,,,
,,3,0.767,785,44,0,2176,,,,,,,
,,3,0.769,787,44,0,2177,,,,,,,
,,3,0.771,789,44,0,2178,,,,,,,
,,3,0.769,787,44,0,2179,,,,,,,
,,3,0.77,788,44,0,2180,,,,,-56,09:41:23,017
,,3,0.772,791,44,0,2181,,,,,,,
,,3,0.768,786,44,0,2182,,,,,,,
,,3,0.765,783,44,0,2183,,,,,,,
,,3,0.769,787,44,0,2184,,,,,,,
,,3,0.77,788,44,0,2185,,,,,,,
,,3,0.765,783,44,0,2186,,,,,,,
,,3,0.765,783,44,0,2187,,,,,,,
,,3,0.769,787,44,0,2188,,,,,,,
,,3,0.767,785,44,0,2189,,,,,,,
,,3,0.764,782,44,0,2190,,,,,-56,09:41:23,231
,,3,0.764,782,44,0,2191,,,,,,,
,,3,0.766,784,44,0,2192,,,,,,,
,,3,0.768,786,44,0,2193,,,,,,,
,,3,0.763,781,44,0,2194,,,,,,,
,,3,0.758,776,44,0,2195,,,,,,,
,,3,0.763,781,44,0,2196,,,,,,,
,,3,0.766,784,44,0,2197,,,,,,,
,,3,0.762,780,44,0,2198,,,,,,,
,,3,0.759,777,44,0,2199,,,,,,,
,,3,0.758,776,44,0,2200,,,,,-56,09:41:23,420
,,3,0.76,778,44,0,2201,,,,,,,
,,3,0.764,782,44,0,2202,,,,,,,
,,3,0.762,780,44,0,2203,,,,,,,
,,3,0.759,777,44,0,2204,,,,,,,
,,3,0.761,779,44,0,2205,,,,,,,
,,3,0.762,780,44,0,2206,,,,,,,
,,3,0.76,778,44,0,2207,,,,,,,
,,3,0.761,779,44,0,2208,,,,,,,
,,3,0.76,778,44,0,2209,,,,,,,
,,3,0.762,780,44,0,2210,,,,,-57,09:41:23,615
,,3,0.764,782,44,0,2211,,,,,,,
,,3,0.762,780,44,0,2212,,,,,,,
,,3,0.758,776,44,0,2213,,,,,,,
,,3,0.766,784,44,0,2214,,,,,,,
,,3,0.769,787,44,0,2215,,,,,,,
,,3,0.757,775,44,0,2216,,,,,,,
,,3,0.76,778,44,0,2217,,,,,,,
,,3,0.771,789,44,0,2218,,,,,,,
,,3,0.767,785,44,0,2219,,,,,,,
52.3549164,4.8056026,3,0.756,774,44,0,2220,114,1,6,42,-57,09:41:23,826
,,3,0.762,780,44,0,2221,,,,,,,
,,3,0.771,789,44,0,2222,,,,,,,
,,3,0.764,782,44,0,2223,,,,,,,
,,3,0.761,779,44,0,2224,,,,,,,
,,3,0.761,779,44,0,2225,,,,,,,
,,3,0.768,786,44,0,2226,,,,,,,
,,3,0.765,783,44,0,2227,,,,,,,
,,3,0.762,780,44,0,2228,,,,,,,
,,3,0.763,781,44,0,2229,,,,,,,
,,3,0.768,786,44,0,2230,,,,,-57,09:41:24,018
,,3,0.765,783,44,0,2231,,,,,,,
,,3,0.764,782,44,0,2232,,,,,,,
,,3,0.768,786,44,0,2233,,,,,,,
,,3,0.768,786,44,0,2234,,,,,,,
,,3,0.762,780,44,0,2235,,,,,,,
,,3,0.763,781,44,0,2236,,,,,,,
,,3,0.766,784,44,0,2237,,,,,,,
,,3,0.764,782,44,0,2238,,,,,,,
,,3,0.761,779,44,0,2239,,,,,,,
,,3,0.765,783,44,0,2240,,,,,-57,09:41:24,218
,,3,0.766,784,44,0,2241,,,,,,,
,,3,0.763,781,44,0,2242,,,,,,,
,,3,0.762,780,44,0,2243,,,,,,,
,,3,0.766,784,44,0,2244,,,,,,,
,,3,0.768,786,44,0,2245,,,,,,,
,,3,0.763,781,44,0,2246,,,,,,,
,,3,0.767,785,44,0,2247,,,,,,,
,,3,0.764,782,44,0,2248,,,,,,,
,,3,0.765,783,44,0,2249,,,,,,,
,,3,0.77,788,44,0,2250,,,,,-57,09:41:24,426
,,3,0.763,781,44,0,2251,,,,,,,
,,3,0.758,776,44,0,2252,,,,,,,
,,3,0.77,788,44,0,2253,,,,,,,
,,3,0.771,790,44,0,2254,,,,,,,
,,3,0.762,780,44,0,2255,,,,,,,
,,3,0.758,776,44,0,2256,,,,,,,
,,3,0.77,788,44,0,2257,,,,,,,
,,3,0.771,789,44,0,2258,,,,,,,
,,3,0.755,773,44,0,2259,,,,,,,
,,3,0.763,781,44,0,2260,,,,,-57,09:41:24,621
,,3,0.774,793,44,0,2261,,,,,,,
,,3,0.768,786,44,0,2262,,,,,,,
,,3,0.76,778,44,0,2263,,,,,,,
,,3,0.762,780,44,0,2264,,,,,,,
,,3,0.771,790,44,0,2265,,,,,,,
,,3,0.771,790,44,0,2266,,,,,,,
,,3,0.764,782,44,0,2267,,,,,,,
,,3,0.764,782,44,0,2268,,,,,,,
,,3,0.771,789,44,0,2269,,,,,,,
52.3549186,4.8056006,3,0.771,789,44,0,2270,119,0,6,42,-57,09:41:24,820
,,3,0.764,782,44,0,2271,,,,,,,
,,3,0.767,785,44,0,2272,,,,,,,
,,3,0.771,789,44,0,2273,,,,,,,
,,3,0.769,787,44,0,2274,,,,,,,
,,3,0.763,781,44,0,2275,,,,,,,
,,3,0.766,784,44,0,2276,,,,,,,
,,3,0.773,792,44,0,2277,,,,,,,
,,3,0.768,786,44,0,2278,,,,,,,
,,3,0.762,780,44,0,2279,,,,,,,
,,3,0.767,785,44,0,2280,,,,,-57,09:41:25,026
,,3,0.772,791,44,0,2281,,,,,,,
,,3,0.77,788,44,0,2282,,,,,,,
,,3,0.762,780,44,0,2283,,,,,,,
,,3,0.767,785,44,0,2284,,,,,,,
,,3,0.772,791,44,0,2285,,,,,,,
,,3,0.771,789,44,0,2286,,,,,,,
,,3,0.765,783,44,0,2287,,,,,,,
,,3,0.766,784,44,0,2288,,,,,,,
,,3,0.769,787,44,0,2289,,,,,,,
,,3,0.773,792,44,0,2290,,,,,-58,09:41:25,219
,,3,0.769,787,44,0,2291,,,,,,,
,,3,0.762,780,44,0,2292,,,,,,,
,,3,0.769,787,44,0,2293,,,,,,,
,,3,0.776,795,44,0,2294,,,,,,,
,,3,0.77,788,44,0,2295,,,,,,,
,,3,0.759,777,44,0,2296,,,,,,,
,,3,0.771,789,44,0,2297,,,,,,,
,,3,0.774,793,44,0,2298,,,,,,,
,,3,0.769,787,44,0,2299,,,,,,,
,,3,0.762,780,44,0,2300,,,,,-58,09:41:25,417
,,3,0.767,785,44,0,2301,,,,,,,
,,3,0.774,793,44,0,2302,,,,,,,
,,3,0.77,788,44,0,2303,,,,,,,
,,3,0.76,778,44,0,2304,,,,,,,
,,3,0.768,786,44,0,2305,,,,,,,
,,3,0.774,793,44,0,2306,,,,,,,
,,3,0.771,789,44,0,2307,,,,,,,
,,3,0.763,781,44,0,2308,,,,,,,
,,3,0.766,784,44,0,2309,,,,,,,
,,3,0.77,788,44,0,2310,,,,,-58,09:41:25,625
,,3,0.773,792,44,0,2311,,,,,,,
,,3,0.767,785,44,0,2312,,,,,,,
,,3,0.76,778,44,0,2313,,,,,,,
,,3,0.774,793,44,0,2314,,,,,,,
,,3,0.785,804,44,0,2315,,,,,,,
,,3,0.77,788,44,0,2316,,,,,,,
,,3,0.762,780,44,0,2317,,,,,,,
,,3,0.771,790,44,0,2318,,,,,,,
,,3,0.777,796,44,0,2319,,,,,,,
52.35492,4.8056021,3,0.771,790,44,0,2320,0,0,5,42,-58,09:41:25,822
,,3,0.767,785,44,0,2321,,,,,,,
,,3,0.771,790,44,0,2322,,,,,,,
,,3,0.782,801,44,0,2323,,,,,,,
,,3,0.774,793,44,0,2324,,,,,,,
,,3,0.767,785,44,0,2325,,,,,,,
,,3,0.772,791,44,0,2326,,,,,,,
,,3,0.785,804,44,0,2327,,,,,,,
,,3,0.79,809,44,0,2328,,,,,,,
,,3,0.769,787,44,0,2329,,,,,,,
,,3,0.766,784,44,0,2330,,,,,-58,09:41:26,014
,,3,0.788,807,44,0,2331,,,,,,,
,,3,0.787,806,44,0,2332,,,,,,,
,,3,0.768,786,44,0,2333,,,,,,,
,,3,0.772,791,44,0,2334,,,,,,,
,,3,0.79,809,44,0,2335,,,,,,,
,,3,0.782,801,44,0,2336,,,,,,,
,,3,0.764,782,44,0,2337,,,,,,,
,,3,0.771,790,44,0,2338,,,,,,,
,,3,0.788,807,44,0,2339,,,,,,,
,,3,0.785,804,44,0,2340,,,,,-58,09:41:26,224
,,3,0.769,787,44,0,2341,,,,,,,
,,3,0.776,795,44,0,2342,,,,,,,
,,3,0.782,801,44,0,2343,,,,,,,
,,3,0.785,804,44,0,2344,,,,,,,
,,3,0.774,793,44,0,2345,,,,,,,
,,3,0.775,794,44,0,2346,,,,,,,
,,3,0.774,793,44,0,2347,,,,,,,
,,3,0.781,800,44,0,2348,,,,,,,
,,3,0.782,801,44,0,2349,,,,,,,
,,3,0.767,785,44,0,2350,,,,,-58,09:41:26,419
,,3,0.77,788,44,0,2351,,,,,,,
,,3,0.775,794,44,0,2352,,,,,,,
,,3,0.78,799,44,0,2353,,,,,,,
,,3,0.768,786,44,0,2354,,,,,,,
,,3,0.774,793,44,0,2355,,,,,,,
,,3,0.78,799,44,0,2356,,,,,,,
,,3,0.79,809,44,0,2357,,,,,,,
,,3,0.77,788,44,0,2358,,,,,,,
,,3,0.778,797,44,0,2359,,,,,,,
,,3,0.791,810,44,0,2360,,,,,-58,09:41:26,614
,,3,0.801,820,44,0,2361,,,,,,,
,,3,0.798,817,44,0,2362,,,,,,,
,,3,0.812,831,44,0,2363,,,,,,,
,,3,0.813,832,44,0,2364,,,,,,,
,,3,0.807,826,44,0,2365,,,,,,,
,,3,0.817,837,44,0,2366,,,,,,,
,,3,0.845,865,44,0,2367,,,,,,,
,,3,0.867,888,44,0,2368,,,,,,,
,,3,0.868,889,44,0,2369,,,,,,,
52.3549216,4.8056045,3,0.888,909,44,0,2370,121,0,5,42,-58,09:41:26,825
,,3,0.888,909,44,0,2371,,,,,,,
,,3,0.891,912,44,0,2372,,,,,,,
,,3,0.864,885,44,0,2373,,,,,,,
,,3,0.881,902,44,0,2374,,,,,,,
,,3,0.948,971,44,0,2375,,,,,,,
,,3,0.946,969,44,0,2376,,,,,,,
,,3,0.973,996,44,0,2377,,,,,,,
,,3,1.052,1077,44,0,2378,,,,,,,
,,3,1.045,1070,44,0,2379,,,,,,,
,,3,1.007,1031,44,0,2380,,,,,-56,09:41:27,019
,,3,1.046,1071,44,0,2381,,,,,,,
,,3,1.066,1092,44,0,2382,,,,,,,
,,3,1.039,1064,44,0,2383,,,,,,,
,,3,1.073,1099,44,0,2384,,,,,,,
,,3,1.063,1088,44,0,2385,,,,,,,
,,3,1.056,1081,44,0,2386,,,,,,,
,,3,1.033,1058,44,0,2387,,,,,,,
,,3,1.001,1025,44,0,2388,,,,,,,
,,3,0.961,984,44,0,2389,,,,,,,
,,3,0.976,999,44,0,2390,,,,,-56,09:41:27,213
,,3,1.059,1084,44,0,2391,,,,,,,
,,3,1.07,1096,44,0,2392,,,,,,,
,,3,1.018,1042,44,0,2393,,,,,,,
,,3,0.979,1003,44,0,2394,,,,,,,
,,3,0.969,992,44,0,2395,,,,,,,
,,3,0.933,955,44,0,2396,,,,,,,
,,3,0.793,812,44,0,2397,,,,,,,
,,3,0.715,732,44,0,2398,,,,,,,
,,3,0.721,738,44,0,2399,,,,,,,
,,3,0.614,629,44,0,2400,,,,,-56,09:41:27,426
,,3,0.661,677,44,0,2401,,,,,,,
,,3,0.743,761,44,0,2402,,,,,,,
,,3,0.661,677,44,0,2403,,,,,,,
,,3,0.491,503,44,0,2404,,,,,,,
,,3,0.406,416,44,0,2405,,,,,,,
,,3,0.467,478,44,0,2406,,,,,,,
,,3,0.404,414,44,0,2407,,,,,,,
,,3,0.256,262,44,0,2408,,,,,,,
,,3,0.264,270,44,0,2409,,,,,,,
,,3,0.262,268,44,0,2410,,,,,-56,09:41:27,628
,,3,0.139,142,44,0,2411,,,,,,,
,,3,0.146,149,44,0,2412,,,,,,,
,,3,0.079,81,44,0,2413,,,,,,,
,,3,0.004,4,44,0,2414,,,,,,,
,,3,-0.249,-255,44,0,2415,,,,,,,
,,3,-0.293,-300,44,0,2416,,,,,,,
,,3,-0.307,-314,44,0,2417,,,,,,,
,,3,-0.048,-49,44,0,2418,,,,,,,
,,3,-0.192,-197,44,0,2419,,,,,,,
52.3549224,4.8056083,3,-0.351,-359,44,0,2420,99,0,5,42,-56,09:41:27,825
,,3,-0.317,-325,44,0,2421,,,,,,,
,,3,-0.381,-390,44,0,2422,,,,,,,
,,3,-0.651,-667,44,0,2423,,,,,,,
,,3,-0.838,-858,44,0,2424,,,,,,,
,,3,-0.744,-762,44,0,2425,,,,,,,
,,3,-0.752,-770,44,0,2426,,,,,,,
,,3,-0.652,-668,45,0,2427,,,,,,,
,,3,-0.533,-546,45,0,2428,,,,,,,
,,3,-0.697,-714,45,0,2429,,,,,,,
,,3,-0.845,-865,45,0,2430,,,,,-56,09:41:28,028
,,3,-0.899,-921,45,0,2431,,,,,,,
,,3,-0.961,-984,45,0,2432,,,,,,,
,,3,-0.973,-996,45,0,2433,,,,,,,
,,3,-1.103,-1129,45,0,2434,,,,,,,
,,3,-0.933,-955,45,0,2435,,,,,,,
,,3,-0.844,-864,45,0,2436,,,,,,,
,,3,-0.773,-792,45,0,2437,,,,,,,
,,3,-0.692,-709,45,0,2438,,,,,,,
,,3,-0.706,-723,45,0,2439,,,,,,,
,,3,-0.766,-784,45,0,2440,,,,,-56,09:41:28,220
,,3,-1.046,-1071,45,0,2441,,,,,,,
,,3,-1.136,-1163,45,0,2442,,,,,,,
,,3,-1.043,-1068,45,0,2443,,,,,,,
,,3,-0.858,-879,45,0,2444,,,,,,,
,,3,-0.934,-956,45,0,2445,,,,,,,
,,3,-0.933,-955,45,0,2446,,,,,,,
,,3,-0.948,-971,45,0,2447,,,,,,,
,,3,-0.82,-840,45,0,2448,,,,,,,
,,3,-0.669,-685,45,0,2449,,,,,,,
,,3,-0.564,-578,45,0,2450,,,,,-56,09:41:28,418
,,3,-0.646,-662,45,0,2451,,,,,,,
,,3,-1.111,-1138,45,0,2452,,,,,,,
,,3,-0.962,-985,45,0,2453,,,,,,,
,,3,-0.505,-517,45,0,2454,,,,,,,
,,3,-0.317,-325,45,0,2455,,,,,,,
,,3,-0.302,-309,45,0,2456,,,,,,,
,,3,-0.359,-368,45,0,2457,,,,,,,
,,3,-0.387,-396,45,0,2458,,,,,,,
,,3,-0.409,-419,45,0,2459,,,,,,,
,,3,-0.274,-281,45,0,2460,,,,,-57,09:41:28,631
,,3,-0.087,-89,45,0,2461,,,,,,,
,,3,-0.027,-28,45,0,2462,,,,,,,
,,3,0.02,20,45,0,2463,,,,,,,
,,3,0.037,38,45,0,2464,,,,,,,
,,3,0.119,122,45,0,2465,,,,,,,
,,3,0.242,248,45,0,2466,,,,,,,
,,3,0.229,234,45,0,2467,,,,,,,
,,3,0.2,205,45,0,2468,,,,,,,
,,3,0.322,330,45,0,2469,,,,,,,
52.3549241,4.8056134,3,0.412,422,45,0,2470,70,1,5,42,-57,09:41:28,824
,,3,0.587,601,45,0,2471,,,,,,,
,,7,0.687,703,46,152,2472,,,,,,,
,,1,0.62,635,46,-1,2473,,,,,,,
,,1,0.637,652,46,-1,2474,,,,,,,
,,1,0.687,703,46,-1,2475,,,,,,,
,,1,0.824,844,46,-1,2476,,,,,,,
,,1,0.719,736,46,-1,2477,,,,,,,
,,1,0.768,786,46,-1,2478,,,,,,,
,,1,0.8,819,46,-1,2479,,,,,,,
,,1,0.998,1022,46,-1,2480,,,,,-57,09:41:29,015
,,1,1.096,1122,46,-1,2481,,,,,,,
,,1,1.06,1085,46,-1,2482,,,,,,,
,,1,0.958,981,46,-1,2483,,,,,,,
,,1,0.835,855,46,-1,2484,,,,,,,
,,1,0.73,748,46,-1,2485,,,,,,,
,,1,0.999,1023,46,-1,2486,,,,,,,
,,1,1.278,1309,46,-1,2487,,,,,,,
,,1,1.191,1220,46,-1,2488,,,,,,,
,,1,0.918,940,46,-1,2489,,,,,,,
,,1,0.957,980,46,-1,2490,,,,,-57,09:41:29,226
,,1,1.013,1037,46,-1,2491,,,,,,,
,,1,0.968,991,46,-1,2492,,,,,,,
,,1,0.803,822,46,-1,2493,,,,,,,
,,1,0.792,811,46,-1,2494,,,,,,,
,,1,0.765,783,46,-1,2495,,,,,,,
,,1,0.731,749,46,-1,2496,,,,,,,
,,1,0.731,749,46,-1,2497,,,,,,,
,,1,0.775,794,46,-1,2498,,,,,,,
,,1,0.676,692,46,-1,2499,,,,,,,
,,1,0.565,579,46,-1,2500,,,,,-57,09:41:29,420
,,1,0.421,431,46,-1,2501,,,,,,,
,,1,0.362,371,46,-1,2502,,,,,,,
,,1,0.286,293,46,-1,2503,,,,,,,
,,1,0.21,215,46,-1,2504,,,,,,,
,,1,0.27,276,46,-1,2505,,,,,,,
,,1,0.123,126,46,-1,2506,,,,,,,
,,1,-0.007,-7,46,-1,2507,,,,,,,
,,1,-0.084,-86,46,-1,2508,,,,,,,
,,1,-0.085,-87,46,-1,2509,,,,,,,
,,1,-0.134,-137,46,-1,2510,,,,,-57,09:41:29,618
,,1,-0.095,-97,46,-1,2511,,,,,,,
,,1,-0.157,-161,46,-1,2512,,,,,,,
,,1,-0.279,-286,46,-1,2513,,,,,,,
,,1,-0.428,-438,46,-1,2514,,,,,,,
,,1,-0.597,-611,46,-1,2515,,,,,,,
,,7,-0.576,-590,47,239,2516,,,,,,,
,,1,-0.372,-381,47,-1,2517,,,,,,,
,,1,-0.474,-485,47,-1,2518,,,,,,,
,,1,-0.644,-659,47,-1,2519,,,,,,,
52.3549264,4.8056151,1,-0.674,-690,47,-1,2520,68,0,5,42,-57,09:41:29,826
,,1,-0.706,-723,47,-1,2521,,,,,,,
,,1,-0.919,-941,47,-1,2522,,,,,,,
,,1,-1.206,-1235,47,-1,2523,,,,,,,
,,1,-0.961,-984,47,-1,2524,,,,,,,
,,1,-0.792,-811,47,-1,2525,,,,,,,
,,1,-0.794,-813,47,-1,2526,,,,,,,
,,1,-0.87,-891,47,-1,2527,,,,,,,
,,1,-1.096,-1122,47,-1,2528,,,,,,,
,,1,-1.035,-1060,47,-1,2529,,,,,,,
,,1,-0.903,-925,47,-1,2530,,,,,-57,09:41:30,017
,,1,-1.009,-1033,47,-1,2531,,,,,,,
,,1,-1.087,-1113,47,-1,2532,,,,,,,
,,1,-1.12,-1147,47,-1,2533,,,,,,,
,,1,-1.028,-1053,47,-1,2534,,,,,,,
,,1,-1.017,-1041,47,-1,2535,,,,,,,
,,1,-1.197,-1226,47,-1,2536,,,,,,,
,,1,-1.083,-1109,47,-1,2537,,,,,,,
,,1,-0.999,-1023,47,-1,2538,,,,,,,
,,1,-0.84,-860,47,-1,2539,,,,,,,
,,1,-0.679,-695,47,-1,2540,,,,,-57,09:41:30,230
,,1,-0.673,-689,47,-1,2541,,,,,,,
,,1,-0.778,-797,47,-1,2542,,,,,,,
,,1,-0.828,-848,47,-1,2543,,,,,,,
,,1,-0.866,-887,47,-1,2544,,,,,,,
,,1,-0.827,-847,47,-1,2545,,,,,,,
,,1,-0.763,-781,47,-1,2546,,,,,,,
,,1,-0.73,-748,47,-1,2547,,,,,,,
,,1,-0.706,-723,47,-1,2548,,,,,,,
,,1,-0.606,-621,47,-1,2549,,,,,,,
,,1,-0.513,-525,47,-1,2550,,,,,-55,09:41:30,426
,,1,-0.485,-497,47,-1,2551,,,,,,,
,,1,-0.489,-501,47,-1,2552,,,,,,,
,,1,-0.444,-455,47,-1,2553,,,,,,,
,,1,-0.4,-410,47,-1,2554,,,,,,,
,,1,-0.317,-325,47,-1,2555,,,,,,,
,,1,-0.252,-258,47,-1,2556,,,,,,,
,,1,-0.212,-217,47,-1,2557,,,,,,,
,,1,-0.122,-125,47,-1,2558,,,,,,,
,,1,-0.117,-120,47,-1,2559,,,,,,,
,,1,-0.063,-64,47,-1,2560,,,,,-55,09:41:30,622
,,1,0.056,57,47,-1,2561,,,,,,,
,,1,0.029,30,47,-1,2562,,,,,,,
,,1,0.088,90,47,-1,2563,,,,,,,
,,1,0.166,170,47,-1,2564,,,,,,,
,,1,0.191,196,47,-1,2565,,,,,,,
,,1,0.236,242,47,-1,2566,,,,,,,
,,1,0.366,375,47,-1,2567,,,,,,,
,,1,0.357,366,47,-1,2568,,,,,,,
,,1,0.381,390,47,-1,2569,,,,,,,
52.3549279,4.8056211,1,0.411,421,47,-1,2570,76,0,5,43,-55,09:41:30,818
,,1,0.471,482,47,-1,2571,,,,,,,
,,7,0.503,515,48,500,2572,,,,,,,
,,1,0.534,547,48,-1,2573,,,,,,,
,,1,0.531,544,48,-1,2574,,,,,,,
,,1,0.6,614,48,-1,2575,,,,,,,
,,1,0.778,797,48,-1,2576,,,,,,,
,,1,0.858,879,48,-1,2577,,,,,,,
,,1,0.772,791,48,-1,2578,,,,,,,
,,1,0.737,755,48,-1,2579,,,,,,,
,,1,0.887,908,48,-1,2580,,,,,-55,09:41:31,027
,,1,0.883,904,48,-1,2581,,,,,,,
,,1,0.833,853,48,-1,2582,,,,,,,
,,1,0.79,809,48,-1,2583,,,,,,,
,,1,0.76,778,48,-1,2584,,,,,,,
,,1,0.813,833,48,-1,2585,,,,,,,
,,1,0.837,857,48,-1,2586,,,,,,,
,,1,0.849,869,48,-1,2587,,,,,,,
,,1,0.834,854,48,-1,2588,,,,,,,
,,1,0.858,879,48,-1,2589,,,,,,,
,,1,0.921,943,48,-1,2590,,,,,-55,09:41:31,219
,,1,0.854,875,48,-1,2591,,,,,,,
,,1,0.876,897,48,-1,2592,,,,,,,
,,1,1.0,1024,48,-1,2593,,,,,,,
,,1,1.01,1034,48,-1,2594,,,,,,,
,,1,0.865,886,48,-1,2595,,,,,,,
,,1,0.896,917,48,-1,2596,,,,,,,
,,1,1.006,1030,48,-1,2597,,,,,,,
,,1,0.98,1004,48,-1,2598,,,,,,,
,,1,0.9,922,48,-1,2599,,,,,,,
,,1,0.944,967,48,-1,2600,,,,,-55,09:41:31,412
,,1,1.009,1033,48,-1,2601,,,,,,,
,,1,0.964,987,48,-1,2602,,,,,,,
,,1,0.938,961,48,-1,2603,,,,,,,
,,1,0.972,995,48,-1,2604,,,,,,,
,,1,0.973,996,48,-1,2605,,,,,,,
,,1,0.946,969,48,-1,2606,,,,,,,
,,1,0.95,973,48,-1,2607,,,,,,,
,,1,0.985,1009,48,-1,2608,,,,,,,
,,1,0.963,986,48,-1,2609,,,,,,,
,,1,0.947,970,48,-1,2610,,,,,-55,09:41:31,624
,,1,0.968,991,48,-1,2611,,,,,,,
,,1,0.986,1010,48,-1,2612,,,,,,,
,,1,0.956,979,48,-1,2613,,,,,,,
,,1,0.946,969,48,-1,2614,,,,,,,
,,1,0.982,1006,48,-1,2615,,,,,,,
,,1,0.972,995,48,-1,2616,,,,,,,
,,1,0.943,966,48,-1,2617,,,,,,,
,,1,0.957,980,48,-1,2618,,,,,,,
,,1,0.979,1002,48,-1,2619,,,,,,,
52.3549281,4.8056236,1,0.961,984,48,-1,2620,83,0,5,43,-55,09:41:31,883
,,1,0.946,969,48,-1,2621,,,,,,,
,,1,0.963,986,48,-1,2622,,,,,,,
,,1,0.971,994,48,-1,2623,,,,,,,
,,1,0.956,979,48,-1,2624,,,,,,,
,,1,0.964,987,48,-1,2625,,,,,,,
,,1,0.945,968,48,-1,2626,,,,,,,
,,1,0.946,969,48,-1,2627,,,,,,,
,,1,0.943,966,48,-1,2628,,,,,,,
,,1,0.991,1015,48,-1,2629,,,,,,,
,,1,1.101,1127,48,-1,2630,,,,,-55,09:41:32,075
,,1,0.866,887,48,-1,2631,,,,,,,
,,1,0.807,826,48,-1,2632,,,,,,,
,,1,0.982,1006,48,-1,2633,,,,,,,
,,1,0.967,990,48,-1,2634,,,,,,,
,,1,0.876,897,48,-1,2635,,,,,,,
,,1,0.892,913,48,-1,2636,,,,,,,
,,1,0.894,915,48,-1,2637,,,,,,,
,,1,0.841,861,48,-1,2638,,,,,,,
,,1,0.861,882,48,-1,2639,,,,,,,
52.3549281,4.8056236,1,0.878,899,48,-1,2640,83,0,5,43,-49,09:41:32,289
,,1,0.795,814,48,-1,2641,,,,,,,
,,1,0.743,761,48,-1,2642,,,,,,,
,,1,0.767,785,48,-1,2643,,,,,,,
,,1,0.745,763,48,-1,2644,,,,,,,
,,1,0.664,680,48,-1,2645,,,,,,,
,,1,0.625,640,48,-1,2646,,,,,,,
,,1,0.598,612,48,-1,2647,,,,,,,
,,5,0.845,865,48,0,2648,,,,,,,
,,3,0.575,589,48,0,2649,,,,,,,
,,3,0.062,63,48,0,2650,,,,,-49,09:41:32,479
,,3,0.365,374,48,0,2651,,,,,,,
,,3,-0.288,-295,48,0,2652,,,,,,,
,,3,1.136,1163,48,0,2653,,,,,,,
,,3,2.725,2790,48,0,2654,,,,,,,
,,3,3.797,3888,48,0,2655,,,,,,,
,,3,1.66,1700,48,0,2656,,,,,,,
,,3,7.136,7307,48,0,2657,,,,,,,
,,3,-6.498,-6654,48,0,2658,,,,,,,
,,3,-4.543,-4652,48,0,2659,,,,,,,
52.3549293,4.8056273,3,5.021,5142,48,0,2660,96,0,5,43,-49,09:41:32,672
,,3,-4.835,-4951,49,0,2661,,,,,,,
,,3,-7.176,-7348,49,0,2662,,,,,,,
,,3,0.154,158,49,0,2663,,,,,,,
,,3,2.306,2361,49,0,2664,,,,,,,
,,3,-6.591,-6749,49,0,2665,,,,,,,
,,3,0.215,220,49,0,2666,,,,,,,
,,3,1.537,1574,49,0,2667,,,,,,,
,,3,-3.73,-3820,49,0,2668,,,,,,,
,,3,-1.485,-1521,49,0,2669,,,,,,,
,,3,1.711,1752,49,0,2670,,,,,-49,09:41:32,884
,,3,-0.432,-442,49,0,2671,,,,,,,
,,3,-1.218,-1247,49,0,2672,,,,,,,
,,3,1.475,1510,49,0,2673,,,,,,,
,,3,0.418,428,49,0,2674,,,,,,,
,,3,-0.995,-1019,49,0,2675,,,,,,,
,,3,0.453,464,49,0,2676,,,,,,,
,,3,0.813,833,49,0,2677,,,,,,,
,,3,-1.194,-1223,49,0,2678,,,,,,,
,,3,-0.204,-209,49,0,2679,,,,,,,
,,3,0.893,914,49,0,2680,,,,,-49,09:41:33,078
,,3,-0.46,-471,49,0,2681,,,,,,,
,,3,-0.299,-306,49,0,2682,,,,,,,
,,3,0.836,856,49,0,2683,,,,,,,
,,3,0.486,498,49,0,2684,,,,,,,
,,3,-0.077,-79,49,0,2685,,,,,,,
,,3,0.307,314,49,0,2686,,,,,,,
,,3,0.614,629,49,0,2687,,,,,,,
,,3,-0.138,-141,49,0,2688,,,,,,,
,,3,0.079,81,49,0,2689,,,,,,,
,,3,0.35,358,49,0,2690,,,,,-49,09:41:33,276
,,3,0.021,22,49,0,2691,,,,,,,
,,3,-0.168,-172,49,0,2692,,,,,,,
,,3,0.204,209,49,0,2693,,,,,,,
,,3,0.245,251,49,0,2694,,,,,,,
,,3,0.018,18,49,0,2695,,,,,,,
,,3,0.105,108,49,0,2696,,,,,,,
,,3,0.362,371,49,0,2697,,,,,,,
,,3,0.074,76,49,0,2698,,,,,,,
,,3,-0.031,-32,49,0,2699,,,,,,,
,,3,0.197,202,49,0,2700,,,,,-49,09:41:33,486
,,3,0.188,193,49,0,2701,,,,,,,
,,3,0.015,15,49,0,2702,,,,,,,
,,3,0.165,169,49,0,2703,,,,,,,
,,3,0.286,293,49,0,2704,,,,,,,
,,3,0.074,76,49,0,2705,,,,,,,
,,3,0.022,23,49,0,2706,,,,,,,
,,3,0.218,223,49,0,2707,,,,,,,
,,3,0.16,164,49,0,2708,,,,,,,
,,3,0.036,37,49,0,2709,,,,,,,
,,3,0.163,167,49,0,2710,,,,,-49,09:41:33,679
,,3,0.224,229,49,0,2711,,,,,,,
,,3,0.083,85,49,0,2712,,,,,,,
,,3,0.076,78,49,0,2713,,,,,,,
,,3,0.191,196,49,0,2714,,,,,,,
,,3,0.152,156,49,0,2715,,,,,,,
,,3,0.064,66,49,0,2716,,,,,,,
,,3,0.142,145,49,0,2717,,,,,,,
,,3,0.199,204,49,0,2718,,,,,,,
,,3,0.1,102,49,0,2719,,,,,,,
52.3549307,4.8056329,3,0.106,109,49,0,2720,104,0,5,43,-56,09:41:33,872
,,3,0.17,174,49,0,2721,,,,,,,
,,3,0.156,160,49,0,2722,,,,,,,
,,3,0.061,62,49,0,2723,,,,,,,
,,3,0.144,147,49,0,2724,,,,,,,
,,3,0.183,187,49,0,2725,,,,,,,
,,3,0.105,108,49,0,2726,,,,,,,
,,3,0.119,122,49,0,2727,,,,,,,
,,3,0.167,171,49,0,2728,,,,,,,
,,3,0.153,157,49,0,2729,,,,,,,
,,3,0.07,72,49,0,2730,,,,,-56,09:41:34,083
,,3,0.163,167,49,0,2731,,,,,,,
,,3,0.176,180,49,0,2732,,,,,,,
,,3,0.128,131,49,0,2733,,,,,,,
,,3,0.109,112,49,0,2734,,,,,,,
,,3,0.193,198,49,0,2735,,,,,,,
,,3,0.125,128,49,0,2736,,,,,,,
,,3,0.105,108,49,0,2737,,,,,,,
,,3,0.082,84,49,0,2738,,,,,,,
,,3,0.198,203,49,0,2739,,,,,,,
,,3,0.033,34,49,0,2740,,,,,-56,09:41:34,282
,,3,0.053,54,49,0,2741,,,,,,,
,,3,0.129,132,49,0,2742,,,,,,,
,,3,0.107,110,49,0,2743,,,,,,,
,,3,-0.001,-1,49,0,2744,,,,,,,
,,3,0.011,11,49,0,2745,,,,,,,
,,3,0.079,81,49,0,2746,,,,,,,
,,3,0.076,78,49,0,2747,,,,,,,
,,3,0.117,120,49,0,2748,,,,,,,
,,3,0.207,212,49,0,2749,,,,,,,
,,3,0.149,153,49,0,2750,,,,,-56,09:41:34,474
,,3,0.034,35,49,0,2751,,,,,,,
,,3,0.057,58,49,0,2752,,,,,,,
,,3,0.021,21,49,0,2753,,,,,,,
,,3,0.108,111,49,0,2754,,,,,,,
,,3,0.143,146,49,0,2755,,,,,,,
,,3,0.556,569,49,0,2756,,,,,,,
,,3,0.518,530,49,0,2757,,,,,,,
,,3,0.142,145,49,0,2758,,,,,,,
,,3,0.228,233,49,0,2759,,,,,,,
52.354932,4.8056411,3,-0.027,-28,49,0,2760,111,1,5,43,-56,09:41:34,685
,,3,-0.548,-561,49,0,2761,,,,,,,
,,3,0.411,421,49,0,2762,,,,,,,
,,3,2.313,2368,49,0,2763,,,,,,,
,,3,-0.664,-680,49,0,2764,,,,,,,
,,3,-0.878,-899,49,0,2765,,,,,,,
,,3,1.15,1178,49,0,2766,,,,,,,
,,3,0.523,536,49,0,2767,,,,,,,
,,3,-0.677,-693,49,0,2768,,,,,,,
,,3,0.313,320,49,0,2769,,,,,,,
,,3,0.422,432,49,0,2770,,,,,-56,09:41:34,876
,,3,-0.399,-409,49,0,2771,,,,,,,
,,3,0.053,54,49,0,2772,,,,,,,
,,3,0.37,379,49,0,2773,,,,,,,
,,3,0.045,46,49,0,2774,,,,,,,
,,3,0.063,64,49,0,2775,,,,,,,
,,3,0.079,81,49,0,2776,,,,,,,
,,3,0.112,115,49,0,2777,,,,,,,
,,3,0.132,135,49,0,2778,,,,,,,
,,3,1.258,1288,49,0,2779,,,,,,,
52.354932,4.8056411,3,2.957,3028,50,0,2780,111,1,5,43,-56,09:41:35,073
,,3,3.14,3215,50,0,2781,,,,,,,
,,3,-1.743,-1785,50,0,2782,,,,,,,
,,3,-0.395,-404,50,0,2783,,,,,,,
,,3,-2.694,-2759,50,0,2784,,,,,,,
,,7,0.936,958,51,403,2785,,,,,,,
,,1,2.383,2440,51,-1,2786,,,,,,,
,,7,-0.025,-26,52,763,2787,,,,,,,
,,1,2.295,2350,52,-1,2788,,,,,,,
,,1,0.979,1002,52,-1,2789,,,,,,,
,,1,-0.604,-618,52,-1,2790,,,,,-56,09:41:35,283
,,1,0.659,675,52,-1,2791,,,,,,,
,,1,0.521,534,52,-1,2792,,,,,,,
,,1,1.706,1747,52,-1,2793,,,,,,,
,,1,1.78,1823,52,-1,2794,,,,,,,
,,1,-0.287,-294,52,-1,2795,,,,,,,
,,1,0.667,683,52,-1,2796,,,,,,,
,,1,1.218,1247,52,-1,2797,,,,,,,
,,1,0.801,820,52,-1,2798,,,,,,,
,,1,0.903,925,52,-1,2799,,,,,,,
,,1,0.445,456,52,-1,2800,,,,,-56,09:41:35,493
,,1,0.592,606,52,-1,2801,,,,,,,
,,1,1.138,1165,52,-1,2802,,,,,,,
,,1,0.967,990,52,-1,2803,,,,,,,
,,1,0.772,791,52,-1,2804,,,,,,,
,,1,0.984,1008,52,-1,2805,,,,,,,
,,1,0.832,852,52,-1,2806,,,,,,,
,,1,0.94,963,52,-1,2807,,,,,,,
,,1,1.069,1095,52,-1,2808,,,,,,,
,,1,0.911,933,52,-1,2809,,,,,,,
,,1,0.868,889,52,-1,2810,,,,,-55,09:41:35,680
,,1,0.905,927,52,-1,2811,,,,,,,
,,1,0.957,980,52,-1,2812,,,,,,,
,,1,0.942,965,52,-1,2813,,,,,,,
,,1,0.921,943,52,-1,2814,,,,,,,
,,1,0.986,1010,52,-1,2815,,,,,,,
,,1,0.956,979,52,-1,2816,,,,,,,
,,1,0.954,977,52,-1,2817,,,,,,,
,,1,1.025,1050,52,-1,2818,,,,,,,
,,1,0.96,983,52,-1,2819,,,,,,,
52.3549326,4.8056527,1,0.914,936,52,-1,2820,110,2,5,43,-55,09:41:35,888
,,1,0.958,981,52,-1,2821,,,,,,,
,,1,1.02,1044,52,-1,2822,,,,,,,
,,1,0.95,973,52,-1,2823,,,,,,,
,,1,0.907,929,52,-1,2824,,,,,,,
,,1,0.926,948,52,-1,2825,,,,,,,
,,1,0.871,892,52,-1,2826,,,,,,,
,,1,0.888,909,52,-1,2827,,,,,,,
,,1,1.022,1047,52,-1,2828,,,,,,,
,,1,0.91,932,52,-1,2829,,,,,,,
,,1,0.888,909,52,-1,2830,,,,,-55,09:41:36,079
,,1,1.031,1056,52,-1,2831,,,,,,,
,,1,0.93,952,52,-1,2832,,,,,,,
,,1,0.812,831,52,-1,2833,,,,,,,
,,1,0.999,1023,52,-1,2834,,,,,,,
,,1,0.989,1013,52,-1,2835,,,,,,,
,,1,0.863,884,52,-1,2836,,,,,,,
,,1,0.912,934,52,-1,2837,,,,,,,
,,1,0.962,985,52,-1,2838,,,,,,,
,,1,0.938,960,52,-1,2839,,,,,,,
,,1,0.908,930,52,-1,2840,,,,,-55,09:41:36,273
,,1,0.885,906,52,-1,2841,,,,,,,
,,1,0.927,949,52,-1,2842,,,,,,,
,,1,0.906,928,52,-1,2843,,,,,,,
,,1,0.931,953,52,-1,2844,,,,,,,
,,1,0.931,953,52,-1,2845,,,,,,,
,,1,0.887,908,52,-1,2846,,,,,,,
,,1,0.943,966,52,-1,2847,,,,,,,
,,1,0.981,1005,52,-1,2848,,,,,,,
,,1,0.896,917,52,-1,2849,,,,,,,
,,1,0.854,874,52,-1,2850,,,,,-55,09:41:36,486
,,1,1.032,1057,52,-1,2851,,,,,,,
,,1,0.769,787,52,-1,2852,,,,,,,
,,1,0.888,909,52,-1,2853,,,,,,,
,,1,1.013,1037,52,-1,2854,,,,,,,
,,1,0.898,920,52,-1,2855,,,,,,,
,,1,0.829,849,52,-1,2856,,,,,,,
,,1,0.956,979,52,-1,2857,,,,,,,
,,1,0.964,987,52,-1,2858,,,,,,,
,,1,0.869,890,52,-1,2859,,,,,,,
52.3549326,4.8056527,1,0.889,910,52,-1,2860,110,2,5,43,-55,09:41:36,679
,,1,0.958,981,52,-1,2861,,,,,,,
,,1,0.933,955,52,-1,2862,,,,,,,
,,5,0.9,922,52,0,2863,,,,,,,
,,3,0.912,934,52,0,2864,,,,,,,
,,3,0.935,957,52,0,2865,,,,,,,
,,3,0.935,957,52,0,2866,,,,,,,
,,3,0.922,944,52,0,2867,,,,,,,
,,3,0.925,947,52,0,2868,,,,,,,
,,3,0.906,928,52,0,2869,,,,,,,
52.3549322,4.8056677,3,0.921,943,52,0,2870,98,2,5,43,-55,09:41:36,884
,,3,0.945,968,52,0,2871,,,,,,,
,,3,0.942,965,52,0,2872,,,,,,,
,,3,0.909,931,52,0,2873,,,,,,,
,,3,0.913,935,52,0,2874,,,,,,,
,,3,0.949,972,52,0,2875,,,,,,,
,,3,0.942,965,52,0,2876,,,,,,,
,,3,0.914,936,52,0,2877,,,,,,,
,,3,0.927,949,52,0,2878,,,,,,,
,,3,0.938,960,52,0,2879,,,,,,,
,,3,0.934,956,52,0,2880,,,,,-55,09:41:37,091
,,3,0.936,958,52,0,2881,,,,,,,
,,3,0.932,954,52,0,2882,,,,,,,
,,3,0.934,956,52,0,2883,,,,,,,
,,3,0.932,954,52,0,2884,,,,,,,
,,3,0.942,965,52,0,2885,,,,,,,
,,3,0.942,965,52,0,2886,,,,,,,
,,3,0.933,955,52,0,2887,,,,,,,
,,3,0.941,964,52,0,2888,,,,,,,
,,3,0.992,1016,52,0,2889,,,,,,,
,,3,0.978,1001,52,0,2890,,,,,-56,09:41:37,277
,,3,0.935,957,52,0,2891,,,,,,,
,,3,0.96,983,52,0,2892,,,,,,,
,,3,1.009,1033,52,0,2893,,,,,,,
,,3,1.015,1039,52,0,2894,,,,,,,
,,3,0.981,1005,52,0,2895,,,,,,,
,,3,1.041,1066,52,0,2896,,,,,,,
,,3,1.033,1058,52,0,2897,,,,,,,
,,3,1.002,1026,52,0,2898,,,,,,,
,,3,1.092,1118,52,0,2899,,,,,,,
,,3,1.097,1123,52,0,2900,,,,,-56,09:41:37,474
,,3,1.084,1110,52,0,2901,,,,,,,
,,3,1.134,1161,52,0,2902,,,,,,,
,,3,1.14,1167,52,0,2903,,,,,,,
,,3,1.15,1178,52,0,2904,,,,,,,
,,3,1.181,1209,52,0,2905,,,,,,,
,,3,1.142,1169,52,0,2906,,,,,,,
,,3,1.063,1089,52,0,2907,,,,,,,
,,3,1.014,1038,52,0,2908,,,,,,,
,,3,1.026,1051,52,0,2909,,,,,,,
52.3549387,4.8056802,3,0.966,989,52,0,2910,49,3,5,42,-56,09:41:37,690
,,3,0.948,971,52,0,2911,,,,,,,
,,3,0.939,962,52,0,2912,,,,,,,
,,3,1.014,1038,52,0,2913,,,,,,,
,,3,1.128,1155,52,0,2914,,,,,,,
,,3,1.194,1223,52,0,2915,,,,,,,
,,3,1.027,1052,52,0,2916,,,,,,,
,,3,1.082,1108,52,0,2917,,,,,,,
,,3,1.113,1140,52,0,2918,,,,,,,
,,3,0.954,977,52,0,2919,,,,,,,
,,3,0.846,866,52,0,2920,,,,,-56,09:41:37,878
,,3,0.645,660,52,0,2921,,,,,,,
,,3,0.67,686,52,0,2922,,,,,,,
,,3,0.725,742,52,0,2923,,,,,,,
,,3,0.683,699,52,0,2924,,,,,,,
,,3,0.779,798,52,0,2925,,,,,,,
,,3,0.765,783,52,0,2926,,,,,,,
,,3,0.765,783,52,0,2927,,,,,,,
,,3,0.615,630,52,0,2928,,,,,,,
,,3,0.591,605,52,0,2929,,,,,,,
,,3,0.468,479,52,0,2930,,,,,-56,09:41:38,090
,,3,0.478,489,52,0,2931,,,,,,,
,,3,0.217,222,52,0,2932,,,,,,,
,,3,0.306,313,52,0,2933,,,,,,,
,,3,0.474,485,52,0,2934,,,,,,,
,,3,-0.047,-48,52,0,2935,,,,,,,
,,3,-0.417,-427,52,0,2936,,,,,,,
,,3,-0.129,-132,52,0,2937,,,,,,,
,,3,-0.145,-148,52,0,2938,,,,,,,
,,3,-0.494,-506,52,0,2939,,,,,,,
,,3,-0.089,-91,52,0,2940,,,,,-56,09:41:38,285
,,3,-0.593,-607,52,0,2941,,,,,,,
,,3,-1.249,-1279,52,0,2942,,,,,,,
,,3,-1.256,-1286,53,0,2943,,,,,,,
,,3,-0.168,-172,53,0,2944,,,,,,,
,,3,-0.057,-58,53,0,2945,,,,,,,
,,3,-1.074,-1100,53,0,2946,,,,,,,
,,3,-1.427,-1461,53,0,2947,,,,,,,
,,3,-0.569,-583,53,0,2948,,,,,,,
,,3,-0.245,-251,53,0,2949,,,,,,,
,,3,-0.594,-608,53,0,2950,,,,,-56,09:41:38,486
,,3,-1.069,-1095,53,0,2951,,,,,,,
,,3,-1.542,-1579,53,0,2952,,,,,,,
,,3,-2.063,-2113,53,0,2953,,,,,,,
,,3,-1.106,-1133,53,0,2954,,,,,,,
,,3,-0.578,-592,53,0,2955,,,,,,,
,,3,-0.287,-294,53,0,2956,,,,,,,
,,3,-0.531,-544,53,0,2957,,,,,,,
,,3,-1.223,-1252,53,0,2958,,,,,,,
,,3,-1.238,-1268,53,0,2959,,,,,,,
52.3549457,4.8056867,3,-0.143,-146,53,0,2960,33,3,5,42,-56,09:41:38,674
,,3,-0.631,-646,53,0,2961,,,,,,,
,,3,-0.262,-268,53,0,2962,,,,,,,
,,3,-0.057,-58,53,0,2963,,,,,,,
,,3,-0.509,-521,53,0,2964,,,,,,,
,,3,-0.032,-33,53,0,2965,,,,,,,
,,3,0.214,219,53,0,2966,,,,,,,
,,3,-0.383,-392,53,0,2967,,,,,,,
,,3,0.239,245,53,0,2968,,,,,,,
,,3,0.449,460,53,0,2969,,,,,,,
,,3,0.488,500,53,0,2970,,,,,-56,09:41:38,883
,,3,0.847,867,53,0,2971,,,,,,,
,,7,0.078,80,54,270,2972,,,,,,,
,,1,-0.002,-2,54,-1,2973,,,,,,,
,,1,0.445,456,54,-1,2974,,,,,,,
,,1,0.924,946,54,-1,2975,,,,,,,
,,1,1.167,1195,54,-1,2976,,,,,,,
,,1,0.576,590,54,-1,2977,,,,,,,
,,1,0.191,196,54,-1,2978,,,,,,,
,,1,1.548,1585,54,-1,2979,,,,,,,
,,1,1.516,1552,54,-1,2980,,,,,-55,09:41:39,078
,,1,0.843,863,54,-1,2981,,,,,,,
,,1,0.442,453,54,-1,2982,,,,,,,
,,1,0.957,980,54,-1,2983,,,,,,,
,,1,1.169,1197,54,-1,2984,,,,,,,
,,1,0.797,816,54,-1,2985,,,,,,,
,,1,0.598,612,54,-1,2986,,,,,,,
,,1,0.705,722,54,-1,2987,,,,,,,
,,1,0.918,940,54,-1,2988,,,,,,,
,,1,1.407,1441,54,-1,2989,,,,,,,
,,1,1.364,1397,54,-1,2990,,,,,-55,09:41:39,277
,,1,0.618,633,54,-1,2991,,,,,,,
,,1,0.585,599,54,-1,2992,,,,,,,
,,1,0.479,491,54,-1,2993,,,,,,,
,,1,0.491,503,54,-1,2994,,,,,,,
,,1,0.863,884,54,-1,2995,,,,,,,
,,1,0.549,562,54,-1,2996,,,,,,,
,,1,-0.418,-428,54,-1,2997,,,,,,,
,,1,0.356,365,54,-1,2998,,,,,,,
,,1,0.592,606,54,-1,2999,,,,,,,
,,1,-0.281,-288,54,-1,3000,,,,,-55,09:41:39,483
,,1,-0.502,-514,54,-1,3001,,,,,,,
,,1,-0.549,-562,54,-1,3002,,,,,,,
,,1,-0.028,-29,54,-1,3003,,,,,,,
,,1,0.062,63,54,-1,3004,,,,,,,
,,1,0.44,451,54,-1,3005,,,,,,,
,,1,0.266,272,54,-1,3006,,,,,,,
,,1,-0.02,-20,54,-1,3007,,,,,,,
,,1,-1.324,-1356,54,-1,3008,,,,,,,
,,7,-1.602,-1640,55,398,3009,,,,,,,
52.3549611,4.8057015,1,-1.233,-1263,55,-1,3010,27,4,5,42,-55,09:41:39,678
,,1,-1.539,-1576,55,-1,3011,,,,,,,
,,1,0.017,17,55,-1,3012,,,,,,,
,,1,1.209,1238,55,-1,3013,,,,,,,
,,1,-1.078,-1104,55,-1,3014,,,,,,,
,,1,-2.899,-2969,55,-1,3015,,,,,,,
,,1,-2.043,-2092,55,-1,3016,,,,,,,
,,1,-0.061,-62,55,-1,3017,,,,,,,
,,1,-1.644,-1683,55,-1,3018,,,,,,,
,,1,-1.892,-1937,55,-1,3019,,,,,,,
,,1,0.824,844,55,-1,3020,,,,,-55,09:41:39,876
,,1,-1.186,-1214,55,-1,3021,,,,,,,
,,1,-2.518,-2578,55,-1,3022,,,,,,,
,,1,-0.573,-587,55,-1,3023,,,,,,,
,,1,0.162,166,55,-1,3024,,,,,,,
,,1,-0.963,-986,55,-1,3025,,,,,,,
,,1,-0.509,-521,55,-1,3026,,,,,,,
,,1,-0.451,-462,55,-1,3027,,,,,,,
,,1,-1.413,-1447,55,-1,3028,,,,,,,
,,1,-0.616,-631,55,-1,3029,,,,,,,
,,1,-0.049,-50,55,-1,3030,,,,,-55,09:41:40,083
,,1,-0.617,-632,55,-1,3031,,,,,,,
,,1,-0.023,-24,55,-1,3032,,,,,,,
,,1,-0.18,-184,55,-1,3033,,,,,,,
,,1,-0.195,-200,55,-1,3034,,,,,,,
,,1,0.193,198,55,-1,3035,,,,,,,
,,1,-0.14,-143,55,-1,3036,,,,,,,
,,1,-0.082,-84,55,-1,3037,,,,,,,
,,1,0.453,464,55,-1,3038,,,,,,,
,,1,-0.074,-76,55,-1,3039,,,,,,,
52.3549611,4.8057015,1,0.56,573,55,-1,3040,27,4,5,42,-55,09:41:40,281
,,1,0.258,264,55,-1,3041,,,,,,,
,,1,0.206,211,55,-1,3042,,,,,,,
,,1,0.666,682,55,-1,3043,,,,,,,
,,7,0.886,907,56,724,3044,,,,,,,
,,1,0.808,827,56,-1,3045,,,,,,,
,,1,0.909,931,56,-1,3046,,,,,,,
,,1,0.672,688,56,-1,3047,,,,,,,
,,1,0.211,216,56,-1,3048,,,,,,,
,,1,0.512,524,56,-1,3049,,,,,,,
,,1,1.256,1286,56,-1,3050,,,,,-55,09:41:40,487
,,1,1.519,1555,56,-1,3051,,,,,,,
,,1,1.124,1151,56,-1,3052,,,,,,,
,,1,0.879,900,56,-1,3053,,,,,,,
,,1,1.185,1213,56,-1,3054,,,,,,,
,,1,1.279,1310,56,-1,3055,,,,,,,
,,1,1.12,1147,56,-1,3056,,,,,,,
,,1,0.79,809,56,-1,3057,,,,,,,
,,1,0.602,616,56,-1,3058,,,,,,,
,,1,0.609,624,56,-1,3059,,,,,,,
52.3549754,4.8057134,1,0.732,750,56,-1,3060,30,5,6,42,-55,09:41:40,681
,,1,0.702,719,56,-1,3061,,,,,,,
,,1,0.852,872,56,-1,3062,,,,,,,
,,1,1.16,1188,56,-1,3063,,,,,,,
,,1,0.38,389,56,-1,3064,,,,,,,
,,1,-0.388,-397,56,-1,3065,,,,,,,
,,1,0.277,284,56,-1,3066,,,,,,,
,,1,0.684,700,56,-1,3067,,,,,,,
,,1,0.102,104,56,-1,3068,,,,,,,
,,1,-0.517,-529,56,-1,3069,,,,,,,
,,1,-0.328,-336,56,-1,3070,,,,,-53,09:41:40,881
,,1,-0.072,-74,56,-1,3071,,,,,,,
,,1,0.225,230,56,-1,3072,,,,,,,
,,1,-0.209,-214,56,-1,3073,,,,,,,
,,1,-1.241,-1271,56,-1,3074,,,,,,,
,,7,-0.839,-859,57,724,3075,,,,,,,
,,1,-0.285,-292,57,-1,3076,,,,,,,
,,1,-0.219,-224,57,-1,3077,,,,,,,
,,1,-0.263,-269,57,-1,3078,,,,,,,
,,1,-0.646,-662,57,-1,3079,,,,,,,
,,1,-1.673,-1713,57,-1,3080,,,,,-53,09:41:41,081
,,1,-1.879,-1924,57,-1,3081,,,,,,,
,,1,-0.456,-467,57,-1,3082,,,,,,,
,,1,0.318,326,57,-1,3083,,,,,,,
,,1,0.109,112,57,-1,3084,,,,,,,
,,1,-0.778,-797,57,-1,3085,,,,,,,
,,1,-2.635,-2698,57,-1,3086,,,,,,,
,,1,-2.437,-2495,57,-1,3087,,,,,,,
,,1,-0.199,-204,57,-1,3088,,,,,,,
,,1,-1.125,-1152,57,-1,3089,,,,,,,
,,1,-0.325,-333,57,-1,3090,,,,,-53,09:41:41,288
,,1,0.256,262,57,-1,3091,,,,,,,
,,1,-1.632,-1671,57,-1,3092,,,,,,,
,,1,0.135,138,57,-1,3093,,,,,,,
,,1,-1.371,-1404,57,-1,3094,,,,,,,
,,1,-1.763,-1805,57,-1,3095,,,,,,,
,,1,1.124,1151,57,-1,3096,,,,,,,
,,1,0.337,345,57,-1,3097,,,,,,,
,,1,-1.849,-1893,57,-1,3098,,,,,,,
,,1,0.397,407,57,-1,3099,,,,,,,
,,1,-0.297,-304,57,-1,3100,,,,,-53,09:41:41,487
,,1,-0.507,-519,57,-1,3101,,,,,,,
,,1,0.667,683,57,-1,3102,,,,,,,
,,1,-0.582,-596,57,-1,3103,,,,,,,
,,1,0.373,382,57,-1,3104,,,,,,,
,,1,0.163,167,57,-1,3105,,,,,,,
,,1,-0.105,-108,57,-1,3106,,,,,,,
,,1,1.118,1145,57,-1,3107,,,,,,,
,,1,-0.574,-588,57,-1,3108,,,,,,,
,,1,1.019,1043,57,-1,3109,,,,,,,
,,1,0.864,885,57,-1,3110,,,,,-53,09:41:41,684
,,7,0.646,661,58,751,3111,,,,,,,
,,1,0.931,953,58,-1,3112,,,,,,,
,,1,0.896,917,58,-1,3113,,,,,,,
,,1,0.572,586,58,-1,3114,,,,,,,
,,1,0.193,198,58,-1,3115,,,,,,,
,,1,0.756,774,58,-1,3116,,,,,,,
,,1,1.532,1569,58,-1,3117,,,,,,,
,,1,2.015,2063,58,-1,3118,,,,,,,
,,1,1.025,1050,58,-1,3119,,,,,,,
52.3549869,4.805728,1,0.438,448,58,-1,3120,45,5,6,42,-53,09:41:41,888
,,1,0.427,437,58,-1,3121,,,,,,,
,,1,0.829,849,58,-1,3122,,,,,,,
,,1,1.281,1312,58,-1,3123,,,,,,,
,,1,0.587,601,58,-1,3124,,,,,,,
,,1,0.088,90,58,-1,3125,,,,,,,
,,1,1.174,1202,58,-1,3126,,,,,,,
,,1,1.156,1184,58,-1,3127,,,,,,,
,,1,0.892,913,58,-1,3128,,,,,,,
,,1,0.472,483,58,-1,3129,,,,,,,
,,1,0.648,664,58,-1,3130,,,,,-53,09:41:42,083
,,1,0.714,731,58,-1,3131,,,,,,,
,,1,0.064,66,58,-1,3132,,,,,,,
,,1,-0.023,-24,58,-1,3133,,,,,,,
,,1,0.075,77,58,-1,3134,,,,,,,
,,1,-0.057,-58,58,-1,3135,,,,,,,
,,1,-0.139,-142,58,-1,3136,,,,,,,
,,1,0.278,285,58,-1,3137,,,,,,,
,,1,-0.087,-89,58,-1,3138,,,,,,,
,,1,-1.131,-1158,58,-1,3139,,,,,,,
,,7,-1.072,-1098,59,757,3140,,,,,-53,09:41:42,282
,,1,0.155,159,59,-1,3141,,,,,,,
,,1,0.021,22,59,-1,3142,,,,,,,
,,1,-1.085,-1111,59,-1,3143,,,,,,,
,,1,-1.251,-1281,59,-1,3144,,,,,,,
,,1,-0.997,-1021,59,-1,3145,,,,,,,
,,1,-0.802,-821,59,-1,3146,,,,,,,
,,1,-1.261,-1291,59,-1,3147,,,,,,,
,,1,-1.171,-1199,59,-1,3148,,,,,,,
,,1,-1.2,-1229,59,-1,3149,,,,,,,
,,1,-1.083,-1109,59,-1,3150,,,,,-53,09:41:42,486
,,1,-0.964,-987,59,-1,3151,,,,,,,
,,1,-0.683,-699,59,-1,3152,,,,,,,
,,1,-0.657,-673,59,-1,3153,,,,,,,
,,1,-0.72,-737,59,-1,3154,,,,,,,
,,1,-0.528,-541,59,-1,3155,,,,,,,
,,1,-1.057,-1082,59,-1,3156,,,,,,,
,,1,-1.249,-1279,59,-1,3157,,,,,,,
,,1,-0.798,-817,59,-1,3158,,,,,,,
,,1,-0.403,-413,59,-1,3159,,,,,,,
52.3549902,4.8057476,1,-0.728,-745,59,-1,3160,56,5,7,42,-55,09:41:42,676
,,1,-0.963,-986,59,-1,3161,,,,,,,
,,1,-0.589,-603,59,-1,3162,,,,,,,
,,1,-0.292,-299,59,-1,3163,,,,,,,
,,1,-0.137,-140,59,-1,3164,,,,,,,
,,1,0.011,11,59,-1,3165,,,,,,,
,,1,-0.236,-242,59,-1,3166,,,,,,,
,,1,-0.189,-194,59,-1,3167,,,,,,,
,,1,0.029,30,59,-1,3168,,,,,,,
,,1,-0.057,-58,59,-1,3169,,,,,,,
,,1,0.062,63,59,-1,3170,,,,,,09:41:42,875
,,1,0.353,361,59,-1,3171,,,,,,,
,,1,0.321,329,59,-1,3172,,,,,,,
,,1,0.021,21,59,-1,3173,,,,,,,
,,1,0.53,543,59,-1,3174,,,,,,,
,,1,0.385,394,59,-1,3175,,,,,,,
,,1,0.733,751,59,-1,3176,,,,,,,
,,7,1.203,1232,60,763,3177,,,,,,,
,,1,0.94,963,60,-1,3178,,,,,,,
,,1,0.388,397,60,-1,3179,,,,,,,
,,1,0.569,583,60,-1,3180,,,,,,09:41:43,084
,,1,1.005,1029,60,-1,3181,,,,,,,
,,1,0.861,882,60,-1,3182,,,,,,,
,,1,0.72,737,60,-1,3183,,,,,,,
,,1,1.07,1096,60,-1,3184,,,,,,,
,,1,1.244,1274,60,-1,3185,,,,,,,
,,1,1.006,1030,60,-1,3186,,,,,,,
,,1,0.858,879,60,-1,3187,,,,,,,
,,1,0.924,946,60,-1,3188,,,,,,,
,,1,1.04,1065,60,-1,3189,,,,,,,
,,1,1.162,1190,60,-1,3190,,,,,,09:41:43,282
,,1,1.099,1125,60,-1,3191,,,,,,,
,,1,0.748,766,60,-1,3192,,,,,,,
,,1,0.709,726,60,-1,3193,,,,,,,
,,1,0.817,837,60,-1,3194,,,,,,,
,,1,1.096,1122,60,-1,3195,,,,,,,
,,1,0.839,859,60,-1,3196,,,,,,,
,,1,0.057,58,60,-1,3197,,,,,,,
,,1,0.53,543,60,-1,3198,,,,,,,
,,1,0.733,751,60,-1,3199,,,,,,,
,,1,0.115,118,60,-1,3200,,,,,,09:41:43,475
,,1,0.186,190,60,-1,3201,,,,,,,
,,1,0.406,416,60,-1,3202,,,,,,,
,,1,0.323,331,60,-1,3203,,,,,,,
,,1,0.131,134,60,-1,3204,,,,,,,
,,1,0.145,148,60,-1,3205,,,,,,,
,,1,-0.078,-80,60,-1,3206,,,,,,,
,,1,-0.11,-113,60,-1,3207,,,,,,,
,,1,-0.048,-49,60,-1,3208,,,,,,,
,,1,-0.079,-81,60,-1,3209,,,,,,,
52.3549918,4.80577,1,-0.236,-242,60,-1,3210,61,5,7,42,,09:41:43,683
,,1,-0.238,-244,60,-1,3211,,,,,,,
,,1,-0.141,-144,60,-1,3212,,,,,,,
,,1,-0.257,-263,60,-1,3213,,,,,,,
,,1,-0.63,-645,60,-1,3214,,,,,,,
,,1,-0.778,-797,60,-1,3215,,,,,,,
,,7,-1.155,-1183,61,704,3216,,,,,,,
,,1,-1.26,-1290,61,-1,3217,,,,,,,
,,1,-0.971,-994,61,-1,3218,,,,,,,
,,1,-0.751,-769,61,-1,3219,,,,,,,
,,1,-0.541,-554,61,-1,3220,,,,,,09:41:43,881
,,1,-0.324,-332,61,-1,3221,,,,,,,
,,1,-0.752,-770,61,-1,3222,,,,,,,
,,1,-1.372,-1405,61,-1,3223,,,,,,,
,,1,-1.269,-1299,61,-1,3224,,,,,,,
,,1,-1.137,-1164,61,-1,3225,,,,,,,
,,1,-0.824,-844,61,-1,3226,,,,,,,
,,1,-0.678,-694,61,-1,3227,,,,,,,
,,1,-1.035,-1060,61,-1,3228,,,,,,,
,,1,-1.239,-1269,61,-1,3229,,,,,,,
,,1,-0.977,-1000,61,-1,3230,,,,,,09:41:44,076
,,1,-0.641,-656,61,-1,3231,,,,,,,
,,1,-0.267,-273,61,-1,3232,,,,,,,
,,1,-0.61,-625,61,-1,3233,,,,,,,
,,1,-1.099,-1125,61,-1,3234,,,,,,,
,,1,-0.902,-924,61,-1,3235,,,,,,,
,,1,-0.254,-260,61,-1,3236,,,,,,,
,,1,-0.227,-232,61,-1,3237,,,,,,,
,,1,-0.281,-288,61,-1,3238,,,,,,,
,,1,-0.099,-101,61,-1,3239,,,,,,,
,,1,0.021,22,61,-1,3240,,,,,,09:41:44,294
,,1,-0.243,-249,61,-1,3241,,,,,,,
,,1,0.445,456,61,-1,3242,,,,,,,
,,1,0.081,83,61,-1,3243,,,,,,,
,,1,-0.342,-350,61,-1,3244,,,,,,,
,,1,0.606,621,61,-1,3245,,,,,,,
,,1,1.005,1029,61,-1,3246,,,,,,,
,,7,0.47,481,62,684,3247,,,,,,,
,,1,1.032,1057,62,-1,3248,,,,,,,
,,1,0.31,317,62,-1,3249,,,,,,,
,,1,-0.138,-141,62,-1,3250,,,,,-56,09:41:44,480
,,1,0.615,630,62,-1,3251,,,,,,,
,,1,1.463,1498,62,-1,3252,,,,,,,
,,1,1.426,1460,62,-1,3253,,,,,,,
,,1,0.192,197,62,-1,3254,,,,,,,
,,1,0.547,560,62,-1,3255,,,,,,,
,,1,1.306,1337,62,-1,3256,,,,,,,
,,1,1.403,1437,62,-1,3257,,,,,,,
,,1,1.26,1290,62,-1,3258,,,,,,,
,,1,1.288,1319,62,-1,3259,,,,,,,
52.3549946,4.8057933,1,1.307,1338,62,-1,3260,63,6,7,42,-56,09:41:44,679
,,1,0.633,648,62,-1,3261,,,,,,,
,,1,0.404,414,62,-1,3262,,,,,,,
,,1,0.843,863,62,-1,3263,,,,,,,
,,1,1.149,1177,62,-1,3264,,,,,,,
,,1,0.906,928,62,-1,3265,,,,,,,
,,1,0.995,1019,62,-1,3266,,,,,,,
,,1,0.997,1021,62,-1,3267,,,,,,,
,,1,0.865,886,62,-1,3268,,,,,,,
,,1,0.64,655,62,-1,3269,,,,,,,
,,1,0.516,528,62,-1,3270,,,,,-56,09:41:44,886
,,1,0.449,460,62,-1,3271,,,,,,,
,,1,0.438,449,62,-1,3272,,,,,,,
,,1,0.383,392,62,-1,3273,,,,,,,
,,1,0.432,442,62,-1,3274,,,,,,,
,,1,0.294,301,62,-1,3275,,,,,,,
,,1,0.164,168,62,-1,3276,,,,,,,
,,1,0.012,12,62,-1,3277,,,,,,,
,,1,0.17,174,62,-1,3278,,,,,,,
,,1,-0.021,-22,62,-1,3279,,,,,,,
,,1,-0.319,-327,62,-1,3280,,,,,-56,09:41:45,079
,,1,-0.647,-663,62,-1,3281,,,,,,,
,,1,-0.384,-393,62,-1,3282,,,,,,,
,,1,0.304,311,62,-1,3283,,,,,,,
,,1,-0.038,-39,62,-1,3284,,,,,,,
,,1,-0.801,-820,62,-1,3285,,,,,,,
,,7,-1.243,-1273,63,714,3286,,,,,,,
,,1,-1.554,-1591,63,-1,3287,,,,,,,
,,1,-1.155,-1183,63,-1,3288,,,,,,,
,,1,-0.075,-77,63,-1,3289,,,,,,,
,,1,-0.068,-70,63,-1,3290,,,,,-56,09:41:45,274
,,1,-0.835,-855,63,-1,3291,,,,,,,
,,1,-1.487,-1523,63,-1,3292,,,,,,,
,,1,-0.843,-863,63,-1,3293,,,,,,,
,,1,-0.23,-236,63,-1,3294,,,,,,,
,,1,-1.341,-1373,63,-1,3295,,,,,,,
,,1,-2.354,-2410,63,-1,3296,,,,,,,
,,1,-1.07,-1096,63,-1,3297,,,,,,,
,,1,-0.619,-634,63,-1,3298,,,,,,,
,,1,-0.654,-670,63,-1,3299,,,,,,,
,,1,-0.48,-492,63,-1,3300,,,,,-56,09:41:45,486
,,1,-0.91,-932,63,-1,3301,,,,,,,
,,1,-1.341,-1373,63,-1,3302,,,,,,,
,,1,-0.865,-886,63,-1,3303,,,,,,,
,,1,-0.357,-366,63,-1,3304,,,,,,,
,,1,-0.349,-357,63,-1,3305,,,,,,,
,,1,-0.185,-189,63,-1,3306,,,,,,,
,,1,-0.06,-61,63,-1,3307,,,,,,,
,,1,-0.654,-670,63,-1,3308,,,,,,,
,,1,-0.177,-181,63,-1,3309,,,,,,,
52.3549996,4.8058162,1,0.059,60,63,-1,3310,63,6,7,42,-56,09:41:45,687
,,1,-0.084,-86,63,-1,3311,,,,,,,
,,1,0.218,223,63,-1,3312,,,,,,,
,,1,0.016,16,63,-1,3313,,,,,,,
,,1,0.401,411,63,-1,3314,,,,,,,
,,1,0.359,368,63,-1,3315,,,,,,,
,,1,-0.026,-27,63,-1,3316,,,,,,,
,,1,0.568,582,63,-1,3317,,,,,,,
,,7,1.216,1245,64,709,3318,,,,,,,
,,1,1.273,1304,64,-1,3319,,,,,,,
,,1,0.728,745,64,-1,3320,,,,,-56,09:41:45,876
,,1,0.189,194,64,-1,3321,,,,,,,
,,1,0.245,251,64,-1,3322,,,,,,,
,,1,1.17,1198,64,-1,3323,,,,,,,
,,1,2.025,2074,64,-1,3324,,,,,,,
,,1,1.645,1684,64,-1,3325,,,,,,,
,,1,0.49,502,64,-1,3326,,,,,,,
,,1,0.194,199,64,-1,3327,,,,,,,
,,1,0.301,308,64,-1,3328,,,,,,,
,,1,1.707,1748,64,-1,3329,,,,,,,
,,1,2.773,2840,64,-1,3330,,,,,-52,09:41:46,090
,,1,1.162,1190,64,-1,3331,,,,,,,
,,1,-0.948,-971,64,-1,3332,,,,,,,
,,1,-0.522,-535,64,-1,3333,,,,,,,
,,1,0.845,865,64,-1,3334,,,,,,,
,,1,1.104,1131,64,-1,3335,,,,,,,
,,1,0.419,429,64,-1,3336,,,,,,,
,,1,1.002,1026,64,-1,3337,,,,,,,
,,1,1.46,1495,64,-1,3338,,,,,,,
,,1,0.125,128,64,-1,3339,,,,,,,
,,1,-0.295,-302,64,-1,3340,,,,,-52,09:41:46,290
,,1,0.282,289,64,-1,3341,,,,,,,
,,1,0.831,851,64,-1,3342,,,,,,,
,,1,0.296,303,64,-1,3343,,,,,,,
,,1,-0.761,-779,64,-1,3344,,,,,,,
,,1,-0.423,-433,64,-1,3345,,,,,,,
,,1,0.168,172,64,-1,3346,,,,,,,
,,1,-0.135,-138,64,-1,3347,,,,,,,
,,1,-0.497,-509,64,-1,3348,,,,,,,
,,1,-0.397,-407,64,-1,3349,,,,,,,
,,1,-0.162,-166,64,-1,3350,,,,,-52,09:41:46,480
,,1,-0.586,-600,64,-1,3351,,,,,,,
,,7,-0.7,-717,65,729,3352,,,,,,,
,,1,-1.142,-1169,65,-1,3353,,,,,,,
,,1,-1.635,-1674,65,-1,3354,,,,,,,
,,1,-1.357,-1390,65,-1,3355,,,,,,,
,,1,-0.39,-399,65,-1,3356,,,,,,,
,,1,-0.238,-244,65,-1,3357,,,,,,,
,,1,-0.685,-701,65,-1,3358,,,,,,,
,,1,-0.789,-808,65,-1,3359,,,,,,,
52.3550025,4.8058423,1,-1.075,-1101,65,-1,3360,66,6,7,42,-52,09:41:46,745
,,1,-1.311,-1342,65,-1,3361,,,,,,,
,,1,-1.069,-1095,65,-1,3362,,,,,,,
,,1,-0.63,-645,65,-1,3363,,,,,,,
,,1,-0.618,-633,65,-1,3364,,,,,,,
,,1,-0.932,-954,65,-1,3365,,,,,,,
,,1,-1.05,-1075,65,-1,3366,,,,,,,
,,1,-1.214,-1243,65,-1,3367,,,,,,,
,,1,-1.11,-1137,65,-1,3368,,,,,,,
,,1,-0.696,-713,65,-1,3369,,,,,,,
,,1,-0.309,-316,65,-1,3370,,,,,-52,09:41:46,878
,,1,-0.271,-278,65,-1,3371,,,,,,,
,,1,-0.542,-555,65,-1,3372,,,,,,,
,,1,-0.655,-671,65,-1,3373,,,,,,,
,,1,-0.569,-583,65,-1,3374,,,,,,,
,,1,-0.282,-289,65,-1,3375,,,,,,,
,,1,-0.288,-295,65,-1,3376,,,,,,,
,,1,-0.102,-104,65,-1,3377,,,,,,,
,,1,-0.065,-67,65,-1,3378,,,,,,,
,,1,-0.059,-60,65,-1,3379,,,,,,,
,,1,0.228,233,65,-1,3380,,,,,-52,09:41:47,077
,,1,0.205,210,65,-1,3381,,,,,,,
,,1,0.164,168,65,-1,3382,,,,,,,
,,1,0.271,278,65,-1,3383,,,,,,,
,,1,0.47,481,65,-1,3384,,,,,,,
,,1,0.551,564,65,-1,3385,,,,,,,
,,7,0.628,643,66,746,3386,,,,,,,
,,1,1.116,1143,66,-1,3387,,,,,,,
,,1,0.911,933,66,-1,3388,,,,,,,
,,1,0.189,194,66,-1,3389,,,,,,,
,,1,0.66,676,66,-1,3390,,,,,-52,09:41:47,287
,,1,1.124,1151,66,-1,3391,,,,,,,
,,1,0.785,804,66,-1,3392,,,,,,,
,,1,0.325,333,66,-1,3393,,,,,,,
,,1,0.677,693,66,-1,3394,,,,,,,
,,1,1.29,1321,66,-1,3395,,,,,,,
,,1,1.295,1326,66,-1,3396,,,,,,,
,,1,1.105,1132,66,-1,3397,,,,,,,
,,1,1.02,1044,66,-1,3398,,,,,,,
,,1,1.034,1059,66,-1,3399,,,,,,,
,,1,0.82,840,66,-1,3400,,,,,-52,09:41:47,483
,,1,0.908,930,66,-1,3401,,,,,,,
,,1,0.943,966,66,-1,3402,,,,,,,
,,1,1.209,1238,66,-1,3403,,,,,,,
,,1,1.106,1133,66,-1,3404,,,,,,,
,,1,0.614,629,66,-1,3405,,,,,,,
,,1,0.756,774,66,-1,3406,,,,,,,
,,1,0.654,670,66,-1,3407,,,,,,,
,,1,0.736,754,66,-1,3408,,,,,,,
,,1,0.595,609,66,-1,3409,,,,,,,
,,1,0.451,462,66,-1,3410,,,,,-52,09:41:47,675
,,1,0.363,372,66,-1,3411,,,,,,,
,,1,0.506,518,66,-1,3412,,,,,,,
,,1,0.298,305,66,-1,3413,,,,,,,
,,1,-0.067,-69,66,-1,3414,,,,,,,
,,1,0.408,418,66,-1,3415,,,,,,,
,,1,-0.249,-255,66,-1,3416,,,,,,,
,,1,-0.552,-565,66,-1,3417,,,,,,,
,,1,0.087,89,66,-1,3418,,,,,,,
,,1,0.313,320,66,-1,3419,,,,,,,
52.3550077,4.8058681,1,0.072,74,66,-1,3420,63,6,7,42,-52,09:41:47,884
,,1,-0.87,-891,66,-1,3421,,,,,,,
,,1,-1.573,-1611,66,-1,3422,,,,,,,
,,7,-0.869,-890,67,719,3423,,,,,,,
,,1,0.532,545,67,-1,3424,,,,,,,
,,1,0.534,547,67,-1,3425,,,,,,,
,,1,-1.655,-1695,67,-1,3426,,,,,,,
,,1,-1.906,-1952,67,-1,3427,,,,,,,
,,1,-0.642,-657,67,-1,3428,,,,,,,
,,1,-0.426,-436,67,-1,3429,,,,,,,
,,1,-1.225,-1254,67,-1,3430,,,,,-52,09:41:48,083
,,1,-0.395,-404,67,-1,3431,,,,,,,
,,1,-0.625,-640,67,-1,3432,,,,,,,
,,1,-1.388,-1421,67,-1,3433,,,,,,,
,,1,-0.741,-759,67,-1,3434,,,,,,,
,,1,-0.998,-1022,67,-1,3435,,,,,,,
,,1,-1.994,-2042,67,-1,3436,,,,,,,
,,1,-1.661,-1701,67,-1,3437,,,,,,,
,,1,-0.308,-315,67,-1,3438,,,,,,,
,,1,-0.139,-142,67,-1,3439,,,,,,,
,,1,-0.587,-601,67,-1,3440,,,,,-52,09:41:48,278
,,1,-0.821,-841,67,-1,3441,,,,,,,
,,1,-1.07,-1096,67,-1,3442,,,,,,,
,,1,-1.106,-1133,67,-1,3443,,,,,,,
,,1,-0.731,-749,67,-1,3444,,,,,,,
,,1,-0.189,-194,67,-1,3445,,,,,,,
,,1,-0.221,-226,67,-1,3446,,,,,,,
,,1,-0.292,-299,67,-1,3447,,,,,,,
,,1,-0.076,-78,67,-1,3448,,,,,,,
,,1,-0.511,-523,67,-1,3449,,,,,,,
,,1,-0.272,-279,67,-1,3450,,,,,-52,09:41:48,484
,,1,0.027,28,67,-1,3451,,,,,,,
,,1,0.004,4,67,-1,3452,,,,,,,
,,1,0.164,168,67,-1,3453,,,,,,,
,,1,0.313,320,67,-1,3454,,,,,,,
,,1,-0.093,-95,67,-1,3455,,,,,,,
,,1,0.497,509,67,-1,3456,,,,,,,
,,1,0.384,393,67,-1,3457,,,,,,,
,,1,0.233,239,67,-1,3458,,,,,,,
,,1,0.885,906,67,-1,3459,,,,,,,
52.3550145,4.8058939,7,0.581,595,68,689,3460,68,5,7,42,-52,09:41:48,678
,,1,0.276,283,68,-1,3461,,,,,,,
,,1,0.976,999,68,-1,3462,,,,,,,
,,1,1.433,1467,68,-1,3463,,,,,,,
,,1,0.924,946,68,-1,3464,,,,,,,
,,1,0.419,429,68,-1,3465,,,,,,,
,,1,0.826,846,68,-1,3466,,,,,,,
,,1,1.109,1136,68,-1,3467,,,,,,,
,,1,1.042,1067,68,-1,3468,,,,,,,
,,1,1.071,1097,68,-1,3469,,,,,,,
,,1,0.958,981,68,-1,3470,,,,,-52,09:41:48,878
,,1,0.747,765,68,-1,3471,,,,,,,
,,1,1.141,1168,68,-1,3472,,,,,,,
,,1,2.001,2049,68,-1,3473,,,,,,,
,,1,1.586,1624,68,-1,3474,,,,,,,
,,1,0.524,537,68,-1,3475,,,,,,,
,,1,0.314,322,68,-1,3476,,,,,,,
,,1,0.684,700,68,-1,3477,,,,,,,
,,1,1.012,1036,68,-1,3478,,,,,,,
,,1,0.89,911,68,-1,3479,,,,,,,
,,1,0.841,861,68,-1,3480,,,,,-52,09:41:49,087
,,1,0.67,686,68,-1,3481,,,,,,,
,,1,0.732,750,68,-1,3482,,,,,,,
,,1,0.585,599,68,-1,3483,,,,,,,
,,1,0.594,608,68,-1,3484,,,,,,,
,,1,0.816,836,68,-1,3485,,,,,,,
,,1,0.582,596,68,-1,3486,,,,,,,
,,1,0.228,233,68,-1,3487,,,,,,,
,,1,-0.136,-139,68,-1,3488,,,,,,,
,,1,-0.207,-212,68,-1,3489,,,,,,,
,,1,0.004,4,68,-1,3490,,,,,-52,09:41:49,283
,,1,0.095,97,68,-1,3491,,,,,,,
,,1,-0.236,-242,68,-1,3492,,,,,,,
,,1,-0.753,-771,68,-1,3493,,,,,,,
,,1,-0.778,-797,68,-1,3494,,,,,,,
,,7,-0.165,-169,69,684,3495,,,,,,,
,,1,0.464,475,69,-1,3496,,,,,,,
,,1,0.312,319,69,-1,3497,,,,,,,
,,1,-0.97,-993,69,-1,3498,,,,,,,
,,1,-1.972,-2019,69,-1,3499,,,,,,,
,,1,-1.448,-1483,69,-1,3500,,,,,-52,09:41:49,501
,,1,-0.468,-479,69,-1,3501,,,,,,,
,,1,0.196,201,69,-1,3502,,,,,,,
,,1,-0.483,-495,69,-1,3503,,,,,,,
,,1,-1.651,-1691,69,-1,3504,,,,,,,
,,1,-1.096,-1122,69,-1,3505,,,,,,,
,,1,-0.365,-374,69,-1,3506,,,,,,,
,,1,-0.672,-688,69,-1,3507,,,,,,,
,,1,-0.444,-455,69,-1,3508,,,,,,,
,,1,-0.089,-91,69,-1,3509,,,,,,,
52.3550214,4.8059198,1,-0.327,-335,69,-1,3510,78,5,7,42,-55,09:41:49,687
,,1,0.155,159,69,-1,3511,,,,,,,
,,1,0.187,191,69,-1,3512,,,,,,,
,,1,0.358,367,69,-1,3513,,,,,,,
,,1,0.479,491,69,-1,3514,,,,,,,
,,1,1.121,1148,69,-1,3515,,,,,,,
,,7,0.394,403,70,781,3516,,,,,,,
,,1,-0.375,-384,70,-1,3517,,,,,,,
,,1,1.697,1738,70,-1,3518,,,,,,,
,,1,1.297,1328,70,-1,3519,,,,,,,
,,1,0.563,576,70,-1,3520,,,,,-55,09:41:49,895
,,1,1.819,1863,70,-1,3521,,,,,,,
,,1,0.819,839,70,-1,3522,,,,,,,
,,1,-1.672,-1712,70,-1,3523,,,,,,,
,,1,1.111,1138,70,-1,3524,,,,,,,
,,1,2.237,2291,70,-1,3525,,,,,,,
,,1,-0.205,-210,70,-1,3526,,,,,,,
,,1,-0.108,-111,70,-1,3527,,,,,,,
,,1,1.822,1866,70,-1,3528,,,,,,,
,,1,0.665,681,70,-1,3529,,,,,,,
52.3550214,4.8059198,1,-1.001,-1025,70,-1,3530,78,5,7,42,-55,09:41:50,074
,,1,-0.35,-358,70,-1,3531,,,,,,,
,,1,0.738,756,70,-1,3532,,,,,,,
,,1,-0.207,-212,70,-1,3533,,,,,,,
,,1,-1.008,-1032,70,-1,3534,,,,,,,
,,1,0.065,67,70,-1,3535,,,,,,,
,,1,0.999,1023,70,-1,3536,,,,,,,
,,1,0.099,101,70,-1,3537,,,,,,,
,,1,-2.73,-2796,70,-1,3538,,,,,,,
,,7,-3.046,-3119,71,1000,3539,,,,,,,
,,1,-0.396,-406,71,-1,3540,,,,,-55,09:41:50,301
,,1,0.761,779,71,-1,3541,,,,,,,
,,1,-0.227,-232,71,-1,3542,,,,,,,
,,1,0.015,15,71,-1,3543,,,,,,,
,,1,1.313,1344,71,-1,3544,,,,,,,
,,1,-2.32,-2376,71,-1,3545,,,,,,,
,,1,-3.591,-3677,71,-1,3546,,,,,,,
,,1,-0.036,-37,71,-1,3547,,,,,,,
,,1,-0.104,-106,71,-1,3548,,,,,,,
,,1,-1.457,-1492,71,-1,3549,,,,,,,
,,1,-0.122,-125,71,-1,3550,,,,,-55,09:41:50,478
,,1,0.903,925,71,-1,3551,,,,,,,
,,1,-0.158,-162,71,-1,3552,,,,,,,
,,1,0.089,91,71,-1,3553,,,,,,,
,,1,0.324,332,71,-1,3554,,,,,,,
,,1,0.203,208,71,-1,3555,,,,,,,
,,7,3.38,3461,72,1071,3556,,,,,,,
,,1,0.555,568,72,-1,3557,,,,,,,
,,1,2.804,2871,72,-1,3558,,,,,,,
,,1,-0.88,-901,72,-1,3559,,,,,,,
52.3550214,4.8059198,1,1.287,1318,72,-1,3560,78,5,7,42,-55,09:41:50,678
,,1,5.072,5194,72,-1,3561,,,,,,,
,,1,4.29,4393,72,-1,3562,,,,,,,
,,1,3.51,3594,72,-1,3563,,,,,,,
,,1,-8.126,-8321,72,-1,3564,,,,,,,
,,1,1.054,1079,72,-1,3565,,,,,,,
,,7,-0.648,-664,73,1351,3566,,,,,,,
,,1,-6.298,-6449,73,-1,3567,,,,,,,
,,1,2.032,2081,73,-1,3568,,,,,,,
,,1,-7.075,-7245,73,-1,3569,,,,,,,
52.3550269,4.8059454,1,2.089,2139,73,-1,3570,76,5,7,42,-55,09:41:50,887
,,1,2.473,2532,73,-1,3571,,,,,,,
,,1,3.993,4089,73,-1,3572,,,,,,,
,,7,2.228,2281,74,1562,3573,,,,,,,
,,1,-5.577,-5711,74,-1,3574,,,,,,,
,,8,-2.929,-2999,74,-1,3575,,,,,,,
,,1,5.192,5317,74,-1,3576,,,,,,,
,,1,1.579,1617,74,-1,3577,,,,,,,
,,6,-4.446,-4553,74,-1,3578,,,,,,,
,,1,0.817,837,74,-1,3579,,,,,,,
,,1,4.166,4266,74,-1,3580,,,,,-55,09:41:51,087
,,1,-1.643,-1682,74,-1,3581,,,,,,,
,,1,-3.266,-3344,74,-1,3582,,,,,,,
,,6,1.26,1290,75,-1,3583,,,,,,,
,,1,2.188,2241,75,-1,3584,,,,,,,
,,1,-1.221,-1250,75,-1,3585,,,,,,,
,,1,-0.532,-545,75,-1,3586,,,,,,,
,,1,0.659,675,75,-1,3587,,,,,,,
,,1,0.16,164,75,-1,3588,,,,,,,
,,1,-0.494,-506,75,-1,3589,,,,,,,
,,1,0.044,45,75,-1,3590,,,,,-64,09:41:51,273
,,1,0.106,109,75,-1,3591,,,,,,,
,,1,0.001,1,75,-1,3592,,,,,,,
,,1,-0.093,-95,75,-1,3593,,,,,,,
,,1,-0.128,-131,75,-1,3594,,,,,,,
,,1,-0.082,-84,75,-1,3595,,,,,,,
,,1,0.005,5,75,-1,3596,,,,,,,
,,1,-0.054,-55,75,-1,3597,,,,,,,
,,1,0.039,40,75,-1,3598,,,,,,,
,,1,0.221,226,75,-1,3599,,,,,,,
,,1,0.249,255,75,-1,3600,,,,,-64,09:41:51,494
,,1,0.206,211,75,-1,3601,,,,,,,
,,1,0.104,107,75,-1,3602,,,,,,,
,,1,-0.084,-86,75,-1,3603,,,,,,,
,,1,0.281,288,75,-1,3604,,,,,,,
,,1,0.229,234,75,-1,3605,,,,,,,
,,1,0.048,49,75,-1,3606,,,,,,,
,,1,0.152,156,75,-1,3607,,,,,,,
,,1,0.299,306,75,-1,3608,,,,,,,
,,1,0.227,232,75,-1,3609,,,,,,,
52.3550336,4.8059707,1,0.002,2,75,-1,3610,82,5,7,42,-64,09:41:51,678
,,1,0.101,103,75,-1,3611,,,,,,,
,,1,0.413,423,75,-1,3612,,,,,,,
,,1,0.293,300,75,-1,3613,,,,,,,
,,1,0.016,16,75,-1,3614,,,,,,,
,,1,0.053,54,75,-1,3615,,,,,,,
,,1,0.077,79,75,-1,3616,,,,,,,
,,1,0.157,161,75,-1,3617,,,,,,,
,,1,0.167,171,75,-1,3618,,,,,,,
,,1,0.021,21,75,-1,3619,,,,,,,
,,1,-0.038,-39,75,-1,3620,,,,,-64,09:41:51,880
,,1,0.07,72,75,-1,3621,,,,,,,
,,1,0.096,98,75,-1,3622,,,,,,,
,,1,0.056,57,75,-1,3623,,,,,,,
,,1,-0.005,-5,75,-1,3624,,,,,,,
,,1,-0.165,-169,75,-1,3625,,,,,,,
,,1,-0.162,-166,75,-1,3626,,,,,,,
,,1,-0.022,-23,75,-1,3627,,,,,,,
,,1,-0.01,-10,75,-1,3628,,,,,,,
,,1,-0.188,-193,75,-1,3629,,,,,,,
,,1,-0.077,-79,75,-1,3630,,,,,-64,09:41:52,086
,,1,-0.063,-65,75,-1,3631,,,,,,,
,,1,-0.027,-28,75,-1,3632,,,,,,,
,,1,0.056,57,75,-1,3633,,,,,,,
,,1,-0.055,-56,75,-1,3634,,,,,,,
,,1,-0.019,-19,75,-1,3635,,,,,,,
,,1,0.088,90,75,-1,3636,,,,,,,
,,1,0.127,130,75,-1,3637,,,,,,,
,,1,0.02,20,75,-1,3638,,,,,,,
,,1,0.04,41,75,-1,3639,,,,,,,
,,1,0.156,160,75,-1,3640,,,,,-64,09:41:52,282
,,1,0.075,77,75,-1,3641,,,,,,,
,,1,0.183,187,75,-1,3642,,,,,,,
,,1,0.25,256,75,-1,3643,,,,,,,
,,1,0.072,74,75,-1,3644,,,,,,,
,,1,0.048,49,75,-1,3645,,,,,,,
,,1,0.178,182,75,-1,3646,,,,,,,
,,1,0.384,393,75,-1,3647,,,,,,,
,,1,0.183,187,75,-1,3648,,,,,,,
,,1,0.062,63,75,-1,3649,,,,,,,
52.3550336,4.8059707,1,0.279,286,75,-1,3650,82,5,7,42,-64,09:41:52,504
,,1,0.195,200,75,-1,3651,,,,,,,
,,1,-0.006,-6,75,-1,3652,,,,,,,
,,1,0.175,179,75,-1,3653,,,,,,,
,,1,0.347,355,75,-1,3654,,,,,,,
,,1,0.073,75,75,-1,3655,,,,,,,
,,1,0.087,89,75,-1,3656,,,,,,,
,,1,0.14,143,75,-1,3657,,,,,,,
,,1,0.064,66,75,-1,3658,,,,,,,
,,5,0.104,106,75,0,3659,,,,,,,
52.3550212,4.8059988,3,0.093,95,75,0,3660,91,5,7,42,-64,09:41:52,683
,,3,0.089,91,75,0,3661,,,,,,,
,,3,0.107,110,75,0,3662,,,,,,,
,,3,-0.052,-53,75,0,3663,,,,,,,
,,3,-0.046,-47,75,0,3664,,,,,,,
,,3,0.041,42,75,0,3665,,,,,,,
,,3,-0.02,-20,75,0,3666,,,,,,,
,,3,-0.054,-55,75,0,3667,,,,,,,
,,3,0.025,26,75,0,3668,,,,,,,
,,3,0.003,3,75,0,3669,,,,,,,
,,3,-0.151,-155,75,0,3670,,,,,-64,09:41:52,890
,,3,-0.153,-157,75,0,3671,,,,,,,
,,3,-0.093,-95,75,0,3672,,,,,,,
,,3,-0.021,-22,75,0,3673,,,,,,,
,,3,-0.007,-7,75,0,3674,,,,,,,
,,3,-0.164,-168,75,0,3675,,,,,,,
,,3,-0.061,-62,75,0,3676,,,,,,,
,,3,0.08,82,75,0,3677,,,,,,,
,,3,0.008,8,75,0,3678,,,,,,,
,,3,-0.12,-123,75,0,3679,,,,,,,
,,3,0.142,145,75,0,3680,,,,,-59,09:41:53,076
,,3,0.136,139,75,0,3681,,,,,,,
,,3,-0.018,-18,75,0,3682,,,,,,,
,,3,0.097,99,75,0,3683,,,,,,,
,,3,0.177,181,75,0,3684,,,,,,,
,,3,0.086,88,75,0,3685,,,,,,,
,,3,0.071,73,75,0,3686,,,,,,,
,,3,0.146,149,75,0,3687,,,,,,,
,,3,0.235,241,75,0,3688,,,,,,,
,,3,0.176,180,75,0,3689,,,,,,,
,,3,0.189,194,75,0,3690,,,,,-59,09:41:53,282
,,3,0.278,285,75,0,3691,,,,,,,
,,3,0.158,162,75,0,3692,,,,,,,
,,3,0.233,239,75,0,3693,,,,,,,
,,3,0.261,267,75,0,3694,,,,,,,
,,3,0.186,190,75,0,3695,,,,,,,
,,3,0.158,162,75,0,3696,,,,,,,
,,3,0.183,187,75,0,3697,,,,,,,
,,3,0.19,195,75,0,3698,,,,,,,
,,3,0.234,240,75,0,3699,,,,,,,
,,3,0.097,99,75,0,3700,,,,,-59,09:41:53,479
,,3,0.041,42,75,0,3701,,,,,,,
,,3,0.086,88,75,0,3702,,,,,,,
,,3,0.135,138,75,0,3703,,,,,,,
,,3,0.174,178,75,0,3704,,,,,,,
,,3,0.059,60,75,0,3705,,,,,,,
,,3,0.082,84,75,0,3706,,,,,,,
,,3,-0.106,-109,75,0,3707,,,,,,,
,,3,-0.023,-24,75,0,3708,,,,,,,
,,3,-0.057,-58,75,0,3709,,,,,,,
52.3550099,4.8060154,3,-0.081,-83,75,0,3710,95,4,7,42,-59,09:41:53,675
,,3,-0.2,-205,75,0,3711,,,,,,,
,,3,0.104,106,75,0,3712,,,,,,,
,,3,0.026,27,75,0,3713,,,,,,,
,,3,-0.176,-180,75,0,3714,,,,,,,
,,3,-0.055,-56,75,0,3715,,,,,,,
,,3,-0.009,-9,75,0,3716,,,,,,,
,,3,-0.193,-198,75,0,3717,,,,,,,
,,3,-0.015,-15,75,0,3718,,,,,,,
,,3,0.18,184,75,0,3719,,,,,,,
,,3,-0.186,-190,75,0,3720,,,,,-59,09:41:53,883
,,3,-0.187,-191,75,0,3721,,,,,,,
,,3,0.051,52,75,0,3722,,,,,,,
,,3,0.028,29,75,0,3723,,,,,,,
,,3,-0.107,-110,75,0,3724,,,,,,,
,,3,0.08,82,75,0,3725,,,,,,,
,,3,0.162,166,75,0,3726,,,,,,,
,,3,-0.095,-97,75,0,3727,,,,,,,
,,3,0.025,26,75,0,3728,,,,,,,
,,3,0.265,271,75,0,3729,,,,,,,
,,3,0.045,46,75,0,3730,,,,,-59,09:41:54,079
,,3,0.05,51,75,0,3731,,,,,,,
,,3,0.216,221,75,0,3732,,,,,,,
,,3,0.101,103,75,0,3733,,,,,,,
,,3,0.206,211,75,0,3734,,,,,,,
,,3,0.195,200,75,0,3735,,,,,,,
,,3,-0.025,-26,75,0,3736,,,,,,,
,,3,0.183,187,75,0,3737,,,,,,,
,,3,0.26,266,75,0,3738,,,,,,,
,,3,0.08,82,75,0,3739,,,,,,,
,,3,0.082,84,75,0,3740,,,,,-59,09:41:54,275
,,3,0.215,220,75,0,3741,,,,,,,
,,3,0.168,172,75,0,3742,,,,,,,
,,3,0.104,106,75,0,3743,,,,,,,
,,3,0.14,143,75,0,3744,,,,,,,
,,3,0.213,218,75,0,3745,,,,,,,
,,3,0.094,96,75,0,3746,,,,,,,
,,3,0.187,191,75,0,3747,,,,,,,
,,3,0.372,381,75,0,3748,,,,,,,
,,3,0.083,85,75,0,3749,,,,,,,
,,3,-0.128,-131,75,0,3750,,,,,-59,09:41:54,484
,,3,0.138,141,75,0,3751,,,,,,,
,,3,0.041,42,75,0,3752,,,,,,,
,,3,0.015,15,75,0,3753,,,,,,,
,,3,0.113,116,75,0,3754,,,,,,,
,,3,-0.085,-87,75,0,3755,,,,,,,
,,3,-0.019,-19,75,0,3756,,,,,,,
,,3,-0.051,-52,75,0,3757,,,,,,,
,,3,-0.065,-67,75,0,3758,,,,,,,
,,3,-0.021,-21,75,0,3759,,,,,,,
52.3550054,4.8060234,3,0.118,121,75,0,3760,98,3,7,42,-59,09:41:54,682
,,3,-0.142,-145,75,0,3761,,,,,,,
,,3,-0.337,-345,75,0,3762,,,,,,,
,,3,-0.003,-3,75,0,3763,,,,,,,
,,3,-0.01,-10,75,0,3764,,,,,,,
,,3,-0.173,-177,75,0,3765,,,,,,,
,,3,-0.182,-186,75,0,3766,,,,,,,
,,3,0.107,110,75,0,3767,,,,,,,
,,3,-0.038,-39,75,0,3768,,,,,,,
,,3,-0.145,-148,75,0,3769,,,,,,,
,,3,0.013,13,75,0,3770,,,,,-62,09:41:54,876
,,3,0.057,58,75,0,3771,,,,,,,
,,3,-0.047,-48,75,0,3772,,,,,,,
,,3,-0.095,-97,75,0,3773,,,,,,,
,,3,0.151,155,75,0,3774,,,,,,,
,,3,0.131,134,75,0,3775,,,,,,,
,,3,-0.039,-40,75,0,3776,,,,,,,
,,3,0.047,48,75,0,3777,,,,,,,
,,3,0.143,146,75,0,3778,,,,,,,
,,3,0.019,19,75,0,3779,,,,,,,
,,3,0.116,119,75,0,3780,,,,,-62,09:41:55,089
,,3,0.191,196,75,0,3781,,,,,,,
,,3,0.202,207,75,0,3782,,,,,,,
,,3,0.146,149,75,0,3783,,,,,,,
,,3,0.133,136,75,0,3784,,,,,,,
,,3,0.16,164,75,0,3785,,,,,,,
,,3,0.249,255,75,0,3786,,,,,,,
,,3,0.126,129,75,0,3787,,,,,,,
,,3,0.09,92,75,0,3788,,,,,,,
,,3,0.193,198,75,0,3789,,,,,,,
,,3,0.234,240,75,0,3790,,,,,-62,09:41:55,278
,,3,0.124,127,75,0,3791,,,,,,,
,,3,0.182,186,75,0,3792,,,,,,,
,,3,0.205,210,75,0,3793,,,,,,,
,,3,0.175,179,75,0,3794,,,,,,,
,,3,0.134,137,75,0,3795,,,,,,,
,,3,0.211,216,75,0,3796,,,,,,,
,,3,0.127,130,75,0,3797,,,,,,,
,,3,0.039,40,75,0,3798,,,,,,,
,,3,0.167,171,75,0,3799,,,,,,,
,,3,0.153,157,75,0,3800,,,,,-62,09:41:55,480
,,3,-0.041,-42,75,0,3801,,,,,,,
,,3,0.021,22,75,0,3802,,,,,,,
,,3,0.141,144,75,0,3803,,,,,,,
,,3,-0.024,-25,75,0,3804,,,,,,,
,,3,-0.061,-62,75,0,3805,,,,,,,
,,3,0.041,42,75,0,3806,,,,,,,
,,3,-0.014,-14,75,0,3807,,,,,,,
,,3,-0.039,-40,75,0,3808,,,,,,,
,,3,0.002,2,75,0,3809,,,,,,,
52.3550036,4.8060221,3,-0.072,-74,75,0,3810,106,1,7,42,-62,09:41:55,686
,,3,-0.107,-110,75,0,3811,,,,,,,
,,3,-0.003,-3,75,0,3812,,,,,,,
,,3,-0.043,-44,75,0,3813,,,,,,,
,,3,-0.15,-154,75,0,3814,,,,,,,
,,3,-0.039,-40,75,0,3815,,,,,,,
,,3,0.044,45,75,0,3816,,,,,,,
,,3,-0.094,-96,75,0,3817,,,,,,,
,,3,-0.141,-144,75,0,3818,,,,,,,
,,3,0.043,44,75,0,3819,,,,,,,
,,3,-0.105,-108,75,0,3820,,,,,-62,09:41:55,879
,,3,-0.156,-160,75,0,3821,,,,,,,
,,3,0.026,27,75,0,3822,,,,,,,
,,3,0.051,52,75,0,3823,,,,,,,
,,3,-0.186,-190,75,0,3824,,,,,,,
,,3,-0.035,-36,75,0,3825,,,,,,,
,,3,0.146,150,75,0,3826,,,,,,,
,,3,0.001,1,75,0,3827,,,,,,,
,,3,-0.093,-95,75,0,3828,,,,,,,
,,3,0.14,143,75,0,3829,,,,,,,
,,3,0.152,156,75,0,3830,,,,,-62,09:41:56,076
,,3,-0.018,-18,75,0,3831,,,,,,,
,,3,0.109,112,75,0,3832,,,,,,,
,,3,0.189,194,75,0,3833,,,,,,,
,,3,0.096,98,75,0,3834,,,,,,,
,,3,0.062,63,75,0,3835,,,,,,,
,,3,0.146,150,75,0,3836,,,,,,,
,,3,0.231,237,75,0,3837,,,,,,,
,,3,-0.023,-24,75,0,3838,,,,,,,
,,3,0.113,116,75,0,3839,,,,,,,
,,3,0.426,436,75,0,3840,,,,,-62,09:41:56,289
,,3,0.07,72,75,0,3841,,,,,,,
,,3,-0.024,-25,75,0,3842,,,,,,,
,,3,0.247,253,75,0,3843,,,,,,,
,,3,0.229,234,75,0,3844,,,,,,,
,,3,0.134,137,75,0,3845,,,,,,,
,,3,0.255,261,75,0,3846,,,,,,,
,,3,0.211,216,75,0,3847,,,,,,,
,,3,0.099,101,75,0,3848,,,,,,,
,,3,0.162,166,75,0,3849,,,,,,,
,,3,0.327,335,75,0,3850,,,,,-58,09:41:56,486
,,3,0.346,354,75,0,3851,,,,,,,
,,3,0.266,272,75,0,3852,,,,,,,
,,3,0.396,405,75,0,3853,,,,,,,
,,3,0.351,359,75,0,3854,,,,,,,
,,3,-0.448,-459,75,0,3855,,,,,,,
,,3,-0.802,-821,75,0,3856,,,,,,,
,,3,-0.075,-77,75,0,3857,,,,,,,
,,3,-0.146,-149,75,0,3858,,,,,,,
,,3,-0.048,-49,75,0,3859,,,,,,,
,,3,-0.078,-80,75,0,3860,,,,,-58,09:41:56,675
,,3,0.183,187,75,0,3861,,,,,,,
,,3,0.063,65,75,0,3862,,,,,,,
,,3,-0.153,-157,75,0,3863,,,,,,,
,,3,-0.392,-401,75,0,3864,,,,,,,
,,3,-0.143,-146,75,0,3865,,,,,,,
,,3,0.169,173,75,0,3866,,,,,,,
,,3,-0.035,-36,75,0,3867,,,,,,,
,,3,-0.191,-196,75,0,3868,,,,,,,
,,3,0.15,154,75,0,3869,,,,,,,
52.3550041,4.8060173,3,0.629,644,75,0,3870,119,1,6,42,-58,09:41:56,891
,,3,0.355,364,75,0,3871,,,,,,,
,,3,-0.359,-368,75,0,3872,,,,,,,
,,3,0.043,44,75,0,3873,,,,,,,
,,3,0.605,620,75,0,3874,,,,,,,
,,3,0.345,353,75,0,3875,,,,,,,
,,3,0.107,110,75,0,3876,,,,,,,
,,3,0.241,247,75,0,3877,,,,,,,
,,3,0.371,380,75,0,3878,,,,,,,
,,3,0.317,325,75,0,3879,,,,,,,
,,3,0.138,141,75,0,3880,,,,,-58,09:41:57,081
,,3,0.09,92,75,0,3881,,,,,,,
,,3,0.22,225,75,0,3882,,,,,,,
,,3,0.139,142,75,0,3883,,,,,,,
,,3,0.082,84,75,0,3884,,,,,,,
,,3,0.301,308,75,0,3885,,,,,,,
,,3,0.395,404,75,0,3886,,,,,,,
,,3,0.288,295,75,0,3887,,,,,,,
,,3,0.357,366,75,0,3888,,,,,,,
,,3,0.433,443,75,0,3889,,,,,,,
,,3,0.312,319,75,0,3890,,,,,-58,09:41:57,275
,,3,0.186,190,75,0,3891,,,,,,,
,,3,0.305,312,75,0,3892,,,,,,,
,,3,0.416,426,75,0,3893,,,,,,,
,,3,0.442,453,75,0,3894,,,,,,,
,,3,0.445,456,75,0,3895,,,,,,,
,,3,-2.023,-2072,75,0,3896,,,,,,,
,,3,4.188,4289,75,0,3897,,,,,,,
,,3,2.377,2434,76,0,3898,,,,,,,
,,3,0.062,63,76,0,3899,,,,,,,
,,3,0.325,333,76,0,3900,,,,,-58,09:41:57,483
,,3,0.296,303,76,0,3901,,,,,,,
,,3,0.932,954,76,0,3902,,,,,,,
,,3,2.058,2107,76,0,3903,,,,,,,
,,3,0.006,6,76,0,3904,,,,,,,
,,3,0.628,643,76,0,3905,,,,,,,
,,3,0.931,953,76,0,3906,,,,,,,
,,3,0.474,485,76,0,3907,,,,,,,
,,3,1.206,1235,76,0,3908,,,,,,,
,,3,0.927,949,76,0,3909,,,,,,,
52.3550034,4.8060171,3,0.623,638,76,0,3910,132,1,6,42,-58,09:41:57,683
,,3,0.745,763,76,0,3911,,,,,,,
,,3,1.054,1079,76,0,3912,,,,,,,
,,3,0.88,901,76,0,3913,,,,,,,
,,3,0.788,807,76,0,3914,,,,,,,
,,3,0.887,908,76,0,3915,,,,,,,
,,3,0.89,911,76,0,3916,,,,,,,
,,3,0.938,960,76,0,3917,,,,,,,
,,3,0.873,894,76,0,3918,,,,,,,
,,3,0.938,961,76,0,3919,,,,,,,
,,3,0.891,912,76,0,3920,,,,,-58,09:41:57,884
,,3,1.003,1027,76,0,3921,,,,,,,
,,3,0.989,1013,76,0,3922,,,,,,,
,,3,0.952,975,76,0,3923,,,,,,,
,,3,0.931,953,76,0,3924,,,,,,,
,,3,0.988,1012,76,0,3925,,,,,,,
,,3,0.978,1001,76,0,3926,,,,,,,
,,3,0.972,995,76,0,3927,,,,,,,
,,3,1.026,1051,76,0,3928,,,,,,,
,,3,0.999,1023,76,0,3929,,,,,,,
,,3,0.983,1007,76,0,3930,,,,,-58,09:41:58,084
,,3,0.985,1009,76,0,3931,,,,,,,
,,3,1.042,1067,76,0,3932,,,,,,,
,,3,1.012,1036,76,0,3933,,,,,,,
,,3,1.024,1049,76,0,3934,,,,,,,
,,3,0.996,1020,76,0,3935,,,,,,,
,,3,0.989,1013,76,0,3936,,,,,,,
,,3,0.911,933,76,0,3937,,,,,,,
,,3,1.003,1027,76,0,3938,,,,,,,
,,3,0.974,997,76,0,3939,,,,,,,
,,3,1.043,1068,76,0,3940,,,,,-56,09:41:58,278
,,3,1.058,1083,76,0,3941,,,,,,,
,,3,1.022,1047,76,0,3942,,,,,,,
,,3,0.949,972,76,0,3943,,,,,,,
,,3,0.943,966,76,0,3944,,,,,,,
,,3,0.984,1008,76,0,3945,,,,,,,
,,3,1.035,1060,76,0,3946,,,,,,,
,,3,1.046,1071,76,0,3947,,,,,,,
,,3,1.021,1045,76,0,3948,,,,,,,
,,3,0.915,937,76,0,3949,,,,,,,
,,3,0.906,928,76,0,3950,,,,,-56,09:41:58,475
,,3,0.983,1007,76,0,3951,,,,,,,
,,3,1.056,1081,76,0,3952,,,,,,,
,,3,1.043,1068,76,0,3953,,,,,,,
,,3,1.012,1036,76,0,3954,,,,,,,
,,3,1.002,1026,76,0,3955,,,,,,,
,,3,0.982,1006,76,0,3956,,,,,,,
,,3,0.958,981,76,0,3957,,,,,,,
,,3,0.999,1023,76,0,3958,,,,,,,
,,3,1.042,1067,76,0,3959,,,,,,,
52.3550045,4.8060147,3,1.006,1030,76,0,3960,0,0,6,42,-56,09:41:58,685
,,3,0.945,968,76,0,3961,,,,,,,
,,3,0.931,953,76,0,3962,,,,,,,
,,3,0.98,1004,76,0,3963,,,,,,,
,,3,0.962,985,76,0,3964,,,,,,,
,,3,0.986,1010,76,0,3965,,,,,,,
,,3,0.979,1003,76,0,3966,,,,,,,
,,3,1.033,1058,76,0,3967,,,,,,,
,,3,1.094,1120,76,0,3968,,,,,,,
,,3,0.93,952,76,0,3969,,,,,,,
,,3,0.91,932,76,0,3970,,,,,-56,09:41:58,882
,,3,1.01,1034,76,0,3971,,,,,,,
,,3,0.984,1008,76,0,3972,,,,,,,
,,3,0.891,912,76,0,3973,,,,,,,
,,3,0.975,998,76,0,3974,,,,,,,
,,3,0.937,959,76,0,3975,,,,,,,
,,3,0.819,839,76,0,3976,,,,,,,
,,3,0.876,897,76,0,3977,,,,,,,
,,3,0.96,983,76,0,3978,,,,,,,
,,3,0.818,838,76,0,3979,,,,,,,
,,3,0.642,657,76,0,3980,,,,,-56,09:41:59,076
,,3,0.657,673,76,0,3981,,,,,,,
,,3,0.671,687,76,0,3982,,,,,,,
,,3,0.763,781,76,0,3983,,,,,,,
,,3,0.636,651,76,0,3984,,,,,,,
,,3,0.534,547,76,0,3985,,,,,,,
,,3,0.593,607,76,0,3986,,,,,,,
,,3,0.617,632,76,0,3987,,,,,,,
,,3,0.313,320,76,0,3988,,,,,,,
,,3,0.262,268,76,0,3989,,,,,,,
,,3,0.401,411,76,0,3990,,,,,-56,09:41:59,284
,,3,0.326,334,76,0,3991,,,,,,,
,,3,0.059,60,76,0,3992,,,,,,,
,,3,-0.009,-9,76,0,3993,,,,,,,
,,3,0.187,191,76,0,3994,,,,,,,
,,3,0.009,9,76,0,3995,,,,,,,
,,3,0.004,4,76,0,3996,,,,,,,
,,3,0.022,23,76,0,3997,,,,,,,
,,3,-0.396,-406,76,0,3998,,,,,,,
,,3,-0.638,-653,76,0,3999,,,,,,,
,,3,-0.364,-373,76,0,4000,,,,,-56,09:41:59,482
,,3,-0.411,-421,76,0,4001,,,,,,,
,,3,-0.755,-773,76,0,4002,,,,,,,
,,3,-0.92,-942,76,0,4003,,,,,,,
,,3,-0.508,-520,76,0,4004,,,,,,,
,,3,-0.384,-393,76,0,4005,,,,,,,
,,3,-1.037,-1062,76,0,4006,,,,,,,
,,3,-1.169,-1197,77,0,4007,,,,,,,
,,3,-0.805,-824,77,0,4008,,,,,,,
,,3,-0.675,-691,77,0,4009,,,,,,,
52.3550033,4.8060171,3,-0.931,-953,77,0,4010,95,1,6,42,-56,09:41:59,672
,,3,-1.087,-1113,77,0,4011,,,,,,,
,,3,-0.717,-734,77,0,4012,,,,,,,
,,3,-1.247,-1277,77,0,4013,,,,,,,
,,3,-1.485,-1521,77,0,4014,,,,,,,
,,3,-0.724,-741,77,0,4015,,,,,,,
,,3,-0.386,-395,77,0,4016,,,,,,,
,,3,-0.812,-831,77,0,4017,,,,,,,
,,3,-0.464,-475,77,0,4018,,,,,,,
,,3,0.428,438,77,0,4019,,,,,,,
,,3,-0.697,-714,77,0,4020,,,,,-56,09:41:59,926
,,3,-1.166,-1194,77,0,4021,,,,,,,
,,3,-0.376,-385,77,0,4022,,,,,,,
,,3,-0.265,-271,77,0,4023,,,,,,,
,,3,-0.594,-608,77,0,4024,,,,,,,
,,3,-0.075,-77,77,0,4025,,,,,,,
,,3,-0.304,-311,77,0,4026,,,,,,,
,,3,-0.167,-171,77,0,4027,,,,,,,
,,3,0.168,172,77,0,4028,,,,,,,
,,3,-0.156,-160,77,0,4029,,,,,,,
,,3,0.282,289,77,0,4030,,,,,-61,09:42:00,087
,,3,0.021,21,77,0,4031,,,,,,,
,,3,0.497,509,77,0,4032,,,,,,,
,,3,0.467,478,77,0,4033,,,,,,,
,,3,0.188,192,77,0,4034,,,,,,,
,,3,0.464,475,77,0,4035,,,,,,,
,,3,0.426,436,77,0,4036,,,,,,,
,,3,0.327,335,77,0,4037,,,,,,,
,,7,0.73,748,78,357,4038,,,,,,,
,,1,1.461,1496,78,-1,4039,,,,,,,
,,1,1.213,1242,78,-1,4040,,,,,-61,09:42:00,279
,,1,0.591,605,78,-1,4041,,,,,,,
,,1,0.303,310,78,-1,4042,,,,,,,
,,1,0.353,361,78,-1,4043,,,,,,,
,,1,0.627,642,78,-1,4044,,,,,,,
,,1,1.378,1411,78,-1,4045,,,,,,,
,,1,1.813,1856,78,-1,4046,,,,,,,
,,1,1.328,1360,78,-1,4047,,,,,,,
,,1,0.701,718,78,-1,4048,,,,,,,
,,1,0.677,693,78,-1,4049,,,,,,,
,,1,0.977,1000,78,-1,4050,,,,,-61,09:42:00,484
,,1,0.755,773,78,-1,4051,,,,,,,
,,1,1.417,1451,78,-1,4052,,,,,,,
,,1,0.812,831,78,-1,4053,,,,,,,
,,1,1.081,1107,78,-1,4054,,,,,,,
,,1,1.288,1319,78,-1,4055,,,,,,,
,,1,1.501,1537,78,-1,4056,,,,,,,
,,1,0.925,947,78,-1,4057,,,,,,,
,,1,0.332,340,78,-1,4058,,,,,,,
,,1,1.166,1194,78,-1,4059,,,,,,,
52.3550025,4.8060179,1,0.019,19,78,-1,4060,57,1,6,43,-61,09:42:00,689
,,1,-0.741,-759,78,-1,4061,,,,,,,
,,1,0.945,968,78,-1,4062,,,,,,,
,,1,-0.454,-465,78,-1,4063,,,,,,,
,,1,-0.788,-807,78,-1,4064,,,,,,,
,,1,0.64,655,78,-1,4065,,,,,,,
,,1,-0.119,-122,78,-1,4066,,,,,,,
,,1,-1.343,-1375,78,-1,4067,,,,,,,
,,7,-1.034,-1059,79,497,4068,,,,,,,
,,1,-0.883,-904,79,-1,4069,,,,,,,
,,1,0.2,205,79,-1,4070,,,,,-61,09:42:00,872
,,1,-0.041,-42,79,-1,4071,,,,,,,
,,1,-1.781,-1824,79,-1,4072,,,,,,,
,,1,-1.274,-1305,79,-1,4073,,,,,,,
,,1,-0.291,-298,79,-1,4074,,,,,,,
,,1,-0.553,-566,79,-1,4075,,,,,,,
,,1,-1.797,-1840,79,-1,4076,,,,,,,
,,1,-1.088,-1114,79,-1,4077,,,,,,,
,,1,0.465,476,79,-1,4078,,,,,,,
,,1,-1.168,-1196,79,-1,4079,,,,,,,
,,1,-1.981,-2029,79,-1,4080,,,,,-61,09:42:01,086
,,1,-0.971,-994,79,-1,4081,,,,,,,
,,1,-0.131,-134,79,-1,4082,,,,,,,
,,1,-1.135,-1162,79,-1,4083,,,,,,,
,,1,-0.779,-798,79,-1,4084,,,,,,,
,,1,-0.207,-212,79,-1,4085,,,,,,,
,,1,-0.012,-12,79,-1,4086,,,,,,,
,,1,-0.693,-710,79,-1,4087,,,,,,,
,,1,-0.964,-987,79,-1,4088,,,,,,,
,,1,0.255,261,79,-1,4089,,,,,,,
52.3550025,4.8060179,1,0.188,193,79,-1,4090,57,1,6,43,-61,09:42:01,291
,,1,-0.313,-321,79,-1,4091,,,,,,,
,,1,0.523,536,79,-1,4092,,,,,,,
,,1,0.271,277,79,-1,4093,,,,,,,
,,1,0.181,185,79,-1,4094,,,,,,,
,,1,0.431,441,79,-1,4095,,,,,,,
,,1,0.553,566,79,-1,4096,,,,,,,
,,7,0.621,636,80,833,4097,,,,,,,
,,1,1.316,1348,80,-1,4098,,,,,,,
,,1,1.729,1771,80,-1,4099,,,,,,,
,,1,1.487,1523,80,-1,4100,,,,,-61,09:42:01,475
,,1,0.543,556,80,-1,4101,,,,,,,
,,1,0.673,689,80,-1,4102,,,,,,,
,,1,1.003,1027,80,-1,4103,,,,,,,
,,1,1.176,1204,80,-1,4104,,,,,,,
,,1,1.04,1065,80,-1,4105,,,,,,,
,,1,0.667,683,80,-1,4106,,,,,,,
,,1,1.657,1697,80,-1,4107,,,,,,,
,,1,0.47,481,80,-1,4108,,,,,,,
,,1,0.291,298,80,-1,4109,,,,,,,
52.3550042,4.8060173,1,1.124,1151,80,-1,4110,348,1,6,43,-57,09:42:01,683
,,1,0.946,969,80,-1,4111,,,,,,,
,,1,0.225,230,80,-1,4112,,,,,,,
,,1,0.554,567,80,-1,4113,,,,,,,
,,1,0.448,459,80,-1,4114,,,,,,,
,,1,0.292,299,80,-1,4115,,,,,,,
,,1,0.034,35,80,-1,4116,,,,,,,
,,1,0.215,220,80,-1,4117,,,,,,,
,,1,-0.995,-1019,80,-1,4118,,,,,,,
,,1,-1.247,-1277,80,-1,4119,,,,,,,
,,7,-0.201,-206,81,900,4120,,,,,-57,09:42:01,882
,,1,0.027,28,81,-1,4121,,,,,,,
,,1,-0.576,-590,81,-1,4122,,,,,,,
,,1,-1.658,-1698,81,-1,4123,,,,,,,
,,1,-1.633,-1672,81,-1,4124,,,,,,,
,,1,-0.223,-228,81,-1,4125,,,,,,,
,,1,-1.41,-1444,81,-1,4126,,,,,,,
,,1,-1.354,-1386,81,-1,4127,,,,,,,
,,1,-0.446,-457,81,-1,4128,,,,,,,
,,1,-0.431,-441,81,-1,4129,,,,,,,
,,1,-1.501,-1537,81,-1,4130,,,,,-57,09:42:02,074
,,1,-1.191,-1220,81,-1,4131,,,,,,,
,,1,-0.862,-883,81,-1,4132,,,,,,,
,,1,-0.878,-899,81,-1,4133,,,,,,,
,,1,-0.461,-472,81,-1,4134,,,,,,,
,,1,-0.646,-661,81,-1,4135,,,,,,,
,,1,-0.872,-893,81,-1,4136,,,,,,,
,,1,-0.546,-559,81,-1,4137,,,,,,,
,,1,-0.063,-65,81,-1,4138,,,,,,,
,,1,-0.207,-212,81,-1,4139,,,,,,,
,,1,-0.476,-487,81,-1,4140,,,,,-57,09:42:02,290
,,1,0.086,88,81,-1,4141,,,,,,,
,,1,0.072,74,81,-1,4142,,,,,,,
,,1,-0.391,-400,81,-1,4143,,,,,,,
,,1,-0.112,-115,81,-1,4144,,,,,,,
,,1,0.468,479,81,-1,4145,,,,,,,
,,1,0.298,305,81,-1,4146,,,,,,,
,,1,1.167,1195,81,-1,4147,,,,,,,
,,7,1.312,1343,82,970,4148,,,,,,,
,,1,0.518,530,82,-1,4149,,,,,,,
,,1,0.41,420,82,-1,4150,,,,,-57,09:42:02,483
,,1,1.621,1660,82,-1,4151,,,,,,,
,,1,2.045,2094,82,-1,4152,,,,,,,
,,1,0.891,912,82,-1,4153,,,,,,,
,,1,1.526,1563,82,-1,4154,,,,,,,
,,1,0.692,709,82,-1,4155,,,,,,,
,,1,-0.623,-638,82,-1,4156,,,,,,,
,,1,0.116,119,82,-1,4157,,,,,,,
,,1,1.675,1715,82,-1,4158,,,,,,,
,,1,2.381,2438,82,-1,4159,,,,,,,
52.3550067,4.8060152,1,2.158,2210,82,-1,4160,277,2,6,43,-57,09:42:02,690
,,1,0.229,235,82,-1,4161,,,,,,,
,,1,-0.27,-276,82,-1,4162,,,,,,,
,,1,1.917,1963,82,-1,4163,,,,,,,
,,1,0.975,998,82,-1,4164,,,,,,,
,,1,0.438,448,82,-1,4165,,,,,,,
,,1,0.964,987,82,-1,4166,,,,,,,
,,1,0.159,163,82,-1,4167,,,,,,,
,,1,-0.104,-106,82,-1,4168,,,,,,,
,,1,0.516,528,82,-1,4169,,,,,,,
,,1,0.196,201,82,-1,4170,,,,,-57,09:42:02,888
,,1,-0.175,-179,82,-1,4171,,,,,,,
,,1,-0.089,-91,82,-1,4172,,,,,,,
,,1,-0.603,-617,82,-1,4173,,,,,,,
,,1,-0.85,-870,82,-1,4174,,,,,,,
,,7,-0.474,-485,83,943,4175,,,,,,,
,,1,0.095,97,83,-1,4176,,,,,,,
,,1,-0.231,-237,83,-1,4177,,,,,,,
,,1,-0.768,-786,83,-1,4178,,,,,,,
,,1,-1.331,-1363,83,-1,4179,,,,,,,
,,1,-0.868,-889,83,-1,4180,,,,,-57,09:42:03,078
,,1,-0.479,-491,83,-1,4181,,,,,,,
,,1,-0.938,-961,83,-1,4182,,,,,,,
,,1,-0.867,-888,83,-1,4183,,,,,,,
,,1,-0.546,-559,83,-1,4184,,,,,,,
,,1,-0.956,-979,83,-1,4185,,,,,,,
,,1,-1.457,-1492,83,-1,4186,,,,,,,
,,1,-1.716,-1757,83,-1,4187,,,,,,,
,,1,-1.268,-1298,83,-1,4188,,,,,,,
,,1,-1.042,-1067,83,-1,4189,,,,,,,
,,1,-0.652,-668,83,-1,4190,,,,,-57,09:42:03,279
,,1,-0.391,-400,83,-1,4191,,,,,,,
,,1,-0.665,-681,83,-1,4192,,,,,,,
,,1,-1.268,-1298,83,-1,4193,,,,,,,
,,1,-0.903,-925,83,-1,4194,,,,,,,
,,1,-0.485,-497,83,-1,4195,,,,,,,
,,1,-0.442,-453,83,-1,4196,,,,,,,
,,1,-0.563,-577,83,-1,4197,,,,,,,
,,1,-0.531,-544,83,-1,4198,,,,,,,
,,1,-0.518,-530,83,-1,4199,,,,,,,
,,1,-0.735,-753,83,-1,4200,,,,,-57,09:42:03,475
,,1,-0.281,-288,83,-1,4201,,,,,,,
,,1,-0.177,-181,83,-1,4202,,,,,,,
,,1,-0.228,-233,83,-1,4203,,,,,,,
,,1,0.026,27,83,-1,4204,,,,,,,
,,1,-0.004,-4,83,-1,4205,,,,,,,
,,1,0.201,206,83,-1,4206,,,,,,,
,,1,0.206,211,83,-1,4207,,,,,,,
,,1,0.237,243,83,-1,4208,,,,,,,
,,1,0.416,426,83,-1,4209,,,,,,,
,,1,0.596,610,83,-1,4210,,,,,-57,09:42:03,683
,,1,0.438,449,83,-1,4211,,,,,,,
,,7,0.553,566,84,840,4212,,,,,,,
,,1,0.693,710,84,-1,4213,,,,,,,
,,1,0.582,596,84,-1,4214,,,,,,,
,,1,0.787,806,84,-1,4215,,,,,,,
,,1,0.978,1001,84,-1,4216,,,,,,,
,,1,0.732,750,84,-1,4217,,,,,,,
,,1,0.654,670,84,-1,4218,,,,,,,
,,1,0.725,742,84,-1,4219,,,,,,,
52.3550048,4.8060074,1,0.841,861,84,-1,4220,238,3,5,43,-57,09:42:03,877
,,1,0.896,917,84,-1,4221,,,,,,,
,,1,1.074,1100,84,-1,4222,,,,,,,
,,1,1.412,1446,84,-1,4223,,,,,,,
,,1,1.346,1378,84,-1,4224,,,,,,,
,,1,0.824,844,84,-1,4225,,,,,,,
,,1,0.614,629,84,-1,4226,,,,,,,
,,1,0.847,867,84,-1,4227,,,,,,,
,,1,0.896,917,84,-1,4228,,,,,,,
,,1,0.938,961,84,-1,4229,,,,,,,
,,1,0.881,902,84,-1,4230,,,,,-57,09:42:04,071
,,1,0.522,535,84,-1,4231,,,,,,,
,,1,0.261,267,84,-1,4232,,,,,,,
,,1,0.27,276,84,-1,4233,,,,,,,
,,1,0.559,572,84,-1,4234,,,,,,,
,,1,0.599,613,84,-1,4235,,,,,,,
,,1,0.439,450,84,-1,4236,,,,,,,
,,1,0.469,480,84,-1,4237,,,,,,,
,,1,0.229,235,84,-1,4238,,,,,,,
,,1,0.195,200,84,-1,4239,,,,,,,
,,1,0.06,61,84,-1,4240,,,,,-57,09:42:04,290
,,1,0.032,33,84,-1,4241,,,,,,,
,,1,-0.742,-760,84,-1,4242,,,,,,,
,,1,-0.208,-213,84,-1,4243,,,,,,,
,,1,0.474,485,84,-1,4244,,,,,,,
,,1,-0.184,-188,84,-1,4245,,,,,,,
,,1,-0.798,-817,84,-1,4246,,,,,,,
,,1,-0.342,-350,84,-1,4247,,,,,,,
,,1,-0.049,-50,84,-1,4248,,,,,,,
,,1,-0.665,-681,84,-1,4249,,,,,,,
,,7,-1.092,-1118,85,719,4250,,,,,-57,09:42:04,476
,,1,-1.11,-1137,85,-1,4251,,,,,,,
,,1,-0.948,-971,85,-1,4252,,,,,,,
,,1,-0.896,-917,85,-1,4253,,,,,,,
,,1,-0.955,-978,85,-1,4254,,,,,,,
,,1,-0.762,-780,85,-1,4255,,,,,,,
,,1,-0.638,-653,85,-1,4256,,,,,,,
,,1,-0.552,-565,85,-1,4257,,,,,,,
,,1,-0.714,-731,85,-1,4258,,,,,,,
,,1,-1.143,-1170,85,-1,4259,,,,,,,
52.354999,4.8059967,1,-1.294,-1325,85,-1,4260,231,4,5,43,-57,09:42:04,668
,,1,-1.164,-1192,85,-1,4261,,,,,,,
,,1,-0.596,-610,85,-1,4262,,,,,,,
,,1,-0.743,-761,85,-1,4263,,,,,,,
,,1,-1.287,-1318,85,-1,4264,,,,,,,
,,1,-1.2,-1229,85,-1,4265,,,,,,,
,,1,-0.735,-753,85,-1,4266,,,,,,,
,,1,-0.753,-771,85,-1,4267,,,,,,,
,,1,-1.08,-1106,85,-1,4268,,,,,,,
,,1,-0.492,-504,85,-1,4269,,,,,,,
,,1,-0.328,-336,85,-1,4270,,,,,-57,09:42:04,878
,,1,-0.931,-953,85,-1,4271,,,,,,,
,,1,-0.907,-929,85,-1,4272,,,,,,,
,,1,0.568,582,85,-1,4273,,,,,,,
,,1,-1.11,-1137,85,-1,4274,,,,,,,
,,1,0.005,5,85,-1,4275,,,,,,,
,,1,-0.104,-107,85,-1,4276,,,,,,,
,,1,-0.263,-269,85,-1,4277,,,,,,,
,,1,0.117,120,85,-1,4278,,,,,,,
,,1,0.364,373,85,-1,4279,,,,,,,
,,1,-0.008,-8,85,-1,4280,,,,,-57,09:42:05,081
,,1,0.11,113,85,-1,4281,,,,,,,
,,1,0.141,144,85,-1,4282,,,,,,,
,,1,0.5,512,85,-1,4283,,,,,,,
,,1,0.927,949,85,-1,4284,,,,,,,
,,7,0.814,834,86,675,4285,,,,,,,
,,1,0.591,605,86,-1,4286,,,,,,,
,,1,1.078,1104,86,-1,4287,,,,,,,
,,1,0.762,780,86,-1,4288,,,,,,,
,,1,0.239,245,86,-1,4289,,,,,,,
,,1,0.74,758,86,-1,4290,,,,,-58,09:42:05,272
,,1,0.732,750,86,-1,4291,,,,,,,
,,1,0.792,811,86,-1,4292,,,,,,,
,,1,1.373,1406,86,-1,4293,,,,,,,
,,1,1.657,1697,86,-1,4294,,,,,,,
,,1,0.777,796,86,-1,4295,,,,,,,
,,1,0.393,402,86,-1,4296,,,,,,,
,,1,0.841,861,86,-1,4297,,,,,,,
,,1,1.004,1028,86,-1,4298,,,,,,,
,,1,1.061,1086,86,-1,4299,,,,,,,
,,1,1.227,1256,86,-1,4300,,,,,-58,09:42:05,487
,,1,1.322,1354,86,-1,4301,,,,,,,
,,1,0.928,950,86,-1,4302,,,,,,,
,,1,0.67,686,86,-1,4303,,,,,,,
,,1,0.757,775,86,-1,4304,,,,,,,
,,1,0.619,634,86,-1,4305,,,,,,,
,,1,0.188,192,86,-1,4306,,,,,,,
,,1,0.355,364,86,-1,4307,,,,,,,
,,1,0.914,936,86,-1,4308,,,,,,,
,,1,0.543,556,86,-1,4309,,,,,,,
52.3549898,4.8059785,1,0.064,66,86,-1,4310,235,5,5,43,-58,09:42:05,673
,,1,0.309,316,86,-1,4311,,,,,,,
,,1,0.549,562,86,-1,4312,,,,,,,
,,1,-0.173,-177,86,-1,4313,,,,,,,
,,1,-0.246,-252,86,-1,4314,,,,,,,
,,1,-0.048,-49,86,-1,4315,,,,,,,
,,1,0.105,108,86,-1,4316,,,,,,,
,,1,0.037,38,86,-1,4317,,,,,,,
,,1,-0.155,-159,86,-1,4318,,,,,,,
,,1,-0.183,-187,86,-1,4319,,,,,,,
,,1,-0.809,-828,86,-1,4320,,,,,-58,09:42:05,872
,,7,-1.074,-1100,87,694,4321,,,,,,,
,,1,-1.027,-1052,87,-1,4322,,,,,,,
,,1,-1.129,-1156,87,-1,4323,,,,,,,
,,1,-1.024,-1049,87,-1,4324,,,,,,,
,,1,-0.217,-222,87,-1,4325,,,,,,,
,,1,-0.33,-338,87,-1,4326,,,,,,,
,,1,-1.587,-1625,87,-1,4327,,,,,,,
,,1,-1.421,-1455,87,-1,4328,,,,,,,
,,1,-0.509,-521,87,-1,4329,,,,,,,
,,1,-0.035,-36,87,-1,4330,,,,,-58,09:42:06,083
,,1,-0.343,-351,87,-1,4331,,,,,,,
,,1,-1.264,-1294,87,-1,4332,,,,,,,
,,1,-1.06,-1085,87,-1,4333,,,,,,,
,,1,-1.38,-1413,87,-1,4334,,,,,,,
,,1,-0.889,-910,87,-1,4335,,,,,,,
,,1,-0.351,-359,87,-1,4336,,,,,,,
,,1,-0.778,-797,87,-1,4337,,,,,,,
,,1,-1.378,-1411,87,-1,4338,,,,,,,
,,1,-0.842,-862,87,-1,4339,,,,,,,
,,1,-0.642,-657,87,-1,4340,,,,,-58,09:42:06,277
,,1,-0.396,-405,87,-1,4341,,,,,,,
,,1,-0.028,-29,87,-1,4342,,,,,,,
,,1,-0.027,-28,87,-1,4343,,,,,,,
,,1,-0.795,-814,87,-1,4344,,,,,,,
,,1,-0.448,-459,87,-1,4345,,,,,,,
,,1,-0.135,-138,87,-1,4346,,,,,,,
,,1,-0.189,-194,87,-1,4347,,,,,,,
,,1,-0.022,-23,87,-1,4348,,,,,,,
,,1,0.283,290,87,-1,4349,,,,,,,
,,1,0.37,379,87,-1,4350,,,,,-58,09:42:06,477
,,1,0.293,300,87,-1,4351,,,,,,,
,,1,0.593,607,87,-1,4352,,,,,,,
,,1,0.176,180,87,-1,4353,,,,,,,
,,1,0.56,573,87,-1,4354,,,,,,,
,,7,0.752,770,88,709,4355,,,,,,,
,,1,0.46,471,88,-1,4356,,,,,,,
,,1,0.298,305,88,-1,4357,,,,,,,
,,1,0.787,806,88,-1,4358,,,,,,,
,,1,1.815,1859,88,-1,4359,,,,,,,
52.354982,4.8059573,1,1.436,1470,88,-1,4360,244,5,5,43,-58,09:42:06,680
,,1,0.17,174,88,-1,4361,,,,,,,
,,1,1.121,1148,88,-1,4362,,,,,,,
,,1,1.266,1296,88,-1,4363,,,,,,,
,,1,0.639,654,88,-1,4364,,,,,,,
,,1,0.913,935,88,-1,4365,,,,,,,
,,1,1.763,1805,88,-1,4366,,,,,,,
,,1,0.834,854,88,-1,4367,,,,,,,
,,1,0.004,4,88,-1,4368,,,,,,,
,,1,1.104,1131,88,-1,4369,,,,,,,
,,1,0.98,1004,88,-1,4370,,,,,-58,09:42:06,890
,,1,0.677,693,88,-1,4371,,,,,,,
,,1,1.26,1290,88,-1,4372,,,,,,,
,,1,1.213,1242,88,-1,4373,,,,,,,
,,1,0.07,72,88,-1,4374,,,,,,,
,,1,0.165,169,88,-1,4375,,,,,,,
,,1,0.664,680,88,-1,4376,,,,,,,
,,1,0.657,673,88,-1,4377,,,,,,,
,,1,-0.106,-109,88,-1,4378,,,,,,,
,,1,-0.528,-541,88,-1,4379,,,,,,,
,,1,-0.019,-19,88,-1,4380,,,,,-56,09:42:07,076
,,1,1.256,1286,88,-1,4381,,,,,,,
,,1,-0.036,-37,88,-1,4382,,,,,,,
,,1,-0.625,-640,88,-1,4383,,,,,,,
,,1,-0.089,-91,88,-1,4384,,,,,,,
,,1,-0.76,-778,88,-1,4385,,,,,,,
,,7,-1.15,-1178,89,740,4386,,,,,,,
,,1,-0.084,-86,89,-1,4387,,,,,,,
,,1,0.368,377,89,-1,4388,,,,,,,
,,1,-0.17,-174,89,-1,4389,,,,,,,
,,1,-2.729,-2794,89,-1,4390,,,,,-56,09:42:07,305
,,1,-1.455,-1490,89,-1,4391,,,,,,,
,,1,-0.854,-875,89,-1,4392,,,,,,,
,,1,-2.282,-2337,89,-1,4393,,,,,,,
,,1,0.178,182,89,-1,4394,,,,,,,
,,1,0.336,344,89,-1,4395,,,,,,,
,,1,-1.545,-1582,89,-1,4396,,,,,,,
,,1,-2.258,-2312,89,-1,4397,,,,,,,
,,1,-0.43,-440,89,-1,4398,,,,,,,
,,1,-0.754,-772,89,-1,4399,,,,,,,
,,1,-1.183,-1211,89,-1,4400,,,,,-56,09:42:07,481
,,1,0.043,44,89,-1,4401,,,,,,,
,,1,-0.691,-708,89,-1,4402,,,,,,,
,,1,-1.29,-1321,89,-1,4403,,,,,,,
,,1,-1.627,-1666,89,-1,4404,,,,,,,
,,1,-1.396,-1429,89,-1,4405,,,,,,,
,,1,0.077,79,89,-1,4406,,,,,,,
,,1,-0.475,-486,89,-1,4407,,,,,,,
,,1,-0.43,-440,89,-1,4408,,,,,,,
,,1,-0.213,-218,89,-1,4409,,,,,,,
,,1,0.096,98,89,-1,4410,,,,,-56,09:42:07,675
,,1,0.108,111,89,-1,4411,,,,,,,
,,1,0.332,340,89,-1,4412,,,,,,,
,,1,0.569,583,89,-1,4413,,,,,,,
,,1,0.308,315,89,-1,4414,,,,,,,
,,1,0.201,206,89,-1,4415,,,,,,,
,,1,0.925,947,89,-1,4416,,,,,,,
,,7,1.309,1340,90,787,4417,,,,,,,
,,1,0.477,488,90,-1,4418,,,,,,,
,,1,0.444,455,90,-1,4419,,,,,,,
52.3549777,4.8059294,1,0.879,900,90,-1,4420,251,6,5,43,-56,09:42:07,880
,,1,1.653,1693,90,-1,4421,,,,,,,
,,1,0.471,482,90,-1,4422,,,,,,,
,,1,0.712,729,90,-1,4423,,,,,,,
,,1,1.187,1215,90,-1,4424,,,,,,,
,,1,0.87,891,90,-1,4425,,,,,,,
,,1,0.845,865,90,-1,4426,,,,,,,
,,1,0.981,1005,90,-1,4427,,,,,,,
,,1,0.807,826,90,-1,4428,,,,,,,
,,1,0.044,45,90,-1,4429,,,,,,,
,,1,0.467,478,90,-1,4430,,,,,-56,09:42:08,088
,,1,1.355,1388,90,-1,4431,,,,,,,
,,1,1.164,1192,90,-1,4432,,,,,,,
,,1,0.58,594,90,-1,4433,,,,,,,
,,1,0.881,902,90,-1,4434,,,,,,,
,,1,0.585,599,90,-1,4435,,,,,,,
,,1,0.222,227,90,-1,4436,,,,,,,
,,1,1.084,1110,90,-1,4437,,,,,,,
,,1,0.996,1020,90,-1,4438,,,,,,,
,,1,0.142,145,90,-1,4439,,,,,,,
,,1,0.472,483,90,-1,4440,,,,,-56,09:42:08,277
,,1,0.754,772,90,-1,4441,,,,,,,
,,1,0.416,426,90,-1,4442,,,,,,,
,,1,0.232,238,90,-1,4443,,,,,,,
,,1,0.314,322,90,-1,4444,,,,,,,
,,1,0.303,310,90,-1,4445,,,,,,,
,,1,0.116,119,90,-1,4446,,,,,,,
,,1,0.052,53,90,-1,4447,,,,,,,
,,1,0.287,294,90,-1,4448,,,,,,,
,,1,0.068,70,90,-1,4449,,,,,,,
,,1,-0.006,-6,90,-1,4450,,,,,-56,09:42:08,482
,,1,-0.07,-72,90,-1,4451,,,,,,,
,,1,0.056,57,90,-1,4452,,,,,,,
,,1,-0.074,-76,90,-1,4453,,,,,,,
,,1,-0.099,-101,90,-1,4454,,,,,,,
,,1,-0.146,-150,90,-1,4455,,,,,,,
,,1,-0.146,-149,90,-1,4456,,,,,,,
,,1,-0.091,-93,90,-1,4457,,,,,,,
,,1,0.102,104,90,-1,4458,,,,,,,
,,1,-0.183,-187,90,-1,4459,,,,,,,
52.354975,4.805904,1,-0.517,-529,90,-1,4460,253,6,5,43,-54,09:42:08,673
,,1,-0.269,-275,90,-1,4461,,,,,,,
,,1,0.42,430,90,-1,4462,,,,,,,
,,1,0.032,33,90,-1,4463,,,,,,,
,,1,-0.005,-5,90,-1,4464,,,,,,,
,,1,0.313,320,90,-1,4465,,,,,,,
,,1,0.37,379,90,-1,4466,,,,,,,
,,1,0.341,349,90,-1,4467,,,,,,,
,,1,0.434,444,90,-1,4468,,,,,,,
,,1,0.449,460,90,-1,4469,,,,,,,
,,1,0.246,252,90,-1,4470,,,,,-54,09:42:08,884
,,1,0.191,196,90,-1,4471,,,,,,,
,,1,0.249,255,90,-1,4472,,,,,,,
,,1,0.294,301,90,-1,4473,,,,,,,
,,1,0.101,103,90,-1,4474,,,,,,,
,,1,0.309,316,90,-1,4475,,,,,,,
,,1,0.202,207,90,-1,4476,,,,,,,
,,1,0.228,233,90,-1,4477,,,,,,,
,,1,0.181,185,90,-1,4478,,,,,,,
,,1,0.22,225,90,-1,4479,,,,,,,
,,1,0.158,162,90,-1,4480,,,,,-54,09:42:09,079
,,1,0.171,175,90,-1,4481,,,,,,,
,,1,0.119,122,90,-1,4482,,,,,,,
,,1,0.148,152,90,-1,4483,,,,,,,
,,1,0.136,139,90,-1,4484,,,,,,,
,,1,0.083,85,90,-1,4485,,,,,,,
,,1,0.105,108,90,-1,4486,,,,,,,
,,1,0.148,152,90,-1,4487,,,,,,,
,,1,0.132,135,90,-1,4488,,,,,,,
,,1,0.072,74,90,-1,4489,,,,,,,
52.354975,4.805904,1,0.146,149,90,-1,4490,253,6,5,43,-54,09:42:09,278
,,1,0.105,108,90,-1,4491,,,,,,,
,,1,0.114,117,90,-1,4492,,,,,,,
,,5,0.114,117,90,0,4493,,,,,,,
,,3,0.121,124,90,0,4494,,,,,,,
,,3,0.06,61,90,0,4495,,,,,,,
,,3,0.231,237,90,0,4496,,,,,,,
,,3,0.198,203,90,0,4497,,,,,,,
,,3,0.116,119,90,0,4498,,,,,,,
,,3,0.043,44,90,0,4499,,,,,,,
,,3,0.115,118,90,0,4500,,,,,-54,09:42:09,471
,,3,0.179,183,90,0,4501,,,,,,,
,,3,0.129,132,90,0,4502,,,,,,,
,,3,0.12,123,90,0,4503,,,,,,,
,,3,0.186,190,90,0,4504,,,,,,,
,,3,0.224,229,90,0,4505,,,,,,,
,,3,0.175,179,90,0,4506,,,,,,,
,,3,0.177,181,90,0,4507,,,,,,,
,,3,0.173,177,90,0,4508,,,,,,,
,,3,0.184,188,90,0,4509,,,,,,,
52.3549715,4.8058832,3,0.181,185,90,0,4510,258,5,5,43,-54,09:42:09,680
,,3,0.196,201,90,0,4511,,,,,,,
,,3,0.145,148,90,0,4512,,,,,,,
,,3,0.137,140,90,0,4513,,,,,,,
,,3,0.139,142,90,0,4514,,,,,,,
,,3,0.145,148,90,0,4515,,,,,,,
,,3,0.107,110,90,0,4516,,,,,,,
,,3,0.106,109,90,0,4517,,,,,,,
,,3,0.099,101,90,0,4518,,,,,,,
,,3,0.099,101,90,0,4519,,,,,,,
,,3,0.047,48,90,0,4520,,,,,-54,09:42:09,880
,,3,0.014,14,90,0,4521,,,,,,,
,,3,-0.015,-15,90,0,4522,,,,,,,
,,3,0.019,19,90,0,4523,,,,,,,
,,3,-0.035,-36,90,0,4524,,,,,,,
,,3,-0.058,-59,90,0,4525,,,,,,,
,,3,-0.068,-70,90,0,4526,,,,,,,
,,3,-0.079,-81,90,0,4527,,,,,,,
,,3,-0.081,-83,90,0,4528,,,,,,,
,,3,-0.146,-149,90,0,4529,,,,,,,
,,3,-0.217,-222,90,0,4530,,,,,-54,09:42:10,070
,,3,-0.193,-198,90,0,4531,,,,,,,
,,3,-0.183,-187,90,0,4532,,,,,,,
,,3,-0.263,-269,90,0,4533,,,,,,,
,,3,-0.323,-331,90,0,4534,,,,,,,
,,3,-0.335,-343,90,0,4535,,,,,,,
,,3,-0.288,-295,90,0,4536,,,,,,,
,,3,-0.278,-285,90,0,4537,,,,,,,
,,3,-0.417,-427,90,0,4538,,,,,,,
,,3,-0.421,-431,90,0,4539,,,,,,,
,,3,-0.357,-366,90,0,4540,,,,,-54,09:42:10,281
,,3,-0.396,-406,90,0,4541,,,,,,,
,,3,-0.516,-528,90,0,4542,,,,,,,
,,3,-0.57,-584,90,0,4543,,,,,,,
,,3,-0.58,-594,90,0,4544,,,,,,,
,,3,-0.55,-563,90,0,4545,,,,,,,
,,3,-0.613,-628,90,0,4546,,,,,,,
,,3,-0.656,-672,90,0,4547,,,,,,,
,,3,-0.66,-676,90,0,4548,,,,,,,
,,3,-0.638,-653,90,0,4549,,,,,,,
,,3,-0.654,-670,90,0,4550,,,,,-51,09:42:10,479
,,3,-0.625,-640,90,0,4551,,,,,,,
,,3,-0.665,-681,90,0,4552,,,,,,,
,,3,-0.716,-733,90,0,4553,,,,,,,
,,3,-0.794,-813,91,0,4554,,,,,,,
,,3,-0.842,-862,91,0,4555,,,,,,,
,,3,-0.868,-889,91,0,4556,,,,,,,
,,3,-0.993,-1017,91,0,4557,,,,,,,
,,3,-1.063,-1088,91,0,4558,,,,,,,
,,3,-0.871,-892,91,0,4559,,,,,,,
52.3549703,4.805867,3,-0.758,-776,91,0,4560,266,4,5,43,-51,09:42:10,671
,,3,-0.812,-831,91,0,4561,,,,,,,
,,3,-0.924,-946,91,0,4562,,,,,,,
,,3,-1.298,-1329,91,0,4563,,,,,,,
,,3,-1.221,-1250,91,0,4564,,,,,,,
,,3,-1.144,-1171,91,0,4565,,,,,,,
,,3,-0.931,-953,91,0,4566,,,,,,,
,,3,-0.857,-878,91,0,4567,,,,,,,
,,3,-0.925,-947,91,0,4568,,,,,,,
,,3,-0.956,-979,91,0,4569,,,,,,,
,,3,-0.971,-994,91,0,4570,,,,,-51,09:42:10,878
,,3,-0.963,-986,91,0,4571,,,,,,,
,,3,-0.894,-915,91,0,4572,,,,,,,
,,3,-0.895,-916,91,0,4573,,,,,,,
,,3,-0.849,-869,91,0,4574,,,,,,,
,,3,-0.779,-798,91,0,4575,,,,,,,
,,3,-0.85,-870,91,0,4576,,,,,,,
,,3,-0.917,-939,91,0,4577,,,,,,,
,,3,-0.855,-876,91,0,4578,,,,,,,
,,3,-0.79,-809,91,0,4579,,,,,,,
,,3,-0.862,-883,91,0,4580,,,,,-51,09:42:11,095
,,3,-0.913,-935,91,0,4581,,,,,,,
,,3,-0.82,-840,91,0,4582,,,,,,,
,,3,-0.761,-779,91,0,4583,,,,,,,
,,3,-0.68,-696,91,0,4584,,,,,,,
,,3,-0.526,-539,91,0,4585,,,,,,,
,,3,-0.537,-550,91,0,4586,,,,,,,
,,3,-0.494,-506,91,0,4587,,,,,,,
,,3,-0.501,-513,91,0,4588,,,,,,,
,,3,-0.485,-497,91,0,4589,,,,,,,
,,3,-0.415,-425,91,0,4590,,,,,-51,09:42:11,267
,,3,-0.348,-356,91,0,4591,,,,,,,
,,3,-0.291,-298,91,0,4592,,,,,,,
,,3,-0.228,-233,91,0,4593,,,,,,,
,,3,-0.18,-184,91,0,4594,,,,,,,
,,3,-0.116,-119,91,0,4595,,,,,,,
,,3,-0.064,-66,91,0,4596,,,,,,,
,,3,0.08,82,91,0,4597,,,,,,,
,,3,0.253,259,91,0,4598,,,,,,,
,,3,0.085,87,91,0,4599,,,,,,,
52.3549686,4.8058535,3,0.065,67,91,0,4600,274,4,6,43,-51,09:42:11,505
,,3,0.155,159,91,0,4601,,,,,,,
,,3,0.522,535,91,0,4602,,,,,,,
,,3,0.216,221,91,0,4603,,,,,,,
,,3,0.357,366,91,0,4604,,,,,,,
,,3,0.403,413,91,0,4605,,,,,,,
,,3,0.39,399,91,0,4606,,,,,,,
,,7,0.654,670,92,263,4607,,,,,,,
,,1,0.737,755,92,-1,4608,,,,,,,
,,1,0.756,774,92,-1,4609,,,,,,,
,,1,0.825,845,92,-1,4610,,,,,-51,09:42:11,671
,,1,0.841,861,92,-1,4611,,,,,,,
,,1,1.001,1025,92,-1,4612,,,,,,,
,,1,0.832,852,92,-1,4613,,,,,,,
,,1,0.733,751,92,-1,4614,,,,,,,
,,1,0.687,703,92,-1,4615,,,,,,,
,,1,0.455,466,92,-1,4616,,,,,,,
,,1,0.556,569,92,-1,4617,,,,,,,
,,1,0.894,915,92,-1,4618,,,,,,,
,,1,2.143,2194,92,-1,4619,,,,,,,
,,1,2.06,2109,92,-1,4620,,,,,-51,09:42:11,874
,,1,0.782,801,92,-1,4621,,,,,,,
,,1,0.332,340,92,-1,4622,,,,,,,
,,1,0.421,431,92,-1,4623,,,,,,,
,,1,0.661,677,92,-1,4624,,,,,,,
,,1,1.075,1101,92,-1,4625,,,,,,,
,,1,1.426,1460,92,-1,4626,,,,,,,
,,1,1.352,1384,92,-1,4627,,,,,,,
,,1,-0.154,-158,92,-1,4628,,,,,,,
,,1,-0.071,-73,92,-1,4629,,,,,,,
,,1,1.12,1147,92,-1,4630,,,,,-69,09:42:12,122
,,1,1.604,1643,92,-1,4631,,,,,,,
,,1,1.022,1047,92,-1,4632,,,,,,,
,,1,0.288,295,92,-1,4633,,,,,,,
,,1,0.526,539,92,-1,4634,,,,,,,
,,1,0.507,519,92,-1,4635,,,,,,,
,,1,0.549,562,92,-1,4636,,,,,,,
,,1,0.507,519,92,-1,4637,,,,,,,
,,1,0.51,522,92,-1,4638,,,,,,,
,,1,0.579,593,92,-1,4639,,,,,,,
,,1,0.433,443,92,-1,4640,,,,,-69,09:42:12,272
,,1,-0.138,-141,92,-1,4641,,,,,,,
,,1,-0.162,-166,92,-1,4642,,,,,,,
,,1,0.116,119,92,-1,4643,,,,,,,
,,1,0.459,470,92,-1,4644,,,,,,,
,,1,-0.043,-44,92,-1,4645,,,,,,,
,,1,-0.071,-73,92,-1,4646,,,,,,,
,,1,-0.487,-499,92,-1,4647,,,,,,,
,,1,-0.683,-699,92,-1,4648,,,,,,,
,,1,0.06,61,92,-1,4649,,,,,,,
,,1,0.628,643,92,-1,4650,,,,,-69,09:42:12,467
,,1,-0.567,-581,92,-1,4651,,,,,,,
,,1,-1.173,-1201,92,-1,4652,,,,,,,
,,7,-0.293,-300,93,346,4653,,,,,,,
,,1,0.136,139,93,-1,4654,,,,,,,
,,1,-0.898,-920,93,-1,4655,,,,,,,
,,1,-0.902,-924,93,-1,4656,,,,,,,
,,1,-0.59,-604,93,-1,4657,,,,,,,
,,1,-1.565,-1603,93,-1,4658,,,,,,,
,,1,-1.661,-1701,93,-1,4659,,,,,,,
52.354974,4.8058403,1,-0.828,-848,93,-1,4660,324,4,6,43,-69,09:42:12,674
,,1,-0.11,-113,93,-1,4661,,,,,,,
,,1,-0.41,-420,93,-1,4662,,,,,,,
,,1,-1.372,-1405,93,-1,4663,,,,,,,
,,1,-1.461,-1496,93,-1,4664,,,,,,,
,,1,-1.072,-1098,93,-1,4665,,,,,,,
,,1,-0.589,-603,93,-1,4666,,,,,,,
,,1,-0.645,-660,93,-1,4667,,,,,,,
,,1,-0.957,-980,93,-1,4668,,,,,,,
,,1,-1.166,-1194,93,-1,4669,,,,,,,
,,1,-1.199,-1228,93,-1,4670,,,,,-69,09:42:12,870
,,1,-1.153,-1181,93,-1,4671,,,,,,,
,,1,-1.074,-1100,93,-1,4672,,,,,,,
,,1,-0.851,-871,93,-1,4673,,,,,,,
,,1,-0.523,-536,93,-1,4674,,,,,,,
,,1,-0.449,-460,93,-1,4675,,,,,,,
,,1,-0.554,-567,93,-1,4676,,,,,,,
,,1,-0.373,-382,93,-1,4677,,,,,,,
,,1,-0.448,-459,93,-1,4678,,,,,,,
,,1,-0.632,-647,93,-1,4679,,,,,,,
,,1,-0.454,-465,93,-1,4680,,,,,-69,09:42:13,100
,,1,-0.364,-373,93,-1,4681,,,,,,,
,,1,-0.168,-172,93,-1,4682,,,,,,,
,,1,-0.068,-70,93,-1,4683,,,,,,,
,,1,-0.133,-136,93,-1,4684,,,,,,,
,,1,0.016,16,93,-1,4685,,,,,,,
,,1,0.206,211,93,-1,4686,,,,,,,
,,1,0.302,309,93,-1,4687,,,,,,,
,,1,0.231,237,93,-1,4688,,,,,,,
,,1,0.203,208,93,-1,4689,,,,,,,
52.354974,4.8058403,1,0.343,351,93,-1,4690,324,4,6,43,-69,09:42:13,279
,,1,0.44,451,93,-1,4691,,,,,,,
,,1,0.373,382,93,-1,4692,,,,,,,
,,1,0.489,501,93,-1,4693,,,,,,,
,,7,0.607,622,94,537,4694,,,,,,,
,,1,0.915,937,94,-1,4695,,,,,,,
,,1,0.962,985,94,-1,4696,,,,,,,
,,1,0.929,951,94,-1,4697,,,,,,,
,,1,1.138,1165,94,-1,4698,,,,,,,
,,1,1.183,1211,94,-1,4699,,,,,,,
,,1,0.894,915,94,-1,4700,,,,,-69,09:42:13,499
,,1,0.573,587,94,-1,4701,,,,,,,
,,1,0.565,579,94,-1,4702,,,,,,,
,,1,0.888,909,94,-1,4703,,,,,,,
,,1,1.229,1259,94,-1,4704,,,,,,,
,,1,1.252,1282,94,-1,4705,,,,,,,
,,1,1.207,1236,94,-1,4706,,,,,,,
,,1,1.297,1328,94,-1,4707,,,,,,,
,,1,1.121,1148,94,-1,4708,,,,,,,
,,1,0.712,729,94,-1,4709,,,,,,,
52.3549804,4.8058312,1,0.437,447,94,-1,4710,302,4,6,43,-69,09:42:13,669
,,1,0.64,655,94,-1,4711,,,,,,,
,,1,0.834,854,94,-1,4712,,,,,,,
,,1,0.983,1007,94,-1,4713,,,,,,,
,,1,0.861,882,94,-1,4714,,,,,,,
,,1,0.649,665,94,-1,4715,,,,,,,
,,1,0.394,403,94,-1,4716,,,,,,,
,,1,0.325,333,94,-1,4717,,,,,,,
,,1,0.498,510,94,-1,4718,,,,,,,
,,1,0.667,683,94,-1,4719,,,,,,,
,,1,0.416,426,94,-1,4720,,,,,-69,09:42:13,878
,,1,0.125,128,94,-1,4721,,,,,,,
,,1,0.225,230,94,-1,4722,,,,,,,
,,1,0.282,289,94,-1,4723,,,,,,,
,,1,-0.133,-136,94,-1,4724,,,,,,,
,,1,-0.14,-143,94,-1,4725,,,,,,,
,,1,0.053,54,94,-1,4726,,,,,,,
,,1,0.044,45,94,-1,4727,,,,,,,
,,1,0.117,120,94,-1,4728,,,,,,,
,,1,0.187,191,94,-1,4729,,,,,,,
,,1,0.292,299,94,-1,4730,,,,,-69,09:42:14,077
,,1,-1.694,-1735,94,-1,4731,,,,,,,
,,7,-1.054,-1079,95,602,4732,,,,,,,
,,1,-0.182,-186,95,-1,4733,,,,,,,
,,1,-0.381,-390,95,-1,4734,,,,,,,
,,1,-0.163,-167,95,-1,4735,,,,,,,
,,1,-0.482,-494,95,-1,4736,,,,,,,
,,1,-1.054,-1079,95,-1,4737,,,,,,,
,,1,-1.291,-1322,95,-1,4738,,,,,,,
,,1,-0.901,-923,95,-1,4739,,,,,,,
,,1,-0.598,-612,95,-1,4740,,,,,-69,09:42:14,271
,,1,-0.375,-384,95,-1,4741,,,,,,,
,,1,-0.489,-501,95,-1,4742,,,,,,,
,,1,-0.666,-682,95,-1,4743,,,,,,,
,,1,-2.279,-2334,95,-1,4744,,,,,,,
,,1,-1.511,-1547,95,-1,4745,,,,,,,
,,1,-0.676,-692,95,-1,4746,,,,,,,
,,1,-0.661,-677,95,-1,4747,,,,,,,
,,1,-0.289,-296,95,-1,4748,,,,,,,
,,1,-0.693,-710,95,-1,4749,,,,,,,
,,1,-1.736,-1778,95,-1,4750,,,,,-69,09:42:14,495
,,1,-1.396,-1429,95,-1,4751,,,,,,,
,,1,-0.271,-278,95,-1,4752,,,,,,,
,,1,-0.563,-576,95,-1,4753,,,,,,,
,,1,-1.069,-1095,95,-1,4754,,,,,,,
,,1,-0.328,-336,95,-1,4755,,,,,,,
,,1,-0.328,-336,95,-1,4756,,,,,,,
,,1,-0.271,-277,95,-1,4757,,,,,,,
,,1,-0.248,-254,95,-1,4758,,,,,,,
,,1,-0.179,-183,95,-1,4759,,,,,,,
52.3549804,4.8058161,1,-0.385,-394,95,-1,4760,289,4,6,43,-69,09:42:14,690
,,1,-0.359,-368,95,-1,4761,,,,,,,
,,1,0.04,41,95,-1,4762,,,,,,,
,,1,0.063,64,95,-1,4763,,,,,,,
,,1,-0.179,-183,95,-1,4764,,,,,,,
,,1,0.699,716,95,-1,4765,,,,,,,
,,1,-0.334,-342,95,-1,4766,,,,,,,
,,1,0.534,547,95,-1,4767,,,,,,,
,,1,-0.208,-213,95,-1,4768,,,,,,,
,,1,0.318,326,95,-1,4769,,,,,,,
,,1,1.122,1149,95,-1,4770,,,,,-69,09:42:14,903
,,7,0.588,602,96,641,4771,,,,,,,
,,1,1.007,1031,96,-1,4772,,,,,,,
,,1,1.248,1278,96,-1,4773,,,,,,,
,,1,0.573,587,96,-1,4774,,,,,,,
,,1,0.605,620,96,-1,4775,,,,,,,
,,1,1.003,1027,96,-1,4776,,,,,,,
,,1,1.16,1188,96,-1,4777,,,,,,,
,,1,0.86,881,96,-1,4778,,,,,,,
,,1,0.868,889,96,-1,4779,,,,,,,
,,1,0.948,971,96,-1,4780,,,,,-69,09:42:15,099
,,1,0.529,542,96,-1,4781,,,,,,,
,,1,0.371,380,96,-1,4782,,,,,,,
,,1,1.479,1515,96,-1,4783,,,,,,,
,,1,1.716,1757,96,-1,4784,,,,,,,
,,1,0.822,842,96,-1,4785,,,,,,,
,,1,0.57,584,96,-1,4786,,,,,,,
,,1,1.109,1136,96,-1,4787,,,,,,,
,,1,0.993,1017,96,-1,4788,,,,,,,
,,1,0.681,697,96,-1,4789,,,,,,,
,,1,0.781,800,96,-1,4790,,,,,-69,09:42:15,292
,,1,1.062,1087,96,-1,4791,,,,,,,
,,1,0.641,656,96,-1,4792,,,,,,,
,,1,0.438,448,96,-1,4793,,,,,,,
,,1,0.473,484,96,-1,4794,,,,,,,
,,1,0.321,329,96,-1,4795,,,,,,,
,,1,0.478,489,96,-1,4796,,,,,,,
,,1,0.374,383,96,-1,4797,,,,,,,
,,1,0.321,329,96,-1,4798,,,,,,,
,,1,0.142,145,96,-1,4799,,,,,,,
,,1,0.248,254,96,-1,4800,,,,,-69,09:42:15,497
,,1,0.103,105,96,-1,4801,,,,,,,
,,1,-0.44,-451,96,-1,4802,,,,,,,
,,1,-0.375,-384,96,-1,4803,,,,,,,
,,1,-0.191,-196,96,-1,4804,,,,,,,
,,1,-0.299,-306,96,-1,4805,,,,,,,
,,1,-0.65,-666,96,-1,4806,,,,,,,
,,7,-0.997,-1021,97,657,4807,,,,,,,
,,1,-0.64,-655,97,-1,4808,,,,,,,
,,1,-0.441,-452,97,-1,4809,,,,,,,
52.3549796,4.8058,1,-0.513,-525,97,-1,4810,289,4,6,43,-64,09:42:15,696
,,1,-0.348,-356,97,-1,4811,,,,,,,
,,1,-0.179,-183,97,-1,4812,,,,,,,
,,1,-1.054,-1079,97,-1,4813,,,,,,,
,,1,-1.934,-1980,97,-1,4814,,,,,,,
,,1,-1.363,-1396,97,-1,4815,,,,,,,
,,1,-0.671,-687,97,-1,4816,,,,,,,
,,1,-0.051,-52,97,-1,4817,,,,,,,
,,1,-0.289,-296,97,-1,4818,,,,,,,
,,1,-1.205,-1234,97,-1,4819,,,,,,,
,,1,-1.851,-1895,97,-1,4820,,,,,-64,09:42:15,888
,,1,-0.868,-889,97,-1,4821,,,,,,,
,,1,0.005,5,97,-1,4822,,,,,,,
,,1,-1.172,-1200,97,-1,4823,,,,,,,
,,1,-1.075,-1101,97,-1,4824,,,,,,,
,,1,-0.77,-788,97,-1,4825,,,,,,,
,,1,-0.976,-999,97,-1,4826,,,,,,,
,,1,-1.187,-1215,97,-1,4827,,,,,,,
,,1,-0.638,-653,97,-1,4828,,,,,,,
,,1,-0.425,-435,97,-1,4829,,,,,,,
,,1,-0.755,-773,97,-1,4830,,,,,-64,09:42:16,099
,,1,-0.558,-571,97,-1,4831,,,,,,,
,,1,-0.289,-296,97,-1,4832,,,,,,,
,,1,-0.59,-604,97,-1,4833,,,,,,,
,,1,-0.359,-368,97,-1,4834,,,,,,,
,,1,-0.199,-204,97,-1,4835,,,,,,,
,,1,-0.288,-295,97,-1,4836,,,,,,,
,,1,-0.065,-67,97,-1,4837,,,,,,,
,,1,-0.077,-79,97,-1,4838,,,,,,,
,,1,0.08,82,97,-1,4839,,,,,,,
,,1,0.137,140,97,-1,4840,,,,,-64,09:42:16,296
,,1,0.104,107,97,-1,4841,,,,,,,
,,1,0.198,203,97,-1,4842,,,,,,,
,,1,0.474,485,97,-1,4843,,,,,,,
,,1,0.632,647,97,-1,4844,,,,,,,
,,1,0.457,468,97,-1,4845,,,,,,,
,,7,0.505,517,98,666,4846,,,,,,,
,,1,0.582,596,98,-1,4847,,,,,,,
,,1,1.085,1111,98,-1,4848,,,,,,,
,,1,1.015,1039,98,-1,4849,,,,,,,
,,1,0.535,548,98,-1,4850,,,,,-64,09:42:16,488
,,1,0.15,154,98,-1,4851,,,,,,,
,,1,0.694,711,98,-1,4852,,,,,,,
,,1,1.254,1284,98,-1,4853,,,,,,,
,,1,1.276,1307,98,-1,4854,,,,,,,
,,1,0.522,535,98,-1,4855,,,,,,,
,,1,0.814,834,98,-1,4856,,,,,,,
,,1,1.886,1931,98,-1,4857,,,,,,,
,,1,1.521,1558,98,-1,4858,,,,,,,
,,1,0.731,749,98,-1,4859,,,,,,,
52.3549782,4.8057822,1,0.567,581,98,-1,4860,280,4,6,43,-64,09:42:16,698
,,1,1.103,1129,98,-1,4861,,,,,,,
,,1,0.875,896,98,-1,4862,,,,,,,
,,1,0.969,992,98,-1,4863,,,,,,,
,,1,0.987,1011,98,-1,4864,,,,,,,
,,1,0.593,607,98,-1,4865,,,,,,,
,,1,0.572,586,98,-1,4866,,,,,,,
,,1,0.586,600,98,-1,4867,,,,,,,
,,1,0.827,847,98,-1,4868,,,,,,,
,,1,0.702,719,98,-1,4869,,,,,,,
,,1,0.601,615,98,-1,4870,,,,,-64,09:42:16,895
,,1,0.243,249,98,-1,4871,,,,,,,
,,1,-0.029,-30,98,-1,4872,,,,,,,
,,1,0.282,289,98,-1,4873,,,,,,,
,,1,0.416,426,98,-1,4874,,,,,,,
,,1,0.134,137,98,-1,4875,,,,,,,
,,1,-0.126,-129,98,-1,4876,,,,,,,
,,1,0.005,5,98,-1,4877,,,,,,,
,,1,0.086,88,98,-1,4878,,,,,,,
,,1,-0.062,-63,98,-1,4879,,,,,,,
,,1,-0.438,-449,98,-1,4880,,,,,-64,09:42:17,095
,,1,-0.432,-442,98,-1,4881,,,,,,,
,,1,-0.426,-436,98,-1,4882,,,,,,,
,,1,-0.509,-521,98,-1,4883,,,,,,,
,,7,-1.146,-1173,99,657,4884,,,,,,,
,,1,-1.06,-1085,99,-1,4885,,,,,,,
,,1,-0.612,-627,99,-1,4886,,,,,,,
,,1,-0.347,-355,99,-1,4887,,,,,,,
,,1,-0.104,-107,99,-1,4888,,,,,,,
,,1,-0.049,-50,99,-1,4889,,,,,,,
,,1,-0.632,-647,99,-1,4890,,,,,-65,09:42:17,302
,,1,-2.251,-2305,99,-1,4891,,,,,,,
,,1,-1.741,-1783,99,-1,4892,,,,,,,
,,1,-0.676,-692,99,-1,4893,,,,,,,
,,1,0.125,128,99,-1,4894,,,,,,,
,,1,0.003,3,99,-1,4895,,,,,,,
,,1,-0.95,-973,99,-1,4896,,,,,,,
,,1,-2.35,-2406,99,-1,4897,,,,,,,
,,1,-1.822,-1866,99,-1,4898,,,,,,,
,,1,0.109,112,99,-1,4899,,,,,,,
,,1,-0.509,-521,99,-1,4900,,,,,-65,09:42:17,492
,,1,0.058,59,99,-1,4901,,,,,,,
,,1,-0.784,-803,99,-1,4902,,,,,,,
,,1,-1.566,-1604,99,-1,4903,,,,,,,
,,1,-1.019,-1043,99,-1,4904,,,,,,,
,,1,-0.633,-648,99,-1,4905,,,,,,,
,,1,-0.657,-673,99,-1,4906,,,,,,,
,,1,-0.013,-13,99,-1,4907,,,,,,,
,,1,-0.49,-502,99,-1,4908,,,,,,,
,,1,-0.65,-666,99,-1,4909,,,,,,,
,,1,-0.202,-207,99,-1,4910,,,,,-65,09:42:17,687
,,1,-0.141,-144,99,-1,4911,,,,,,,
,,1,-0.377,-386,99,-1,4912,,,,,,,
,,1,0.104,107,99,-1,4913,,,,,,,
,,1,-0.225,-230,99,-1,4914,,,,,,,
,,1,0.156,160,99,-1,4915,,,,,,,
,,1,0.636,651,99,-1,4916,,,,,,,
,,1,0.64,655,99,-1,4917,,,,,,,
,,1,0.502,514,99,-1,4918,,,,,,,
,,7,0.548,561,100,666,4919,,,,,,,
52.3549735,4.8057596,1,0.44,451,100,-1,4920,269,4,7,43,-65,09:42:17,898
,,1,0.666,682,100,-1,4921,,,,,,,
,,1,0.389,398,100,-1,4922,,,,,,,
,,1,0.58,594,100,-1,4923,,,,,,,
,,1,0.926,948,100,-1,4924,,,,,,,
,,1,1.02,1044,100,-1,4925,,,,,,,
,,1,0.894,915,100,-1,4926,,,,,,,
,,1,1.249,1279,100,-1,4927,,,,,,,
,,1,1.063,1089,100,-1,4928,,,,,,,
,,1,0.711,728,100,-1,4929,,,,,,,
,,1,0.82,840,100,-1,4930,,,,,-65,09:42:18,101
,,1,1.179,1207,100,-1,4931,,,,,,,
,,1,1.033,1058,100,-1,4932,,,,,,,
,,1,0.676,692,100,-1,4933,,,,,,,
,,1,0.695,712,100,-1,4934,,,,,,,
,,1,1.044,1069,100,-1,4935,,,,,,,
,,1,1.174,1202,100,-1,4936,,,,,,,
,,1,0.918,940,100,-1,4937,,,,,,,
,,1,0.762,780,100,-1,4938,,,,,,,
,,1,0.641,656,100,-1,4939,,,,,,,
,,1,0.692,709,100,-1,4940,,,,,-65,09:42:18,285
,,1,0.93,952,100,-1,4941,,,,,,,
,,1,0.994,1018,100,-1,4942,,,,,,,
,,1,0.684,700,100,-1,4943,,,,,,,
,,1,0.442,453,100,-1,4944,,,,,,,
,,1,0.347,355,100,-1,4945,,,,,,,
,,1,0.526,539,100,-1,4946,,,,,,,
,,1,0.457,468,100,-1,4947,,,,,,,
,,1,0.365,374,100,-1,4948,,,,,,,
,,1,0.245,251,100,-1,4949,,,,,,,
,,1,0.019,19,100,-1,4950,,,,,-65,09:42:18,498
,,1,-0.139,-142,100,-1,4951,,,,,,,
,,1,-0.366,-375,100,-1,4952,,,,,,,
,,1,-0.402,-412,100,-1,4953,,,,,,,
,,1,-0.202,-207,100,-1,4954,,,,,,,
,,1,0.152,156,100,-1,4955,,,,,,,
,,1,-0.046,-47,100,-1,4956,,,,,,,
,,1,-0.444,-455,100,-1,4957,,,,,,,
,,1,-0.765,-783,100,-1,4958,,,,,,,
,,7,-0.575,-589,101,675,4959,,,,,,,
,,1,-0.684,-700,101,-1,4960,,,,,-65,09:42:18,700
,,1,-1.325,-1357,101,-1,4961,,,,,,,
,,1,-1.216,-1245,101,-1,4962,,,,,,,
,,1,-0.536,-549,101,-1,4963,,,,,,,
,,1,-0.253,-259,101,-1,4964,,,,,,,
,,1,-0.46,-471,101,-1,4965,,,,,,,
,,1,-0.81,-829,101,-1,4966,,,,,,,
,,1,-1.365,-1398,101,-1,4967,,,,,,,
,,1,-1.201,-1230,101,-1,4968,,,,,,,
,,1,-0.899,-921,101,-1,4969,,,,,,,
,,1,-0.774,-793,101,-1,4970,,,,,-65,09:42:18,889
,,1,-1.101,-1127,101,-1,4971,,,,,,,
,,1,-1.188,-1216,101,-1,4972,,,,,,,
,,1,-0.8,-819,101,-1,4973,,,,,,,
,,1,-0.691,-708,101,-1,4974,,,,,,,
,,1,-0.833,-853,101,-1,4975,,,,,,,
,,1,-0.987,-1011,101,-1,4976,,,,,,,
,,1,-0.96,-983,101,-1,4977,,,,,,,
,,1,-0.81,-829,101,-1,4978,,,,,,,
,,1,-0.627,-642,101,-1,4979,,,,,,,
,,1,-0.497,-509,101,-1,4980,,,,,-62,09:42:19,104
,,1,-0.435,-445,101,-1,4981,,,,,,,
,,1,-0.396,-406,101,-1,4982,,,,,,,
,,1,-0.42,-430,101,-1,4983,,,,,,,
,,1,-0.167,-171,101,-1,4984,,,,,,,
,,1,-0.2,-205,101,-1,4985,,,,,,,
,,1,-0.17,-174,101,-1,4986,,,,,,,
,,1,0.008,8,101,-1,4987,,,,,,,
,,1,-0.008,-8,101,-1,4988,,,,,,,
,,1,0.151,155,101,-1,4989,,,,,,,
,,1,0.037,38,101,-1,4990,,,,,-62,09:42:19,294
,,1,0.201,206,101,-1,4991,,,,,,,
,,1,0.325,333,101,-1,4992,,,,,,,
,,1,0.378,387,101,-1,4993,,,,,,,
,,1,0.722,739,101,-1,4994,,,,,,,
,,7,0.704,721,102,662,4995,,,,,,,
,,1,0.691,708,102,-1,4996,,,,,,,
,,1,0.658,674,102,-1,4997,,,,,,,
,,1,0.671,687,102,-1,4998,,,,,,,
,,1,0.755,773,102,-1,4999,,,,,,,
52.3549618,4.8057235,1,0.722,739,102,-1,5000,238,5,7,43,-62,09:42:19,489
,,1,0.611,626,102,-1,5001,,,,,,,
,,1,0.88,901,102,-1,5002,,,,,,,
,,1,1.253,1283,102,-1,5003,,,,,,,
,,1,1.477,1512,102,-1,5004,,,,,,,
,,1,1.219,1248,102,-1,5005,,,,,,,
,,1,0.774,793,102,-1,5006,,,,,,,
,,1,0.672,688,102,-1,5007,,,,,,,
,,1,0.764,782,102,-1,5008,,,,,,,
,,1,1.104,1131,102,-1,5009,,,,,,,
,,1,1.356,1389,102,-1,5010,,,,,-62,09:42:19,703
,,1,1.363,1396,102,-1,5011,,,,,,,
,,1,0.822,842,102,-1,5012,,,,,,,
,,1,0.584,598,102,-1,5013,,,,,,,
,,1,0.612,627,102,-1,5014,,,,,,,
,,1,0.558,571,102,-1,5015,,,,,,,
,,1,0.538,551,102,-1,5016,,,,,,,
,,1,0.622,637,102,-1,5017,,,,,,,
,,1,0.85,870,102,-1,5018,,,,,,,
,,1,0.556,569,102,-1,5019,,,,,,,
,,1,0.39,399,102,-1,5020,,,,,-62,09:42:19,895
,,1,0.429,439,102,-1,5021,,,,,,,
,,1,0.075,77,102,-1,5022,,,,,,,
,,1,0.071,73,102,-1,5023,,,,,,,
,,1,0.317,325,102,-1,5024,,,,,,,
,,1,0.269,275,102,-1,5025,,,,,,,
,,1,0.234,240,102,-1,5026,,,,,,,
,,1,-0.345,-353,102,-1,5027,,,,,,,
,,1,-1.034,-1059,102,-1,5028,,,,,,,
,,1,-0.868,-889,102,-1,5029,,,,,,,
,,7,-0.032,-33,103,680,5030,,,,,-62,09:42:20,136
,,1,0.264,270,103,-1,5031,,,,,,,
,,1,-0.573,-587,103,-1,5032,,,,,,,
,,1,-0.979,-1003,103,-1,5033,,,,,,,
,,1,-1.426,-1460,103,-1,5034,,,,,,,
,,1,-0.966,-989,103,-1,5035,,,,,,,
,,1,-0.684,-700,103,-1,5036,,,,,,,
,,1,-0.509,-521,103,-1,5037,,,,,,,
,,1,-0.638,-653,103,-1,5038,,,,,,,
,,1,-0.533,-546,103,-1,5039,,,,,,,
,,1,-0.85,-870,103,-1,5040,,,,,-62,09:42:20,300
,,1,-1.132,-1159,103,-1,5041,,,,,,,
,,1,-1.034,-1059,103,-1,5042,,,,,,,
,,1,-0.873,-894,103,-1,5043,,,,,,,
,,1,-0.967,-990,103,-1,5044,,,,,,,
,,1,-0.741,-759,103,-1,5045,,,,,,,
,,1,-0.466,-477,103,-1,5046,,,,,,,
,,1,-0.792,-811,103,-1,5047,,,,,,,
,,1,-1.23,-1260,103,-1,5048,,,,,,,
,,1,-1.156,-1184,103,-1,5049,,,,,,,
52.3549475,4.8057045,1,-0.907,-929,103,-1,5050,228,5,7,43,-62,09:42:20,499
,,1,-0.971,-994,103,-1,5051,,,,,,,
,,1,-1.094,-1120,103,-1,5052,,,,,,,
,,1,-0.962,-985,103,-1,5053,,,,,,,
,,1,-0.687,-703,103,-1,5054,,,,,,,
,,1,-0.622,-637,103,-1,5055,,,,,,,
,,1,-0.57,-584,103,-1,5056,,,,,,,
,,1,-0.513,-525,103,-1,5057,,,,,,,
,,1,-0.652,-668,103,-1,5058,,,,,,,
,,1,-0.489,-501,103,-1,5059,,,,,,,
,,1,-0.59,-604,103,-1,5060,,,,,-59,09:42:20,687
,,1,-0.289,-296,103,-1,5061,,,,,,,
,,1,-0.375,-384,103,-1,5062,,,,,,,
,,1,-0.188,-193,103,-1,5063,,,,,,,
,,1,-0.104,-106,103,-1,5064,,,,,,,
,,1,-0.117,-120,103,-1,5065,,,,,,,
,,1,0.115,118,103,-1,5066,,,,,,,
,,1,0.094,96,103,-1,5067,,,,,,,
,,1,0.258,264,103,-1,5068,,,,,,,
,,1,0.173,177,103,-1,5069,,,,,,,
,,1,0.142,145,103,-1,5070,,,,,-59,09:42:20,904
,,1,0.309,316,103,-1,5071,,,,,,,
,,1,0.386,395,103,-1,5072,,,,,,,
,,1,0.728,745,103,-1,5073,,,,,,,
,,7,0.867,888,104,666,5074,,,,,,,
,,1,0.841,861,104,-1,5075,,,,,,,
,,1,0.493,505,104,-1,5076,,,,,,,
,,1,0.459,470,104,-1,5077,,,,,,,
,,1,0.938,961,104,-1,5078,,,,,,,
,,1,1.109,1136,104,-1,5079,,,,,,,
,,1,0.799,818,104,-1,5080,,,,,-59,09:42:21,100
,,1,0.68,696,104,-1,5081,,,,,,,
,,1,0.845,865,104,-1,5082,,,,,,,
,,1,0.995,1019,104,-1,5083,,,,,,,
,,1,1.215,1244,104,-1,5084,,,,,,,
,,1,1.352,1384,104,-1,5085,,,,,,,
,,1,1.269,1299,104,-1,5086,,,,,,,
,,1,0.862,883,104,-1,5087,,,,,,,
,,1,0.636,651,104,-1,5088,,,,,,,
,,1,0.673,689,104,-1,5089,,,,,,,
,,1,1.03,1055,104,-1,5090,,,,,-59,09:42:21,295
,,1,1.244,1274,104,-1,5091,,,,,,,
,,1,0.985,1009,104,-1,5092,,,,,,,
,,1,0.609,624,104,-1,5093,,,,,,,
,,1,0.482,494,104,-1,5094,,,,,,,
,,1,0.583,597,104,-1,5095,,,,,,,
,,1,0.622,637,104,-1,5096,,,,,,,
,,1,1.02,1044,104,-1,5097,,,,,,,
,,1,0.815,835,104,-1,5098,,,,,,,
,,1,0.431,441,104,-1,5099,,,,,,,
,,1,0.374,383,104,-1,5100,,,,,-59,09:42:21,501
,,1,0.215,220,104,-1,5101,,,,,,,
,,1,0.429,439,104,-1,5102,,,,,,,
,,1,0.253,259,104,-1,5103,,,,,,,
,,1,0.159,163,104,-1,5104,,,,,,,
,,1,0.227,232,104,-1,5105,,,,,,,
,,1,-0.105,-108,104,-1,5106,,,,,,,
,,1,-0.43,-440,104,-1,5107,,,,,,,
,,1,-0.179,-183,104,-1,5108,,,,,,,
,,1,-0.107,-110,104,-1,5109,,,,,,,
52.3549394,4.8056834,1,-0.196,-201,104,-1,5110,249,5,7,43,-59,09:42:21,698
,,1,-0.354,-363,104,-1,5111,,,,,,,
,,1,-0.54,-553,104,-1,5112,,,,,,,
,,1,-0.648,-664,104,-1,5113,,,,,,,
,,7,-0.729,-747,105,613,5114,,,,,,,
,,1,-0.755,-773,105,-1,5115,,,,,,,
,,1,-0.827,-847,105,-1,5116,,,,,,,
,,1,-0.921,-943,105,-1,5117,,,,,,,
,,1,-0.782,-801,105,-1,5118,,,,,,,
,,1,-0.346,-354,105,-1,5119,,,,,,,
,,1,-0.438,-449,105,-1,5120,,,,,-59,09:42:21,891
,,1,-1.173,-1201,105,-1,5121,,,,,,,
,,1,-1.312,-1343,105,-1,5122,,,,,,,
,,1,-0.899,-921,105,-1,5123,,,,,,,
,,1,-0.576,-590,105,-1,5124,,,,,,,
,,1,-0.685,-701,105,-1,5125,,,,,,,
,,1,-0.917,-939,105,-1,5126,,,,,,,
,,1,-1.091,-1117,105,-1,5127,,,,,,,
,,1,-1.291,-1322,105,-1,5128,,,,,,,
,,1,-1.138,-1165,105,-1,5129,,,,,,,
,,1,-0.717,-734,105,-1,5130,,,,,-59,09:42:22,104
,,1,-0.556,-569,105,-1,5131,,,,,,,
,,1,-0.646,-662,105,-1,5132,,,,,,,
,,1,-0.686,-702,105,-1,5133,,,,,,,
,,1,-0.699,-716,105,-1,5134,,,,,,,
,,1,-0.613,-628,105,-1,5135,,,,,,,
,,1,-0.647,-663,105,-1,5136,,,,,,,
,,1,-0.67,-686,105,-1,5137,,,,,,,
,,1,-0.515,-527,105,-1,5138,,,,,,,
,,1,-0.308,-315,105,-1,5139,,,,,,,
,,1,-0.214,-219,105,-1,5140,,,,,-59,09:42:22,295
,,1,-0.288,-295,105,-1,5141,,,,,,,
,,1,-0.108,-111,105,-1,5142,,,,,,,
,,1,0.114,117,105,-1,5143,,,,,,,
,,1,0.1,102,105,-1,5144,,,,,,,
,,1,0.032,33,105,-1,5145,,,,,,,
,,1,0.035,36,105,-1,5146,,,,,,,
,,1,0.181,185,105,-1,5147,,,,,,,
,,1,0.345,353,105,-1,5148,,,,,,,
,,1,0.531,544,105,-1,5149,,,,,,,
,,1,0.807,826,105,-1,5150,,,,,-57,09:42:22,488
,,7,0.982,1006,106,621,5151,,,,,,,
,,1,0.415,425,106,-1,5152,,,,,,,
,,1,0.331,339,106,-1,5153,,,,,,,
,,1,0.784,803,106,-1,5154,,,,,,,
,,1,0.748,766,106,-1,5155,,,,,,,
,,1,0.722,739,106,-1,5156,,,,,,,
,,1,0.997,1021,106,-1,5157,,,,,,,
,,1,1.276,1307,106,-1,5158,,,,,,,
,,1,0.925,947,106,-1,5159,,,,,,,
52.3549354,4.805661,1,0.653,669,106,-1,5160,255,5,7,43,-57,09:42:22,702
,,1,1.0,1024,106,-1,5161,,,,,,,
,,1,1.343,1375,106,-1,5162,,,,,,,
,,1,1.172,1200,106,-1,5163,,,,,,,
,,1,0.922,944,106,-1,5164,,,,,,,
,,1,0.939,962,106,-1,5165,,,,,,,
,,1,0.822,842,106,-1,5166,,,,,,,
,,1,0.777,796,106,-1,5167,,,,,,,
,,1,0.921,943,106,-1,5168,,,,,,,
,,1,1.131,1158,106,-1,5169,,,,,,,
,,1,1.028,1053,106,-1,5170,,,,,-57,09:42:22,899
,,1,0.662,678,106,-1,5171,,,,,,,
,,1,0.77,788,106,-1,5172,,,,,,,
,,1,0.612,627,106,-1,5173,,,,,,,
,,1,0.548,561,106,-1,5174,,,,,,,
,,1,0.425,435,106,-1,5175,,,,,,,
,,1,0.465,476,106,-1,5176,,,,,,,
,,1,0.371,380,106,-1,5177,,,,,,,
,,1,0.295,302,106,-1,5178,,,,,,,
,,1,0.131,134,106,-1,5179,,,,,,,
,,1,-0.116,-119,106,-1,5180,,,,,-57,09:42:23,092
,,1,0.108,111,106,-1,5181,,,,,,,
,,1,0.241,247,106,-1,5182,,,,,,,
,,1,0.202,207,106,-1,5183,,,,,,,
,,1,-0.293,-300,106,-1,5184,,,,,,,
,,1,-0.518,-530,106,-1,5185,,,,,,,
,,1,-0.506,-518,106,-1,5186,,,,,,,
,,1,-0.381,-390,106,-1,5187,,,,,,,
,,7,-0.541,-554,107,662,5188,,,,,,,
,,1,-0.77,-788,107,-1,5189,,,,,,,
,,1,-0.918,-940,107,-1,5190,,,,,-57,09:42:23,301
,,1,-0.584,-598,107,-1,5191,,,,,,,
,,1,-0.611,-626,107,-1,5192,,,,,,,
,,1,-0.841,-861,107,-1,5193,,,,,,,
,,1,-1.197,-1226,107,-1,5194,,,,,,,
,,1,-1.378,-1411,107,-1,5195,,,,,,,
,,1,-1.26,-1290,107,-1,5196,,,,,,,
,,1,-0.733,-751,107,-1,5197,,,,,,,
,,1,-0.389,-398,107,-1,5198,,,,,,,
,,1,-0.732,-750,107,-1,5199,,,,,,,
,,1,-1.455,-1490,107,-1,5200,,,,,-57,09:42:23,497
,,1,-1.374,-1407,107,-1,5201,,,,,,,
,,1,-0.702,-719,107,-1,5202,,,,,,,
,,1,-0.563,-577,107,-1,5203,,,,,,,
,,1,-0.742,-760,107,-1,5204,,,,,,,
,,1,-0.945,-968,107,-1,5205,,,,,,,
,,1,-0.562,-575,107,-1,5206,,,,,,,
,,1,-0.636,-651,107,-1,5207,,,,,,,
,,1,-0.765,-783,107,-1,5208,,,,,,,
,,1,-0.736,-754,107,-1,5209,,,,,,,
52.3549329,4.8056453,1,-0.886,-907,107,-1,5210,256,5,7,43,-57,09:42:23,696
,,1,-0.756,-774,107,-1,5211,,,,,,,
,,1,-0.412,-422,107,-1,5212,,,,,,,
,,1,-0.442,-453,107,-1,5213,,,,,,,
,,1,-0.481,-493,107,-1,5214,,,,,,,
,,1,-0.318,-326,107,-1,5215,,,,,,,
,,1,-0.342,-350,107,-1,5216,,,,,,,
,,1,-0.081,-83,107,-1,5217,,,,,,,
,,1,0.051,52,107,-1,5218,,,,,,,
,,1,-0.193,-198,107,-1,5219,,,,,,,
,,1,0.136,139,107,-1,5220,,,,,-57,09:42:23,902
,,1,0.289,296,107,-1,5221,,,,,,,
,,1,0.342,350,107,-1,5222,,,,,,,
,,1,0.476,487,107,-1,5223,,,,,,,
,,1,0.332,340,107,-1,5224,,,,,,,
,,1,0.184,188,107,-1,5225,,,,,,,
,,1,0.43,440,107,-1,5226,,,,,,,
,,1,0.596,610,107,-1,5227,,,,,,,
,,7,0.77,788,108,662,5228,,,,,,,
,,1,0.768,786,108,-1,5229,,,,,,,
,,1,0.864,885,108,-1,5230,,,,,-57,09:42:24,096
,,1,0.675,691,108,-1,5231,,,,,,,
,,1,0.771,789,108,-1,5232,,,,,,,
,,1,1.121,1148,108,-1,5233,,,,,,,
,,1,1.147,1175,108,-1,5234,,,,,,,
,,1,0.78,799,108,-1,5235,,,,,,,
,,1,0.657,673,108,-1,5236,,,,,,,
,,1,1.096,1122,108,-1,5237,,,,,,,
,,1,1.313,1344,108,-1,5238,,,,,,,
,,1,1.156,1184,108,-1,5239,,,,,,,
,,1,0.872,893,108,-1,5240,,,,,-57,09:42:24,295
,,1,0.927,949,108,-1,5241,,,,,,,
,,1,1.11,1137,108,-1,5242,,,,,,,
,,1,0.93,952,108,-1,5243,,,,,,,
,,1,0.853,873,108,-1,5244,,,,,,,
,,1,0.947,970,108,-1,5245,,,,,,,
,,1,0.759,777,108,-1,5246,,,,,,,
,,1,0.563,576,108,-1,5247,,,,,,,
,,1,0.545,558,108,-1,5248,,,,,,,
,,1,0.758,776,108,-1,5249,,,,,,,
,,1,0.578,592,108,-1,5250,,,,,-57,09:42:24,499
,,1,0.503,515,108,-1,5251,,,,,,,
,,1,0.465,476,108,-1,5252,,,,,,,
,,1,0.259,265,108,-1,5253,,,,,,,
,,1,0.091,93,108,-1,5254,,,,,,,
,,1,0.165,169,108,-1,5255,,,,,,,
,,1,0.221,226,108,-1,5256,,,,,,,
,,1,-0.045,-46,108,-1,5257,,,,,,,
,,1,-0.188,-192,108,-1,5258,,,,,,,
,,1,-0.075,-77,108,-1,5259,,,,,,,
52.3549304,4.8056272,1,-0.132,-135,108,-1,5260,260,5,7,43,-57,09:42:24,700
,,1,-0.068,-70,108,-1,5261,,,,,,,
,,1,-0.479,-490,108,-1,5262,,,,,,,
,,1,-0.863,-884,108,-1,5263,,,,,,,
,,7,-0.806,-825,109,653,5264,,,,,,,
,,1,-0.165,-169,109,-1,5265,,,,,,,
,,1,-0.087,-89,109,-1,5266,,,,,,,
,,1,-1.008,-1032,109,-1,5267,,,,,,,
,,1,-1.416,-1450,109,-1,5268,,,,,,,
,,1,-1.146,-1173,109,-1,5269,,,,,,,
,,1,-0.494,-506,109,-1,5270,,,,,-57,09:42:24,891
,,1,-0.278,-285,109,-1,5271,,,,,,,
,,1,-0.604,-619,109,-1,5272,,,,,,,
,,1,-0.711,-728,109,-1,5273,,,,,,,
,,1,-0.925,-947,109,-1,5274,,,,,,,
,,1,-1.078,-1104,109,-1,5275,,,,,,,
,,1,-1.007,-1031,109,-1,5276,,,,,,,
,,1,-0.781,-800,109,-1,5277,,,,,,,
,,1,-0.961,-984,109,-1,5278,,,,,,,
,,1,-1.506,-1542,109,-1,5279,,,,,,,
,,1,-1.252,-1282,109,-1,5280,,,,,-57,09:42:25,100
,,1,-0.571,-585,109,-1,5281,,,,,,,
,,1,-0.424,-434,109,-1,5282,,,,,,,
,,1,-0.493,-505,109,-1,5283,,,,,,,
,,1,-0.5,-512,109,-1,5284,,,,,,,
,,1,-0.645,-660,109,-1,5285,,,,,,,
,,1,-0.675,-691,109,-1,5286,,,,,,,
,,1,-0.387,-396,109,-1,5287,,,,,,,
,,1,-0.14,-143,109,-1,5288,,,,,,,
,,1,-0.1,-102,109,-1,5289,,,,,,,
,,1,-0.12,-123,109,-1,5290,,,,,-57,09:42:25,298
,,1,0.28,287,109,-1,5291,,,,,,,
,,1,0.124,127,109,-1,5292,,,,,,,
,,1,0.085,87,109,-1,5293,,,,,,,
,,1,0.721,738,109,-1,5294,,,,,,,
,,1,0.641,656,109,-1,5295,,,,,,,
,,7,0.201,206,110,694,5296,,,,,,,
,,1,0.456,467,110,-1,5297,,,,,,,
,,1,0.547,560,110,-1,5298,,,,,,,
,,1,0.979,1002,110,-1,5299,,,,,,,
,,1,1.524,1561,110,-1,5300,,,,,-57,09:42:25,492
,,1,1.275,1306,110,-1,5301,,,,,,,
,,1,0.744,762,110,-1,5302,,,,,,,
,,1,0.633,648,110,-1,5303,,,,,,,
,,1,1.39,1423,110,-1,5304,,,,,,,
,,1,1.516,1552,110,-1,5305,,,,,,,
,,1,0.914,936,110,-1,5306,,,,,,,
,,1,0.75,768,110,-1,5307,,,,,,,
,,1,0.705,722,110,-1,5308,,,,,,,
,,1,1.165,1193,110,-1,5309,,,,,,,
52.3549239,4.8056093,1,0.845,865,110,-1,5310,259,5,7,43,-57,09:42:25,698
,,1,0.955,978,110,-1,5311,,,,,,,
,,1,0.717,734,110,-1,5312,,,,,,,
,,1,0.18,184,110,-1,5313,,,,,,,
,,1,0.381,390,110,-1,5314,,,,,,,
,,1,0.56,573,110,-1,5315,,,,,,,
,,1,-0.342,-350,110,-1,5316,,,,,,,
,,1,0.698,715,110,-1,5317,,,,,,,
,,1,0.983,1007,110,-1,5318,,,,,,,
,,1,-0.463,-474,110,-1,5319,,,,,,,
,,1,-0.295,-302,110,-1,5320,,,,,-55,09:42:25,892
,,1,0.625,640,110,-1,5321,,,,,,,
,,1,-0.887,-908,110,-1,5322,,,,,,,
,,1,-1.907,-1953,110,-1,5323,,,,,,,
,,7,-1.061,-1086,111,781,5324,,,,,,,
,,1,1.277,1308,111,-1,5325,,,,,,,
,,1,0.802,821,111,-1,5326,,,,,,,
,,1,-1.452,-1487,111,-1,5327,,,,,,,
,,1,-2.39,-2447,111,-1,5328,,,,,,,
,,1,-1.867,-1912,111,-1,5329,,,,,,,
,,1,-2.646,-2709,111,-1,5330,,,,,-55,09:42:26,088
,,1,-2.932,-3002,111,-1,5331,,,,,,,
,,1,0.024,25,111,-1,5332,,,,,,,
,,1,1.009,1033,111,-1,5333,,,,,,,
,,1,-1.875,-1920,111,-1,5334,,,,,,,
,,1,-1.083,-1109,111,-1,5335,,,,,,,
,,1,-0.195,-200,111,-1,5336,,,,,,,
,,1,-1.484,-1520,111,-1,5337,,,,,,,
,,1,-2.235,-2289,111,-1,5338,,,,,,,
,,1,0.52,532,111,-1,5339,,,,,,,
52.3549239,4.8056093,1,0.484,496,111,-1,5340,259,5,7,43,-55,09:42:26,304
,,1,-1.06,-1085,111,-1,5341,,,,,,,
,,1,0.521,534,111,-1,5342,,,,,,,
,,1,-0.51,-522,111,-1,5343,,,,,,,
,,1,-0.616,-631,111,-1,5344,,,,,,,
,,1,0.961,984,111,-1,5345,,,,,,,
,,1,1.522,1559,111,-1,5346,,,,,,,
,,7,0.533,546,112,900,5347,,,,,,,
,,1,-0.089,-91,112,-1,5348,,,,,,,
,,1,0.744,762,112,-1,5349,,,,,,,
,,1,0.985,1009,112,-1,5350,,,,,-55,09:42:26,495
,,1,1.014,1038,112,-1,5351,,,,,,,
,,1,0.957,980,112,-1,5352,,,,,,,
,,1,1.505,1541,112,-1,5353,,,,,,,
,,1,1.351,1383,112,-1,5354,,,,,,,
,,1,0.324,332,112,-1,5355,,,,,,,
,,1,0.859,880,112,-1,5356,,,,,,,
,,1,1.414,1448,112,-1,5357,,,,,,,
,,1,1.005,1029,112,-1,5358,,,,,,,
,,1,0.8,819,112,-1,5359,,,,,,,
52.3549177,4.8055929,1,0.515,527,112,-1,5360,243,5,7,43,-55,09:42:26,692
,,1,0.475,486,112,-1,5361,,,,,,,
,,1,0.466,477,112,-1,5362,,,,,,,
,,1,0.454,465,112,-1,5363,,,,,,,
,,1,0.324,332,112,-1,5364,,,,,,,
,,1,0.021,22,112,-1,5365,,,,,,,
,,1,-0.088,-90,112,-1,5366,,,,,,,
,,1,-0.184,-188,112,-1,5367,,,,,,,
,,1,-0.375,-384,112,-1,5368,,,,,,,
,,1,-0.22,-225,112,-1,5369,,,,,,,
,,1,-0.065,-67,112,-1,5370,,,,,-55,09:42:26,903
,,1,-0.04,-41,112,-1,5371,,,,,,,
,,1,-0.828,-848,112,-1,5372,,,,,,,
,,1,-0.852,-872,112,-1,5373,,,,,,,
,,7,-0.975,-998,113,990,5374,,,,,,,
,,1,-0.836,-856,113,-1,5375,,,,,,,
,,1,-0.922,-944,113,-1,5376,,,,,,,
,,1,-0.755,-773,113,-1,5377,,,,,,,
,,1,-0.939,-962,113,-1,5378,,,,,,,
,,1,-1.177,-1205,113,-1,5379,,,,,,,
,,1,-1.122,-1149,113,-1,5380,,,,,-55,09:42:27,099
,,1,-1.104,-1131,113,-1,5381,,,,,,,
,,1,-1.016,-1040,113,-1,5382,,,,,,,
,,1,-0.764,-782,113,-1,5383,,,,,,,
,,1,-0.613,-628,113,-1,5384,,,,,,,
,,1,-1.014,-1038,113,-1,5385,,,,,,,
,,1,-0.894,-915,113,-1,5386,,,,,,,
,,1,-0.703,-720,113,-1,5387,,,,,,,
,,1,-0.444,-455,113,-1,5388,,,,,,,
,,1,-0.182,-186,113,-1,5389,,,,,,,
,,1,-0.238,-244,113,-1,5390,,,,,-55,09:42:27,294
,,1,-0.066,-68,113,-1,5391,,,,,,,
,,1,0.266,272,113,-1,5392,,,,,,,
,,1,0.16,164,113,-1,5393,,,,,,,
,,1,0.192,197,113,-1,5394,,,,,,,
,,1,0.565,579,113,-1,5395,,,,,,,
,,1,0.45,461,113,-1,5396,,,,,,,
,,1,0.493,505,113,-1,5397,,,,,,,
,,7,0.949,972,114,990,5398,,,,,,,
,,1,1.017,1041,114,-1,5399,,,,,,,
,,1,0.972,995,114,-1,5400,,,,,-55,09:42:27,498
,,1,0.834,854,114,-1,5401,,,,,,,
,,1,0.835,855,114,-1,5402,,,,,,,
,,1,1.189,1218,114,-1,5403,,,,,,,
,,1,1.04,1065,114,-1,5404,,,,,,,
,,1,0.943,966,114,-1,5405,,,,,,,
,,1,0.864,885,114,-1,5406,,,,,,,
,,1,1.074,1100,114,-1,5407,,,,,,,
,,1,1.116,1143,114,-1,5408,,,,,,,
,,1,0.856,877,114,-1,5409,,,,,,,
52.3549174,4.8055758,1,0.634,649,114,-1,5410,210,5,7,42,-56,09:42:27,693
,,1,1.016,1040,114,-1,5411,,,,,,,
,,1,0.942,965,114,-1,5412,,,,,,,
,,1,0.577,591,114,-1,5413,,,,,,,
,,1,0.506,518,114,-1,5414,,,,,,,
,,1,0.497,509,114,-1,5415,,,,,,,
,,1,0.424,434,114,-1,5416,,,,,,,
,,1,0.168,172,114,-1,5417,,,,,,,
,,1,0.281,288,114,-1,5418,,,,,,,
,,1,0.15,154,114,-1,5419,,,,,,,
,,1,-0.11,-113,114,-1,5420,,,,,-56,09:42:27,890
,,1,-0.129,-132,114,-1,5421,,,,,,,
,,1,-0.25,-256,114,-1,5422,,,,,,,
,,1,-0.285,-292,114,-1,5423,,,,,,,
,,1,-0.138,-141,114,-1,5424,,,,,,,
,,1,-0.384,-393,114,-1,5425,,,,,,,
,,1,-0.739,-757,114,-1,5426,,,,,,,
,,7,-0.788,-807,115,961,5427,,,,,,,
,,1,-0.803,-822,115,-1,5428,,,,,,,
,,1,-0.493,-505,115,-1,5429,,,,,,,
,,1,-1.104,-1131,115,-1,5430,,,,,-56,09:42:28,103
,,1,-1.079,-1105,115,-1,5431,,,,,,,
,,1,-0.957,-980,115,-1,5432,,,,,,,
,,1,-1.029,-1054,115,-1,5433,,,,,,,
,,1,-0.79,-809,115,-1,5434,,,,,,,
,,1,-0.612,-627,115,-1,5435,,,,,,,
,,1,-1.359,-1392,115,-1,5436,,,,,,,
,,1,-1.212,-1241,115,-1,5437,,,,,,,
,,1,-0.889,-910,115,-1,5438,,,,,,,
,,1,-0.695,-712,115,-1,5439,,,,,,,
,,1,-0.979,-1003,115,-1,5440,,,,,-56,09:42:28,298
,,1,-0.824,-844,115,-1,5441,,,,,,,
,,1,-0.7,-717,115,-1,5442,,,,,,,
,,1,-0.795,-814,115,-1,5443,,,,,,,
,,1,-0.471,-482,115,-1,5444,,,,,,,
,,1,-0.422,-432,115,-1,5445,,,,,,,
,,1,-0.607,-622,115,-1,5446,,,,,,,
,,1,-0.459,-470,115,-1,5447,,,,,,,
,,1,-0.276,-283,115,-1,5448,,,,,,,
,,1,-0.152,-156,115,-1,5449,,,,,,,
,,1,-0.063,-65,115,-1,5450,,,,,-56,09:42:28,488
,,1,0.102,104,115,-1,5451,,,,,,,
,,1,0.146,149,115,-1,5452,,,,,,,
,,1,0.201,206,115,-1,5453,,,,,,,
,,1,0.337,345,115,-1,5454,,,,,,,
,,1,0.479,490,115,-1,5455,,,,,,,
,,1,0.432,442,115,-1,5456,,,,,,,
,,1,0.459,470,115,-1,5457,,,,,,,
,,7,1.035,1060,116,884,5458,,,,,,,
,,1,0.788,807,116,-1,5459,,,,,,,
52.3549013,4.8055719,1,0.534,547,116,-1,5460,188,5,7,42,-56,09:42:28,700
,,1,0.721,738,116,-1,5461,,,,,,,
,,1,1.024,1049,116,-1,5462,,,,,,,
,,1,1.236,1266,116,-1,5463,,,,,,,
,,1,0.991,1015,116,-1,5464,,,,,,,
,,1,1.013,1037,116,-1,5465,,,,,,,
,,1,0.93,952,116,-1,5466,,,,,,,
,,1,0.943,966,116,-1,5467,,,,,,,
,,1,0.978,1001,116,-1,5468,,,,,,,
,,1,1.199,1228,116,-1,5469,,,,,,,
,,1,1.249,1279,116,-1,5470,,,,,-56,09:42:28,899
,,1,0.737,755,116,-1,5471,,,,,,,
,,1,0.585,599,116,-1,5472,,,,,,,
,,1,0.997,1021,116,-1,5473,,,,,,,
,,1,1.11,1137,116,-1,5474,,,,,,,
,,1,0.827,847,116,-1,5475,,,,,,,
,,1,0.713,730,116,-1,5476,,,,,,,
,,1,0.894,915,116,-1,5477,,,,,,,
,,1,0.438,448,116,-1,5478,,,,,,,
,,1,0.457,468,116,-1,5479,,,,,,,
,,1,0.627,642,116,-1,5480,,,,,-56,09:42:29,092
,,1,0.273,280,116,-1,5481,,,,,,,
,,1,0.021,21,116,-1,5482,,,,,,,
,,1,0.29,297,116,-1,5483,,,,,,,
,,1,0.053,54,116,-1,5484,,,,,,,
,,1,-0.205,-210,116,-1,5485,,,,,,,
,,1,-0.184,-188,116,-1,5486,,,,,,,
,,1,-0.008,-8,116,-1,5487,,,,,,,
,,1,-0.386,-395,116,-1,5488,,,,,,,
,,1,-0.693,-710,116,-1,5489,,,,,,,
,,1,-0.628,-643,116,-1,5490,,,,,-56,09:42:29,300
,,7,-0.419,-429,117,806,5491,,,,,,,
,,1,-0.548,-561,117,-1,5492,,,,,,,
,,1,-0.817,-837,117,-1,5493,,,,,,,
,,1,-0.882,-903,117,-1,5494,,,,,,,
,,1,-0.998,-1022,117,-1,5495,,,,,,,
,,1,-0.862,-883,117,-1,5496,,,,,,,
,,1,-0.818,-838,117,-1,5497,,,,,,,
,,1,-0.922,-944,117,-1,5498,,,,,,,
,,1,-0.902,-924,117,-1,5499,,,,,,,
,,1,-1.28,-1311,117,-1,5500,,,,,-54,09:42:29,505
,,1,-1.059,-1084,117,-1,5501,,,,,,,
,,1,-0.751,-769,117,-1,5502,,,,,,,
,,1,-0.657,-673,117,-1,5503,,,,,,,
,,1,-1.166,-1194,117,-1,5504,,,,,,,
,,1,-1.008,-1032,117,-1,5505,,,,,,,
,,1,-0.591,-605,117,-1,5506,,,,,,,
,,1,-0.899,-921,117,-1,5507,,,,,,,
,,1,-1.029,-1054,117,-1,5508,,,,,,,
,,1,-0.426,-436,117,-1,5509,,,,,,,
52.3548817,4.8055757,1,-0.582,-596,117,-1,5510,183,6,7,42,-54,09:42:29,688
,,1,-0.741,-759,117,-1,5511,,,,,,,
,,1,-0.514,-526,117,-1,5512,,,,,,,
,,1,-0.445,-456,117,-1,5513,,,,,,,
,,1,-0.24,-246,117,-1,5514,,,,,,,
,,1,-0.108,-111,117,-1,5515,,,,,,,
,,1,-0.094,-96,117,-1,5516,,,,,,,
,,1,0.034,35,117,-1,5517,,,,,,,
,,1,-0.033,-34,117,-1,5518,,,,,,,
,,1,0.288,295,117,-1,5519,,,,,,,
,,1,0.39,399,117,-1,5520,,,,,-54,09:42:29,903
,,1,0.404,414,117,-1,5521,,,,,,,
,,1,0.94,963,117,-1,5522,,,,,,,
,,7,0.853,873,118,775,5523,,,,,,,
,,1,0.067,69,118,-1,5524,,,,,,,
,,1,0.592,606,118,-1,5525,,,,,,,
,,1,1.026,1051,118,-1,5526,,,,,,,
,,1,1.174,1202,118,-1,5527,,,,,,,
,,1,0.827,847,118,-1,5528,,,,,,,
,,1,0.58,594,118,-1,5529,,,,,,,
,,1,1.212,1241,118,-1,5530,,,,,-54,09:42:30,096
,,1,1.15,1178,118,-1,5531,,,,,,,
,,1,0.952,975,118,-1,5532,,,,,,,
,,1,0.972,995,118,-1,5533,,,,,,,
,,1,0.958,981,118,-1,5534,,,,,,,
,,1,0.881,902,118,-1,5535,,,,,,,
,,1,0.953,976,118,-1,5536,,,,,,,
,,1,1.27,1300,118,-1,5537,,,,,,,
,,1,1.11,1137,118,-1,5538,,,,,,,
,,1,0.923,945,118,-1,5539,,,,,,,
,,1,0.831,851,118,-1,5540,,,,,-54,09:42:30,290
,,1,0.868,889,118,-1,5541,,,,,,,
,,1,0.862,883,118,-1,5542,,,,,,,
,,1,0.771,789,118,-1,5543,,,,,,,
,,1,0.492,504,118,-1,5544,,,,,,,
,,1,0.523,536,118,-1,5545,,,,,,,
,,1,0.556,569,118,-1,5546,,,,,,,
,,1,0.505,517,118,-1,5547,,,,,,,
,,1,-0.114,-117,118,-1,5548,,,,,,,
,,1,0.052,53,118,-1,5549,,,,,,,
,,1,0.286,293,118,-1,5550,,,,,-54,09:42:30,499
,,1,0.15,154,118,-1,5551,,,,,,,
,,1,-0.24,-246,118,-1,5552,,,,,,,
,,1,-0.492,-504,118,-1,5553,,,,,,,
,,1,-0.004,-4,118,-1,5554,,,,,,,
,,1,-0.325,-333,118,-1,5555,,,,,,,
,,1,-0.686,-702,118,-1,5556,,,,,,,
,,1,-0.666,-682,118,-1,5557,,,,,,,
,,7,-0.474,-485,119,757,5558,,,,,,,
,,1,-0.556,-569,119,-1,5559,,,,,,,
52.354865,4.8055753,1,-0.9,-922,119,-1,5560,184,5,7,42,-54,09:42:30,696
,,1,-0.521,-533,119,-1,5561,,,,,,,
,,1,-0.895,-916,119,-1,5562,,,,,,,
,,1,-0.852,-872,119,-1,5563,,,,,,,
,,1,-0.779,-798,119,-1,5564,,,,,,,
,,1,-1.071,-1097,119,-1,5565,,,,,,,
,,1,-1.089,-1115,119,-1,5566,,,,,,,
,,1,-1.02,-1044,119,-1,5567,,,,,,,
,,1,-0.683,-699,119,-1,5568,,,,,,,
,,1,-0.844,-864,119,-1,5569,,,,,,,
,,1,-1.307,-1338,119,-1,5570,,,,,-54,09:42:30,889
,,1,-1.222,-1251,119,-1,5571,,,,,,,
,,1,-0.817,-837,119,-1,5572,,,,,,,
,,1,-0.622,-637,119,-1,5573,,,,,,,
,,1,-0.664,-680,119,-1,5574,,,,,,,
,,1,-0.776,-795,119,-1,5575,,,,,,,
,,1,-0.971,-994,119,-1,5576,,,,,,,
,,1,-0.74,-758,119,-1,5577,,,,,,,
,,1,-0.572,-586,119,-1,5578,,,,,,,
,,1,-0.456,-467,119,-1,5579,,,,,,,
,,1,-0.429,-439,119,-1,5580,,,,,-57,09:42:31,100
,,1,-0.412,-422,119,-1,5581,,,,,,,
,,1,-0.339,-347,119,-1,5582,,,,,,,
,,1,-0.178,-182,119,-1,5583,,,,,,,
,,1,0.085,87,119,-1,5584,,,,,,,
,,1,-0.025,-26,119,-1,5585,,,,,,,
,,1,-0.048,-49,119,-1,5586,,,,,,,
,,1,0.055,56,119,-1,5587,,,,,,,
,,1,0.163,167,119,-1,5588,,,,,,,
,,1,0.266,272,119,-1,5589,,,,,,,
,,1,0.365,374,119,-1,5590,,,,,-57,09:42:31,298
,,1,0.581,595,119,-1,5591,,,,,,,
,,7,0.952,975,120,735,5592,,,,,,,
,,1,0.266,272,120,-1,5593,,,,,,,
,,1,0.525,538,120,-1,5594,,,,,,,
,,1,1.024,1049,120,-1,5595,,,,,,,
,,1,1.224,1253,120,-1,5596,,,,,,,
,,1,0.592,606,120,-1,5597,,,,,,,
,,1,0.514,526,120,-1,5598,,,,,,,
,,1,1.127,1154,120,-1,5599,,,,,,,
,,1,1.089,1115,120,-1,5600,,,,,-57,09:42:31,492
,,1,0.64,655,120,-1,5601,,,,,,,
,,1,0.981,1005,120,-1,5602,,,,,,,
,,1,1.363,1396,120,-1,5603,,,,,,,
,,1,0.809,828,120,-1,5604,,,,,,,
,,1,0.811,830,120,-1,5605,,,,,,,
,,1,1.045,1070,120,-1,5606,,,,,,,
,,1,0.839,859,120,-1,5607,,,,,,,
,,1,0.752,770,120,-1,5608,,,,,,,
,,1,0.986,1010,120,-1,5609,,,,,,,
52.3548495,4.8055723,1,0.598,612,120,-1,5610,190,5,7,42,-57,09:42:31,701
,,1,0.793,812,120,-1,5611,,,,,,,
,,1,0.657,673,120,-1,5612,,,,,,,
,,1,0.674,690,120,-1,5613,,,,,,,
,,1,0.675,691,120,-1,5614,,,,,,,
,,1,0.548,561,120,-1,5615,,,,,,,
,,1,0.311,318,120,-1,5616,,,,,,,
,,1,0.259,265,120,-1,5617,,,,,,,
,,1,0.01,10,120,-1,5618,,,,,,,
,,1,-0.143,-146,120,-1,5619,,,,,,,
,,1,-0.06,-61,120,-1,5620,,,,,-57,09:42:31,893
,,1,-0.149,-153,120,-1,5621,,,,,,,
,,1,-0.197,-202,120,-1,5622,,,,,,,
,,1,-0.265,-271,120,-1,5623,,,,,,,
,,1,-0.398,-408,120,-1,5624,,,,,,,
,,1,-0.699,-716,120,-1,5625,,,,,,,
,,7,-0.452,-463,121,729,5626,,,,,,,
,,1,-0.374,-383,121,-1,5627,,,,,,,
,,1,-0.623,-638,121,-1,5628,,,,,,,
,,1,-0.87,-891,121,-1,5629,,,,,,,
,,1,-0.943,-966,121,-1,5630,,,,,-57,09:42:32,094
,,1,-0.59,-604,121,-1,5631,,,,,,,
,,1,-0.686,-702,121,-1,5632,,,,,,,
,,1,-1.109,-1136,121,-1,5633,,,,,,,
,,1,-1.047,-1072,121,-1,5634,,,,,,,
,,1,-0.776,-795,121,-1,5635,,,,,,,
,,1,-0.817,-837,121,-1,5636,,,,,,,
,,1,-0.887,-908,121,-1,5637,,,,,,,
,,1,-1.114,-1141,121,-1,5638,,,,,,,
,,1,-1.128,-1155,121,-1,5639,,,,,,,
,,1,-0.888,-909,121,-1,5640,,,,,-57,09:42:32,300
,,1,-0.828,-848,121,-1,5641,,,,,,,
,,1,-0.733,-751,121,-1,5642,,,,,,,
,,1,-0.816,-836,121,-1,5643,,,,,,,
,,1,-0.636,-651,121,-1,5644,,,,,,,
,,1,-0.691,-708,121,-1,5645,,,,,,,
,,1,-0.769,-787,121,-1,5646,,,,,,,
,,1,-0.34,-348,121,-1,5647,,,,,,,
,,1,-0.316,-324,121,-1,5648,,,,,,,
,,1,-0.41,-420,121,-1,5649,,,,,,,
,,1,-0.394,-403,121,-1,5650,,,,,-57,09:42:32,497
,,1,-0.204,-209,121,-1,5651,,,,,,,
,,1,-0.299,-306,121,-1,5652,,,,,,,
,,1,0.113,116,121,-1,5653,,,,,,,
,,1,0.218,223,121,-1,5654,,,,,,,
,,1,0.487,499,121,-1,5655,,,,,,,
,,1,0.397,407,121,-1,5656,,,,,,,
,,1,0.187,191,121,-1,5657,,,,,,,
,,1,0.503,515,121,-1,5658,,,,,,,
,,1,0.68,696,121,-1,5659,,,,,,,
52.3548359,4.8055649,7,0.744,762,122,735,5660,193,5,7,42,-57,09:42:32,687
,,1,0.682,698,122,-1,5661,,,,,,,
,,1,0.714,731,122,-1,5662,,,,,,,
,,1,0.945,968,122,-1,5663,,,,,,,
,,1,0.649,665,122,-1,5664,,,,,,,
,,1,1.037,1062,122,-1,5665,,,,,,,
,,1,1.443,1478,122,-1,5666,,,,,,,
,,1,1.15,1178,122,-1,5667,,,,,,,
,,1,0.622,637,122,-1,5668,,,,,,,
,,1,0.626,641,122,-1,5669,,,,,,,
,,1,1.191,1220,122,-1,5670,,,,,-57,09:42:32,900
,,1,1.317,1349,122,-1,5671,,,,,,,
,,1,0.976,999,122,-1,5672,,,,,,,
,,1,0.786,805,122,-1,5673,,,,,,,
,,1,0.767,785,122,-1,5674,,,,,,,
,,1,0.842,862,122,-1,5675,,,,,,,
,,1,0.852,872,122,-1,5676,,,,,,,
,,1,0.619,634,122,-1,5677,,,,,,,
,,1,0.667,683,122,-1,5678,,,,,,,
,,1,0.641,656,122,-1,5679,,,,,,,
,,1,0.385,394,122,-1,5680,,,,,-57,09:42:33,096
,,1,0.506,518,122,-1,5681,,,,,,,
,,1,0.653,669,122,-1,5682,,,,,,,
,,1,0.508,520,122,-1,5683,,,,,,,
,,1,0.19,195,122,-1,5684,,,,,,,
,,1,0.479,490,122,-1,5685,,,,,,,
,,1,0.264,270,122,-1,5686,,,,,,,
,,1,-0.128,-131,122,-1,5687,,,,,,,
,,1,-0.17,-174,122,-1,5688,,,,,,,
,,1,0.047,48,122,-1,5689,,,,,,,
,,1,-0.177,-181,122,-1,5690,,,,,-57,09:42:33,289
,,1,-0.423,-433,122,-1,5691,,,,,,,
,,1,-0.524,-537,122,-1,5692,,,,,,,
,,1,-0.297,-304,122,-1,5693,,,,,,,
,,1,-0.306,-313,122,-1,5694,,,,,,,
,,1,-0.593,-607,122,-1,5695,,,,,,,
,,7,-0.789,-808,123,724,5696,,,,,,,
,,1,-0.893,-914,123,-1,5697,,,,,,,
,,1,-0.791,-810,123,-1,5698,,,,,,,
,,1,-0.875,-896,123,-1,5699,,,,,,,
,,1,-0.977,-1000,123,-1,5700,,,,,-57,09:42:33,501
,,1,-0.761,-779,123,-1,5701,,,,,,,
,,1,-0.881,-902,123,-1,5702,,,,,,,
,,1,-1.377,-1410,123,-1,5703,,,,,,,
,,1,-1.173,-1201,123,-1,5704,,,,,,,
,,1,-0.734,-752,123,-1,5705,,,,,,,
,,1,-0.671,-687,123,-1,5706,,,,,,,
,,1,-1.08,-1106,123,-1,5707,,,,,,,
,,1,-1.269,-1299,123,-1,5708,,,,,,,
,,1,-0.888,-909,123,-1,5709,,,,,,,
52.3548216,4.8055592,1,-0.747,-765,123,-1,5710,192,6,8,42,-57,09:42:33,728
,,1,-0.62,-635,123,-1,5711,,,,,,,
,,1,-0.815,-835,123,-1,5712,,,,,,,
,,1,-0.754,-772,123,-1,5713,,,,,,,
,,1,-0.631,-646,123,-1,5714,,,,,,,
,,1,-0.369,-378,123,-1,5715,,,,,,,
,,1,-0.411,-421,123,-1,5716,,,,,,,
,,1,-0.589,-603,123,-1,5717,,,,,,,
,,1,-0.334,-342,123,-1,5718,,,,,,,
,,1,-0.174,-178,123,-1,5719,,,,,,,
,,1,-0.19,-195,123,-1,5720,,,,,-57,09:42:33,892
,,1,-0.039,-40,123,-1,5721,,,,,,,
,,1,-0.146,-149,123,-1,5722,,,,,,,
,,1,-0.059,-60,123,-1,5723,,,,,,,
,,1,0.354,362,123,-1,5724,,,,,,,
,,1,0.342,350,123,-1,5725,,,,,,,
,,1,0.485,497,123,-1,5726,,,,,,,
,,1,0.309,316,123,-1,5727,,,,,,,
,,1,0.302,309,123,-1,5728,,,,,,,
,,1,0.678,694,123,-1,5729,,,,,,,
,,7,0.83,850,124,714,5730,,,,,-57,09:42:34,102
,,1,0.861,882,124,-1,5731,,,,,,,
,,1,0.648,664,124,-1,5732,,,,,,,
,,1,0.504,516,124,-1,5733,,,,,,,
,,1,0.903,925,124,-1,5734,,,,,,,
,,1,1.034,1059,124,-1,5735,,,,,,,
,,1,0.938,961,124,-1,5736,,,,,,,
,,1,0.967,990,124,-1,5737,,,,,,,
,,1,0.933,955,124,-1,5738,,,,,,,
,,1,0.717,734,124,-1,5739,,,,,,,
,,1,0.95,973,124,-1,5740,,,,,-57,09:42:34,313
,,1,1.257,1287,124,-1,5741,,,,,,,
,,1,1.267,1297,124,-1,5742,,,,,,,
,,1,0.646,661,124,-1,5743,,,,,,,
,,1,0.786,805,124,-1,5744,,,,,,,
,,1,1.24,1270,124,-1,5745,,,,,,,
,,1,0.991,1015,124,-1,5746,,,,,,,
,,1,0.692,709,124,-1,5747,,,,,,,
,,1,0.858,879,124,-1,5748,,,,,,,
,,1,0.691,708,124,-1,5749,,,,,,,
,,1,0.359,368,124,-1,5750,,,,,-57,09:42:34,493
,,1,0.875,896,124,-1,5751,,,,,,,
,,1,0.717,734,124,-1,5752,,,,,,,
,,1,0.398,408,124,-1,5753,,,,,,,
,,1,0.298,305,124,-1,5754,,,,,,,
,,1,0.321,329,124,-1,5755,,,,,,,
,,1,0.062,63,124,-1,5756,,,,,,,
,,1,0.108,111,124,-1,5757,,,,,,,
,,1,-0.111,-114,124,-1,5758,,,,,,,
,,1,-0.166,-170,124,-1,5759,,,,,,,
52.3548241,4.8055411,1,-0.142,-145,124,-1,5760,196,6,8,42,-53,09:42:34,702
,,1,-0.178,-182,124,-1,5761,,,,,,,
,,1,-0.253,-259,124,-1,5762,,,,,,,
,,1,-0.64,-655,124,-1,5763,,,,,,,
,,1,-0.308,-315,124,-1,5764,,,,,,,
,,1,-0.503,-515,124,-1,5765,,,,,,,
,,7,-0.443,-454,125,714,5766,,,,,,,
,,1,-0.628,-643,125,-1,5767,,,,,,,
,,1,-0.746,-764,125,-1,5768,,,,,,,
,,1,-0.756,-774,125,-1,5769,,,,,,,
,,1,-0.642,-657,125,-1,5770,,,,,-53,09:42:34,895
,,1,-0.731,-749,125,-1,5771,,,,,,,
,,1,-0.986,-1010,125,-1,5772,,,,,,,
,,1,-0.958,-981,125,-1,5773,,,,,,,
,,1,-0.965,-988,125,-1,5774,,,,,,,
,,1,-0.739,-757,125,-1,5775,,,,,,,
,,1,-0.917,-939,125,-1,5776,,,,,,,
,,1,-0.988,-1012,125,-1,5777,,,,,,,
,,1,-0.769,-787,125,-1,5778,,,,,,,
,,1,-0.834,-854,125,-1,5779,,,,,,,
,,1,-1.196,-1225,125,-1,5780,,,,,-53,09:42:35,096
,,1,-0.926,-948,125,-1,5781,,,,,,,
,,1,-0.712,-729,125,-1,5782,,,,,,,
,,1,-0.741,-759,125,-1,5783,,,,,,,
,,1,-0.567,-581,125,-1,5784,,,,,,,
,,1,-0.634,-649,125,-1,5785,,,,,,,
,,1,-0.625,-640,125,-1,5786,,,,,,,
,,1,-0.344,-352,125,-1,5787,,,,,,,
,,1,-0.283,-290,125,-1,5788,,,,,,,
,,1,-0.052,-53,125,-1,5789,,,,,,,
,,1,-0.106,-109,125,-1,5790,,,,,-53,09:42:35,301
,,1,-0.191,-196,125,-1,5791,,,,,,,
,,1,-0.126,-129,125,-1,5792,,,,,,,
,,1,0.125,128,125,-1,5793,,,,,,,
,,1,0.364,373,125,-1,5794,,,,,,,
,,1,0.522,535,125,-1,5795,,,,,,,
,,1,0.315,323,125,-1,5796,,,,,,,
,,1,0.373,382,125,-1,5797,,,,,,,
,,1,0.5,512,125,-1,5798,,,,,,,
,,7,0.519,531,126,719,5799,,,,,,,
,,1,0.925,947,126,-1,5800,,,,,-53,09:42:35,524
,,1,1.234,1264,126,-1,5801,,,,,,,
,,1,0.747,765,126,-1,5802,,,,,,,
,,1,0.375,384,126,-1,5803,,,,,,,
,,1,0.607,622,126,-1,5804,,,,,,,
,,1,1.218,1247,126,-1,5805,,,,,,,
,,1,1.321,1353,126,-1,5806,,,,,,,
,,1,0.946,969,126,-1,5807,,,,,,,
,,1,0.64,655,126,-1,5808,,,,,,,
,,1,0.759,777,126,-1,5809,,,,,,,
52.3548168,4.8055319,1,1.233,1263,126,-1,5810,194,6,7,42,-53,09:42:35,691
,,1,1.041,1066,126,-1,5811,,,,,,,
,,1,1.019,1043,126,-1,5812,,,,,,,
,,1,0.527,540,126,-1,5813,,,,,,,
,,1,0.538,551,126,-1,5814,,,,,,,
,,1,1.138,1165,126,-1,5815,,,,,,,
,,1,1.141,1168,126,-1,5816,,,,,,,
,,1,0.449,460,126,-1,5817,,,,,,,
,,1,0.647,663,126,-1,5818,,,,,,,
,,1,0.557,570,126,-1,5819,,,,,,,
,,1,0.43,440,126,-1,5820,,,,,-53,09:42:35,903
,,1,0.535,548,126,-1,5821,,,,,,,
,,1,0.433,443,126,-1,5822,,,,,,,
,,1,0.188,192,126,-1,5823,,,,,,,
,,1,0.192,197,126,-1,5824,,,,,,,
,,1,0.369,378,126,-1,5825,,,,,,,
,,1,-0.038,-39,126,-1,5826,,,,,,,
,,1,-0.498,-510,126,-1,5827,,,,,,,
,,1,-0.407,-417,126,-1,5828,,,,,,,
,,1,0.33,338,126,-1,5829,,,,,,,
,,1,-0.306,-313,126,-1,5830,,,,,-53,09:42:36,097
,,1,-0.859,-880,126,-1,5831,,,,,,,
,,1,-0.752,-770,126,-1,5832,,,,,,,
,,7,-0.378,-387,127,735,5833,,,,,,,
,,1,-0.382,-391,127,-1,5834,,,,,,,
,,1,-1.096,-1122,127,-1,5835,,,,,,,
,,1,-1.05,-1075,127,-1,5836,,,,,,,
,,1,-0.55,-563,127,-1,5837,,,,,,,
,,1,-0.748,-766,127,-1,5838,,,,,,,
,,1,-1.078,-1104,127,-1,5839,,,,,,,
,,1,-1.354,-1387,127,-1,5840,,,,,-56,09:42:36,289
,,1,-0.752,-770,127,-1,5841,,,,,,,
,,1,-0.745,-763,127,-1,5842,,,,,,,
,,1,-1.096,-1122,127,-1,5843,,,,,,,
,,1,-1.016,-1040,127,-1,5844,,,,,,,
,,1,-1.001,-1025,127,-1,5845,,,,,,,
,,1,-0.876,-897,127,-1,5846,,,,,,,
,,1,-0.606,-621,127,-1,5847,,,,,,,
,,1,-0.676,-692,127,-1,5848,,,,,,,
,,1,-0.847,-867,127,-1,5849,,,,,,,
,,1,-0.705,-722,127,-1,5850,,,,,-56,09:42:36,501
,,1,-0.568,-582,127,-1,5851,,,,,,,
,,1,-0.455,-466,127,-1,5852,,,,,,,
,,1,-0.434,-444,127,-1,5853,,,,,,,
,,1,-0.191,-196,127,-1,5854,,,,,,,
,,1,-0.235,-241,127,-1,5855,,,,,,,
,,1,-0.17,-174,127,-1,5856,,,,,,,
,,1,-0.043,-44,127,-1,5857,,,,,,,
,,1,0.103,105,127,-1,5858,,,,,,,
,,1,0.184,188,127,-1,5859,,,,,,,
52.354803,4.8055291,1,0.156,160,127,-1,5860,195,5,7,42,-56,09:42:36,700
,,1,0.449,460,127,-1,5861,,,,,,,
,,1,0.603,617,127,-1,5862,,,,,,,
,,1,0.136,139,127,-1,5863,,,,,,,
,,1,0.233,239,127,-1,5864,,,,,,,
,,1,0.901,923,127,-1,5865,,,,,,,
,,7,1.016,1040,128,746,5866,,,,,,,
,,1,0.627,642,128,-1,5867,,,,,,,
,,1,0.454,465,128,-1,5868,,,,,,,
,,1,0.899,921,128,-1,5869,,,,,,,
,,1,1.151,1179,128,-1,5870,,,,,-56,09:42:36,890
,,1,1.229,1259,128,-1,5871,,,,,,,
,,1,1.109,1136,128,-1,5872,,,,,,,
,,1,0.879,900,128,-1,5873,,,,,,,
,,1,0.741,759,128,-1,5874,,,,,,,
,,1,1.221,1250,128,-1,5875,,,,,,,
,,1,1.495,1531,128,-1,5876,,,,,,,
,,1,0.94,963,128,-1,5877,,,,,,,
,,1,0.754,772,128,-1,5878,,,,,,,
,,1,0.83,850,128,-1,5879,,,,,,,
,,1,0.938,960,128,-1,5880,,,,,-56,09:42:37,100
,,1,0.938,960,128,-1,5881,,,,,,,
,,1,0.847,867,128,-1,5882,,,,,,,
,,1,0.334,342,128,-1,5883,,,,,,,
,,1,0.723,740,128,-1,5884,,,,,,,
,,1,0.792,811,128,-1,5885,,,,,,,
,,1,0.144,147,128,-1,5886,,,,,,,
,,1,0.066,68,128,-1,5887,,,,,,,
,,1,0.465,476,128,-1,5888,,,,,,,
,,1,0.021,22,128,-1,5889,,,,,,,
,,1,-0.239,-245,128,-1,5890,,,,,-56,09:42:37,295
,,1,-0.186,-190,128,-1,5891,,,,,,,
,,1,-0.25,-256,128,-1,5892,,,,,,,
,,1,-0.275,-282,128,-1,5893,,,,,,,
,,1,-0.398,-408,128,-1,5894,,,,,,,
,,1,-0.4,-410,128,-1,5895,,,,,,,
,,7,-0.856,-877,129,769,5896,,,,,,,
,,1,-0.244,-250,129,-1,5897,,,,,,,
,,1,-0.797,-816,129,-1,5898,,,,,,,
,,1,-0.863,-884,129,-1,5899,,,,,,,
,,1,-0.712,-729,129,-1,5900,,,,,-56,09:42:37,494
,,1,-0.988,-1012,129,-1,5901,,,,,,,
,,1,-0.846,-866,129,-1,5902,,,,,,,
,,1,-0.956,-979,129,-1,5903,,,,,,,
,,1,-0.895,-916,129,-1,5904,,,,,,,
,,1,-0.607,-622,129,-1,5905,,,,,,,
,,1,-1.04,-1065,129,-1,5906,,,,,,,
,,1,-1.415,-1449,129,-1,5907,,,,,,,
,,1,-1.156,-1184,129,-1,5908,,,,,,,
,,1,-0.696,-713,129,-1,5909,,,,,,,
52.3547888,4.8055271,1,-0.971,-994,129,-1,5910,187,5,7,42,-56,09:42:37,702
,,1,-0.694,-711,129,-1,5911,,,,,,,
,,1,-0.684,-700,129,-1,5912,,,,,,,
,,1,-0.887,-908,129,-1,5913,,,,,,,
,,1,-1.0,-1024,129,-1,5914,,,,,,,
,,1,-0.776,-795,129,-1,5915,,,,,,,
,,1,0.024,25,129,-1,5916,,,,,,,
,,1,-0.656,-672,129,-1,5917,,,,,,,
,,1,-0.483,-495,129,-1,5918,,,,,,,
,,1,0.088,90,129,-1,5919,,,,,,,
,,1,-0.147,-151,129,-1,5920,,,,,-56,09:42:37,898
,,1,-0.213,-218,129,-1,5921,,,,,,,
,,1,0.141,144,129,-1,5922,,,,,,,
,,1,0.392,401,129,-1,5923,,,,,,,
,,1,0.454,465,129,-1,5924,,,,,,,
,,1,-0.036,-37,129,-1,5925,,,,,,,
,,1,0.597,611,129,-1,5926,,,,,,,
,,1,0.693,710,129,-1,5927,,,,,,,
,,7,0.824,844,130,800,5928,,,,,,,
,,1,0.498,510,130,-1,5929,,,,,,,
,,1,0.605,620,130,-1,5930,,,,,-60,09:42:38,092
,,1,1.09,1116,130,-1,5931,,,,,,,
,,1,1.039,1064,130,-1,5932,,,,,,,
,,1,0.761,779,130,-1,5933,,,,,,,
,,1,1.2,1229,130,-1,5934,,,,,,,
,,1,1.093,1119,130,-1,5935,,,,,,,
,,1,0.563,576,130,-1,5936,,,,,,,
,,1,1.119,1146,130,-1,5937,,,,,,,
,,1,1.295,1326,130,-1,5938,,,,,,,
,,1,1.357,1390,130,-1,5939,,,,,,,
,,1,0.808,827,130,-1,5940,,,,,-60,09:42:38,307
,,1,0.667,683,130,-1,5941,,,,,,,
,,1,0.939,962,130,-1,5942,,,,,,,
,,1,0.684,700,130,-1,5943,,,,,,,
,,1,0.526,539,130,-1,5944,,,,,,,
,,1,1.147,1175,130,-1,5945,,,,,,,
,,1,0.152,156,130,-1,5946,,,,,,,
,,1,0.142,145,130,-1,5947,,,,,,,
,,1,0.362,371,130,-1,5948,,,,,,,
,,1,1.929,1975,130,-1,5949,,,,,,,
,,1,0.673,689,130,-1,5950,,,,,-60,09:42:38,499
,,1,-1.895,-1940,130,-1,5951,,,,,,,
,,1,-0.566,-580,130,-1,5952,,,,,,,
,,1,0.783,802,130,-1,5953,,,,,,,
,,1,-0.317,-325,130,-1,5954,,,,,,,
,,1,-1.207,-1236,130,-1,5955,,,,,,,
,,1,-0.373,-382,130,-1,5956,,,,,,,
,,7,-0.024,-25,131,813,5957,,,,,,,
,,1,-1.402,-1436,131,-1,5958,,,,,,,
,,1,-1.42,-1454,131,-1,5959,,,,,,,
52.3547743,4.8055356,1,-0.355,-364,131,-1,5960,141,5,7,42,-60,09:42:38,693
,,1,-0.716,-733,131,-1,5961,,,,,,,
,,1,-1.153,-1181,131,-1,5962,,,,,,,
,,1,-0.959,-982,131,-1,5963,,,,,,,
,,1,-0.715,-732,131,-1,5964,,,,,,,
,,1,-1.152,-1180,131,-1,5965,,,,,,,
,,1,-1.575,-1613,131,-1,5966,,,,,,,
,,1,-0.076,-78,131,-1,5967,,,,,,,
,,1,-0.314,-322,131,-1,5968,,,,,,,
,,1,-1.806,-1849,131,-1,5969,,,,,,,
,,1,-1.203,-1232,131,-1,5970,,,,,-60,09:42:38,898
,,1,0.015,15,131,-1,5971,,,,,,,
,,1,-0.753,-771,131,-1,5972,,,,,,,
,,1,-1.377,-1410,131,-1,5973,,,,,,,
,,1,-0.561,-574,131,-1,5974,,,,,,,
,,1,-0.549,-562,131,-1,5975,,,,,,,
,,1,-0.85,-870,131,-1,5976,,,,,,,
,,1,-0.271,-277,131,-1,5977,,,,,,,
,,1,-0.252,-258,131,-1,5978,,,,,,,
,,1,-0.143,-146,131,-1,5979,,,,,,,
,,1,-0.176,-180,131,-1,5980,,,,,-60,09:42:39,096
,,1,-0.708,-725,131,-1,5981,,,,,,,
,,1,-0.333,-341,131,-1,5982,,,,,,,
,,1,0.274,281,131,-1,5983,,,,,,,
,,1,-1.717,-1758,131,-1,5984,,,,,,,
,,1,1.336,1368,131,-1,5985,,,,,,,
,,1,0.629,644,131,-1,5986,,,,,,,
,,1,-1.064,-1090,131,-1,5987,,,,,,,
,,1,0.946,969,131,-1,5988,,,,,,,
,,1,1.378,1411,131,-1,5989,,,,,,,
,,7,0.841,861,132,813,5990,,,,,-60,09:42:39,294
,,1,0.742,760,132,-1,5991,,,,,,,
,,1,0.965,988,132,-1,5992,,,,,,,
,,1,0.867,888,132,-1,5993,,,,,,,
,,1,0.264,270,132,-1,5994,,,,,,,
,,1,0.687,703,132,-1,5995,,,,,,,
,,1,1.441,1476,132,-1,5996,,,,,,,
,,1,0.71,727,132,-1,5997,,,,,,,
,,1,0.396,405,132,-1,5998,,,,,,,
,,1,0.976,999,132,-1,5999,,,,,,,
,,1,1.915,1961,132,-1,6000,,,,,-60,09:42:39,497
,,1,1.507,1543,132,-1,6001,,,,,,,
,,1,0.743,761,132,-1,6002,,,,,,,
,,1,1.183,1211,132,-1,6003,,,,,,,
,,1,-0.13,-133,132,-1,6004,,,,,,,
,,1,0.393,402,132,-1,6005,,,,,,,
,,1,1.595,1633,132,-1,6006,,,,,,,
,,1,1.165,1193,132,-1,6007,,,,,,,
,,1,0.121,124,132,-1,6008,,,,,,,
,,1,1.122,1149,132,-1,6009,,,,,,,
52.3547713,4.8055515,1,0.87,891,132,-1,6010,84,5,7,42,-60,09:42:39,700
,,1,0.342,350,132,-1,6011,,,,,,,
,,1,0.201,206,132,-1,6012,,,,,,,
,,1,1.02,1044,132,-1,6013,,,,,,,
,,1,0.535,548,132,-1,6014,,,,,,,
,,1,-0.481,-493,132,-1,6015,,,,,,,
,,1,-0.09,-92,132,-1,6016,,,,,,,
,,1,0.396,405,132,-1,6017,,,,,,,
,,1,-0.369,-378,132,-1,6018,,,,,,,
,,1,-0.362,-371,132,-1,6019,,,,,,,
,,1,0.102,104,132,-1,6020,,,,,-58,09:42:39,894
,,1,0.163,167,132,-1,6021,,,,,,,
,,1,-1.066,-1092,132,-1,6022,,,,,,,
,,1,-0.912,-934,132,-1,6023,,,,,,,
,,7,-0.678,-694,133,775,6024,,,,,,,
,,1,-0.784,-803,133,-1,6025,,,,,,,
,,1,-1.086,-1112,133,-1,6026,,,,,,,
,,1,-0.854,-875,133,-1,6027,,,,,,,
,,1,-0.78,-799,133,-1,6028,,,,,,,
,,1,-0.613,-628,133,-1,6029,,,,,,,
,,1,-1.271,-1301,133,-1,6030,,,,,-58,09:42:40,101
,,1,-0.962,-985,133,-1,6031,,,,,,,
,,1,-0.913,-935,133,-1,6032,,,,,,,
,,1,-1.259,-1289,133,-1,6033,,,,,,,
,,1,-0.994,-1018,133,-1,6034,,,,,,,
,,1,-0.582,-596,133,-1,6035,,,,,,,
,,1,-0.867,-888,133,-1,6036,,,,,,,
,,1,-0.865,-886,133,-1,6037,,,,,,,
,,1,-0.661,-677,133,-1,6038,,,,,,,
,,1,-0.718,-735,133,-1,6039,,,,,,,
,,1,-1.004,-1028,133,-1,6040,,,,,-58,09:42:40,301
,,1,-0.815,-835,133,-1,6041,,,,,,,
,,1,-0.359,-368,133,-1,6042,,,,,,,
,,1,-0.644,-659,133,-1,6043,,,,,,,
,,1,-0.766,-784,133,-1,6044,,,,,,,
,,1,-0.419,-429,133,-1,6045,,,,,,,
,,1,-0.278,-285,133,-1,6046,,,,,,,
,,1,-0.292,-299,133,-1,6047,,,,,,,
,,1,-0.251,-257,133,-1,6048,,,,,,,
,,1,-0.138,-141,133,-1,6049,,,,,,,
,,1,-0.098,-100,133,-1,6050,,,,,-58,09:42:40,494
,,1,-0.091,-93,133,-1,6051,,,,,,,
,,1,0.101,103,133,-1,6052,,,,,,,
,,1,0.169,173,133,-1,6053,,,,,,,
,,1,0.422,432,133,-1,6054,,,,,,,
,,1,0.423,433,133,-1,6055,,,,,,,
,,1,0.298,305,133,-1,6056,,,,,,,
,,1,0.356,365,133,-1,6057,,,,,,,
,,1,0.471,482,133,-1,6058,,,,,,,
,,7,0.634,649,134,735,6059,,,,,,,
52.3547853,4.8055655,1,0.765,783,134,-1,6060,19,5,7,42,-58,09:42:40,702
,,1,0.911,933,134,-1,6061,,,,,,,
,,1,0.832,852,134,-1,6062,,,,,,,
,,1,0.78,799,134,-1,6063,,,,,,,
,,1,0.72,737,134,-1,6064,,,,,,,
,,1,0.944,967,134,-1,6065,,,,,,,
,,1,1.201,1230,134,-1,6066,,,,,,,
,,1,1.13,1157,134,-1,6067,,,,,,,
,,1,0.936,958,134,-1,6068,,,,,,,
,,1,0.787,806,134,-1,6069,,,,,,,
,,1,0.864,885,134,-1,6070,,,,,-58,09:42:40,897
,,1,0.947,970,134,-1,6071,,,,,,,
,,1,1.002,1026,134,-1,6072,,,,,,,
,,1,1.2,1229,134,-1,6073,,,,,,,
,,1,1.025,1050,134,-1,6074,,,,,,,
,,1,0.935,957,134,-1,6075,,,,,,,
,,1,0.721,738,134,-1,6076,,,,,,,
,,1,0.952,975,134,-1,6077,,,,,,,
,,1,0.697,714,134,-1,6078,,,,,,,
,,1,0.606,621,134,-1,6079,,,,,,,
,,1,0.428,438,134,-1,6080,,,,,-58,09:42:41,093
,,1,0.422,432,134,-1,6081,,,,,,,
,,1,0.576,590,134,-1,6082,,,,,,,
,,1,0.727,744,134,-1,6083,,,,,,,
,,1,0.461,472,134,-1,6084,,,,,,,
,,1,0.214,219,134,-1,6085,,,,,,,
,,1,0.072,74,134,-1,6086,,,,,,,
,,1,-0.079,-81,134,-1,6087,,,,,,,
,,1,0.083,85,134,-1,6088,,,,,,,
,,1,-0.09,-92,134,-1,6089,,,,,,,
,,1,-0.332,-340,134,-1,6090,,,,,-58,09:42:41,303
,,1,-0.297,-304,134,-1,6091,,,,,,,
,,1,-0.119,-122,134,-1,6092,,,,,,,
,,1,-0.025,-26,134,-1,6093,,,,,,,
,,1,-0.366,-375,134,-1,6094,,,,,,,
,,1,-0.756,-774,134,-1,6095,,,,,,,
,,7,-0.957,-980,135,709,6096,,,,,,,
,,1,-0.72,-737,135,-1,6097,,,,,,,
,,1,-0.347,-355,135,-1,6098,,,,,,,
,,1,-0.253,-259,135,-1,6099,,,,,,,
,,1,-0.383,-392,135,-1,6100,,,,,-53,09:42:41,496
,,1,-0.854,-875,135,-1,6101,,,,,,,
,,1,-1.474,-1509,135,-1,6102,,,,,,,
,,1,-1.218,-1247,135,-1,6103,,,,,,,
,,1,-0.992,-1016,135,-1,6104,,,,,,,
,,1,-0.72,-737,135,-1,6105,,,,,,,
,,1,-0.85,-870,135,-1,6106,,,,,,,
,,1,-0.986,-1010,135,-1,6107,,,,,,,
,,1,-1.437,-1471,135,-1,6108,,,,,,,
,,1,-1.293,-1324,135,-1,6109,,,,,,,
52.3548009,4.8055619,1,-1.125,-1152,135,-1,6110,358,5,6,43,-53,09:42:41,692
,,1,-0.731,-749,135,-1,6111,,,,,,,
,,1,-0.373,-382,135,-1,6112,,,,,,,
,,1,-0.492,-504,135,-1,6113,,,,,,,
,,1,-0.957,-980,135,-1,6114,,,,,,,
,,1,-1.18,-1208,135,-1,6115,,,,,,,
,,1,-0.695,-712,135,-1,6116,,,,,,,
,,1,-0.569,-583,135,-1,6117,,,,,,,
,,1,-0.515,-527,135,-1,6118,,,,,,,
,,1,-0.348,-356,135,-1,6119,,,,,,,
,,1,-0.288,-295,135,-1,6120,,,,,-53,09:42:41,903
,,1,-0.474,-485,135,-1,6121,,,,,,,
,,1,-0.335,-343,135,-1,6122,,,,,,,
,,1,-0.164,-168,135,-1,6123,,,,,,,
,,1,-0.185,-189,135,-1,6124,,,,,,,
,,1,-0.104,-106,135,-1,6125,,,,,,,
,,1,0.098,100,135,-1,6126,,,,,,,
,,1,0.159,163,135,-1,6127,,,,,,,
,,1,0.347,355,135,-1,6128,,,,,,,
,,1,0.476,487,135,-1,6129,,,,,,,
,,1,0.321,329,135,-1,6130,,,,,-53,09:42:42,095
,,1,0.184,188,135,-1,6131,,,,,,,
,,1,0.559,572,135,-1,6132,,,,,,,
,,7,0.771,789,136,684,6133,,,,,,,
,,1,0.905,927,136,-1,6134,,,,,,,
,,1,0.788,807,136,-1,6135,,,,,,,
,,1,0.615,630,136,-1,6136,,,,,,,
,,1,0.473,484,136,-1,6137,,,,,,,
,,1,0.721,738,136,-1,6138,,,,,,,
,,1,1.35,1382,136,-1,6139,,,,,,,
,,1,1.308,1339,136,-1,6140,,,,,-53,09:42:42,294
,,1,0.963,986,136,-1,6141,,,,,,,
,,1,0.594,608,136,-1,6142,,,,,,,
,,1,0.903,925,136,-1,6143,,,,,,,
,,1,1.709,1750,136,-1,6144,,,,,,,
,,1,1.329,1361,136,-1,6145,,,,,,,
,,1,0.854,875,136,-1,6146,,,,,,,
,,1,0.46,471,136,-1,6147,,,,,,,
,,1,0.784,803,136,-1,6148,,,,,,,
,,1,1.454,1489,136,-1,6149,,,,,,,
,,1,1.197,1226,136,-1,6150,,,,,-53,09:42:42,502
,,1,0.833,853,136,-1,6151,,,,,,,
,,1,0.624,639,136,-1,6152,,,,,,,
,,1,0.923,945,136,-1,6153,,,,,,,
,,1,0.773,792,136,-1,6154,,,,,,,
,,1,0.629,644,136,-1,6155,,,,,,,
,,1,0.616,631,136,-1,6156,,,,,,,
,,1,0.672,688,136,-1,6157,,,,,,,
,,1,0.675,691,136,-1,6158,,,,,,,
,,1,0.268,274,136,-1,6159,,,,,,,
52.3548164,4.8055534,1,0.269,275,136,-1,6160,0,5,6,43,-53,09:42:42,691
,,1,0.387,396,136,-1,6161,,,,,,,
,,1,0.266,272,136,-1,6162,,,,,,,
,,1,-0.104,-106,136,-1,6163,,,,,,,
,,1,0.099,101,136,-1,6164,,,,,,,
,,1,0.112,115,136,-1,6165,,,,,,,
,,1,-0.017,-17,136,-1,6166,,,,,,,
,,1,-0.562,-575,136,-1,6167,,,,,,,
,,1,-0.315,-323,136,-1,6168,,,,,,,
,,1,-0.359,-368,136,-1,6169,,,,,,,
,,1,-0.618,-633,136,-1,6170,,,,,-53,09:42:42,894
,,1,-0.381,-390,136,-1,6171,,,,,,,
,,7,-0.661,-677,137,666,6172,,,,,,,
,,1,-0.587,-601,137,-1,6173,,,,,,,
,,1,-1.096,-1122,137,-1,6174,,,,,,,
,,1,-0.715,-732,137,-1,6175,,,,,,,
,,1,-0.671,-687,137,-1,6176,,,,,,,
,,1,-0.486,-498,137,-1,6177,,,,,,,
,,1,-1.151,-1179,137,-1,6178,,,,,,,
,,1,-1.302,-1333,137,-1,6179,,,,,,,
,,1,-0.876,-897,137,-1,6180,,,,,-53,09:42:43,102
,,1,-0.943,-966,137,-1,6181,,,,,,,
,,1,-0.972,-995,137,-1,6182,,,,,,,
,,1,-1.057,-1082,137,-1,6183,,,,,,,
,,1,-0.697,-714,137,-1,6184,,,,,,,
,,1,-0.939,-962,137,-1,6185,,,,,,,
,,1,-0.997,-1021,137,-1,6186,,,,,,,
,,1,-1.051,-1076,137,-1,6187,,,,,,,
,,1,-0.946,-969,137,-1,6188,,,,,,,
,,1,-0.918,-940,137,-1,6189,,,,,,,
,,1,-0.675,-691,137,-1,6190,,,,,-55,09:42:43,298
,,1,-0.636,-651,137,-1,6191,,,,,,,
,,1,-0.81,-829,137,-1,6192,,,,,,,
,,1,-0.591,-605,137,-1,6193,,,,,,,
,,1,-0.401,-411,137,-1,6194,,,,,,,
,,1,-0.544,-557,137,-1,6195,,,,,,,
,,1,-0.572,-586,137,-1,6196,,,,,,,
,,1,-0.315,-323,137,-1,6197,,,,,,,
,,1,-0.122,-125,137,-1,6198,,,,,,,
,,1,-0.149,-153,137,-1,6199,,,,,,,
,,1,-0.007,-7,137,-1,6200,,,,,,09:42:43,494
,,1,0.152,156,137,-1,6201,,,,,,,
,,1,0.07,72,137,-1,6202,,,,,,,
,,1,0.188,193,137,-1,6203,,,,,,,
,,1,0.369,378,137,-1,6204,,,,,,,
,,1,0.246,252,137,-1,6205,,,,,,,
,,1,0.344,352,137,-1,6206,,,,,,,
,,1,0.522,535,137,-1,6207,,,,,,,
,,1,0.613,628,137,-1,6208,,,,,,,
,,7,0.891,912,138,657,6209,,,,,,,
52.3548331,4.8055486,1,0.678,694,138,-1,6210,5,5,6,43,,09:42:43,732
,,1,0.787,806,138,-1,6211,,,,,,,
,,1,0.537,550,138,-1,6212,,,,,,,
,,1,0.884,905,138,-1,6213,,,,,,,
,,1,1.389,1422,138,-1,6214,,,,,,,
,,1,1.406,1440,138,-1,6215,,,,,,,
,,1,0.682,698,138,-1,6216,,,,,,,
,,1,0.569,583,138,-1,6217,,,,,,,
,,1,1.002,1026,138,-1,6218,,,,,,,
,,1,1.156,1184,138,-1,6219,,,,,,,
,,1,1.099,1125,138,-1,6220,,,,,,09:42:43,893
,,1,1.017,1041,138,-1,6221,,,,,,,
,,1,0.742,760,138,-1,6222,,,,,,,
,,1,0.811,830,138,-1,6223,,,,,,,
,,1,1.156,1184,138,-1,6224,,,,,,,
,,1,0.915,937,138,-1,6225,,,,,,,
,,1,0.866,887,138,-1,6226,,,,,,,
,,1,0.594,608,138,-1,6227,,,,,,,
,,1,0.729,746,138,-1,6228,,,,,,,
,,1,0.61,625,138,-1,6229,,,,,,,
,,1,0.629,644,138,-1,6230,,,,,,09:42:44,095
,,1,0.518,530,138,-1,6231,,,,,,,
,,1,0.554,567,138,-1,6232,,,,,,,
,,1,0.248,254,138,-1,6233,,,,,,,
,,1,0.23,236,138,-1,6234,,,,,,,
,,1,-0.1,-102,138,-1,6235,,,,,,,
,,1,-0.132,-135,138,-1,6236,,,,,,,
,,1,-0.058,-59,138,-1,6237,,,,,,,
,,1,-0.387,-396,138,-1,6238,,,,,,,
,,1,0.119,122,138,-1,6239,,,,,,,
,,1,-0.191,-196,138,-1,6240,,,,,,09:42:44,311
,,1,-0.761,-779,138,-1,6241,,,,,,,
,,1,-0.49,-502,138,-1,6242,,,,,,,
,,1,-0.099,-101,138,-1,6243,,,,,,,
,,1,-0.441,-452,138,-1,6244,,,,,,,
,,1,-0.692,-709,138,-1,6245,,,,,,,
,,7,-0.797,-816,139,666,6246,,,,,,,
,,1,-1.005,-1029,139,-1,6247,,,,,,,
,,1,-0.914,-936,139,-1,6248,,,,,,,
,,1,-0.836,-856,139,-1,6249,,,,,,,
,,1,-0.84,-860,139,-1,6250,,,,,,09:42:44,500
,,1,-0.934,-956,139,-1,6251,,,,,,,
,,1,-0.957,-980,139,-1,6252,,,,,,,
,,1,-0.958,-981,139,-1,6253,,,,,,,
,,1,-1.008,-1032,139,-1,6254,,,,,,,
,,1,-1.058,-1083,139,-1,6255,,,,,,,
,,1,-0.748,-766,139,-1,6256,,,,,,,
,,1,-0.894,-915,139,-1,6257,,,,,,,
,,1,-0.829,-849,139,-1,6258,,,,,,,
,,1,-0.874,-895,139,-1,6259,,,,,,,
52.3548505,4.8055462,1,-0.763,-781,139,-1,6260,6,5,5,43,,09:42:44,689
,,1,-0.998,-1022,139,-1,6261,,,,,,,
,,1,-0.772,-791,139,-1,6262,,,,,,,
,,1,-0.441,-452,139,-1,6263,,,,,,,
,,1,-0.539,-552,139,-1,6264,,,,,,,
,,1,-0.877,-898,139,-1,6265,,,,,,,
,,1,-0.229,-235,139,-1,6266,,,,,,,
,,1,0.16,164,139,-1,6267,,,,,,,
,,1,-0.245,-251,139,-1,6268,,,,,,,
,,1,-0.229,-234,139,-1,6269,,,,,,,
,,1,0.078,80,139,-1,6270,,,,,,09:42:44,904
,,1,0.01,10,139,-1,6271,,,,,,,
,,1,0.039,40,139,-1,6272,,,,,,,
,,1,0.428,438,139,-1,6273,,,,,,,
,,1,0.613,628,139,-1,6274,,,,,,,
,,1,0.327,335,139,-1,6275,,,,,,,
,,1,0.377,386,139,-1,6276,,,,,,,
,,7,0.695,712,140,704,6277,,,,,,,
,,1,1.096,1122,140,-1,6278,,,,,,,
,,1,0.716,733,140,-1,6279,,,,,,,
,,1,0.645,660,140,-1,6280,,,,,-56,09:42:45,096
,,1,0.775,794,140,-1,6281,,,,,,,
,,1,0.91,932,140,-1,6282,,,,,,,
,,1,1.12,1147,140,-1,6283,,,,,,,
,,1,0.903,925,140,-1,6284,,,,,,,
,,1,0.885,906,140,-1,6285,,,,,,,
,,1,0.999,1023,140,-1,6286,,,,,,,
,,1,0.997,1021,140,-1,6287,,,,,,,
,,1,0.962,985,140,-1,6288,,,,,,,
,,1,1.012,1036,140,-1,6289,,,,,,,
,,1,0.96,983,140,-1,6290,,,,,-56,09:42:45,293
,,1,0.584,598,140,-1,6291,,,,,,,
,,1,0.56,573,140,-1,6292,,,,,,,
,,1,1.066,1092,140,-1,6293,,,,,,,
,,1,1.026,1051,140,-1,6294,,,,,,,
,,1,0.764,782,140,-1,6295,,,,,,,
,,1,0.597,611,140,-1,6296,,,,,,,
,,1,1.078,1104,140,-1,6297,,,,,,,
,,1,0.656,672,140,-1,6298,,,,,,,
,,1,0.15,154,140,-1,6299,,,,,,,
,,1,0.386,395,140,-1,6300,,,,,-56,09:42:45,502
,,1,0.533,546,140,-1,6301,,,,,,,
,,1,0.306,313,140,-1,6302,,,,,,,
,,1,0.098,100,140,-1,6303,,,,,,,
,,1,0.166,170,140,-1,6304,,,,,,,
,,1,-0.018,-18,140,-1,6305,,,,,,,
,,1,0.021,22,140,-1,6306,,,,,,,
,,1,-0.091,-93,140,-1,6307,,,,,,,
,,1,-0.358,-367,140,-1,6308,,,,,,,
,,1,-0.398,-408,140,-1,6309,,,,,,,
52.354865,4.8055446,1,-0.202,-207,140,-1,6310,5,5,5,43,-56,09:42:45,699
,,1,-0.117,-120,140,-1,6311,,,,,,,
,,1,-0.501,-513,140,-1,6312,,,,,,,
,,1,-0.846,-866,140,-1,6313,,,,,,,
,,7,-0.787,-806,141,735,6314,,,,,,,
,,1,-0.591,-605,141,-1,6315,,,,,,,
,,1,-0.693,-710,141,-1,6316,,,,,,,
,,1,-1.002,-1026,141,-1,6317,,,,,,,
,,1,-1.018,-1042,141,-1,6318,,,,,,,
,,1,-0.765,-783,141,-1,6319,,,,,,,
,,1,-0.688,-704,141,-1,6320,,,,,-56,09:42:45,892
,,1,-1.032,-1057,141,-1,6321,,,,,,,
,,1,-0.972,-995,141,-1,6322,,,,,,,
,,1,-0.899,-921,141,-1,6323,,,,,,,
,,1,-1.237,-1267,141,-1,6324,,,,,,,
,,1,-0.939,-962,141,-1,6325,,,,,,,
,,1,-0.756,-774,141,-1,6326,,,,,,,
,,1,-0.795,-814,141,-1,6327,,,,,,,
,,1,-1.126,-1153,141,-1,6328,,,,,,,
,,1,-0.834,-854,141,-1,6329,,,,,,,
,,1,-0.865,-886,141,-1,6330,,,,,-56,09:42:46,104
,,1,-0.717,-734,141,-1,6331,,,,,,,
,,1,-0.549,-562,141,-1,6332,,,,,,,
,,1,-0.49,-502,141,-1,6333,,,,,,,
,,1,-0.432,-442,141,-1,6334,,,,,,,
,,1,-0.408,-418,141,-1,6335,,,,,,,
,,1,-0.453,-464,141,-1,6336,,,,,,,
,,1,-0.072,-74,141,-1,6337,,,,,,,
,,1,0.053,54,141,-1,6338,,,,,,,
,,1,-0.149,-153,141,-1,6339,,,,,,,
,,1,-0.101,-103,141,-1,6340,,,,,-56,09:42:46,302
,,1,0.304,311,141,-1,6341,,,,,,,
,,1,-0.053,-54,141,-1,6342,,,,,,,
,,1,0.551,564,141,-1,6343,,,,,,,
,,1,0.437,447,141,-1,6344,,,,,,,
,,1,0.221,226,141,-1,6345,,,,,,,
,,1,0.341,349,141,-1,6346,,,,,,,
,,1,0.718,735,141,-1,6347,,,,,,,
,,7,0.85,870,142,719,6348,,,,,,,
,,1,0.537,550,142,-1,6349,,,,,,,
,,1,0.738,756,142,-1,6350,,,,,-56,09:42:46,494
,,1,0.683,699,142,-1,6351,,,,,,,
,,1,0.74,758,142,-1,6352,,,,,,,
,,1,1.053,1078,142,-1,6353,,,,,,,
,,1,1.161,1189,142,-1,6354,,,,,,,
,,1,1.135,1162,142,-1,6355,,,,,,,
,,1,0.663,679,142,-1,6356,,,,,,,
,,1,0.831,851,142,-1,6357,,,,,,,
,,1,1.144,1171,142,-1,6358,,,,,,,
,,1,1.235,1265,142,-1,6359,,,,,,,
52.3548801,4.8055416,1,0.9,922,142,-1,6360,360,5,5,43,-56,09:42:46,703
,,1,0.844,864,142,-1,6361,,,,,,,
,,1,0.79,809,142,-1,6362,,,,,,,
,,1,0.915,937,142,-1,6363,,,,,,,
,,1,0.964,987,142,-1,6364,,,,,,,
,,1,0.925,947,142,-1,6365,,,,,,,
,,1,0.685,701,142,-1,6366,,,,,,,
,,1,0.474,485,142,-1,6367,,,,,,,
,,1,0.643,658,142,-1,6368,,,,,,,
,,1,0.477,488,142,-1,6369,,,,,,,
,,1,0.412,422,142,-1,6370,,,,,-53,09:42:46,894
,,1,0.361,370,142,-1,6371,,,,,,,
,,1,0.236,242,142,-1,6372,,,,,,,
,,1,0.283,290,142,-1,6373,,,,,,,
,,1,0.146,150,142,-1,6374,,,,,,,
,,1,-0.097,-99,142,-1,6375,,,,,,,
,,1,-0.192,-197,142,-1,6376,,,,,,,
,,1,-0.27,-276,142,-1,6377,,,,,,,
,,1,-0.241,-247,142,-1,6378,,,,,,,
,,1,-0.378,-387,142,-1,6379,,,,,,,
,,1,-0.33,-338,142,-1,6380,,,,,-53,09:42:47,092
,,1,-0.628,-643,142,-1,6381,,,,,,,
,,7,-0.93,-952,143,719,6382,,,,,,,
,,1,-0.513,-525,143,-1,6383,,,,,,,
,,1,-0.61,-625,143,-1,6384,,,,,,,
,,1,-0.856,-877,143,-1,6385,,,,,,,
,,1,-1.045,-1070,143,-1,6386,,,,,,,
,,1,-0.84,-860,143,-1,6387,,,,,,,
,,1,-1.005,-1029,143,-1,6388,,,,,,,
,,1,-1.022,-1047,143,-1,6389,,,,,,,
,,1,-0.938,-961,143,-1,6390,,,,,-53,09:42:47,302
,,1,-0.789,-808,143,-1,6391,,,,,,,
,,1,-0.875,-896,143,-1,6392,,,,,,,
,,1,-1.199,-1228,143,-1,6393,,,,,,,
,,1,-0.933,-955,143,-1,6394,,,,,,,
,,1,-0.837,-857,143,-1,6395,,,,,,,
,,1,-1.113,-1140,143,-1,6396,,,,,,,
,,1,-0.896,-918,143,-1,6397,,,,,,,
,,1,-0.7,-717,143,-1,6398,,,,,,,
,,1,-0.826,-846,143,-1,6399,,,,,,,
,,1,-0.801,-820,143,-1,6400,,,,,-53,09:42:47,495
,,1,-0.763,-781,143,-1,6401,,,,,,,
,,1,-0.552,-565,143,-1,6402,,,,,,,
,,1,-0.516,-528,143,-1,6403,,,,,,,
,,1,-0.479,-490,143,-1,6404,,,,,,,
,,1,-0.439,-450,143,-1,6405,,,,,,,
,,1,-0.285,-292,143,-1,6406,,,,,,,
,,1,-0.186,-190,143,-1,6407,,,,,,,
,,1,-0.159,-163,143,-1,6408,,,,,,,
,,1,-0.032,-33,143,-1,6409,,,,,,,
52.3548947,4.8055383,1,0.05,51,143,-1,6410,359,6,5,43,-53,09:42:47,696
,,1,0.131,134,143,-1,6411,,,,,,,
,,1,0.317,325,143,-1,6412,,,,,,,
,,1,0.236,242,143,-1,6413,,,,,,,
,,1,0.229,234,143,-1,6414,,,,,,,
,,1,0.409,419,143,-1,6415,,,,,,,
,,1,0.556,569,143,-1,6416,,,,,,,
,,7,0.827,847,144,729,6417,,,,,,,
,,1,0.932,954,144,-1,6418,,,,,,,
,,1,0.793,812,144,-1,6419,,,,,,,
,,1,0.777,796,144,-1,6420,,,,,-53,09:42:47,901
,,1,0.993,1017,144,-1,6421,,,,,,,
,,1,1.101,1127,144,-1,6422,,,,,,,
,,1,1.108,1135,144,-1,6423,,,,,,,
,,1,0.862,883,144,-1,6424,,,,,,,
,,1,0.864,885,144,-1,6425,,,,,,,
,,1,0.942,965,144,-1,6426,,,,,,,
,,1,1.04,1065,144,-1,6427,,,,,,,
,,1,1.013,1037,144,-1,6428,,,,,,,
,,1,0.947,970,144,-1,6429,,,,,,,
,,1,0.882,903,144,-1,6430,,,,,-53,09:42:48,098
,,1,0.831,851,144,-1,6431,,,,,,,
,,1,0.699,716,144,-1,6432,,,,,,,
,,1,0.849,869,144,-1,6433,,,,,,,
,,1,0.773,792,144,-1,6434,,,,,,,
,,1,0.637,652,144,-1,6435,,,,,,,
,,1,0.765,783,144,-1,6436,,,,,,,
,,1,0.582,596,144,-1,6437,,,,,,,
,,1,0.6,614,144,-1,6438,,,,,,,
,,1,0.443,454,144,-1,6439,,,,,,,
,,1,0.321,329,144,-1,6440,,,,,-53,09:42:48,297
,,1,0.346,354,144,-1,6441,,,,,,,
,,1,0.004,4,144,-1,6442,,,,,,,
,,1,0.144,147,144,-1,6443,,,,,,,
,,1,0.217,222,144,-1,6444,,,,,,,
,,1,-0.025,-26,144,-1,6445,,,,,,,
,,1,-0.283,-290,144,-1,6446,,,,,,,
,,1,-0.17,-174,144,-1,6447,,,,,,,
,,1,-0.211,-216,144,-1,6448,,,,,,,
,,1,-0.186,-190,144,-1,6449,,,,,,,
,,1,-0.46,-471,144,-1,6450,,,,,-51,09:42:48,500
,,1,-0.409,-419,144,-1,6451,,,,,,,
,,1,-0.337,-345,144,-1,6452,,,,,,,
,,1,-0.646,-661,144,-1,6453,,,,,,,
,,7,-0.598,-612,145,709,6454,,,,,,,
,,1,-0.408,-418,145,-1,6455,,,,,,,
,,1,-0.813,-833,145,-1,6456,,,,,,,
,,1,-1.043,-1068,145,-1,6457,,,,,,,
,,1,-0.683,-699,145,-1,6458,,,,,,,
,,1,-0.733,-751,145,-1,6459,,,,,,,
,,1,-0.995,-1019,145,-1,6460,,,,,-51,09:42:48,692
,,1,-0.937,-959,145,-1,6461,,,,,,,
,,1,-0.898,-920,145,-1,6462,,,,,,,
,,1,-0.894,-915,145,-1,6463,,,,,,,
,,1,-0.869,-890,145,-1,6464,,,,,,,
,,1,-0.902,-924,145,-1,6465,,,,,,,
,,1,-1.059,-1084,145,-1,6466,,,,,,,
,,1,-1.179,-1207,145,-1,6467,,,,,,,
,,1,-1.112,-1139,145,-1,6468,,,,,,,
,,1,-0.756,-774,145,-1,6469,,,,,,,
52.3549082,4.8055368,1,-0.546,-559,145,-1,6470,3,5,5,42,-51,09:42:48,889
,,1,-1.021,-1046,145,-1,6471,,,,,,,
,,1,-1.002,-1026,145,-1,6472,,,,,,,
,,1,-0.823,-843,145,-1,6473,,,,,,,
,,1,-0.709,-726,145,-1,6474,,,,,,,
,,1,-0.563,-577,145,-1,6475,,,,,,,
,,1,-0.368,-377,145,-1,6476,,,,,,,
,,1,-0.562,-575,145,-1,6477,,,,,,,
,,1,-0.419,-429,145,-1,6478,,,,,,,
,,1,-0.384,-393,145,-1,6479,,,,,,,
,,1,-0.365,-374,145,-1,6480,,,,,-51,09:42:49,102
,,1,-0.163,-167,145,-1,6481,,,,,,,
,,1,-0.004,-4,145,-1,6482,,,,,,,
,,1,0.004,4,145,-1,6483,,,,,,,
,,1,0.058,59,145,-1,6484,,,,,,,
,,1,0.291,298,145,-1,6485,,,,,,,
,,1,0.153,157,145,-1,6486,,,,,,,
,,1,0.322,330,145,-1,6487,,,,,,,
,,1,0.414,424,145,-1,6488,,,,,,,
,,1,0.368,377,145,-1,6489,,,,,,,
,,1,0.409,419,145,-1,6490,,,,,-51,09:42:49,295
,,1,0.536,549,145,-1,6491,,,,,,,
,,7,0.803,822,146,680,6492,,,,,,,
,,1,0.868,889,146,-1,6493,,,,,,,
,,1,0.748,766,146,-1,6494,,,,,,,
,,1,0.62,635,146,-1,6495,,,,,,,
,,1,0.875,896,146,-1,6496,,,,,,,
,,1,1.068,1094,146,-1,6497,,,,,,,
,,1,0.941,964,146,-1,6498,,,,,,,
,,1,0.916,938,146,-1,6499,,,,,,,
,,1,1.095,1121,146,-1,6500,,,,,-51,09:42:49,487
,,1,1.152,1180,146,-1,6501,,,,,,,
,,1,0.961,984,146,-1,6502,,,,,,,
,,1,1.105,1132,146,-1,6503,,,,,,,
,,1,1.283,1314,146,-1,6504,,,,,,,
,,1,1.055,1080,146,-1,6505,,,,,,,
,,1,0.643,658,146,-1,6506,,,,,,,
,,1,0.811,830,146,-1,6507,,,,,,,
,,1,1.205,1234,146,-1,6508,,,,,,,
,,1,0.891,912,146,-1,6509,,,,,,,
,,1,0.596,610,146,-1,6510,,,,,-51,09:42:49,698
,,1,0.826,846,146,-1,6511,,,,,,,
,,1,0.76,778,146,-1,6512,,,,,,,
,,1,0.772,791,146,-1,6513,,,,,,,
,,1,0.646,661,146,-1,6514,,,,,,,
,,1,0.557,570,146,-1,6515,,,,,,,
,,1,0.603,617,146,-1,6516,,,,,,,
,,1,0.482,494,146,-1,6517,,,,,,,
,,1,0.407,417,146,-1,6518,,,,,,,
,,1,0.249,255,146,-1,6519,,,,,,,
,,1,0.215,220,146,-1,6520,,,,,-51,09:42:49,894
,,1,0.188,193,146,-1,6521,,,,,,,
,,1,-0.053,-54,146,-1,6522,,,,,,,
,,1,-0.045,-46,146,-1,6523,,,,,,,
,,1,-0.118,-121,146,-1,6524,,,,,,,
,,1,-0.213,-218,146,-1,6525,,,,,,,
,,1,-0.137,-140,146,-1,6526,,,,,,,
,,1,-0.37,-379,146,-1,6527,,,,,,,
,,1,-0.333,-341,146,-1,6528,,,,,,,
,,1,-0.53,-543,146,-1,6529,,,,,,,
52.3549208,4.8055384,1,-0.539,-552,146,-1,6530,6,6,5,42,-51,09:42:50,088
,,7,-0.708,-725,147,657,6531,,,,,,,
,,1,-0.553,-566,147,-1,6532,,,,,,,
,,1,-0.633,-648,147,-1,6533,,,,,,,
,,1,-0.87,-891,147,-1,6534,,,,,,,
,,1,-0.905,-927,147,-1,6535,,,,,,,
,,1,-1.101,-1127,147,-1,6536,,,,,,,
,,1,-0.606,-621,147,-1,6537,,,,,,,
,,1,-1.162,-1190,147,-1,6538,,,,,,,
,,1,-0.892,-913,147,-1,6539,,,,,,,
,,1,-0.576,-590,147,-1,6540,,,,,-55,09:42:50,297
,,1,-0.783,-802,147,-1,6541,,,,,,,
,,1,-1.279,-1310,147,-1,6542,,,,,,,
,,1,-1.065,-1091,147,-1,6543,,,,,,,
,,1,-0.957,-980,147,-1,6544,,,,,,,
,,1,-1.195,-1224,147,-1,6545,,,,,,,
,,1,-0.884,-905,147,-1,6546,,,,,,,
,,1,-0.643,-658,147,-1,6547,,,,,,,
,,1,-0.797,-816,147,-1,6548,,,,,,,
,,1,-0.944,-967,147,-1,6549,,,,,,,
,,1,-0.807,-826,147,-1,6550,,,,,-55,09:42:50,495
,,1,-0.461,-472,147,-1,6551,,,,,,,
,,1,-0.158,-162,147,-1,6552,,,,,,,
,,1,-0.523,-536,147,-1,6553,,,,,,,
,,1,-0.551,-564,147,-1,6554,,,,,,,
,,1,-0.346,-354,147,-1,6555,,,,,,,
,,1,-0.374,-383,147,-1,6556,,,,,,,
,,1,0.383,392,147,-1,6557,,,,,,,
,,1,-0.014,-14,147,-1,6558,,,,,,,
,,1,0.102,104,147,-1,6559,,,,,,,
,,1,0.497,509,147,-1,6560,,,,,-55,09:42:50,694
,,1,0.196,201,147,-1,6561,,,,,,,
,,1,0.224,229,147,-1,6562,,,,,,,
,,1,0.371,380,147,-1,6563,,,,,,,
,,1,0.243,249,147,-1,6564,,,,,,,
,,1,0.555,568,147,-1,6565,,,,,,,
,,7,0.675,691,148,662,6566,,,,,,,
,,1,0.877,898,148,-1,6567,,,,,,,
,,1,0.614,629,148,-1,6568,,,,,,,
,,1,0.407,417,148,-1,6569,,,,,,,
,,1,1.04,1065,148,-1,6570,,,,,-55,09:42:50,903
,,1,1.501,1537,148,-1,6571,,,,,,,
,,1,1.284,1315,148,-1,6572,,,,,,,
,,1,0.75,768,148,-1,6573,,,,,,,
,,1,0.529,542,148,-1,6574,,,,,,,
,,1,0.642,657,148,-1,6575,,,,,,,
,,1,0.802,821,148,-1,6576,,,,,,,
,,1,1.012,1036,148,-1,6577,,,,,,,
,,1,1.067,1093,148,-1,6578,,,,,,,
,,1,1.133,1160,148,-1,6579,,,,,,,
52.3549314,4.8055416,1,1.021,1045,148,-1,6580,17,6,5,42,-55,09:42:51,101
,,1,0.918,940,148,-1,6581,,,,,,,
,,1,1.036,1061,148,-1,6582,,,,,,,
,,1,1.086,1112,148,-1,6583,,,,,,,
,,1,0.986,1010,148,-1,6584,,,,,,,
,,1,0.743,761,148,-1,6585,,,,,,,
,,1,0.632,647,148,-1,6586,,,,,,,
,,1,0.724,741,148,-1,6587,,,,,,,
,,1,0.587,601,148,-1,6588,,,,,,,
,,1,0.496,508,148,-1,6589,,,,,,,
,,1,0.616,631,148,-1,6590,,,,,-55,09:42:51,290
,,1,0.464,475,148,-1,6591,,,,,,,
,,1,0.458,469,148,-1,6592,,,,,,,
,,1,0.139,142,148,-1,6593,,,,,,,
,,1,0.367,376,148,-1,6594,,,,,,,
,,1,0.233,239,148,-1,6595,,,,,,,
,,1,-0.09,-92,148,-1,6596,,,,,,,
,,1,0.054,55,148,-1,6597,,,,,,,
,,1,0.07,72,148,-1,6598,,,,,,,
,,1,0.127,130,148,-1,6599,,,,,,,
,,1,-0.069,-71,148,-1,6600,,,,,-55,09:42:51,499
,,1,-0.022,-23,148,-1,6601,,,,,,,
,,1,-0.143,-146,148,-1,6602,,,,,,,
,,1,-0.493,-505,148,-1,6603,,,,,,,
,,1,-0.478,-489,148,-1,6604,,,,,,,
,,1,-0.315,-323,148,-1,6605,,,,,,,
,,1,-0.132,-135,148,-1,6606,,,,,,,
,,1,-0.402,-412,148,-1,6607,,,,,,,
,,1,-0.852,-872,148,-1,6608,,,,,,,
,,7,-0.855,-876,149,657,6609,,,,,,,
,,1,-0.604,-618,149,-1,6610,,,,,-55,09:42:51,696
,,1,-0.58,-594,149,-1,6611,,,,,,,
,,1,-0.601,-615,149,-1,6612,,,,,,,
,,1,-0.705,-722,149,-1,6613,,,,,,,
,,1,-1.273,-1304,149,-1,6614,,,,,,,
,,1,-1.239,-1269,149,-1,6615,,,,,,,
,,1,-1.004,-1028,149,-1,6616,,,,,,,
,,1,-0.73,-748,149,-1,6617,,,,,,,
,,1,-0.761,-779,149,-1,6618,,,,,,,
,,1,-0.848,-868,149,-1,6619,,,,,,,
,,1,-0.925,-947,149,-1,6620,,,,,-55,09:42:51,894
,,1,-1.077,-1103,149,-1,6621,,,,,,,
,,1,-1.112,-1139,149,-1,6622,,,,,,,
,,1,-0.852,-872,149,-1,6623,,,,,,,
,,1,-0.794,-813,149,-1,6624,,,,,,,
,,1,-0.957,-980,149,-1,6625,,,,,,,
,,1,-0.895,-916,149,-1,6626,,,,,,,
,,1,-0.813,-833,149,-1,6627,,,,,,,
,,1,-0.864,-885,149,-1,6628,,,,,,,
,,1,-0.847,-867,149,-1,6629,,,,,,,
52.3549414,4.8055537,1,-0.575,-589,149,-1,6630,42,6,5,42,-60,09:42:52,099
,,1,-0.347,-355,149,-1,6631,,,,,,,
,,1,-0.354,-363,149,-1,6632,,,,,,,
,,1,-0.303,-310,149,-1,6633,,,,,,,
,,1,-0.223,-228,149,-1,6634,,,,,,,
,,1,-0.126,-129,149,-1,6635,,,,,,,
,,1,-0.089,-91,149,-1,6636,,,,,,,
,,1,-0.013,-13,149,-1,6637,,,,,,,
,,1,0.246,252,149,-1,6638,,,,,,,
,,1,0.433,443,149,-1,6639,,,,,,,
,,1,0.476,487,149,-1,6640,,,,,-60,09:42:52,295
,,1,0.37,379,149,-1,6641,,,,,,,
,,1,0.38,389,149,-1,6642,,,,,,,
,,1,0.473,484,149,-1,6643,,,,,,,
,,7,0.515,527,150,641,6644,,,,,,,
,,1,0.437,447,150,-1,6645,,,,,,,
,,1,0.432,442,150,-1,6646,,,,,,,
,,1,0.642,657,150,-1,6647,,,,,,,
,,1,0.816,836,150,-1,6648,,,,,,,
,,1,0.889,910,150,-1,6649,,,,,,,
,,1,0.907,929,150,-1,6650,,,,,-60,09:42:52,490
,,1,1.026,1051,150,-1,6651,,,,,,,
,,1,1.011,1035,150,-1,6652,,,,,,,
,,1,0.918,940,150,-1,6653,,,,,,,
,,1,1.001,1025,150,-1,6654,,,,,,,
,,1,1.152,1180,150,-1,6655,,,,,,,
,,1,1.033,1058,150,-1,6656,,,,,,,
,,1,0.899,921,150,-1,6657,,,,,,,
,,1,0.955,978,150,-1,6658,,,,,,,
,,1,0.903,925,150,-1,6659,,,,,,,
,,1,0.739,757,150,-1,6660,,,,,-60,09:42:52,698
,,1,0.759,777,150,-1,6661,,,,,,,
,,1,0.957,980,150,-1,6662,,,,,,,
,,1,0.904,926,150,-1,6663,,,,,,,
,,1,0.826,846,150,-1,6664,,,,,,,
,,1,0.815,835,150,-1,6665,,,,,,,
,,1,0.774,793,150,-1,6666,,,,,,,
,,1,0.712,729,150,-1,6667,,,,,,,
,,1,0.733,751,150,-1,6668,,,,,,,
,,1,0.645,660,150,-1,6669,,,,,,,
,,1,0.369,378,150,-1,6670,,,,,-60,09:42:52,893
,,1,0.229,235,150,-1,6671,,,,,,,
,,1,0.281,288,150,-1,6672,,,,,,,
,,1,0.393,402,150,-1,6673,,,,,,,
,,1,0.34,348,150,-1,6674,,,,,,,
,,1,0.213,218,150,-1,6675,,,,,,,
,,1,0.031,32,150,-1,6676,,,,,,,
,,1,-0.104,-106,150,-1,6677,,,,,,,
,,1,-0.171,-175,150,-1,6678,,,,,,,
,,1,-0.098,-100,150,-1,6679,,,,,,,
,,1,-0.065,-67,150,-1,6680,,,,,-60,09:42:53,091
,,1,-0.117,-120,150,-1,6681,,,,,,,
,,1,-0.326,-334,150,-1,6682,,,,,,,
,,1,-0.661,-677,150,-1,6683,,,,,,,
,,1,-0.674,-690,150,-1,6684,,,,,,,
,,7,-0.685,-701,151,649,6685,,,,,,,
,,1,-0.546,-559,151,-1,6686,,,,,,,
,,1,-0.603,-617,151,-1,6687,,,,,,,
,,1,-0.729,-746,151,-1,6688,,,,,,,
,,1,-1.145,-1172,151,-1,6689,,,,,,,
52.3549466,4.8055741,1,-1.053,-1078,151,-1,6690,56,5,5,42,-60,09:42:53,330
,,1,-0.776,-795,151,-1,6691,,,,,,,
,,1,-0.798,-817,151,-1,6692,,,,,,,
,,1,-1.013,-1037,151,-1,6693,,,,,,,
,,1,-0.991,-1015,151,-1,6694,,,,,,,
,,1,-0.813,-832,151,-1,6695,,,,,,,
,,1,-1.059,-1084,151,-1,6696,,,,,,,
,,1,-1.155,-1183,151,-1,6697,,,,,,,
,,1,-1.024,-1049,151,-1,6698,,,,,,,
,,1,-1.009,-1033,151,-1,6699,,,,,,,
,,1,-1.244,-1274,151,-1,6700,,,,,-60,09:42:53,495
,,1,-1.137,-1164,151,-1,6701,,,,,,,
,,1,-0.858,-879,151,-1,6702,,,,,,,
,,1,-0.729,-746,151,-1,6703,,,,,,,
,,1,-0.713,-730,151,-1,6704,,,,,,,
,,1,-0.61,-625,151,-1,6705,,,,,,,
,,1,-0.762,-780,151,-1,6706,,,,,,,
,,1,-1.034,-1059,151,-1,6707,,,,,,,
,,1,-0.98,-1004,151,-1,6708,,,,,,,
,,1,-0.803,-822,151,-1,6709,,,,,,,
,,1,-0.705,-722,151,-1,6710,,,,,-58,09:42:53,719
,,1,-0.692,-709,151,-1,6711,,,,,,,
,,1,-0.621,-636,151,-1,6712,,,,,,,
,,1,-0.586,-600,151,-1,6713,,,,,,,
,,1,-0.528,-541,151,-1,6714,,,,,,,
,,1,-0.465,-476,151,-1,6715,,,,,,,
,,1,-0.347,-355,151,-1,6716,,,,,,,
,,1,-0.247,-253,151,-1,6717,,,,,,,
,,1,-0.298,-305,151,-1,6718,,,,,,,
,,1,-0.269,-275,151,-1,6719,,,,,,,
,,1,-0.176,-180,151,-1,6720,,,,,-58,09:42:53,905
,,1,-0.08,-82,151,-1,6721,,,,,,,
,,1,-0.037,-38,151,-1,6722,,,,,,,
,,1,0.032,33,151,-1,6723,,,,,,,
,,1,0.063,65,151,-1,6724,,,,,,,
,,1,0.227,232,151,-1,6725,,,,,,,
,,1,0.302,309,151,-1,6726,,,,,,,
,,1,0.343,351,151,-1,6727,,,,,,,
,,1,0.392,401,151,-1,6728,,,,,,,
,,1,0.384,393,151,-1,6729,,,,,,,
,,1,0.504,516,151,-1,6730,,,,,-58,09:42:54,098
,,7,0.642,657,152,613,6731,,,,,,,
,,1,0.64,655,152,-1,6732,,,,,,,
,,1,0.604,618,152,-1,6733,,,,,,,
,,1,0.631,646,152,-1,6734,,,,,,,
,,1,0.683,699,152,-1,6735,,,,,,,
,,1,0.769,787,152,-1,6736,,,,,,,
,,1,0.752,770,152,-1,6737,,,,,,,
,,1,0.83,850,152,-1,6738,,,,,,,
,,1,0.934,956,152,-1,6739,,,,,,,
52.3549499,4.8055932,1,1.071,1097,152,-1,6740,58,5,5,42,-58,09:42:54,291
,,1,1.044,1069,152,-1,6741,,,,,,,
,,1,0.996,1020,152,-1,6742,,,,,,,
,,1,0.984,1008,152,-1,6743,,,,,,,
,,1,0.992,1016,152,-1,6744,,,,,,,
,,1,0.943,966,152,-1,6745,,,,,,,
,,1,0.851,871,152,-1,6746,,,,,,,
,,1,0.818,838,152,-1,6747,,,,,,,
,,1,0.852,872,152,-1,6748,,,,,,,
,,1,0.885,906,152,-1,6749,,,,,,,
,,1,0.957,980,152,-1,6750,,,,,-58,09:42:54,500
,,1,1.111,1138,152,-1,6751,,,,,,,
,,1,1.119,1146,152,-1,6752,,,,,,,
,,1,0.996,1020,152,-1,6753,,,,,,,
,,1,0.916,938,152,-1,6754,,,,,,,
,,1,0.771,790,152,-1,6755,,,,,,,
,,1,0.67,686,152,-1,6756,,,,,,,
,,1,0.746,764,152,-1,6757,,,,,,,
,,1,0.805,824,152,-1,6758,,,,,,,
,,1,0.741,759,152,-1,6759,,,,,,,
,,1,0.713,730,152,-1,6760,,,,,-58,09:42:54,697
,,1,0.689,706,152,-1,6761,,,,,,,
,,1,0.629,644,152,-1,6762,,,,,,,
,,1,0.617,632,152,-1,6763,,,,,,,
,,1,0.598,612,152,-1,6764,,,,,,,
,,1,0.607,622,152,-1,6765,,,,,,,
,,1,0.525,538,152,-1,6766,,,,,,,
,,1,0.499,511,152,-1,6767,,,,,,,
,,1,0.518,530,152,-1,6768,,,,,,,
,,1,0.438,449,152,-1,6769,,,,,,,
,,1,0.469,480,152,-1,6770,,,,,-58,09:42:54,888
,,1,0.479,491,152,-1,6771,,,,,,,
,,1,0.381,390,152,-1,6772,,,,,,,
,,1,0.293,300,152,-1,6773,,,,,,,
,,1,0.296,303,152,-1,6774,,,,,,,
,,1,0.291,298,152,-1,6775,,,,,,,
,,1,0.176,180,152,-1,6776,,,,,,,
,,1,0.103,105,152,-1,6777,,,,,,,
,,1,0.144,147,152,-1,6778,,,,,,,
,,1,0.119,122,152,-1,6779,,,,,,,
,,1,0.047,48,152,-1,6780,,,,,-58,09:42:55,103
,,1,0.018,18,152,-1,6781,,,,,,,
,,1,0.023,24,152,-1,6782,,,,,,,
,,1,-0.013,-13,152,-1,6783,,,,,,,
,,1,-0.048,-49,152,-1,6784,,,,,,,
,,1,-0.091,-93,152,-1,6785,,,,,,,
,,1,-0.085,-87,152,-1,6786,,,,,,,
,,1,-0.13,-133,152,-1,6787,,,,,,,
,,1,-0.15,-154,152,-1,6788,,,,,,,
,,1,-0.149,-153,152,-1,6789,,,,,,,
,,1,-0.146,-149,152,-1,6790,,,,,-58,09:42:55,298
,,1,-0.201,-206,152,-1,6791,,,,,,,
,,1,-0.197,-202,152,-1,6792,,,,,,,
,,1,-0.167,-171,152,-1,6793,,,,,,,
,,1,-0.18,-184,152,-1,6794,,,,,,,
,,1,-0.207,-212,152,-1,6795,,,,,,,
,,1,-0.203,-208,152,-1,6796,,,,,,,
,,1,-0.162,-166,152,-1,6797,,,,,,,
,,1,-0.162,-166,152,-1,6798,,,,,,,
,,1,-0.173,-177,152,-1,6799,,,,,,,
52.3549541,4.805614,1,-0.179,-183,152,-1,6800,65,5,5,42,-47,09:42:55,491
,,1,-0.163,-167,152,-1,6801,,,,,,,
,,1,-0.204,-209,152,-1,6802,,,,,,,
,,1,-0.227,-232,152,-1,6803,,,,,,,
,,1,-0.215,-220,152,-1,6804,,,,,,,
,,1,-0.152,-156,152,-1,6805,,,,,,,
,,1,-0.104,-106,152,-1,6806,,,,,,,
,,5,-0.112,-115,152,0,6807,,,,,,,
,,3,-0.177,-181,152,0,6808,,,,,,,
,,3,-0.22,-225,152,0,6809,,,,,,,
,,3,-0.242,-248,152,0,6810,,,,,-47,09:42:55,704
,,3,-0.243,-249,152,0,6811,,,,,,,
,,3,-0.248,-254,152,0,6812,,,,,,,
,,3,-0.217,-222,152,0,6813,,,,,,,
,,3,-0.207,-212,152,0,6814,,,,,,,
,,3,-0.21,-215,152,0,6815,,,,,,,
,,3,-0.205,-210,152,0,6816,,,,,,,
,,3,-0.191,-196,152,0,6817,,,,,,,
,,3,-0.178,-182,152,0,6818,,,,,,,
,,3,-0.174,-178,152,0,6819,,,,,,,
,,3,-0.156,-160,152,0,6820,,,,,-47,09:42:55,898
,,3,-0.142,-145,152,0,6821,,,,,,,
,,3,-0.135,-138,152,0,6822,,,,,,,
,,3,-0.149,-153,152,0,6823,,,,,,,
,,3,-0.129,-132,152,0,6824,,,,,,,
,,3,-0.132,-135,152,0,6825,,,,,,,
,,3,-0.123,-126,152,0,6826,,,,,,,
,,3,-0.133,-136,152,0,6827,,,,,,,
,,3,-0.108,-111,152,0,6828,,,,,,,
,,3,-0.109,-112,152,0,6829,,,,,,,
,,3,-0.102,-104,152,0,6830,,,,,-47,09:42:56,091
,,3,-0.103,-105,152,0,6831,,,,,,,
,,3,-0.09,-92,152,0,6832,,,,,,,
,,3,-0.085,-87,152,0,6833,,,,,,,
,,3,-0.081,-83,152,0,6834,,,,,,,
,,3,-0.076,-78,152,0,6835,,,,,,,
,,3,-0.064,-66,152,0,6836,,,,,,,
,,3,-0.066,-68,152,0,6837,,,,,,,
,,3,-0.061,-62,152,0,6838,,,,,,,
,,3,-0.053,-54,152,0,6839,,,,,,,
,,3,-0.046,-47,152,0,6840,,,,,-47,09:42:56,303
,,3,-0.041,-42,152,0,6841,,,,,,,
,,3,-0.032,-33,152,0,6842,,,,,,,
,,3,-0.029,-30,152,0,6843,,,,,,,
,,3,-0.025,-26,152,0,6844,,,,,,,
,,3,-0.012,-12,152,0,6845,,,,,,,
,,3,-0.025,-26,152,0,6846,,,,,,,
,,3,-0.042,-43,152,0,6847,,,,,,,
,,3,-0.058,-59,152,0,6848,,,,,,,
,,3,-0.047,-48,152,0,6849,,,,,,,
,,3,-0.04,-41,152,0,6850,,,,,-47,09:42:56,495
,,3,-0.039,-40,152,0,6851,,,,,,,
,,3,-0.052,-53,152,0,6852,,,,,,,
,,3,-0.048,-49,152,0,6853,,,,,,,
,,3,-0.039,-40,152,0,6854,,,,,,,
,,3,-0.023,-24,152,0,6855,,,,,,,
,,3,-0.03,-31,152,0,6856,,,,,,,
,,3,-0.036,-37,152,0,6857,,,,,,,
,,3,-0.021,-22,152,0,6858,,,,,,,
,,3,-0.017,-17,152,0,6859,,,,,,,
52.3549511,4.8056318,3,-0.021,-22,152,0,6860,71,4,5,42,-47,09:42:56,689
,,3,-0.021,-21,152,0,6861,,,,,,,
,,3,-0.008,-8,152,0,6862,,,,,,,
,,3,-0.006,-6,152,0,6863,,,,,,,
,,3,0.0,0,152,0,6864,,,,,,,
,,3,0.008,8,152,0,6865,,,,,,,
,,3,0.022,23,152,0,6866,,,,,,,
,,3,0.023,24,152,0,6867,,,,,,,
,,3,0.021,22,152,0,6868,,,,,,,
,,3,0.015,15,152,0,6869,,,,,,,
,,3,0.006,6,152,0,6870,,,,,-47,09:42:56,898
,,3,0.001,1,152,0,6871,,,,,,,
,,3,0.015,15,152,0,6872,,,,,,,
,,3,0.011,11,152,0,6873,,,,,,,
,,3,-0.006,-6,152,0,6874,,,,,,,
,,3,-0.011,-11,152,0,6875,,,,,,,
,,3,0.008,8,152,0,6876,,,,,,,
,,3,0.004,4,152,0,6877,,,,,,,
,,3,0.008,8,152,0,6878,,,,,,,
,,3,-0.018,-18,152,0,6879,,,,,,,
,,3,-0.055,-56,152,0,6880,,,,,-52,09:42:57,091
,,3,0.229,234,152,0,6881,,,,,,,
,,3,0.123,126,152,0,6882,,,,,,,
,,3,-0.149,-153,152,0,6883,,,,,,,
,,3,-0.051,-52,152,0,6884,,,,,,,
,,3,0.027,28,152,0,6885,,,,,,,
,,3,-0.082,-84,152,0,6886,,,,,,,
,,3,-0.096,-98,152,0,6887,,,,,,,
,,3,0.036,37,152,0,6888,,,,,,,
,,3,0.04,41,152,0,6889,,,,,,,
,,3,-0.06,-61,152,0,6890,,,,,-52,09:42:57,290
,,3,-0.017,-17,152,0,6891,,,,,,,
,,3,0.238,244,152,0,6892,,,,,,,
,,3,0.086,88,152,0,6893,,,,,,,
,,3,0.015,15,152,0,6894,,,,,,,
,,3,-0.007,-7,152,0,6895,,,,,,,
,,3,0.009,9,152,0,6896,,,,,,,
,,3,-0.071,-73,152,0,6897,,,,,,,
,,3,-0.094,-96,152,0,6898,,,,,,,
,,3,-0.083,-85,152,0,6899,,,,,,,
,,3,-0.102,-104,152,0,6900,,,,,-52,09:42:57,502
,,3,-0.107,-110,152,0,6901,,,,,,,
,,3,-0.041,-42,152,0,6902,,,,,,,
,,3,-0.122,-125,152,0,6903,,,,,,,
,,3,0.03,31,152,0,6904,,,,,,,
,,3,-0.219,-224,152,0,6905,,,,,,,
,,3,-0.304,-311,152,0,6906,,,,,,,
,,3,0.076,78,152,0,6907,,,,,,,
,,3,0.118,121,152,0,6908,,,,,,,
,,3,-0.334,-342,152,0,6909,,,,,,,
52.3549435,4.805635,3,-0.288,-295,152,0,6910,76,3,5,43,-52,09:42:57,694
,,3,0.175,179,152,0,6911,,,,,,,
,,3,0.045,46,152,0,6912,,,,,,,
,,3,-0.305,-312,152,0,6913,,,,,,,
,,3,-0.178,-182,152,0,6914,,,,,,,
,,3,0.216,221,152,0,6915,,,,,,,
,,3,-0.025,-26,152,0,6916,,,,,,,
,,3,-0.123,-126,152,0,6917,,,,,,,
,,3,0.076,78,152,0,6918,,,,,,,
,,3,0.051,52,152,0,6919,,,,,,,
,,3,-0.364,-373,152,0,6920,,,,,-52,09:42:57,891
,,3,0.336,344,152,0,6921,,,,,,,
,,3,0.645,660,152,0,6922,,,,,,,
,,3,-0.04,-41,152,0,6923,,,,,,,
,,3,-0.134,-137,152,0,6924,,,,,,,
,,3,0.837,857,152,0,6925,,,,,,,
,,3,3.207,3284,152,0,6926,,,,,,,
,,3,2.441,2500,152,0,6927,,,,,,,
,,3,-0.553,-566,152,0,6928,,,,,,,
,,3,-0.524,-537,152,0,6929,,,,,,,
,,3,0.514,526,152,0,6930,,,,,-52,09:42:58,133
,,3,-0.1,-102,152,0,6931,,,,,,,
,,3,-1.331,-1363,152,0,6932,,,,,,,
,,3,-0.575,-589,152,0,6933,,,,,,,
,,3,0.29,297,152,0,6934,,,,,,,
,,3,-0.012,-12,152,0,6935,,,,,,,
,,3,-0.568,-582,152,0,6936,,,,,,,
,,3,-0.351,-359,152,0,6937,,,,,,,
,,3,-0.133,-136,152,0,6938,,,,,,,
,,3,-0.972,-995,152,0,6939,,,,,,,
,,3,-0.686,-702,152,0,6940,,,,,-52,09:42:58,302
,,3,0.31,317,152,0,6941,,,,,,,
,,3,-0.225,-230,152,0,6942,,,,,,,
,,3,-1.158,-1186,152,0,6943,,,,,,,
,,3,-0.842,-862,152,0,6944,,,,,,,
,,3,-1.957,-2004,153,0,6945,,,,,,,
,,3,-1.041,-1066,153,0,6946,,,,,,,
,,3,-0.107,-110,153,0,6947,,,,,,,
,,3,-5.045,-5166,153,0,6948,,,,,,,
,,3,-3.311,-3390,153,0,6949,,,,,,,
,,3,0.985,1009,153,0,6950,,,,,-52,09:42:58,492
,,3,0.422,432,153,0,6951,,,,,,,
,,3,2.415,2473,153,0,6952,,,,,,,
,,3,-0.867,-888,153,0,6953,,,,,,,
,,3,-0.708,-725,153,0,6954,,,,,,,
,,3,1.426,1460,153,0,6955,,,,,,,
,,3,0.718,735,153,0,6956,,,,,,,
,,7,-0.207,-212,154,221,6957,,,,,,,
,,1,-0.452,-463,154,-1,6958,,,,,,,
,,1,0.382,391,154,-1,6959,,,,,,,
52.3549388,4.8056385,1,0.763,781,154,-1,6960,89,2,5,43,-52,09:42:58,701
,,1,-0.433,-443,154,-1,6961,,,,,,,
,,1,0.103,105,154,-1,6962,,,,,,,
,,1,0.673,689,154,-1,6963,,,,,,,
,,1,0.206,211,154,-1,6964,,,,,,,
,,1,0.136,139,154,-1,6965,,,,,,,
,,1,0.267,273,154,-1,6966,,,,,,,
,,1,0.207,212,154,-1,6967,,,,,,,
,,1,0.009,9,154,-1,6968,,,,,,,
,,1,0.559,572,154,-1,6969,,,,,,,
,,1,0.315,323,154,-1,6970,,,,,-54,09:42:58,899
,,1,0.256,262,154,-1,6971,,,,,,,
,,1,0.317,325,154,-1,6972,,,,,,,
,,1,0.16,164,154,-1,6973,,,,,,,
,,1,0.374,383,154,-1,6974,,,,,,,
,,1,0.225,230,154,-1,6975,,,,,,,
,,1,0.171,175,154,-1,6976,,,,,,,
,,1,0.135,138,154,-1,6977,,,,,,,
,,1,0.201,206,154,-1,6978,,,,,,,
,,1,0.116,119,154,-1,6979,,,,,,,
,,1,0.131,134,154,-1,6980,,,,,-54,09:42:59,153
,,1,0.008,8,154,-1,6981,,,,,,,
,,1,0.04,41,154,-1,6982,,,,,,,
,,1,0.063,65,154,-1,6983,,,,,,,
,,1,-0.13,-133,154,-1,6984,,,,,,,
,,1,-0.13,-133,154,-1,6985,,,,,,,
,,1,-0.125,-128,154,-1,6986,,,,,,,
,,1,0.045,46,154,-1,6987,,,,,,,
,,1,0.019,19,154,-1,6988,,,,,,,
,,1,-0.236,-242,154,-1,6989,,,,,,,
,,1,-0.082,-84,154,-1,6990,,,,,-54,09:42:59,366
,,1,-0.123,-126,154,-1,6991,,,,,,,
,,1,-0.264,-270,154,-1,6992,,,,,,,
,,1,-0.185,-189,154,-1,6993,,,,,,,
,,1,-0.106,-109,154,-1,6994,,,,,,,
,,1,-0.112,-115,154,-1,6995,,,,,,,
,,1,-0.265,-271,154,-1,6996,,,,,,,
,,1,-0.213,-218,154,-1,6997,,,,,,,
,,1,-0.289,-296,154,-1,6998,,,,,,,
,,1,-0.17,-174,154,-1,6999,,,,,,,
,,1,0.044,45,154,-1,7000,,,,,-54,09:42:59,559
,,1,-0.283,-290,154,-1,7001,,,,,,,
,,1,-0.269,-275,154,-1,7002,,,,,,,
,,1,0.011,11,154,-1,7003,,,,,,,
,,1,-0.017,-17,154,-1,7004,,,,,,,
,,1,-0.086,-88,154,-1,7005,,,,,,,
,,1,-0.161,-165,154,-1,7006,,,,,,,
,,1,0.002,2,154,-1,7007,,,,,,,
,,1,0.166,170,154,-1,7008,,,,,,,
,,1,-0.003,-3,154,-1,7009,,,,,,,
52.3549352,4.8056396,1,-0.035,-36,154,-1,7010,98,1,5,43,-54,09:42:59,752
,,1,-0.238,-244,154,-1,7011,,,,,,,
,,1,-0.014,-14,154,-1,7012,,,,,,,
,,1,0.093,95,154,-1,7013,,,,,,,
,,1,0.13,133,154,-1,7014,,,,,,,
,,1,0.163,167,154,-1,7015,,,,,,,
,,1,0.024,25,154,-1,7016,,,,,,,
,,1,-0.036,-37,154,-1,7017,,,,,,,
,,1,0.216,221,154,-1,7018,,,,,,,
,,1,0.309,316,154,-1,7019,,,,,,,
,,1,0.054,55,154,-1,7020,,,,,-54,09:42:59,966
,,1,0.058,59,154,-1,7021,,,,,,,
,,1,0.234,240,154,-1,7022,,,,,,,
,,1,0.266,272,154,-1,7023,,,,,,,
,,1,0.138,141,154,-1,7024,,,,,,,
,,1,0.156,160,154,-1,7025,,,,,,,
,,1,0.217,222,154,-1,7026,,,,,,,
,,1,0.293,300,154,-1,7027,,,,,,,
,,1,0.12,123,154,-1,7028,,,,,,,
,,1,0.137,140,154,-1,7029,,,,,,,
52.3549352,4.8056396,1,0.313,321,154,-1,7030,98,1,5,43,-54,09:43:00,159
,,1,0.193,198,154,-1,7031,,,,,,,
,,1,-0.042,-43,154,-1,7032,,,,,,,
,,5,0.255,261,154,0,7033,,,,,,,
,,3,0.233,239,154,0,7034,,,,,,,
,,3,0.09,92,154,0,7035,,,,,,,
,,3,0.271,277,154,0,7036,,,,,,,
,,3,0.116,119,154,0,7037,,,,,,,
,,3,0.075,77,154,0,7038,,,,,,,
,,3,0.23,236,154,0,7039,,,,,,,
,,3,0.12,123,154,0,7040,,,,,-54,09:43:00,351
,,3,0.129,132,154,0,7041,,,,,,,
,,3,0.194,199,154,0,7042,,,,,,,
,,3,0.048,49,154,0,7043,,,,,,,
,,3,-0.006,-6,154,0,7044,,,,,,,
,,3,0.161,165,154,0,7045,,,,,,,
,,3,0.021,21,154,0,7046,,,,,,,
,,3,0.051,52,154,0,7047,,,,,,,
,,3,-0.065,-67,154,0,7048,,,,,,,
,,3,-0.151,-155,154,0,7049,,,,,,,
,,3,0.102,104,154,0,7050,,,,,-57,09:43:00,558
,,3,0.086,88,154,0,7051,,,,,,,
,,3,-0.157,-161,154,0,7052,,,,,,,
,,3,-0.123,-126,154,0,7053,,,,,,,
,,3,-0.038,-39,154,0,7054,,,,,,,
,,3,-0.068,-70,154,0,7055,,,,,,,
,,3,-0.09,-92,154,0,7056,,,,,,,
,,3,-0.145,-148,154,0,7057,,,,,,,
,,3,-0.107,-110,154,0,7058,,,,,,,
,,3,-0.14,-143,154,0,7059,,,,,,,
52.3549319,4.8056374,3,-0.198,-203,154,0,7060,118,1,4,43,-57,09:43:00,756
,,3,-0.12,-123,154,0,7061,,,,,,,
,,3,-0.162,-166,154,0,7062,,,,,,,
,,3,-0.092,-94,154,0,7063,,,,,,,
,,3,-0.091,-93,154,0,7064,,,,,,,
,,3,-0.106,-109,154,0,7065,,,,,,,
,,3,-0.042,-43,154,0,7066,,,,,,,
,,3,-0.164,-168,154,0,7067,,,,,,,
,,3,-0.131,-134,154,0,7068,,,,,,,
,,3,-0.017,-17,154,0,7069,,,,,,,
,,3,-0.15,-154,154,0,7070,,,,,-57,09:43:00,952
,,3,-0.226,-231,154,0,7071,,,,,,,
,,3,-0.099,-101,154,0,7072,,,,,,,
,,3,-0.104,-106,154,0,7073,,,,,,,
,,3,-0.125,-128,154,0,7074,,,,,,,
,,3,-0.104,-107,154,0,7075,,,,,,,
,,3,-0.086,-88,154,0,7076,,,,,,,
,,3,-0.105,-108,154,0,7077,,,,,,,
,,3,-0.059,-60,154,0,7078,,,,,,,
,,3,0.081,83,154,0,7079,,,,,,,
,,3,0.103,105,154,0,7080,,,,,-57,09:43:01,167
,,3,0.059,60,154,0,7081,,,,,,,
,,3,-0.002,-2,154,0,7082,,,,,,,
,,3,0.092,94,154,0,7083,,,,,,,
,,3,0.145,148,154,0,7084,,,,,,,
,,3,0.164,168,154,0,7085,,,,,,,
,,3,-0.038,-39,154,0,7086,,,,,,,
,,3,0.121,124,154,0,7087,,,,,,,
,,3,0.282,289,154,0,7088,,,,,,,
,,3,0.198,203,154,0,7089,,,,,,,
,,3,0.008,8,154,0,7090,,,,,-57,09:43:01,364
,,3,0.17,174,154,0,7091,,,,,,,
,,3,0.294,301,154,0,7092,,,,,,,
,,3,0.133,136,154,0,7093,,,,,,,
,,3,0.087,89,154,0,7094,,,,,,,
,,3,0.298,305,154,0,7095,,,,,,,
,,3,0.341,349,154,0,7096,,,,,,,
,,3,0.134,137,154,0,7097,,,,,,,
,,3,0.147,151,154,0,7098,,,,,,,
,,3,0.218,223,154,0,7099,,,,,,,
,,3,0.323,331,154,0,7100,,,,,-57,09:43:01,555
,,3,0.243,249,154,0,7101,,,,,,,
,,3,0.172,176,154,0,7102,,,,,,,
,,3,0.176,180,154,0,7103,,,,,,,
,,3,0.173,177,154,0,7104,,,,,,,
,,3,0.184,188,154,0,7105,,,,,,,
,,3,0.261,267,154,0,7106,,,,,,,
,,3,0.216,221,154,0,7107,,,,,,,
,,3,0.109,112,154,0,7108,,,,,,,
,,3,0.111,114,154,0,7109,,,,,,,
52.3549297,4.8056357,3,0.151,155,154,0,7110,133,1,4,43,-57,09:43:01,762
,,3,0.056,57,154,0,7111,,,,,,,
,,3,0.063,65,154,0,7112,,,,,,,
,,3,0.165,169,154,0,7113,,,,,,,
,,3,0.131,134,154,0,7114,,,,,,,
,,3,0.043,44,154,0,7115,,,,,,,
,,3,-0.022,-23,154,0,7116,,,,,,,
,,3,0.09,92,154,0,7117,,,,,,,
,,3,0.021,21,154,0,7118,,,,,,,
,,3,-0.027,-28,154,0,7119,,,,,,,
,,3,0.0,0,154,0,7120,,,,,-57,09:43:01,956
,,3,0.023,24,154,0,7121,,,,,,,
,,3,-0.027,-28,154,0,7122,,,,,,,
,,3,-0.082,-84,154,0,7123,,,,,,,
,,3,-0.063,-65,154,0,7124,,,,,,,
,,3,-0.033,-34,154,0,7125,,,,,,,
,,3,-0.154,-158,154,0,7126,,,,,,,
,,3,-0.148,-152,154,0,7127,,,,,,,
,,3,-0.053,-54,154,0,7128,,,,,,,
,,3,-0.131,-134,154,0,7129,,,,,,,
,,3,-0.167,-171,154,0,7130,,,,,-57,09:43:02,158
,,3,-0.142,-145,154,0,7131,,,,,,,
,,3,-0.111,-114,154,0,7132,,,,,,,
,,3,-0.107,-110,154,0,7133,,,,,,,
,,3,-0.112,-115,154,0,7134,,,,,,,
,,3,-0.232,-238,154,0,7135,,,,,,,
,,3,-0.088,-90,154,0,7136,,,,,,,
,,3,-0.009,-9,154,0,7137,,,,,,,
,,3,-0.152,-156,154,0,7138,,,,,,,
,,3,-0.275,-282,154,0,7139,,,,,,,
,,3,0.012,12,154,0,7140,,,,,-57,09:43:02,362
,,3,-0.078,-80,154,0,7141,,,,,,,
,,3,-0.172,-176,154,0,7142,,,,,,,
,,3,-0.027,-28,154,0,7143,,,,,,,
,,3,-0.137,-140,154,0,7144,,,,,,,
,,3,-0.18,-184,154,0,7145,,,,,,,
,,3,-0.166,-170,154,0,7146,,,,,,,
,,3,0.056,57,154,0,7147,,,,,,,
,,3,-0.092,-94,154,0,7148,,,,,,,
,,3,-0.111,-114,154,0,7149,,,,,,,
,,3,0.013,13,154,0,7150,,,,,-57,09:43:02,560
,,3,-0.022,-23,154,0,7151,,,,,,,
,,3,-0.086,-88,154,0,7152,,,,,,,
,,3,0.008,8,154,0,7153,,,,,,,
,,3,0.104,107,154,0,7154,,,,,,,
,,3,-0.025,-26,154,0,7155,,,,,,,
,,3,0.042,43,154,0,7156,,,,,,,
,,3,0.011,11,154,0,7157,,,,,,,
,,3,-0.049,-50,154,0,7158,,,,,,,
,,3,0.154,158,154,0,7159,,,,,,,
52.3549286,4.8056337,3,0.03,31,154,0,7160,136,1,4,43,-57,09:43:02,758
,,3,0.092,94,154,0,7161,,,,,,,
,,3,0.179,183,154,0,7162,,,,,,,
,,3,0.064,66,154,0,7163,,,,,,,
,,3,0.147,151,154,0,7164,,,,,,,
,,3,0.21,215,154,0,7165,,,,,,,
,,3,0.155,159,154,0,7166,,,,,,,
,,3,0.155,159,154,0,7167,,,,,,,
,,3,0.056,57,154,0,7168,,,,,,,
,,3,0.224,229,154,0,7169,,,,,,,
,,3,0.243,249,154,0,7170,,,,,-57,09:43:02,965
,,3,0.158,162,154,0,7171,,,,,,,
,,3,0.254,260,154,0,7172,,,,,,,
,,3,0.241,247,154,0,7173,,,,,,,
,,3,0.164,168,154,0,7174,,,,,,,
,,3,0.165,169,154,0,7175,,,,,,,
,,3,0.219,224,154,0,7176,,,,,,,
,,3,0.232,238,154,0,7177,,,,,,,
,,3,0.12,123,154,0,7178,,,,,,,
,,3,0.243,249,154,0,7179,,,,,,,
,,3,0.297,304,154,0,7180,,,,,-57,09:43:03,156
,,3,0.139,142,154,0,7181,,,,,,,
,,3,0.185,189,154,0,7182,,,,,,,
,,3,0.145,148,154,0,7183,,,,,,,
,,3,0.16,164,154,0,7184,,,,,,,
,,3,0.205,210,154,0,7185,,,,,,,
,,3,0.092,94,154,0,7186,,,,,,,
,,3,0.085,87,154,0,7187,,,,,,,
,,3,-0.024,-25,154,0,7188,,,,,,,
,,3,0.381,390,154,0,7189,,,,,,,
,,3,0.223,228,154,0,7190,,,,,-57,09:43:03,352
,,3,0.031,32,154,0,7191,,,,,,,
,,3,0.145,148,154,0,7192,,,,,,,
,,3,0.069,71,154,0,7193,,,,,,,
,,3,-0.063,-64,154,0,7194,,,,,,,
,,3,0.036,37,154,0,7195,,,,,,,
,,3,0.033,34,154,0,7196,,,,,,,
,,3,-0.124,-127,154,0,7197,,,,,,,
,,3,0.0,0,154,0,7198,,,,,,,
,,3,0.024,25,154,0,7199,,,,,,,
,,3,-0.087,-89,154,0,7200,,,,,-57,09:43:03,564
,,3,-0.015,-15,154,0,7201,,,,,,,
,,3,-0.034,-35,154,0,7202,,,,,,,
,,3,-0.102,-104,154,0,7203,,,,,,,
,,3,-0.088,-90,154,0,7204,,,,,,,
,,3,-0.118,-121,154,0,7205,,,,,,,
,,3,-0.132,-135,154,0,7206,,,,,,,
,,3,-0.011,-11,154,0,7207,,,,,,,
,,3,-0.097,-99,154,0,7208,,,,,,,
,,3,-0.233,-239,154,0,7209,,,,,,,
52.3549287,4.805632,3,-0.201,-206,154,0,7210,137,0,4,43,-57,09:43:03,763
,,3,-0.182,-186,154,0,7211,,,,,,,
,,3,-0.147,-151,154,0,7212,,,,,,,
,,3,-0.024,-25,154,0,7213,,,,,,,
,,3,-0.042,-43,154,0,7214,,,,,,,
,,3,-0.275,-282,154,0,7215,,,,,,,
,,3,-0.114,-117,154,0,7216,,,,,,,
,,3,-0.168,-172,154,0,7217,,,,,,,
,,3,-0.159,-163,154,0,7218,,,,,,,
,,3,0.006,6,154,0,7219,,,,,,,
,,3,-0.192,-197,154,0,7220,,,,,-57,09:43:03,952
,,3,-0.301,-308,154,0,7221,,,,,,,
,,3,-0.145,-148,154,0,7222,,,,,,,
,,3,-0.05,-51,154,0,7223,,,,,,,
,,3,-0.21,-215,154,0,7224,,,,,,,
,,3,-0.328,-336,154,0,7225,,,,,,,
,,3,-0.164,-168,154,0,7226,,,,,,,
,,3,-0.063,-65,154,0,7227,,,,,,,
,,3,-0.24,-246,154,0,7228,,,,,,,
,,3,-0.136,-139,154,0,7229,,,,,,,
,,3,-0.068,-70,154,0,7230,,,,,-53,09:43:04,152
,,3,-0.145,-148,154,0,7231,,,,,,,
,,3,-0.066,-68,154,0,7232,,,,,,,
,,3,-0.024,-25,154,0,7233,,,,,,,
,,3,-0.02,-20,154,0,7234,,,,,,,
,,3,0.016,16,154,0,7235,,,,,,,
,,3,0.021,22,154,0,7236,,,,,,,
,,3,0.013,13,154,0,7237,,,,,,,
,,3,0.109,112,154,0,7238,,,,,,,
,,3,0.077,79,154,0,7239,,,,,,,
,,3,-0.001,-1,154,0,7240,,,,,-53,09:43:04,358
,,3,0.032,33,154,0,7241,,,,,,,
,,3,0.096,98,154,0,7242,,,,,,,
,,3,0.083,85,154,0,7243,,,,,,,
,,3,0.055,56,154,0,7244,,,,,,,
,,3,0.01,10,154,0,7245,,,,,,,
,,3,0.079,81,154,0,7246,,,,,,,
,,3,0.132,135,154,0,7247,,,,,,,
,,3,0.179,183,154,0,7248,,,,,,,
,,3,0.177,181,154,0,7249,,,,,,,
,,3,0.091,93,154,0,7250,,,,,-53,09:43:04,555
,,3,0.146,150,154,0,7251,,,,,,,
,,3,0.151,155,154,0,7252,,,,,,,
,,3,0.135,138,154,0,7253,,,,,,,
,,3,0.138,141,154,0,7254,,,,,,,
,,3,0.218,223,154,0,7255,,,,,,,
,,3,0.166,170,154,0,7256,,,,,,,
,,3,0.065,67,154,0,7257,,,,,,,
,,3,0.212,217,154,0,7258,,,,,,,
,,3,0.259,265,154,0,7259,,,,,,,
52.3549288,4.805631,3,0.172,176,154,0,7260,0,0,4,43,-53,09:43:04,750
,,3,0.217,222,154,0,7261,,,,,,,
,,3,0.369,378,154,0,7262,,,,,,,
,,3,0.331,339,154,0,7263,,,,,,,
,,3,0.259,265,154,0,7264,,,,,,,
,,3,0.22,225,154,0,7265,,,,,,,
,,3,0.141,144,154,0,7266,,,,,,,
,,3,0.051,52,154,0,7267,,,,,,,
,,3,0.087,89,154,0,7268,,,,,,,
,,3,0.102,104,154,0,7269,,,,,,,
,,3,0.081,83,154,0,7270,,,,,-53,09:43:04,958
,,3,0.158,162,154,0,7271,,,,,,,
,,3,0.185,189,154,0,7272,,,,,,,
,,3,0.195,200,154,0,7273,,,,,,,
,,3,0.116,119,154,0,7274,,,,,,,
,,3,0.081,83,154,0,7275,,,,,,,
,,3,0.072,74,154,0,7276,,,,,,,
,,3,0.143,146,154,0,7277,,,,,,,
,,3,0.127,130,154,0,7278,,,,,,,
,,3,0.153,157,154,0,7279,,,,,,,
,,3,0.073,75,154,0,7280,,,,,-53,09:43:05,151
,,3,0.042,43,154,0,7281,,,,,,,
,,3,0.116,119,154,0,7282,,,,,,,
,,3,-0.066,-68,154,0,7283,,,,,,,
,,3,0.029,30,154,0,7284,,,,,,,
,,3,0.128,131,154,0,7285,,,,,,,
,,3,0.14,143,154,0,7286,,,,,,,
,,3,0.138,141,154,0,7287,,,,,,,
,,3,-0.07,-72,154,0,7288,,,,,,,
,,3,0.027,28,154,0,7289,,,,,,,
,,3,0.056,57,154,0,7290,,,,,-53,09:43:05,352
,,3,-0.109,-112,154,0,7291,,,,,,,
,,3,-0.161,-165,154,0,7292,,,,,,,
,,3,-0.068,-70,154,0,7293,,,,,,,
,,3,-0.073,-75,154,0,7294,,,,,,,
,,3,-0.109,-112,154,0,7295,,,,,,,
,,3,-0.07,-72,154,0,7296,,,,,,,
,,3,-0.047,-48,154,0,7297,,,,,,,
,,3,-2.69,-2755,154,0,7298,,,,,,,
,,3,0.688,705,154,0,7299,,,,,,,
,,3,0.196,201,154,0,7300,,,,,-53,09:43:05,556
,,3,-0.021,-22,154,0,7301,,,,,,,
,,3,-0.408,-418,154,0,7302,,,,,,,
,,3,-0.285,-292,154,0,7303,,,,,,,
,,3,-0.355,-364,154,0,7304,,,,,,,
,,3,-0.277,-284,154,0,7305,,,,,,,
,,3,-0.084,-86,154,0,7306,,,,,,,
,,3,-0.701,-718,154,0,7307,,,,,,,
,,3,0.087,89,154,0,7308,,,,,,,
,,3,-0.007,-7,154,0,7309,,,,,,,
52.3549316,4.8056313,3,-0.441,-452,154,0,7310,115,0,4,42,-64,09:43:05,748
,,3,-0.424,-434,154,0,7311,,,,,,,
,,3,-0.092,-94,154,0,7312,,,,,,,
,,3,-0.185,-189,154,0,7313,,,,,,,
,,3,-0.437,-447,154,0,7314,,,,,,,
,,3,-0.292,-299,154,0,7315,,,,,,,
,,3,-0.115,-118,154,0,7316,,,,,,,
,,3,-0.249,-255,154,0,7317,,,,,,,
,,3,-0.314,-322,154,0,7318,,,,,,,
,,3,-0.24,-246,154,0,7319,,,,,,,
,,3,-0.229,-234,154,0,7320,,,,,-64,09:43:05,957
,,3,-0.34,-348,154,0,7321,,,,,,,
,,3,-0.33,-338,154,0,7322,,,,,,,
,,3,-0.251,-257,154,0,7323,,,,,,,
,,3,-0.249,-255,154,0,7324,,,,,,,
,,3,-0.343,-351,154,0,7325,,,,,,,
,,3,-0.309,-316,154,0,7326,,,,,,,
,,3,-0.246,-252,154,0,7327,,,,,,,
,,3,-0.271,-278,154,0,7328,,,,,,,
,,3,-0.347,-355,154,0,7329,,,,,,,
,,3,-0.317,-325,154,0,7330,,,,,-64,09:43:06,161
,,3,-0.277,-284,154,0,7331,,,,,,,
,,3,-0.303,-310,154,0,7332,,,,,,,
,,3,-0.316,-324,154,0,7333,,,,,,,
,,3,-0.283,-290,154,0,7334,,,,,,,
,,3,-0.27,-276,154,0,7335,,,,,,,
,,3,-0.285,-292,154,0,7336,,,,,,,
,,3,-0.274,-281,154,0,7337,,,,,,,
,,3,-0.276,-283,154,0,7338,,,,,,,
,,3,-0.284,-291,154,0,7339,,,,,,,
,,3,-0.298,-305,154,0,7340,,,,,-64,09:43:06,350
,,3,-0.252,-258,154,0,7341,,,,,,,
,,3,-0.256,-262,154,0,7342,,,,,,,
,,3,-0.25,-256,154,0,7343,,,,,,,
,,3,-0.239,-245,154,0,7344,,,,,,,
,,3,-0.226,-231,154,0,7345,,,,,,,
,,3,-0.257,-263,154,0,7346,,,,,,,
,,3,-0.247,-253,154,0,7347,,,,,,,
,,3,-0.221,-226,154,0,7348,,,,,,,
,,3,-0.212,-217,154,0,7349,,,,,,,
,,3,-0.227,-232,154,0,7350,,,,,-64,09:43:06,546
,,3,-0.155,-159,154,0,7351,,,,,,,
,,3,-0.181,-185,154,0,7352,,,,,,,
,,3,-0.195,-200,154,0,7353,,,,,,,
,,3,-0.185,-189,154,0,7354,,,,,,,
,,3,-0.165,-169,154,0,7355,,,,,,,
,,3,-0.11,-113,154,0,7356,,,,,,,
,,3,-0.139,-142,154,0,7357,,,,,,,
,,3,-0.133,-136,154,0,7358,,,,,,,
,,3,-0.113,-116,154,0,7359,,,,,,,
52.3549319,4.8056323,3,-0.077,-79,154,0,7360,0,0,4,42,-64,09:43:06,763
,,3,-0.098,-100,154,0,7361,,,,,,,
,,3,-0.1,-102,154,0,7362,,,,,,,
,,3,-0.075,-77,154,0,7363,,,,,,,
,,3,-0.065,-67,154,0,7364,,,,,,,
,,3,-0.05,-51,154,0,7365,,,,,,,
,,3,-0.064,-66,154,0,7366,,,,,,,
,,3,-0.026,-27,154,0,7367,,,,,,,
,,3,-0.029,-30,154,0,7368,,,,,,,
,,3,-0.021,-22,154,0,7369,,,,,,,
,,3,-0.009,-9,154,0,7370,,,,,-64,09:43:06,950
,,3,0.004,4,154,0,7371,,,,,,,
,,3,-0.022,-23,154,0,7372,,,,,,,
,,3,0.005,5,154,0,7373,,,,,,,
,,3,0.032,33,154,0,7374,,,,,,,
,,3,0.024,25,154,0,7375,,,,,,,
,,3,0.019,19,154,0,7376,,,,,,,
,,3,0.009,9,154,0,7377,,,,,,,
,,3,-0.006,-6,154,0,7378,,,,,,,
,,3,0.085,87,154,0,7379,,,,,,,
,,3,0.124,127,154,0,7380,,,,,-64,09:43:07,145
,,3,0.049,50,154,0,7381,,,,,,,
,,3,0.059,60,154,0,7382,,,,,,,
,,3,0.021,22,154,0,7383,,,,,,,
,,3,0.066,68,154,0,7384,,,,,,,
,,3,0.074,76,154,0,7385,,,,,,,
,,3,0.203,208,154,0,7386,,,,,,,
,,3,0.191,196,154,0,7387,,,,,,,
,,3,0.212,217,154,0,7388,,,,,,,
,,3,0.219,224,154,0,7389,,,,,,,
,,3,0.288,295,154,0,7390,,,,,-64,09:43:07,372
,,3,0.286,293,154,0,7391,,,,,,,
,,3,0.272,279,154,0,7392,,,,,,,
,,3,0.273,280,154,0,7393,,,,,,,
,,3,0.239,245,154,0,7394,,,,,,,
,,3,0.241,247,154,0,7395,,,,,,,
,,3,0.237,243,154,0,7396,,,,,,,
,,3,0.265,271,154,0,7397,,,,,,,
,,3,0.262,268,154,0,7398,,,,,,,
,,3,0.253,259,154,0,7399,,,,,,,
,,3,0.246,252,154,0,7400,,,,,-53,09:43:07,551
,,3,0.242,248,154,0,7401,,,,,,,
,,3,0.227,232,154,0,7402,,,,,,,
,,3,0.211,216,154,0,7403,,,,,,,
,,3,0.19,195,154,0,7404,,,,,,,
,,3,0.186,190,154,0,7405,,,,,,,
,,3,0.166,170,154,0,7406,,,,,,,
,,3,0.161,165,154,0,7407,,,,,,,
,,3,0.161,165,154,0,7408,,,,,,,
,,3,0.14,143,154,0,7409,,,,,,,
52.3549308,4.8056319,3,0.119,122,154,0,7410,94,0,4,42,-53,09:43:07,745
,,3,0.113,116,154,0,7411,,,,,,,
,,3,0.126,129,154,0,7412,,,,,,,
,,3,0.115,118,154,0,7413,,,,,,,
,,3,0.07,72,154,0,7414,,,,,,,
,,3,0.104,107,154,0,7415,,,,,,,
,,3,0.064,66,154,0,7416,,,,,,,
,,3,0.075,77,154,0,7417,,,,,,,
,,3,0.049,50,154,0,7418,,,,,,,
,,3,0.053,54,154,0,7419,,,,,,,
,,3,0.029,30,154,0,7420,,,,,-53,09:43:07,958
,,3,0.017,17,154,0,7421,,,,,,,
,,3,0.003,3,154,0,7422,,,,,,,
,,3,-0.009,-9,154,0,7423,,,,,,,
,,3,-0.013,-13,154,0,7424,,,,,,,
,,3,-0.021,-22,154,0,7425,,,,,,,
,,3,-0.03,-31,154,0,7426,,,,,,,
,,3,-0.05,-51,154,0,7427,,,,,,,
,,3,-0.041,-42,154,0,7428,,,,,,,
,,3,-0.105,-108,154,0,7429,,,,,,,
,,3,-0.106,-109,154,0,7430,,,,,-53,09:43:08,153
,,3,-0.133,-136,154,0,7431,,,,,,,
,,3,-0.132,-135,154,0,7432,,,,,,,
,,3,-0.173,-177,154,0,7433,,,,,,,
,,3,-0.14,-143,154,0,7434,,,,,,,
,,3,-0.13,-133,154,0,7435,,,,,,,
,,3,-0.127,-130,154,0,7436,,,,,,,
,,3,-0.144,-147,154,0,7437,,,,,,,
,,3,-0.163,-167,154,0,7438,,,,,,,
,,3,-0.086,-88,154,0,7439,,,,,,,
,,3,-0.131,-134,154,0,7440,,,,,-53,09:43:08,351
,,3,-0.116,-119,154,0,7441,,,,,,,
,,3,-0.1,-102,154,0,7442,,,,,,,
,,3,-0.115,-118,154,0,7443,,,,,,,
,,3,-0.162,-166,154,0,7444,,,,,,,
,,3,-0.127,-130,154,0,7445,,,,,,,
,,3,-0.117,-120,154,0,7446,,,,,,,
,,3,-0.13,-133,154,0,7447,,,,,,,
,,3,0.07,72,154,0,7448,,,,,,,
,,3,-0.3,-307,154,0,7449,,,,,,,
,,3,-0.411,-421,154,0,7450,,,,,-53,09:43:08,556
,,3,-0.015,-15,154,0,7451,,,,,,,
,,3,0.131,134,154,0,7452,,,,,,,
,,3,-0.327,-335,154,0,7453,,,,,,,
,,3,-0.239,-245,154,0,7454,,,,,,,
,,3,-0.149,-153,154,0,7455,,,,,,,
,,3,-0.183,-187,154,0,7456,,,,,,,
,,3,-0.162,-166,154,0,7457,,,,,,,
,,3,0.154,158,154,0,7458,,,,,,,
,,3,-0.352,-360,154,0,7459,,,,,,,
52.3549314,4.8056314,3,-0.403,-413,154,0,7460,78,0,4,42,-53,09:43:08,750
,,3,-0.108,-111,154,0,7461,,,,,,,
,,3,-0.146,-149,154,0,7462,,,,,,,
,,3,-0.301,-308,154,0,7463,,,,,,,
,,3,-0.246,-252,154,0,7464,,,,,,,
,,3,-0.246,-252,154,0,7465,,,,,,,
,,3,-0.202,-207,154,0,7466,,,,,,,
,,3,-0.289,-296,154,0,7467,,,,,,,
,,3,-0.224,-229,154,0,7468,,,,,,,
,,3,-0.294,-301,154,0,7469,,,,,,,
,,3,-0.209,-214,154,0,7470,,,,,-53,09:43:08,951
,,3,-0.331,-339,154,0,7471,,,,,,,
,,3,-0.254,-260,154,0,7472,,,,,,,
,,3,-0.31,-317,154,0,7473,,,,,,,
,,3,-0.297,-304,154,0,7474,,,,,,,
,,3,-0.318,-326,154,0,7475,,,,,,,
,,3,-0.337,-345,154,0,7476,,,,,,,
,,3,-0.338,-346,154,0,7477,,,,,,,
,,3,-0.337,-345,154,0,7478,,,,,,,
,,3,-0.324,-332,154,0,7479,,,,,,,
,,3,-0.354,-362,154,0,7480,,,,,-53,09:43:09,159
,,3,-0.368,-377,154,0,7481,,,,,,,
,,3,-0.356,-365,154,0,7482,,,,,,,
,,3,-0.369,-378,154,0,7483,,,,,,,
,,3,-0.399,-409,154,0,7484,,,,,,,
,,3,-0.439,-450,154,0,7485,,,,,,,
,,3,-0.428,-438,154,0,7486,,,,,,,
,,3,-0.42,-430,154,0,7487,,,,,,,
,,3,-0.45,-461,154,0,7488,,,,,,,
,,3,-0.498,-510,154,0,7489,,,,,,,
,,3,-0.544,-557,154,0,7490,,,,,-51,09:43:09,349
,,3,-0.524,-537,154,0,7491,,,,,,,
,,3,-0.548,-561,154,0,7492,,,,,,,
,,3,-0.568,-582,154,0,7493,,,,,,,
,,3,-0.6,-614,154,0,7494,,,,,,,
,,3,-0.597,-611,154,0,7495,,,,,,,
,,3,-0.646,-662,154,0,7496,,,,,,,
,,3,-0.655,-671,154,0,7497,,,,,,,
,,3,-0.609,-624,154,0,7498,,,,,,,
,,3,-0.62,-635,154,0,7499,,,,,,,
,,3,-0.625,-640,154,0,7500,,,,,-51,09:43:09,547
,,3,-0.64,-655,154,0,7501,,,,,,,
,,3,-0.651,-667,154,0,7502,,,,,,,
,,3,-0.654,-670,154,0,7503,,,,,,,
,,3,-0.668,-684,154,0,7504,,,,,,,
,,3,-0.678,-694,154,0,7505,,,,,,,
,,3,-0.696,-713,154,0,7506,,,,,,,
,,3,-0.707,-724,154,0,7507,,,,,,,
,,3,-0.719,-736,155,0,7508,,,,,,,
,,3,-0.708,-725,155,0,7509,,,,,,,
52.3549316,4.8056335,3,-0.699,-716,155,0,7510,85,1,4,42,-51,09:43:09,754
,,3,-0.716,-733,155,0,7511,,,,,,,
,,3,-0.729,-747,155,0,7512,,,,,,,
,,3,-0.737,-755,155,0,7513,,,,,,,
,,3,-0.729,-746,155,0,7514,,,,,,,
,,3,-0.732,-750,155,0,7515,,,,,,,
,,3,-0.735,-753,155,0,7516,,,,,,,
,,3,-0.74,-758,155,0,7517,,,,,,,
,,3,-0.739,-757,155,0,7518,,,,,,,
,,3,-0.738,-756,155,0,7519,,,,,,,
,,3,-0.736,-754,155,0,7520,,,,,-51,09:43:09,957
,,3,-0.735,-753,155,0,7521,,,,,,,
,,3,-0.726,-743,155,0,7522,,,,,,,
,,3,-0.724,-741,155,0,7523,,,,,,,
,,3,-0.722,-739,155,0,7524,,,,,,,
,,3,-0.734,-752,155,0,7525,,,,,,,
,,3,-0.754,-772,155,0,7526,,,,,,,
,,3,-0.749,-767,155,0,7527,,,,,,,
,,3,-0.762,-780,155,0,7528,,,,,,,
,,3,-0.765,-783,155,0,7529,,,,,,,
,,3,-0.785,-804,155,0,7530,,,,,-51,09:43:10,146
,,3,-0.776,-795,155,0,7531,,,,,,,
,,3,-0.796,-815,155,0,7532,,,,,,,
,,3,-0.787,-806,155,0,7533,,,,,,,
,,3,-0.772,-791,155,0,7534,,,,,,,
,,3,-0.767,-785,155,0,7535,,,,,,,
,,3,-0.774,-793,155,0,7536,,,,,,,
,,3,-0.771,-790,155,0,7537,,,,,,,
,,3,-0.754,-772,155,0,7538,,,,,,,
,,3,-0.747,-765,155,0,7539,,,,,,,
,,3,-0.742,-760,155,0,7540,,,,,-51,09:43:10,356
,,3,-0.732,-750,155,0,7541,,,,,,,
,,3,-0.726,-743,155,0,7542,,,,,,,
,,3,-0.725,-742,155,0,7543,,,,,,,
,,3,-0.72,-737,155,0,7544,,,,,,,
,,3,-0.718,-735,155,0,7545,,,,,,,
,,3,-0.711,-728,155,0,7546,,,,,,,
,,3,-0.72,-737,155,0,7547,,,,,,,
,,3,-0.724,-741,155,0,7548,,,,,,,
,,3,-0.726,-743,155,0,7549,,,,,,,
,,3,-0.726,-743,155,0,7550,,,,,-51,09:43:10,551
,,3,-0.729,-747,155,0,7551,,,,,,,
,,3,-0.733,-751,155,0,7552,,,,,,,
,,3,-0.733,-751,155,0,7553,,,,,,,
,,3,-0.735,-753,155,0,7554,,,,,,,
,,3,-0.74,-758,155,0,7555,,,,,,,
,,3,-0.742,-760,155,0,7556,,,,,,,
,,3,-0.742,-760,155,0,7557,,,,,,,
,,3,-0.74,-758,155,0,7558,,,,,,,
,,3,-0.745,-763,155,0,7559,,,,,,,
52.3549318,4.8056356,3,-0.755,-773,155,0,7560,103,1,4,42,-51,09:43:10,743
,,3,-0.757,-775,155,0,7561,,,,,,,
,,3,-0.752,-770,155,0,7562,,,,,,,
,,3,-0.752,-770,155,0,7563,,,,,,,
,,3,-0.756,-774,155,0,7564,,,,,,,
,,3,-0.75,-768,155,0,7565,,,,,,,
,,3,-0.745,-763,155,0,7566,,,,,,,
,,3,-0.742,-760,155,0,7567,,,,,,,
,,3,-0.742,-760,155,0,7568,,,,,,,
,,3,-0.737,-755,155,0,7569,,,,,,,
,,3,-0.732,-750,155,0,7570,,,,,-60,09:43:10,959
,,3,-0.726,-743,155,0,7571,,,,,,,
,,3,-0.719,-736,155,0,7572,,,,,,,
,,3,-0.719,-736,155,0,7573,,,,,,,
,,3,-0.718,-735,155,0,7574,,,,,,,
,,3,-0.721,-738,155,0,7575,,,,,,,
,,3,-0.715,-732,155,0,7576,,,,,,,
,,3,-0.706,-723,155,0,7577,,,,,,,
,,3,-0.699,-716,155,0,7578,,,,,,,
,,3,-0.704,-721,155,0,7579,,,,,,,
,,3,-0.709,-726,155,0,7580,,,,,-60,09:43:11,147
,,3,-0.708,-725,155,0,7581,,,,,,,
,,3,-0.706,-723,155,0,7582,,,,,,,
,,3,-0.708,-725,155,0,7583,,,,,,,
,,3,-0.722,-739,155,0,7584,,,,,,,
,,3,-0.728,-745,155,0,7585,,,,,,,
,,3,-0.737,-755,155,0,7586,,,,,,,
,,3,-0.736,-754,155,0,7587,,,,,,,
,,3,-0.748,-766,155,0,7588,,,,,,,
,,3,-0.769,-787,155,0,7589,,,,,,,
,,3,-0.778,-797,155,0,7590,,,,,-60,09:43:11,378
,,3,-0.774,-793,155,0,7591,,,,,,,
,,3,-0.776,-795,155,0,7592,,,,,,,
,,3,-0.786,-805,155,0,7593,,,,,,,
,,3,-0.785,-804,155,0,7594,,,,,,,
,,3,-0.786,-805,155,0,7595,,,,,,,
,,3,-0.769,-787,155,0,7596,,,,,,,
,,3,-0.765,-783,155,0,7597,,,,,,,
,,3,-0.773,-792,155,0,7598,,,,,,,
,,3,-0.765,-783,155,0,7599,,,,,,,
52.3549296,4.8056348,3,-0.763,-781,155,0,7600,114,1,4,42,-60,09:43:11,553
,,3,-0.748,-766,155,0,7601,,,,,,,
,,3,-0.762,-780,155,0,7602,,,,,,,
,,3,-0.764,-782,155,0,7603,,,,,,,
,,3,-0.755,-773,155,0,7604,,,,,,,
,,3,-0.757,-775,155,0,7605,,,,,,,
,,3,-0.764,-782,155,0,7606,,,,,,,
,,3,-0.763,-781,155,0,7607,,,,,,,
,,3,-0.757,-775,155,0,7608,,,,,,,
,,3,-0.753,-771,155,0,7609,,,,,,,
,,3,-0.766,-784,155,0,7610,,,,,-60,09:43:11,748
,,3,-0.752,-770,155,0,7611,,,,,,,
,,3,-0.769,-787,155,0,7612,,,,,,,
,,3,-0.77,-788,155,0,7613,,,,,,,
,,3,-0.766,-784,155,0,7614,,,,,,,
,,3,-0.754,-772,155,0,7615,,,,,,,
,,3,-0.763,-781,155,0,7616,,,,,,,
,,3,-0.764,-782,155,0,7617,,,,,,,
,,3,-0.748,-766,155,0,7618,,,,,,,
,,3,-0.65,-666,155,0,7619,,,,,,,
,,3,-0.721,-738,155,0,7620,,,,,-60,09:43:11,940
,,3,-0.82,-840,155,0,7621,,,,,,,
,,3,-0.706,-723,155,0,7622,,,,,,,
,,3,-0.635,-650,155,0,7623,,,,,,,
,,3,-0.7,-717,155,0,7624,,,,,,,
,,3,-0.757,-775,155,0,7625,,,,,,,
,,3,-0.744,-762,155,0,7626,,,,,,,
,,3,-0.66,-676,155,0,7627,,,,,,,
,,3,-0.701,-718,155,0,7628,,,,,,,
,,3,-0.731,-749,155,0,7629,,,,,,,
,,3,-0.752,-770,155,0,7630,,,,,-60,09:43:12,161
,,3,-0.759,-777,155,0,7631,,,,,,,
,,3,-0.758,-776,155,0,7632,,,,,,,
,,3,-0.78,-799,155,0,7633,,,,,,,
,,3,-0.821,-841,155,0,7634,,,,,,,
,,3,-0.816,-836,155,0,7635,,,,,,,
,,3,-0.808,-827,155,0,7636,,,,,,,
,,3,-0.754,-772,155,0,7637,,,,,,,
,,3,-0.802,-821,155,0,7638,,,,,,,
,,3,-0.802,-821,155,0,7639,,,,,,,
,,3,-0.824,-844,155,0,7640,,,,,-60,09:43:12,350
,,3,-0.797,-816,155,0,7641,,,,,,,
,,3,-0.81,-829,155,0,7642,,,,,,,
,,3,-0.803,-822,155,0,7643,,,,,,,
,,3,-0.826,-846,155,0,7644,,,,,,,
,,3,-0.826,-846,155,0,7645,,,,,,,
,,3,-0.847,-867,155,0,7646,,,,,,,
,,3,-0.833,-853,155,0,7647,,,,,,,
,,3,-0.827,-847,155,0,7648,,,,,,,
,,3,-0.886,-907,155,0,7649,,,,,,,
52.3549307,4.805635,3,-0.938,-960,155,0,7650,93,1,4,42,-60,09:43:12,542
,,3,-0.89,-911,155,0,7651,,,,,,,
,,3,-0.864,-885,155,0,7652,,,,,,,
,,3,-0.911,-933,155,0,7653,,,,,,,
,,3,-0.971,-994,155,0,7654,,,,,,,
,,3,-0.987,-1011,155,0,7655,,,,,,,
,,3,-1.011,-1035,155,0,7656,,,,,,,
,,3,-1.078,-1104,155,0,7657,,,,,,,
,,3,-1.138,-1165,155,0,7658,,,,,,,
,,3,-1.106,-1133,155,0,7659,,,,,,,
,,3,-0.95,-973,155,0,7660,,,,,-60,09:43:12,757
,,3,-1.01,-1034,155,0,7661,,,,,,,
,,3,-1.05,-1075,155,0,7662,,,,,,,
,,3,-1.001,-1025,155,0,7663,,,,,,,
,,3,-0.93,-952,155,0,7664,,,,,,,
,,3,-0.887,-908,155,0,7665,,,,,,,
,,3,-0.914,-936,155,0,7666,,,,,,,
,,3,-0.951,-974,155,0,7667,,,,,,,
,,3,-0.926,-948,155,0,7668,,,,,,,
,,3,-0.864,-885,155,0,7669,,,,,,,
,,3,-0.903,-925,155,0,7670,,,,,-60,09:43:12,953
,,3,-1.063,-1088,155,0,7671,,,,,,,
,,3,-0.994,-1018,155,0,7672,,,,,,,
,,3,-0.836,-856,155,0,7673,,,,,,,
,,3,-0.814,-834,155,0,7674,,,,,,,
,,3,-0.871,-892,155,0,7675,,,,,,,
,,3,-0.82,-840,155,0,7676,,,,,,,
,,3,-0.728,-745,155,0,7677,,,,,,,
,,3,-0.692,-709,155,0,7678,,,,,,,
,,3,-0.688,-704,155,0,7679,,,,,,,
,,3,-0.702,-719,155,0,7680,,,,,-60,09:43:13,151
,,3,-0.688,-704,155,0,7681,,,,,,,
,,3,-0.649,-665,155,0,7682,,,,,,,
,,3,-0.609,-624,155,0,7683,,,,,,,
,,3,-0.627,-642,155,0,7684,,,,,,,
,,3,-0.595,-609,155,0,7685,,,,,,,
,,3,-0.529,-542,155,0,7686,,,,,,,
,,3,-0.521,-533,155,0,7687,,,,,,,
,,3,-0.507,-519,155,0,7688,,,,,,,
,,3,-0.416,-426,155,0,7689,,,,,,,
,,3,-0.346,-354,155,0,7690,,,,,-60,09:43:13,357
,,3,-0.361,-370,155,0,7691,,,,,,,
,,3,-0.154,-158,155,0,7692,,,,,,,
,,3,-0.208,-213,155,0,7693,,,,,,,
,,3,-0.232,-238,155,0,7694,,,,,,,
,,3,-0.092,-94,155,0,7695,,,,,,,
,,3,-0.047,-48,155,0,7696,,,,,,,
,,3,-0.037,-38,155,0,7697,,,,,,,
,,3,-0.256,-262,155,0,7698,,,,,,,
,,3,0.057,58,155,0,7699,,,,,,,
,,3,0.332,340,155,0,7700,,,,,-60,09:43:13,555
,,3,-0.053,-54,155,0,7701,,,,,,,
,,3,0.096,98,155,0,7702,,,,,,,
,,3,0.438,448,155,0,7703,,,,,,,
,,3,0.159,163,155,0,7704,,,,,,,
,,3,0.273,280,155,0,7705,,,,,,,
,,3,0.576,590,155,0,7706,,,,,,,
,,3,0.369,378,155,0,7707,,,,,,,
,,3,0.428,438,155,0,7708,,,,,,,
,,3,0.643,658,155,0,7709,,,,,,,
52.3549307,4.8056385,3,0.644,659,155,0,7710,90,1,4,42,-60,09:43:13,748
,,3,0.567,581,155,0,7711,,,,,,,
,,3,0.656,672,155,0,7712,,,,,,,
,,3,0.789,808,155,0,7713,,,,,,,
,,3,0.725,742,155,0,7714,,,,,,,
,,3,0.735,753,156,0,7715,,,,,,,
,,3,0.733,751,156,0,7716,,,,,,,
,,3,0.742,760,156,0,7717,,,,,,,
,,3,0.821,841,156,0,7718,,,,,,,
,,3,0.861,882,156,0,7719,,,,,,,
,,3,0.809,828,156,0,7720,,,,,-60,09:43:13,957
,,3,0.884,905,156,0,7721,,,,,,,
,,3,0.975,998,156,0,7722,,,,,,,
,,3,0.96,983,156,0,7723,,,,,,,
,,3,0.911,933,156,0,7724,,,,,,,
,,3,0.982,1006,156,0,7725,,,,,,,
,,3,1.104,1131,156,0,7726,,,,,,,
,,3,0.991,1015,156,0,7727,,,,,,,
,,3,0.92,942,156,0,7728,,,,,,,
,,3,0.981,1005,156,0,7729,,,,,,,
,,3,1.032,1057,156,0,7730,,,,,-60,09:43:14,196
,,3,1.014,1038,156,0,7731,,,,,,,
,,3,0.968,991,156,0,7732,,,,,,,
,,3,1.152,1180,156,0,7733,,,,,,,
,,3,1.101,1127,156,0,7734,,,,,,,
,,3,0.977,1000,156,0,7735,,,,,,,
,,3,0.961,984,156,0,7736,,,,,,,
,,3,0.954,977,156,0,7737,,,,,,,
,,3,0.842,862,156,0,7738,,,,,,,
,,3,0.868,889,156,0,7739,,,,,,,
,,3,0.917,939,156,0,7740,,,,,-67,09:43:14,345
,,3,0.912,934,156,0,7741,,,,,,,
,,3,0.715,732,156,0,7742,,,,,,,
,,3,0.702,719,156,0,7743,,,,,,,
,,3,0.729,747,156,0,7744,,,,,,,
,,3,0.658,674,156,0,7745,,,,,,,
,,3,0.631,646,156,0,7746,,,,,,,
,,3,0.632,647,156,0,7747,,,,,,,
,,3,0.509,521,156,0,7748,,,,,,,
,,3,0.384,393,156,0,7749,,,,,,,
,,3,0.319,327,156,0,7750,,,,,-67,09:43:14,556
,,3,0.354,363,156,0,7751,,,,,,,
,,3,0.213,218,156,0,7752,,,,,,,
,,3,0.089,91,156,0,7753,,,,,,,
,,3,0.094,96,156,0,7754,,,,,,,
,,3,0.094,96,156,0,7755,,,,,,,
,,3,0.058,59,156,0,7756,,,,,,,
,,3,0.018,18,156,0,7757,,,,,,,
,,3,-0.257,-263,156,0,7758,,,,,,,
,,3,-0.422,-432,156,0,7759,,,,,,,
52.3549292,4.8056406,3,-0.506,-518,156,0,7760,101,1,4,42,-67,09:43:14,753
,,3,-0.355,-364,156,0,7761,,,,,,,
,,3,-0.38,-389,156,0,7762,,,,,,,
,,3,-0.431,-441,156,0,7763,,,,,,,
,,7,-0.672,-688,157,195,7764,,,,,,,
,,1,-0.527,-540,157,-1,7765,,,,,,,
,,1,-0.761,-779,157,-1,7766,,,,,,,
,,1,-0.781,-800,157,-1,7767,,,,,,,
,,1,-0.783,-802,157,-1,7768,,,,,,,
,,1,-1.085,-1111,157,-1,7769,,,,,,,
,,1,-1.132,-1159,157,-1,7770,,,,,-67,09:43:14,943
,,1,-0.826,-846,157,-1,7771,,,,,,,
,,1,-0.63,-645,157,-1,7772,,,,,,,
,,1,-0.62,-635,157,-1,7773,,,,,,,
,,1,-0.849,-869,157,-1,7774,,,,,,,
,,1,-1.31,-1341,157,-1,7775,,,,,,,
,,1,-1.342,-1374,157,-1,7776,,,,,,,
,,1,-1.266,-1296,157,-1,7777,,,,,,,
,,1,-0.994,-1018,157,-1,7778,,,,,,,
,,1,-0.826,-846,157,-1,7779,,,,,,,
,,1,-0.932,-954,157,-1,7780,,,,,-67,09:43:15,159
,,1,-0.937,-959,157,-1,7781,,,,,,,
,,1,-0.974,-997,157,-1,7782,,,,,,,
,,1,-0.968,-991,157,-1,7783,,,,,,,
,,1,-1.07,-1096,157,-1,7784,,,,,,,
,,1,-0.882,-903,157,-1,7785,,,,,,,
,,1,-0.771,-789,157,-1,7786,,,,,,,
,,1,-0.63,-645,157,-1,7787,,,,,,,
,,1,-0.622,-637,157,-1,7788,,,,,,,
,,1,-0.582,-596,157,-1,7789,,,,,,,
,,1,-0.513,-525,157,-1,7790,,,,,-67,09:43:15,354
,,1,-0.472,-483,157,-1,7791,,,,,,,
,,1,-0.578,-592,157,-1,7792,,,,,,,
,,1,-0.617,-632,157,-1,7793,,,,,,,
,,1,-0.482,-494,157,-1,7794,,,,,,,
,,1,-0.328,-336,157,-1,7795,,,,,,,
,,1,-0.22,-225,157,-1,7796,,,,,,,
,,1,-0.199,-204,157,-1,7797,,,,,,,
,,1,-0.173,-177,157,-1,7798,,,,,,,
,,1,-0.138,-141,157,-1,7799,,,,,,,
,,1,-0.064,-66,157,-1,7800,,,,,-67,09:43:15,550
,,1,0.126,129,157,-1,7801,,,,,,,
,,1,0.148,152,157,-1,7802,,,,,,,
,,1,0.209,214,157,-1,7803,,,,,,,
,,1,0.294,301,157,-1,7804,,,,,,,
,,1,0.226,231,157,-1,7805,,,,,,,
,,1,0.31,317,157,-1,7806,,,,,,,
,,1,0.508,520,157,-1,7807,,,,,,,
,,1,0.499,511,157,-1,7808,,,,,,,
,,7,0.384,393,158,285,7809,,,,,,,
52.3549269,4.8056511,1,0.772,791,158,-1,7810,110,2,4,42,-67,09:43:15,847
,,1,0.79,809,158,-1,7811,,,,,,,
,,1,0.609,624,158,-1,7812,,,,,,,
,,1,0.587,601,158,-1,7813,,,,,,,
,,1,0.78,799,158,-1,7814,,,,,,,
,,1,0.88,901,158,-1,7815,,,,,,,
,,1,0.944,967,158,-1,7816,,,,,,,
,,1,0.804,823,158,-1,7817,,,,,,,
,,1,0.949,972,158,-1,7818,,,,,,,
,,1,1.053,1078,158,-1,7819,,,,,,,
,,1,0.966,989,158,-1,7820,,,,,-67,09:43:15,952
,,1,0.928,950,158,-1,7821,,,,,,,
,,1,1.061,1086,158,-1,7822,,,,,,,
,,1,1.114,1141,158,-1,7823,,,,,,,
,,1,0.948,971,158,-1,7824,,,,,,,
,,1,0.943,966,158,-1,7825,,,,,,,
,,1,1.024,1049,158,-1,7826,,,,,,,
,,1,0.98,1004,158,-1,7827,,,,,,,
,,1,0.99,1014,158,-1,7828,,,,,,,
,,1,1.034,1059,158,-1,7829,,,,,,,
,,1,0.984,1008,158,-1,7830,,,,,-69,09:43:16,145
,,1,0.871,892,158,-1,7831,,,,,,,
,,1,0.824,844,158,-1,7832,,,,,,,
,,1,0.838,858,158,-1,7833,,,,,,,
,,1,0.776,795,158,-1,7834,,,,,,,
,,1,0.672,688,158,-1,7835,,,,,,,
,,1,0.653,669,158,-1,7836,,,,,,,
,,1,0.587,601,158,-1,7837,,,,,,,
,,1,0.542,555,158,-1,7838,,,,,,,
,,1,0.512,524,158,-1,7839,,,,,,,
,,1,0.383,392,158,-1,7840,,,,,-69,09:43:16,357
,,1,0.247,253,158,-1,7841,,,,,,,
,,1,0.192,197,158,-1,7842,,,,,,,
,,1,0.346,354,158,-1,7843,,,,,,,
,,1,0.13,133,158,-1,7844,,,,,,,
,,1,0.146,150,158,-1,7845,,,,,,,
,,1,-0.108,-111,158,-1,7846,,,,,,,
,,1,-0.35,-358,158,-1,7847,,,,,,,
,,1,-0.218,-223,158,-1,7848,,,,,,,
,,1,-0.233,-239,158,-1,7849,,,,,,,
52.3549269,4.8056511,1,-0.396,-405,158,-1,7850,110,2,4,42,-69,09:43:16,550
,,1,-0.595,-609,158,-1,7851,,,,,,,
,,7,-0.575,-589,159,549,7852,,,,,,,
,,1,-0.707,-724,159,-1,7853,,,,,,,
,,1,-0.746,-764,159,-1,7854,,,,,,,
,,1,-0.508,-520,159,-1,7855,,,,,,,
,,1,-0.438,-448,159,-1,7856,,,,,,,
,,1,-0.725,-742,159,-1,7857,,,,,,,
,,1,-0.948,-971,159,-1,7858,,,,,,,
,,1,-0.652,-668,159,-1,7859,,,,,,,
52.3549231,4.8056652,1,-0.59,-604,159,-1,7860,108,2,4,42,-69,09:43:16,744
,,1,-0.988,-1012,159,-1,7861,,,,,,,
,,1,-1.067,-1093,159,-1,7862,,,,,,,
,,1,-0.878,-899,159,-1,7863,,,,,,,
,,1,-0.86,-881,159,-1,7864,,,,,,,
,,1,-1.021,-1046,159,-1,7865,,,,,,,
,,1,-0.977,-1000,159,-1,7866,,,,,,,
,,1,-0.905,-927,159,-1,7867,,,,,,,
,,1,-0.995,-1019,159,-1,7868,,,,,,,
,,1,-1.041,-1066,159,-1,7869,,,,,,,
,,1,-0.904,-926,159,-1,7870,,,,,-69,09:43:16,954
,,1,-0.719,-736,159,-1,7871,,,,,,,
,,1,-0.607,-622,159,-1,7872,,,,,,,
,,1,-0.778,-797,159,-1,7873,,,,,,,
,,1,-0.984,-1008,159,-1,7874,,,,,,,
,,1,-0.803,-822,159,-1,7875,,,,,,,
,,1,-0.531,-544,159,-1,7876,,,,,,,
,,1,-0.64,-655,159,-1,7877,,,,,,,
,,1,-0.487,-499,159,-1,7878,,,,,,,
,,1,-0.44,-451,159,-1,7879,,,,,,,
,,1,-0.932,-954,159,-1,7880,,,,,-69,09:43:17,182
,,1,0.939,962,159,-1,7881,,,,,,,
,,1,0.029,30,159,-1,7882,,,,,,,
,,1,-0.99,-1014,159,-1,7883,,,,,,,
,,1,0.416,426,159,-1,7884,,,,,,,
,,1,0.41,420,159,-1,7885,,,,,,,
,,1,-0.484,-496,159,-1,7886,,,,,,,
,,1,0.71,727,159,-1,7887,,,,,,,
,,1,0.639,654,159,-1,7888,,,,,,,
,,1,-0.045,-46,159,-1,7889,,,,,,,
,,1,0.661,677,159,-1,7890,,,,,-69,09:43:17,350
,,7,0.828,848,160,588,7891,,,,,,,
,,1,0.394,403,160,-1,7892,,,,,,,
,,1,0.52,532,160,-1,7893,,,,,,,
,,1,0.927,949,160,-1,7894,,,,,,,
,,1,0.776,795,160,-1,7895,,,,,,,
,,1,0.621,636,160,-1,7896,,,,,,,
,,1,0.691,708,160,-1,7897,,,,,,,
,,1,0.914,936,160,-1,7898,,,,,,,
,,1,1.118,1145,160,-1,7899,,,,,,,
,,1,1.203,1232,160,-1,7900,,,,,-69,09:43:17,572
,,1,1.088,1114,160,-1,7901,,,,,,,
,,1,0.745,763,160,-1,7902,,,,,,,
,,1,0.808,827,160,-1,7903,,,,,,,
,,1,0.893,914,160,-1,7904,,,,,,,
,,1,1.095,1121,160,-1,7905,,,,,,,
,,1,1.467,1502,160,-1,7906,,,,,,,
,,1,1.508,1544,160,-1,7907,,,,,,,
,,1,1.033,1058,160,-1,7908,,,,,,,
,,1,0.669,685,160,-1,7909,,,,,,,
52.3549222,4.8056802,1,0.71,727,160,-1,7910,104,3,4,43,-69,09:43:17,761
,,1,0.645,660,160,-1,7911,,,,,,,
,,1,0.616,631,160,-1,7912,,,,,,,
,,1,0.756,774,160,-1,7913,,,,,,,
,,1,0.72,737,160,-1,7914,,,,,,,
,,1,0.603,617,160,-1,7915,,,,,,,
,,1,0.523,536,160,-1,7916,,,,,,,
,,1,0.658,674,160,-1,7917,,,,,,,
,,1,0.49,502,160,-1,7918,,,,,,,
,,1,0.345,353,160,-1,7919,,,,,,,
,,1,0.189,194,160,-1,7920,,,,,-70,09:43:17,947
,,1,0.151,155,160,-1,7921,,,,,,,
,,1,0.095,97,160,-1,7922,,,,,,,
,,1,0.193,198,160,-1,7923,,,,,,,
,,1,0.231,237,160,-1,7924,,,,,,,
,,1,0.026,27,160,-1,7925,,,,,,,
,,1,-0.28,-287,160,-1,7926,,,,,,,
,,1,-0.748,-766,160,-1,7927,,,,,,,
,,1,-0.453,-464,160,-1,7928,,,,,,,
,,7,-0.456,-467,161,628,7929,,,,,,,
,,1,-0.528,-541,161,-1,7930,,,,,-70,09:43:18,174
,,1,-0.643,-658,161,-1,7931,,,,,,,
,,1,-0.633,-648,161,-1,7932,,,,,,,
,,1,-0.161,-165,161,-1,7933,,,,,,,
,,1,-0.668,-684,161,-1,7934,,,,,,,
,,1,-1.065,-1091,161,-1,7935,,,,,,,
,,1,-1.108,-1135,161,-1,7936,,,,,,,
,,1,-0.686,-702,161,-1,7937,,,,,,,
,,1,-0.463,-474,161,-1,7938,,,,,,,
,,1,-0.828,-848,161,-1,7939,,,,,,,
,,1,-0.987,-1011,161,-1,7940,,,,,-70,09:43:18,381
,,1,-1.05,-1075,161,-1,7941,,,,,,,
,,1,-1.079,-1105,161,-1,7942,,,,,,,
,,1,-0.961,-984,161,-1,7943,,,,,,,
,,1,-0.984,-1008,161,-1,7944,,,,,,,
,,1,-1.151,-1179,161,-1,7945,,,,,,,
,,1,-1.177,-1205,161,-1,7946,,,,,,,
,,1,-0.939,-962,161,-1,7947,,,,,,,
,,1,-0.768,-786,161,-1,7948,,,,,,,
,,1,-0.781,-800,161,-1,7949,,,,,,,
,,1,-0.901,-923,161,-1,7950,,,,,-70,09:43:18,544
,,1,-0.919,-941,161,-1,7951,,,,,,,
,,1,-0.748,-766,161,-1,7952,,,,,,,
,,1,-0.746,-764,161,-1,7953,,,,,,,
,,1,-0.817,-837,161,-1,7954,,,,,,,
,,1,-0.875,-896,161,-1,7955,,,,,,,
,,1,-0.675,-691,161,-1,7956,,,,,,,
,,1,-0.573,-587,161,-1,7957,,,,,,,
,,1,-0.529,-542,161,-1,7958,,,,,,,
,,1,-0.333,-341,161,-1,7959,,,,,,,
52.3549217,4.805692,1,-0.303,-310,161,-1,7960,101,3,5,43,-70,09:43:18,756
,,1,-0.397,-407,161,-1,7961,,,,,,,
,,1,-0.145,-148,161,-1,7962,,,,,,,
,,1,-0.004,-4,161,-1,7963,,,,,,,
,,1,-0.179,-183,161,-1,7964,,,,,,,
,,1,0.007,7,161,-1,7965,,,,,,,
,,1,0.2,205,161,-1,7966,,,,,,,
,,1,0.271,277,161,-1,7967,,,,,,,
,,1,0.277,284,161,-1,7968,,,,,,,
,,1,0.399,409,161,-1,7969,,,,,,,
,,1,0.401,411,161,-1,7970,,,,,-70,09:43:18,953
,,1,0.359,368,161,-1,7971,,,,,,,
,,1,0.383,392,161,-1,7972,,,,,,,
,,1,0.534,547,161,-1,7973,,,,,,,
,,7,0.558,571,162,625,7974,,,,,,,
,,1,0.908,930,162,-1,7975,,,,,,,
,,1,0.945,968,162,-1,7976,,,,,,,
,,1,0.805,824,162,-1,7977,,,,,,,
,,1,0.664,680,162,-1,7978,,,,,,,
,,1,0.581,595,162,-1,7979,,,,,,,
,,1,0.882,903,162,-1,7980,,,,,-70,09:43:19,149
,,1,1.483,1519,162,-1,7981,,,,,,,
,,1,1.613,1652,162,-1,7982,,,,,,,
,,1,0.927,949,162,-1,7983,,,,,,,
,,1,0.557,570,162,-1,7984,,,,,,,
,,1,0.619,634,162,-1,7985,,,,,,,
,,1,0.871,892,162,-1,7986,,,,,,,
,,1,1.114,1141,162,-1,7987,,,,,,,
,,1,0.95,973,162,-1,7988,,,,,,,
,,1,0.609,624,162,-1,7989,,,,,,,
,,1,0.677,693,162,-1,7990,,,,,-70,09:43:19,391
,,1,1.04,1065,162,-1,7991,,,,,,,
,,1,1.37,1403,162,-1,7992,,,,,,,
,,1,1.352,1384,162,-1,7993,,,,,,,
,,1,0.913,935,162,-1,7994,,,,,,,
,,1,0.48,492,162,-1,7995,,,,,,,
,,1,0.556,569,162,-1,7996,,,,,,,
,,1,0.863,884,162,-1,7997,,,,,,,
,,1,0.625,640,162,-1,7998,,,,,,,
,,1,0.375,384,162,-1,7999,,,,,,,
,,1,0.137,140,162,-1,8000,,,,,-71,09:43:19,548
,,1,0.19,195,162,-1,8001,,,,,,,
,,1,0.099,101,162,-1,8002,,,,,,,
,,1,0.138,141,162,-1,8003,,,,,,,
,,1,0.241,247,162,-1,8004,,,,,,,
,,1,0.04,41,162,-1,8005,,,,,,,
,,1,0.009,9,162,-1,8006,,,,,,,
,,1,-0.052,-53,162,-1,8007,,,,,,,
,,1,-0.173,-177,162,-1,8008,,,,,,,
,,1,-0.585,-599,162,-1,8009,,,,,,,
52.3549207,4.8057087,1,-0.586,-600,162,-1,8010,92,3,5,43,-71,09:43:19,752
,,1,-0.24,-246,162,-1,8011,,,,,,,
,,1,0.021,22,162,-1,8012,,,,,,,
,,1,-0.395,-404,162,-1,8013,,,,,,,
,,1,-0.951,-974,162,-1,8014,,,,,,,
,,7,-1.145,-1172,163,591,8015,,,,,,,
,,1,-1.071,-1097,163,-1,8016,,,,,,,
,,1,-0.494,-506,163,-1,8017,,,,,,,
,,1,-0.406,-416,163,-1,8018,,,,,,,
,,1,-0.717,-734,163,-1,8019,,,,,,,
,,1,-1.026,-1051,163,-1,8020,,,,,-71,09:43:19,992
,,1,-1.42,-1454,163,-1,8021,,,,,,,
,,1,-1.193,-1222,163,-1,8022,,,,,,,
,,1,-0.839,-859,163,-1,8023,,,,,,,
,,1,-0.693,-710,163,-1,8024,,,,,,,
,,1,-0.736,-754,163,-1,8025,,,,,,,
,,1,-1.072,-1098,163,-1,8026,,,,,,,
,,1,-1.049,-1074,163,-1,8027,,,,,,,
,,1,-0.785,-804,163,-1,8028,,,,,,,
,,1,-0.523,-536,163,-1,8029,,,,,,,
,,1,-0.612,-627,163,-1,8030,,,,,-71,09:43:20,151
,,1,-1.219,-1248,163,-1,8031,,,,,,,
,,1,-1.2,-1229,163,-1,8032,,,,,,,
,,1,-0.593,-607,163,-1,8033,,,,,,,
,,1,-0.323,-331,163,-1,8034,,,,,,,
,,1,-0.658,-674,163,-1,8035,,,,,,,
,,1,-0.8,-819,163,-1,8036,,,,,,,
,,1,-0.524,-537,163,-1,8037,,,,,,,
,,1,-0.656,-672,163,-1,8038,,,,,,,
,,1,-0.367,-376,163,-1,8039,,,,,,,
,,1,0.029,30,163,-1,8040,,,,,-71,09:43:20,348
,,1,-0.274,-281,163,-1,8041,,,,,,,
,,1,0.045,46,163,-1,8042,,,,,,,
,,1,0.434,444,163,-1,8043,,,,,,,
,,1,0.295,302,163,-1,8044,,,,,,,
,,1,-0.235,-241,163,-1,8045,,,,,,,
,,1,0.864,885,163,-1,8046,,,,,,,
,,1,0.737,755,163,-1,8047,,,,,,,
,,7,0.029,30,164,625,8048,,,,,,,
,,1,0.281,288,164,-1,8049,,,,,,,
,,1,0.955,978,164,-1,8050,,,,,-71,09:43:20,557
,,1,1.136,1163,164,-1,8051,,,,,,,
,,1,0.877,898,164,-1,8052,,,,,,,
,,1,0.658,674,164,-1,8053,,,,,,,
,,1,0.344,352,164,-1,8054,,,,,,,
,,1,0.199,204,164,-1,8055,,,,,,,
,,1,0.802,821,164,-1,8056,,,,,,,
,,1,1.631,1670,164,-1,8057,,,,,,,
,,1,1.495,1531,164,-1,8058,,,,,,,
,,1,0.911,933,164,-1,8059,,,,,,,
52.3549238,4.8057346,1,0.751,769,164,-1,8060,84,4,5,43,-71,09:43:20,756
,,1,0.937,959,164,-1,8061,,,,,,,
,,1,1.25,1280,164,-1,8062,,,,,,,
,,1,1.043,1068,164,-1,8063,,,,,,,
,,1,1.313,1344,164,-1,8064,,,,,,,
,,1,1.186,1214,164,-1,8065,,,,,,,
,,1,0.512,524,164,-1,8066,,,,,,,
,,1,0.664,680,164,-1,8067,,,,,,,
,,1,0.801,820,164,-1,8068,,,,,,,
,,1,0.628,643,164,-1,8069,,,,,,,
,,1,0.745,763,164,-1,8070,,,,,-71,09:43:20,947
,,1,0.922,944,164,-1,8071,,,,,,,
,,1,1.036,1061,164,-1,8072,,,,,,,
,,1,0.695,712,164,-1,8073,,,,,,,
,,1,0.65,666,164,-1,8074,,,,,,,
,,1,0.42,430,164,-1,8075,,,,,,,
,,1,0.336,344,164,-1,8076,,,,,,,
,,1,0.051,52,164,-1,8077,,,,,,,
,,1,0.299,306,164,-1,8078,,,,,,,
,,1,0.315,323,164,-1,8079,,,,,,,
,,1,-0.057,-58,164,-1,8080,,,,,-71,09:43:21,168
,,1,-0.479,-490,164,-1,8081,,,,,,,
,,1,-0.342,-350,164,-1,8082,,,,,,,
,,1,-0.038,-39,164,-1,8083,,,,,,,
,,1,0.033,34,164,-1,8084,,,,,,,
,,1,-0.262,-268,164,-1,8085,,,,,,,
,,1,-0.472,-483,164,-1,8086,,,,,,,
,,1,-0.401,-411,164,-1,8087,,,,,,,
,,1,-0.39,-399,164,-1,8088,,,,,,,
,,1,-0.324,-332,164,-1,8089,,,,,,,
,,1,-0.573,-587,164,-1,8090,,,,,-64,09:43:21,352
,,7,-0.988,-1012,165,666,8091,,,,,,,
,,1,-1.008,-1032,165,-1,8092,,,,,,,
,,1,-0.979,-1002,165,-1,8093,,,,,,,
,,1,-0.834,-854,165,-1,8094,,,,,,,
,,1,-0.817,-837,165,-1,8095,,,,,,,
,,1,-0.776,-795,165,-1,8096,,,,,,,
,,1,-1.189,-1218,165,-1,8097,,,,,,,
,,1,-1.065,-1091,165,-1,8098,,,,,,,
,,1,-1.012,-1036,165,-1,8099,,,,,,,
,,1,-1.058,-1083,165,-1,8100,,,,,-64,09:43:21,560
,,1,-1.014,-1038,165,-1,8101,,,,,,,
,,1,-0.697,-714,165,-1,8102,,,,,,,
,,1,-0.56,-573,165,-1,8103,,,,,,,
,,1,-1.179,-1207,165,-1,8104,,,,,,,
,,1,-1.238,-1268,165,-1,8105,,,,,,,
,,1,-0.719,-736,165,-1,8106,,,,,,,
,,1,-0.376,-385,165,-1,8107,,,,,,,
,,1,-0.267,-273,165,-1,8108,,,,,,,
,,1,-0.567,-581,165,-1,8109,,,,,,,
52.3549289,4.8057553,1,-0.653,-669,165,-1,8110,85,4,6,43,-64,09:43:21,758
,,1,-0.969,-992,165,-1,8111,,,,,,,
,,1,-0.771,-790,165,-1,8112,,,,,,,
,,1,-0.14,-143,165,-1,8113,,,,,,,
,,1,-0.04,-41,165,-1,8114,,,,,,,
,,1,-0.341,-349,165,-1,8115,,,,,,,
,,1,-0.028,-29,165,-1,8116,,,,,,,
,,1,0.302,309,165,-1,8117,,,,,,,
,,1,-0.688,-704,165,-1,8118,,,,,,,
,,1,0.442,453,165,-1,8119,,,,,,,
,,1,0.246,252,165,-1,8120,,,,,-64,09:43:21,950
,,1,0.032,33,165,-1,8121,,,,,,,
,,1,0.624,639,165,-1,8122,,,,,,,
,,1,1.073,1099,165,-1,8123,,,,,,,
,,7,0.537,550,166,657,8124,,,,,,,
,,1,0.295,302,166,-1,8125,,,,,,,
,,1,0.771,789,166,-1,8126,,,,,,,
,,1,0.992,1016,166,-1,8127,,,,,,,
,,1,0.774,793,166,-1,8128,,,,,,,
,,1,0.652,668,166,-1,8129,,,,,,,
,,1,0.8,819,166,-1,8130,,,,,-64,09:43:22,148
,,1,0.925,947,166,-1,8131,,,,,,,
,,1,1.029,1054,166,-1,8132,,,,,,,
,,1,1.172,1200,166,-1,8133,,,,,,,
,,1,1.1,1126,166,-1,8134,,,,,,,
,,1,0.729,747,166,-1,8135,,,,,,,
,,1,0.683,699,166,-1,8136,,,,,,,
,,1,0.977,1000,166,-1,8137,,,,,,,
,,1,1.022,1047,166,-1,8138,,,,,,,
,,1,0.632,647,166,-1,8139,,,,,,,
,,1,0.718,735,166,-1,8140,,,,,-64,09:43:22,392
,,1,1.346,1378,166,-1,8141,,,,,,,
,,1,1.434,1468,166,-1,8142,,,,,,,
,,1,0.819,839,166,-1,8143,,,,,,,
,,1,0.478,489,166,-1,8144,,,,,,,
,,1,0.695,712,166,-1,8145,,,,,,,
,,1,1.185,1213,166,-1,8146,,,,,,,
,,1,0.865,886,166,-1,8147,,,,,,,
,,1,0.394,403,166,-1,8148,,,,,,,
,,1,0.25,256,166,-1,8149,,,,,,,
,,1,0.058,59,166,-1,8150,,,,,-64,09:43:22,548
,,1,0.198,203,166,-1,8151,,,,,,,
,,1,0.639,654,166,-1,8152,,,,,,,
,,1,0.269,275,166,-1,8153,,,,,,,
,,1,-0.264,-270,166,-1,8154,,,,,,,
,,1,-0.342,-350,166,-1,8155,,,,,,,
,,1,0.034,35,166,-1,8156,,,,,,,
,,1,-0.065,-67,166,-1,8157,,,,,,,
,,1,-0.163,-167,166,-1,8158,,,,,,,
,,1,-0.51,-522,166,-1,8159,,,,,,,
52.3549374,4.8057837,1,-0.635,-650,166,-1,8160,85,4,6,43,-64,09:43:22,748
,,7,-0.803,-822,167,684,8161,,,,,,,
,,1,-0.321,-329,167,-1,8162,,,,,,,
,,1,0.155,159,167,-1,8163,,,,,,,
,,1,-0.578,-592,167,-1,8164,,,,,,,
,,1,-1.173,-1201,167,-1,8165,,,,,,,
,,1,-0.911,-933,167,-1,8166,,,,,,,
,,1,-0.437,-447,167,-1,8167,,,,,,,
,,1,-0.412,-422,167,-1,8168,,,,,,,
,,1,-1.081,-1107,167,-1,8169,,,,,,,
,,1,-1.532,-1569,167,-1,8170,,,,,-65,09:43:22,982
,,1,-1.227,-1256,167,-1,8171,,,,,,,
,,1,-0.831,-851,167,-1,8172,,,,,,,
,,1,-0.932,-954,167,-1,8173,,,,,,,
,,1,-1.211,-1240,167,-1,8174,,,,,,,
,,1,-1.0,-1024,167,-1,8175,,,,,,,
,,1,-0.798,-817,167,-1,8176,,,,,,,
,,1,-0.637,-652,167,-1,8177,,,,,,,
,,1,-0.506,-518,167,-1,8178,,,,,,,
,,1,-0.663,-679,167,-1,8179,,,,,,,
,,1,-0.859,-880,167,-1,8180,,,,,-65,09:43:23,148
,,1,-1.271,-1301,167,-1,8181,,,,,,,
,,1,-0.961,-984,167,-1,8182,,,,,,,
,,1,-0.685,-701,167,-1,8183,,,,,,,
,,1,-0.376,-385,167,-1,8184,,,,,,,
,,1,-0.087,-89,167,-1,8185,,,,,,,
,,1,-0.505,-517,167,-1,8186,,,,,,,
,,1,-0.833,-853,167,-1,8187,,,,,,,
,,1,-0.666,-682,167,-1,8188,,,,,,,
,,1,-0.427,-437,167,-1,8189,,,,,,,
,,1,0.073,75,167,-1,8190,,,,,-65,09:43:23,365
,,1,-0.306,-313,167,-1,8191,,,,,,,
,,1,-0.24,-246,167,-1,8192,,,,,,,
,,1,0.459,470,167,-1,8193,,,,,,,
,,1,0.152,156,167,-1,8194,,,,,,,
,,1,0.136,139,167,-1,8195,,,,,,,
,,1,0.312,319,167,-1,8196,,,,,,,
,,1,0.203,208,167,-1,8197,,,,,,,
,,1,0.196,201,167,-1,8198,,,,,,,
,,1,0.649,665,167,-1,8199,,,,,,,
,,7,0.849,869,168,684,8200,,,,,-65,09:43:23,571
,,1,0.379,388,168,-1,8201,,,,,,,
,,1,0.488,500,168,-1,8202,,,,,,,
,,1,0.763,781,168,-1,8203,,,,,,,
,,1,0.69,707,168,-1,8204,,,,,,,
,,1,0.753,771,168,-1,8205,,,,,,,
,,1,0.975,998,168,-1,8206,,,,,,,
,,1,0.904,926,168,-1,8207,,,,,,,
,,1,0.815,835,168,-1,8208,,,,,,,
,,1,0.898,920,168,-1,8209,,,,,,,
52.354946,4.8058124,1,1.033,1058,168,-1,8210,76,5,6,43,-65,09:43:23,752
,,1,0.963,986,168,-1,8211,,,,,,,
,,1,0.806,825,168,-1,8212,,,,,,,
,,1,0.912,934,168,-1,8213,,,,,,,
,,1,1.09,1116,168,-1,8214,,,,,,,
,,1,1.182,1210,168,-1,8215,,,,,,,
,,1,1.076,1102,168,-1,8216,,,,,,,
,,1,0.914,936,168,-1,8217,,,,,,,
,,1,0.951,974,168,-1,8218,,,,,,,
,,1,0.858,879,168,-1,8219,,,,,,,
,,1,0.911,933,168,-1,8220,,,,,-65,09:43:23,949
,,1,0.868,889,168,-1,8221,,,,,,,
,,1,0.803,822,168,-1,8222,,,,,,,
,,1,0.632,647,168,-1,8223,,,,,,,
,,1,0.365,374,168,-1,8224,,,,,,,
,,1,0.433,443,168,-1,8225,,,,,,,
,,1,0.572,586,168,-1,8226,,,,,,,
,,1,0.562,575,168,-1,8227,,,,,,,
,,1,0.371,380,168,-1,8228,,,,,,,
,,1,0.274,281,168,-1,8229,,,,,,,
,,1,0.15,154,168,-1,8230,,,,,-65,09:43:24,159
,,1,-0.049,-50,168,-1,8231,,,,,,,
,,1,-0.196,-201,168,-1,8232,,,,,,,
,,1,0.114,117,168,-1,8233,,,,,,,
,,1,0.085,87,168,-1,8234,,,,,,,
,,1,-0.014,-14,168,-1,8235,,,,,,,
,,1,-0.235,-241,168,-1,8236,,,,,,,
,,1,-0.662,-678,168,-1,8237,,,,,,,
,,1,-0.794,-813,168,-1,8238,,,,,,,
,,7,-0.454,-465,169,649,8239,,,,,,,
,,1,-0.25,-256,169,-1,8240,,,,,-65,09:43:24,354
,,1,-0.589,-603,169,-1,8241,,,,,,,
,,1,-1.148,-1176,169,-1,8242,,,,,,,
,,1,-1.015,-1039,169,-1,8243,,,,,,,
,,1,-0.797,-816,169,-1,8244,,,,,,,
,,1,-1.09,-1116,169,-1,8245,,,,,,,
,,1,-1.012,-1036,169,-1,8246,,,,,,,
,,1,-1.014,-1038,169,-1,8247,,,,,,,
,,1,-0.641,-656,169,-1,8248,,,,,,,
,,1,-0.206,-211,169,-1,8249,,,,,,,
,,1,-0.679,-695,169,-1,8250,,,,,-65,09:43:24,548
,,1,-1.333,-1365,169,-1,8251,,,,,,,
,,1,-1.62,-1659,169,-1,8252,,,,,,,
,,1,-1.237,-1267,169,-1,8253,,,,,,,
,,1,-0.465,-476,169,-1,8254,,,,,,,
,,1,-0.866,-887,169,-1,8255,,,,,,,
,,1,-0.96,-983,169,-1,8256,,,,,,,
,,1,-0.699,-716,169,-1,8257,,,,,,,
,,1,-0.663,-679,169,-1,8258,,,,,,,
,,1,-0.463,-474,169,-1,8259,,,,,,,
52.3549548,4.8058353,1,-0.611,-626,169,-1,8260,74,5,6,43,-66,09:43:24,756
,,1,-1.098,-1124,169,-1,8261,,,,,,,
,,1,-0.523,-536,169,-1,8262,,,,,,,
,,1,0.061,62,169,-1,8263,,,,,,,
,,1,-0.305,-312,169,-1,8264,,,,,,,
,,1,-0.523,-536,169,-1,8265,,,,,,,
,,1,-0.271,-277,169,-1,8266,,,,,,,
,,1,-0.225,-230,169,-1,8267,,,,,,,
,,1,-0.064,-66,169,-1,8268,,,,,,,
,,1,0.107,110,169,-1,8269,,,,,,,
,,1,0.164,168,169,-1,8270,,,,,-66,09:43:24,952
,,1,-0.003,-3,169,-1,8271,,,,,,,
,,1,0.42,430,169,-1,8272,,,,,,,
,,1,0.574,588,169,-1,8273,,,,,,,
,,1,0.232,238,169,-1,8274,,,,,,,
,,1,0.371,380,169,-1,8275,,,,,,,
,,1,0.348,356,169,-1,8276,,,,,,,
,,7,1.027,1052,170,645,8277,,,,,,,
,,1,1.384,1417,170,-1,8278,,,,,,,
,,1,1.102,1128,170,-1,8279,,,,,,,
,,1,0.601,615,170,-1,8280,,,,,-66,09:43:25,149
,,1,-0.033,-34,170,-1,8281,,,,,,,
,,1,0.654,670,170,-1,8282,,,,,,,
,,1,1.45,1485,170,-1,8283,,,,,,,
,,1,1.239,1269,170,-1,8284,,,,,,,
,,1,0.637,652,170,-1,8285,,,,,,,
,,1,0.595,609,170,-1,8286,,,,,,,
,,1,1.053,1078,170,-1,8287,,,,,,,
,,1,1.287,1318,170,-1,8288,,,,,,,
,,1,0.942,965,170,-1,8289,,,,,,,
,,1,0.616,631,170,-1,8290,,,,,-66,09:43:25,358
,,1,0.782,801,170,-1,8291,,,,,,,
,,1,0.903,925,170,-1,8292,,,,,,,
,,1,1.172,1200,170,-1,8293,,,,,,,
,,1,1.396,1430,170,-1,8294,,,,,,,
,,1,0.943,966,170,-1,8295,,,,,,,
,,1,0.63,645,170,-1,8296,,,,,,,
,,1,0.439,450,170,-1,8297,,,,,,,
,,1,0.523,536,170,-1,8298,,,,,,,
,,1,0.639,654,170,-1,8299,,,,,,,
52.3549601,4.8058541,1,0.627,642,170,-1,8300,78,4,6,43,-66,09:43:25,550
,,1,0.492,504,170,-1,8301,,,,,,,
,,1,0.49,502,170,-1,8302,,,,,,,
,,1,0.31,317,170,-1,8303,,,,,,,
,,1,-0.013,-13,170,-1,8304,,,,,,,
,,1,-0.194,-199,170,-1,8305,,,,,,,
,,1,0.139,142,170,-1,8306,,,,,,,
,,1,0.236,242,170,-1,8307,,,,,,,
,,1,-0.428,-438,170,-1,8308,,,,,,,
,,1,-0.157,-161,170,-1,8309,,,,,,,
,,1,-0.261,-267,170,-1,8310,,,,,-66,09:43:25,753
,,1,-0.524,-537,170,-1,8311,,,,,,,
,,1,-0.397,-407,170,-1,8312,,,,,,,
,,1,0.058,59,170,-1,8313,,,,,,,
,,1,-0.349,-357,170,-1,8314,,,,,,,
,,7,-1.471,-1506,171,653,8315,,,,,,,
,,1,-1.289,-1320,171,-1,8316,,,,,,,
,,1,-0.659,-675,171,-1,8317,,,,,,,
,,1,-0.555,-568,171,-1,8318,,,,,,,
,,1,-0.947,-970,171,-1,8319,,,,,,,
,,1,-0.721,-738,171,-1,8320,,,,,-66,09:43:25,958
,,1,-0.563,-576,171,-1,8321,,,,,,,
,,1,-0.711,-728,171,-1,8322,,,,,,,
,,1,-0.71,-727,171,-1,8323,,,,,,,
,,1,-0.73,-748,171,-1,8324,,,,,,,
,,1,-1.438,-1472,171,-1,8325,,,,,,,
,,1,-1.452,-1487,171,-1,8326,,,,,,,
,,1,-1.044,-1069,171,-1,8327,,,,,,,
,,1,-0.833,-853,171,-1,8328,,,,,,,
,,1,-0.943,-966,171,-1,8329,,,,,,,
,,1,-1.033,-1058,171,-1,8330,,,,,-66,09:43:26,156
,,1,-0.783,-802,171,-1,8331,,,,,,,
,,1,-1.102,-1128,171,-1,8332,,,,,,,
,,1,-0.896,-918,171,-1,8333,,,,,,,
,,1,-0.397,-407,171,-1,8334,,,,,,,
,,1,-0.56,-573,171,-1,8335,,,,,,,
,,1,-0.729,-747,171,-1,8336,,,,,,,
,,1,-0.428,-438,171,-1,8337,,,,,,,
,,1,-0.346,-354,171,-1,8338,,,,,,,
,,1,-0.462,-473,171,-1,8339,,,,,,,
,,1,-0.311,-318,171,-1,8340,,,,,-66,09:43:26,348
,,1,-0.172,-176,171,-1,8341,,,,,,,
,,1,-0.214,-219,171,-1,8342,,,,,,,
,,1,-0.004,-4,171,-1,8343,,,,,,,
,,1,0.061,62,171,-1,8344,,,,,,,
,,1,0.099,101,171,-1,8345,,,,,,,
,,1,0.284,291,171,-1,8346,,,,,,,
,,1,0.344,352,171,-1,8347,,,,,,,
,,1,0.344,352,171,-1,8348,,,,,,,
,,1,0.336,344,171,-1,8349,,,,,,,
,,1,0.297,304,171,-1,8350,,,,,-63,09:43:26,557
,,1,0.503,515,171,-1,8351,,,,,,,
,,7,0.922,944,172,662,8352,,,,,,,
,,1,1.021,1045,172,-1,8353,,,,,,,
,,1,0.727,744,172,-1,8354,,,,,,,
,,1,0.686,702,172,-1,8355,,,,,,,
,,1,0.576,590,172,-1,8356,,,,,,,
,,1,1.376,1409,172,-1,8357,,,,,,,
,,1,1.633,1672,172,-1,8358,,,,,,,
,,1,0.788,807,172,-1,8359,,,,,,,
52.3549663,4.8058804,1,0.42,430,172,-1,8360,76,5,6,43,-63,09:43:26,755
,,1,0.704,721,172,-1,8361,,,,,,,
,,1,1.213,1242,172,-1,8362,,,,,,,
,,1,1.464,1499,172,-1,8363,,,,,,,
,,1,1.155,1183,172,-1,8364,,,,,,,
,,1,1.176,1204,172,-1,8365,,,,,,,
,,1,0.813,833,172,-1,8366,,,,,,,
,,1,0.712,729,172,-1,8367,,,,,,,
,,1,0.927,949,172,-1,8368,,,,,,,
,,1,0.957,980,172,-1,8369,,,,,,,
,,1,0.858,879,172,-1,8370,,,,,-63,09:43:27,012
,,1,0.519,531,172,-1,8371,,,,,,,
,,1,0.55,563,172,-1,8372,,,,,,,
,,1,0.71,727,172,-1,8373,,,,,,,
,,1,0.264,270,172,-1,8374,,,,,,,
,,1,0.931,953,172,-1,8375,,,,,,,
,,1,0.632,647,172,-1,8376,,,,,,,
,,1,0.285,292,172,-1,8377,,,,,,,
,,1,0.169,173,172,-1,8378,,,,,,,
,,1,0.428,438,172,-1,8379,,,,,,,
,,1,0.227,232,172,-1,8380,,,,,-63,09:43:27,161
,,1,0.428,438,172,-1,8381,,,,,,,
,,1,0.178,182,172,-1,8382,,,,,,,
,,1,-0.154,-158,172,-1,8383,,,,,,,
,,1,-0.215,-220,172,-1,8384,,,,,,,
,,1,-0.508,-520,172,-1,8385,,,,,,,
,,1,-0.321,-329,172,-1,8386,,,,,,,
,,1,-0.006,-6,172,-1,8387,,,,,,,
,,1,-0.075,-77,172,-1,8388,,,,,,,
,,1,-1.131,-1158,172,-1,8389,,,,,,,
,,7,-1.443,-1478,173,666,8390,,,,,-63,09:43:27,353
,,1,-0.685,-701,173,-1,8391,,,,,,,
,,1,-0.244,-250,173,-1,8392,,,,,,,
,,1,-0.338,-346,173,-1,8393,,,,,,,
,,1,-0.834,-854,173,-1,8394,,,,,,,
,,1,-0.96,-983,173,-1,8395,,,,,,,
,,1,-1.023,-1048,173,-1,8396,,,,,,,
,,1,-0.739,-757,173,-1,8397,,,,,,,
,,1,-0.561,-574,173,-1,8398,,,,,,,
,,1,-1.081,-1107,173,-1,8399,,,,,,,
,,1,-1.666,-1706,173,-1,8400,,,,,-63,09:43:27,545
,,1,-1.043,-1068,173,-1,8401,,,,,,,
,,1,-0.466,-477,173,-1,8402,,,,,,,
,,1,-0.787,-806,173,-1,8403,,,,,,,
,,1,-1.101,-1127,173,-1,8404,,,,,,,
,,1,-0.95,-973,173,-1,8405,,,,,,,
,,1,-0.77,-788,173,-1,8406,,,,,,,
,,1,-0.718,-735,173,-1,8407,,,,,,,
,,1,-0.865,-886,173,-1,8408,,,,,,,
,,1,-0.996,-1020,173,-1,8409,,,,,,,
52.3549713,4.8059079,1,-1.069,-1095,173,-1,8410,82,5,6,43,-63,09:43:27,755
,,1,-0.492,-504,173,-1,8411,,,,,,,
,,1,-0.229,-234,173,-1,8412,,,,,,,
,,1,-0.436,-446,173,-1,8413,,,,,,,
,,1,-0.451,-462,173,-1,8414,,,,,,,
,,1,-0.254,-260,173,-1,8415,,,,,,,
,,1,-0.138,-141,173,-1,8416,,,,,,,
,,1,-0.025,-26,173,-1,8417,,,,,,,
,,1,0.057,58,173,-1,8418,,,,,,,
,,1,0.156,160,173,-1,8419,,,,,,,
,,1,0.157,161,173,-1,8420,,,,,-63,09:43:27,953
,,1,0.315,323,173,-1,8421,,,,,,,
,,1,0.227,232,173,-1,8422,,,,,,,
,,1,0.106,109,173,-1,8423,,,,,,,
,,1,0.485,497,173,-1,8424,,,,,,,
,,1,0.84,860,173,-1,8425,,,,,,,
,,7,0.864,885,174,671,8426,,,,,,,
,,1,0.649,665,174,-1,8427,,,,,,,
,,1,0.463,474,174,-1,8428,,,,,,,
,,1,0.673,689,174,-1,8429,,,,,,,
,,1,0.558,571,174,-1,8430,,,,,-68,09:43:28,145
,,1,0.656,672,174,-1,8431,,,,,,,
,,1,1.545,1582,174,-1,8432,,,,,,,
,,1,1.629,1668,174,-1,8433,,,,,,,
,,1,0.828,848,174,-1,8434,,,,,,,
,,1,0.32,328,174,-1,8435,,,,,,,
,,1,0.74,758,174,-1,8436,,,,,,,
,,1,1.183,1211,174,-1,8437,,,,,,,
,,1,1.072,1098,174,-1,8438,,,,,,,
,,1,0.83,850,174,-1,8439,,,,,,,
,,1,0.607,622,174,-1,8440,,,,,-68,09:43:28,363
,,1,1.608,1647,174,-1,8441,,,,,,,
,,1,1.808,1851,174,-1,8442,,,,,,,
,,1,0.877,898,174,-1,8443,,,,,,,
,,1,0.49,502,174,-1,8444,,,,,,,
,,1,0.229,235,174,-1,8445,,,,,,,
,,1,0.716,733,174,-1,8446,,,,,,,
,,1,0.736,754,174,-1,8447,,,,,,,
,,1,0.697,714,174,-1,8448,,,,,,,
,,1,0.568,582,174,-1,8449,,,,,,,
,,1,0.472,483,174,-1,8450,,,,,-68,09:43:28,551
,,1,0.411,421,174,-1,8451,,,,,,,
,,1,0.386,395,174,-1,8452,,,,,,,
,,1,0.028,29,174,-1,8453,,,,,,,
,,1,0.091,93,174,-1,8454,,,,,,,
,,1,0.253,259,174,-1,8455,,,,,,,
,,1,0.109,112,174,-1,8456,,,,,,,
,,1,-0.127,-130,174,-1,8457,,,,,,,
,,1,-0.171,-175,174,-1,8458,,,,,,,
,,1,-0.047,-48,174,-1,8459,,,,,,,
52.3549742,4.8059347,1,-0.091,-93,174,-1,8460,70,5,6,43,-68,09:43:28,748
,,1,-0.157,-161,174,-1,8461,,,,,,,
,,1,-0.41,-420,174,-1,8462,,,,,,,
,,1,-0.649,-665,174,-1,8463,,,,,,,
,,1,-0.514,-526,174,-1,8464,,,,,,,
,,7,-0.539,-552,175,671,8465,,,,,,,
,,1,-0.711,-728,175,-1,8466,,,,,,,
,,1,-0.825,-845,175,-1,8467,,,,,,,
,,1,-0.56,-573,175,-1,8468,,,,,,,
,,1,-0.423,-433,175,-1,8469,,,,,,,
,,1,-0.62,-635,175,-1,8470,,,,,-68,09:43:28,989
,,1,-0.896,-917,175,-1,8471,,,,,,,
,,1,-0.979,-1002,175,-1,8472,,,,,,,
,,1,-0.943,-966,175,-1,8473,,,,,,,
,,1,-0.865,-886,175,-1,8474,,,,,,,
,,1,-1.16,-1188,175,-1,8475,,,,,,,
,,1,-1.3,-1331,175,-1,8476,,,,,,,
,,1,-1.226,-1255,175,-1,8477,,,,,,,
,,1,-0.868,-889,175,-1,8478,,,,,,,
,,1,-0.576,-590,175,-1,8479,,,,,,,
,,1,-0.553,-566,175,-1,8480,,,,,-68,09:43:29,155
,,1,-1.006,-1030,175,-1,8481,,,,,,,
,,1,-1.084,-1110,175,-1,8482,,,,,,,
,,1,-0.845,-865,175,-1,8483,,,,,,,
,,1,-0.619,-634,175,-1,8484,,,,,,,
,,1,-0.655,-671,175,-1,8485,,,,,,,
,,1,-0.574,-588,175,-1,8486,,,,,,,
,,1,-0.504,-516,175,-1,8487,,,,,,,
,,1,-0.745,-763,175,-1,8488,,,,,,,
,,1,-0.527,-540,175,-1,8489,,,,,,,
,,1,-0.007,-7,175,-1,8490,,,,,-68,09:43:29,410
,,1,-0.316,-324,175,-1,8491,,,,,,,
,,1,-0.346,-354,175,-1,8492,,,,,,,
,,1,0.007,7,175,-1,8493,,,,,,,
,,1,0.027,28,175,-1,8494,,,,,,,
,,1,-0.184,-188,175,-1,8495,,,,,,,
,,1,0.389,398,175,-1,8496,,,,,,,
,,1,0.012,12,175,-1,8497,,,,,,,
,,1,0.771,790,175,-1,8498,,,,,,,
,,1,0.413,423,175,-1,8499,,,,,,,
,,1,0.291,298,175,-1,8500,,,,,-68,09:43:29,555
,,1,0.269,275,175,-1,8501,,,,,,,
,,1,0.398,408,175,-1,8502,,,,,,,
,,1,0.605,620,175,-1,8503,,,,,,,
,,7,0.823,843,176,653,8504,,,,,,,
,,1,0.709,726,176,-1,8505,,,,,,,
,,1,0.594,608,176,-1,8506,,,,,,,
,,1,0.476,487,176,-1,8507,,,,,,,
,,1,0.907,929,176,-1,8508,,,,,,,
,,1,1.405,1439,176,-1,8509,,,,,,,
52.3549793,4.8059567,1,1.444,1479,176,-1,8510,68,5,6,43,-68,09:43:29,748
,,1,0.756,774,176,-1,8511,,,,,,,
,,1,0.709,726,176,-1,8512,,,,,,,
,,1,1.406,1440,176,-1,8513,,,,,,,
,,1,1.517,1553,176,-1,8514,,,,,,,
,,1,0.857,878,176,-1,8515,,,,,,,
,,1,0.811,830,176,-1,8516,,,,,,,
,,1,1.147,1175,176,-1,8517,,,,,,,
,,1,0.817,837,176,-1,8518,,,,,,,
,,1,0.597,611,176,-1,8519,,,,,,,
,,1,0.632,647,176,-1,8520,,,,,-70,09:43:29,947
,,1,0.923,945,176,-1,8521,,,,,,,
,,1,0.734,752,176,-1,8522,,,,,,,
,,1,0.717,734,176,-1,8523,,,,,,,
,,1,0.711,728,176,-1,8524,,,,,,,
,,1,0.441,452,176,-1,8525,,,,,,,
,,1,0.463,474,176,-1,8526,,,,,,,
,,1,0.438,448,176,-1,8527,,,,,,,
,,1,0.519,531,176,-1,8528,,,,,,,
,,1,0.075,77,176,-1,8529,,,,,,,
,,1,-0.055,-56,176,-1,8530,,,,,-70,09:43:30,158
,,1,-0.127,-130,176,-1,8531,,,,,,,
,,1,-0.341,-349,176,-1,8532,,,,,,,
,,1,0.048,49,176,-1,8533,,,,,,,
,,1,-0.153,-157,176,-1,8534,,,,,,,
,,1,-0.399,-409,176,-1,8535,,,,,,,
,,1,-0.701,-718,176,-1,8536,,,,,,,
,,1,-0.475,-486,176,-1,8537,,,,,,,
,,7,-0.29,-297,177,662,8538,,,,,,,
,,1,-0.609,-624,177,-1,8539,,,,,,,
,,1,-0.99,-1014,177,-1,8540,,,,,-70,09:43:30,354
,,1,-0.851,-871,177,-1,8541,,,,,,,
,,1,-0.395,-404,177,-1,8542,,,,,,,
,,1,-0.496,-508,177,-1,8543,,,,,,,
,,1,-0.805,-824,177,-1,8544,,,,,,,
,,1,-1.202,-1231,177,-1,8545,,,,,,,
,,1,-1.163,-1191,177,-1,8546,,,,,,,
,,1,-0.784,-803,177,-1,8547,,,,,,,
,,1,-0.755,-773,177,-1,8548,,,,,,,
,,1,-0.913,-935,177,-1,8549,,,,,,,
,,1,-1.069,-1095,177,-1,8550,,,,,-70,09:43:30,547
,,1,-1.044,-1069,177,-1,8551,,,,,,,
,,1,-0.894,-915,177,-1,8552,,,,,,,
,,1,-0.993,-1017,177,-1,8553,,,,,,,
,,1,-1.367,-1400,177,-1,8554,,,,,,,
,,1,-1.276,-1307,177,-1,8555,,,,,,,
,,1,-0.865,-886,177,-1,8556,,,,,,,
,,1,-0.523,-536,177,-1,8557,,,,,,,
,,1,-0.426,-436,177,-1,8558,,,,,,,
,,1,-0.523,-536,177,-1,8559,,,,,,,
52.3549842,4.8059766,1,-0.57,-584,177,-1,8560,70,5,6,43,-70,09:43:30,816
,,1,-0.5,-512,177,-1,8561,,,,,,,
,,1,-0.262,-268,177,-1,8562,,,,,,,
,,1,-0.279,-286,177,-1,8563,,,,,,,
,,1,-0.452,-463,177,-1,8564,,,,,,,
,,1,-0.373,-382,177,-1,8565,,,,,,,
,,1,-0.331,-339,177,-1,8566,,,,,,,
,,1,-0.043,-44,177,-1,8567,,,,,,,
,,1,-0.034,-35,177,-1,8568,,,,,,,
,,1,0.002,2,177,-1,8569,,,,,,,
,,1,0.119,122,177,-1,8570,,,,,-70,09:43:30,952
,,1,0.378,387,177,-1,8571,,,,,,,
,,1,0.59,604,177,-1,8572,,,,,,,
,,1,0.445,456,177,-1,8573,,,,,,,
,,1,0.195,200,177,-1,8574,,,,,,,
,,1,0.096,98,177,-1,8575,,,,,,,
,,1,0.549,562,177,-1,8576,,,,,,,
,,7,1.015,1039,178,684,8577,,,,,,,
,,1,0.866,887,178,-1,8578,,,,,,,
,,1,0.621,636,178,-1,8579,,,,,,,
,,1,0.845,865,178,-1,8580,,,,,-70,09:43:31,149
,,1,0.952,975,178,-1,8581,,,,,,,
,,1,0.667,683,178,-1,8582,,,,,,,
,,1,0.954,977,178,-1,8583,,,,,,,
,,1,1.198,1227,178,-1,8584,,,,,,,
,,1,1.238,1268,178,-1,8585,,,,,,,
,,1,1.183,1211,178,-1,8586,,,,,,,
,,1,1.008,1032,178,-1,8587,,,,,,,
,,1,0.821,841,178,-1,8588,,,,,,,
,,1,0.642,657,178,-1,8589,,,,,,,
,,1,0.743,761,178,-1,8590,,,,,-70,09:43:31,356
,,1,1.073,1099,178,-1,8591,,,,,,,
,,1,1.45,1485,178,-1,8592,,,,,,,
,,1,1.022,1047,178,-1,8593,,,,,,,
,,1,0.646,662,178,-1,8594,,,,,,,
,,1,0.561,574,178,-1,8595,,,,,,,
,,1,0.518,530,178,-1,8596,,,,,,,
,,1,0.7,717,178,-1,8597,,,,,,,
,,1,0.789,808,178,-1,8598,,,,,,,
,,1,0.696,713,178,-1,8599,,,,,,,
,,1,0.437,447,178,-1,8600,,,,,-70,09:43:31,551
,,1,0.418,428,178,-1,8601,,,,,,,
,,1,0.313,321,178,-1,8602,,,,,,,
,,1,0.446,457,178,-1,8603,,,,,,,
,,1,0.298,305,178,-1,8604,,,,,,,
,,1,0.169,173,178,-1,8605,,,,,,,
,,1,-0.032,-33,178,-1,8606,,,,,,,
,,1,0.061,62,178,-1,8607,,,,,,,
,,1,0.054,55,178,-1,8608,,,,,,,
,,1,-0.203,-208,178,-1,8609,,,,,,,
52.3549896,4.8059975,1,-0.287,-294,178,-1,8610,66,5,6,43,-69,09:43:31,746
,,1,-0.3,-307,178,-1,8611,,,,,,,
,,1,-0.335,-343,178,-1,8612,,,,,,,
,,1,-0.259,-265,178,-1,8613,,,,,,,
,,1,-0.325,-333,178,-1,8614,,,,,,,
,,1,-0.668,-684,178,-1,8615,,,,,,,
,,7,-0.807,-826,179,662,8616,,,,,,,
,,1,-1.158,-1186,179,-1,8617,,,,,,,
,,1,-1.047,-1072,179,-1,8618,,,,,,,
,,1,-0.899,-921,179,-1,8619,,,,,,,
,,1,-0.617,-632,179,-1,8620,,,,,-69,09:43:31,953
,,1,-0.354,-362,179,-1,8621,,,,,,,
,,1,-0.317,-325,179,-1,8622,,,,,,,
,,1,-0.506,-518,179,-1,8623,,,,,,,
,,1,-0.713,-730,179,-1,8624,,,,,,,
,,1,-1.298,-1329,179,-1,8625,,,,,,,
,,1,-1.24,-1270,179,-1,8626,,,,,,,
,,1,-1.135,-1162,179,-1,8627,,,,,,,
,,1,-1.125,-1152,179,-1,8628,,,,,,,
,,1,-1.049,-1074,179,-1,8629,,,,,,,
,,1,-0.811,-830,179,-1,8630,,,,,-69,09:43:32,155
,,1,-0.846,-866,179,-1,8631,,,,,,,
,,1,-1.032,-1057,179,-1,8632,,,,,,,
,,1,-0.924,-946,179,-1,8633,,,,,,,
,,1,-0.897,-919,179,-1,8634,,,,,,,
,,1,-1.069,-1095,179,-1,8635,,,,,,,
,,1,-0.851,-871,179,-1,8636,,,,,,,
,,1,-0.581,-595,179,-1,8637,,,,,,,
,,1,-0.693,-710,179,-1,8638,,,,,,,
,,1,-0.771,-790,179,-1,8639,,,,,,,
,,1,-0.604,-619,179,-1,8640,,,,,-69,09:43:32,349
,,1,-0.657,-673,179,-1,8641,,,,,,,
,,1,-0.586,-600,179,-1,8642,,,,,,,
,,1,-0.233,-239,179,-1,8643,,,,,,,
,,1,-0.409,-419,179,-1,8644,,,,,,,
,,1,-0.528,-541,179,-1,8645,,,,,,,
,,1,-0.143,-146,179,-1,8646,,,,,,,
,,1,-0.126,-129,179,-1,8647,,,,,,,
,,1,-0.113,-116,179,-1,8648,,,,,,,
,,1,0.048,49,179,-1,8649,,,,,,,
,,1,-0.125,-128,179,-1,8650,,,,,-69,09:43:32,557
,,1,0.062,63,179,-1,8651,,,,,,,
,,1,0.182,186,179,-1,8652,,,,,,,
,,1,0.192,197,179,-1,8653,,,,,,,
,,1,0.498,510,179,-1,8654,,,,,,,
,,1,0.507,519,179,-1,8655,,,,,,,
,,1,0.417,427,179,-1,8656,,,,,,,
,,1,0.317,325,179,-1,8657,,,,,,,
,,7,0.604,619,180,628,8658,,,,,,,
,,1,0.771,789,180,-1,8659,,,,,,,
52.3549946,4.8060167,1,0.755,773,180,-1,8660,69,5,6,43,-69,09:43:32,751
,,1,0.719,736,180,-1,8661,,,,,,,
,,1,0.448,459,180,-1,8662,,,,,,,
,,1,0.517,529,180,-1,8663,,,,,,,
,,1,1.085,1111,180,-1,8664,,,,,,,
,,1,1.728,1769,180,-1,8665,,,,,,,
,,1,1.212,1241,180,-1,8666,,,,,,,
,,1,0.566,580,180,-1,8667,,,,,,,
,,1,0.654,670,180,-1,8668,,,,,,,
,,1,1.008,1032,180,-1,8669,,,,,,,
,,1,1.104,1130,180,-1,8670,,,,,-69,09:43:32,951
,,1,0.998,1022,180,-1,8671,,,,,,,
,,1,1.072,1098,180,-1,8672,,,,,,,
,,1,0.83,850,180,-1,8673,,,,,,,
,,1,0.71,727,180,-1,8674,,,,,,,
,,1,0.768,786,180,-1,8675,,,,,,,
,,1,1.021,1045,180,-1,8676,,,,,,,
,,1,0.836,856,180,-1,8677,,,,,,,
,,1,0.604,619,180,-1,8678,,,,,,,
,,1,0.527,540,180,-1,8679,,,,,,,
,,1,0.634,649,180,-1,8680,,,,,-69,09:43:33,158
,,1,0.71,727,180,-1,8681,,,,,,,
,,1,0.373,382,180,-1,8682,,,,,,,
,,1,0.295,302,180,-1,8683,,,,,,,
,,1,0.128,131,180,-1,8684,,,,,,,
,,1,0.014,14,180,-1,8685,,,,,,,
,,1,0.096,98,180,-1,8686,,,,,,,
,,1,0.294,301,180,-1,8687,,,,,,,
,,1,0.169,173,180,-1,8688,,,,,,,
,,1,-0.031,-32,180,-1,8689,,,,,,,
,,1,-0.056,-57,180,-1,8690,,,,,-64,09:43:33,353
,,1,-0.191,-196,180,-1,8691,,,,,,,
,,1,-0.292,-299,180,-1,8692,,,,,,,
,,1,-0.202,-207,180,-1,8693,,,,,,,
,,1,-0.197,-202,180,-1,8694,,,,,,,
,,1,-0.354,-362,180,-1,8695,,,,,,,
,,1,-0.405,-415,180,-1,8696,,,,,,,
,,1,-0.488,-500,180,-1,8697,,,,,,,
,,7,-0.539,-552,181,613,8698,,,,,,,
,,1,-0.637,-652,181,-1,8699,,,,,,,
52.3549986,4.8060352,1,-0.692,-709,181,-1,8700,72,5,6,43,-64,09:43:33,547
,,1,-0.708,-725,181,-1,8701,,,,,,,
,,1,-0.675,-691,181,-1,8702,,,,,,,
,,1,-0.7,-717,181,-1,8703,,,,,,,
,,1,-0.726,-743,181,-1,8704,,,,,,,
,,1,-0.663,-679,181,-1,8705,,,,,,,
,,1,-0.789,-808,181,-1,8706,,,,,,,
,,1,-0.942,-965,181,-1,8707,,,,,,,
,,1,-1.148,-1176,181,-1,8708,,,,,,,
,,1,-1.019,-1043,181,-1,8709,,,,,,,
,,1,-0.606,-621,181,-1,8710,,,,,-64,09:43:33,755
,,1,-0.468,-479,181,-1,8711,,,,,,,
,,1,-0.727,-744,181,-1,8712,,,,,,,
,,1,-1.13,-1157,181,-1,8713,,,,,,,
,,1,-1.312,-1343,181,-1,8714,,,,,,,
,,1,-1.158,-1186,181,-1,8715,,,,,,,
,,1,-0.749,-767,181,-1,8716,,,,,,,
,,1,-0.671,-687,181,-1,8717,,,,,,,
,,1,-0.763,-781,181,-1,8718,,,,,,,
,,1,-0.854,-875,181,-1,8719,,,,,,,
,,1,-1.056,-1081,181,-1,8720,,,,,-64,09:43:33,950
,,1,-1.15,-1178,181,-1,8721,,,,,,,
,,1,-0.894,-915,181,-1,8722,,,,,,,
,,1,-0.452,-463,181,-1,8723,,,,,,,
,,1,-0.382,-391,181,-1,8724,,,,,,,
,,1,-0.351,-359,181,-1,8725,,,,,,,
,,1,-0.697,-714,181,-1,8726,,,,,,,
,,1,-0.59,-604,181,-1,8727,,,,,,,
,,1,-0.245,-251,181,-1,8728,,,,,,,
,,1,-0.176,-180,181,-1,8729,,,,,,,
,,1,-0.268,-274,181,-1,8730,,,,,-64,09:43:34,146
,,1,-0.117,-120,181,-1,8731,,,,,,,
,,1,0.002,2,181,-1,8732,,,,,,,
,,1,-0.064,-66,181,-1,8733,,,,,,,
,,1,-0.063,-64,181,-1,8734,,,,,,,
,,1,0.27,276,181,-1,8735,,,,,,,
,,1,0.248,254,181,-1,8736,,,,,,,
,,1,0.331,339,181,-1,8737,,,,,,,
,,1,0.168,172,181,-1,8738,,,,,,,
,,1,0.399,409,181,-1,8739,,,,,,,
,,1,0.617,632,181,-1,8740,,,,,-64,09:43:34,356
,,7,0.642,657,182,606,8741,,,,,,,
,,1,0.843,863,182,-1,8742,,,,,,,
,,1,0.759,777,182,-1,8743,,,,,,,
,,1,0.469,480,182,-1,8744,,,,,,,
,,1,0.753,771,182,-1,8745,,,,,,,
,,1,0.872,893,182,-1,8746,,,,,,,
,,1,0.797,816,182,-1,8747,,,,,,,
,,1,0.659,675,182,-1,8748,,,,,,,
,,1,0.972,995,182,-1,8749,,,,,,,
,,1,1.151,1179,182,-1,8750,,,,,-64,09:43:34,549
,,1,0.922,944,182,-1,8751,,,,,,,
,,1,0.802,821,182,-1,8752,,,,,,,
,,1,1.081,1107,182,-1,8753,,,,,,,
,,1,1.31,1341,182,-1,8754,,,,,,,
,,1,1.042,1067,182,-1,8755,,,,,,,
,,1,0.954,977,182,-1,8756,,,,,,,
,,1,0.986,1010,182,-1,8757,,,,,,,
,,1,1.098,1124,182,-1,8758,,,,,,,
,,1,0.93,952,182,-1,8759,,,,,,,
52.3550042,4.806058,1,0.712,729,182,-1,8760,73,5,5,43,-64,09:43:34,743
,,1,0.638,653,182,-1,8761,,,,,,,
,,1,0.823,843,182,-1,8762,,,,,,,
,,1,0.99,1014,182,-1,8763,,,,,,,
,,1,1.045,1070,182,-1,8764,,,,,,,
,,1,1.018,1042,182,-1,8765,,,,,,,
,,1,0.711,728,182,-1,8766,,,,,,,
,,1,0.256,262,182,-1,8767,,,,,,,
,,1,0.344,352,182,-1,8768,,,,,,,
,,1,0.501,513,182,-1,8769,,,,,,,
,,1,0.396,406,182,-1,8770,,,,,-64,09:43:34,955
,,1,0.141,144,182,-1,8771,,,,,,,
,,1,0.119,122,182,-1,8772,,,,,,,
,,1,0.09,92,182,-1,8773,,,,,,,
,,1,0.015,15,182,-1,8774,,,,,,,
,,1,-0.071,-73,182,-1,8775,,,,,,,
,,1,-0.364,-373,182,-1,8776,,,,,,,
,,1,-0.515,-527,182,-1,8777,,,,,,,
,,1,-0.365,-374,182,-1,8778,,,,,,,
,,1,-0.165,-169,182,-1,8779,,,,,,,
,,1,-0.241,-247,182,-1,8780,,,,,-67,09:43:35,151
,,1,-0.46,-471,182,-1,8781,,,,,,,
,,1,-0.599,-613,182,-1,8782,,,,,,,
,,7,-0.77,-788,183,595,8783,,,,,,,
,,1,-0.894,-915,183,-1,8784,,,,,,,
,,1,-0.98,-1004,183,-1,8785,,,,,,,
,,1,-0.658,-674,183,-1,8786,,,,,,,
,,1,-0.796,-815,183,-1,8787,,,,,,,
,,1,-1.033,-1058,183,-1,8788,,,,,,,
,,1,-0.756,-774,183,-1,8789,,,,,,,
,,1,-0.654,-670,183,-1,8790,,,,,-67,09:43:35,349
,,1,-0.741,-759,183,-1,8791,,,,,,,
,,1,-1.161,-1189,183,-1,8792,,,,,,,
,,1,-1.149,-1177,183,-1,8793,,,,,,,
,,1,-0.977,-1000,183,-1,8794,,,,,,,
,,1,-0.683,-699,183,-1,8795,,,,,,,
,,1,-0.427,-437,183,-1,8796,,,,,,,
,,1,-0.763,-781,183,-1,8797,,,,,,,
,,1,-1.387,-1420,183,-1,8798,,,,,,,
,,1,-1.327,-1359,183,-1,8799,,,,,,,
52.3550079,4.8060727,1,-0.721,-738,183,-1,8800,74,4,5,43,-67,09:43:35,554
,,1,-0.413,-423,183,-1,8801,,,,,,,
,,1,-0.655,-671,183,-1,8802,,,,,,,
,,1,-0.751,-769,183,-1,8803,,,,,,,
,,1,-0.601,-615,183,-1,8804,,,,,,,
,,1,-0.618,-633,183,-1,8805,,,,,,,
,,1,-0.544,-557,183,-1,8806,,,,,,,
,,1,-0.253,-259,183,-1,8807,,,,,,,
,,1,-0.087,-89,183,-1,8808,,,,,,,
,,1,-0.31,-317,183,-1,8809,,,,,,,
,,1,-0.114,-117,183,-1,8810,,,,,-67,09:43:35,755
,,1,0.17,174,183,-1,8811,,,,,,,
,,1,-0.104,-107,183,-1,8812,,,,,,,
,,1,0.214,219,183,-1,8813,,,,,,,
,,1,0.159,163,183,-1,8814,,,,,,,
,,1,0.073,75,183,-1,8815,,,,,,,
,,1,0.459,470,183,-1,8816,,,,,,,
,,1,0.4,410,183,-1,8817,,,,,,,
,,1,0.407,417,183,-1,8818,,,,,,,
,,7,0.746,764,184,613,8819,,,,,,,
,,1,0.892,913,184,-1,8820,,,,,-67,09:43:35,948
,,1,0.704,721,184,-1,8821,,,,,,,
,,1,0.867,888,184,-1,8822,,,,,,,
,,1,0.702,719,184,-1,8823,,,,,,,
,,1,0.647,663,184,-1,8824,,,,,,,
,,1,0.589,603,184,-1,8825,,,,,,,
,,1,0.943,966,184,-1,8826,,,,,,,
,,1,1.211,1240,184,-1,8827,,,,,,,
,,1,1.448,1483,184,-1,8828,,,,,,,
,,1,1.07,1096,184,-1,8829,,,,,,,
,,1,0.823,843,184,-1,8830,,,,,-67,09:43:36,170
,,1,0.794,813,184,-1,8831,,,,,,,
,,1,1.037,1062,184,-1,8832,,,,,,,
,,1,1.1,1126,184,-1,8833,,,,,,,
,,1,1.142,1169,184,-1,8834,,,,,,,
,,1,0.926,948,184,-1,8835,,,,,,,
,,1,0.988,1012,184,-1,8836,,,,,,,
,,1,0.876,897,184,-1,8837,,,,,,,
,,1,0.853,873,184,-1,8838,,,,,,,
,,1,0.82,840,184,-1,8839,,,,,,,
,,1,0.687,703,184,-1,8840,,,,,-67,09:43:36,352
,,1,0.792,811,184,-1,8841,,,,,,,
,,1,0.771,790,184,-1,8842,,,,,,,
,,1,0.55,563,184,-1,8843,,,,,,,
,,1,0.364,373,184,-1,8844,,,,,,,
,,1,0.228,233,184,-1,8845,,,,,,,
,,1,0.096,98,184,-1,8846,,,,,,,
,,1,0.065,67,184,-1,8847,,,,,,,
,,1,-0.051,-52,184,-1,8848,,,,,,,
,,1,-0.049,-50,184,-1,8849,,,,,,,
,,1,-0.324,-332,184,-1,8850,,,,,-67,09:43:36,544
,,1,-0.354,-362,184,-1,8851,,,,,,,
,,1,-0.194,-199,184,-1,8852,,,,,,,
,,1,-0.244,-250,184,-1,8853,,,,,,,
,,1,-0.581,-595,184,-1,8854,,,,,,,
,,1,-0.732,-750,184,-1,8855,,,,,,,
,,7,-0.462,-473,185,662,8856,,,,,,,
,,1,-0.289,-296,185,-1,8857,,,,,,,
,,1,-0.397,-407,185,-1,8858,,,,,,,
,,1,-0.854,-874,185,-1,8859,,,,,,,
,,1,-0.959,-982,185,-1,8860,,,,,-66,09:43:36,753
,,1,-0.847,-867,185,-1,8861,,,,,,,
,,1,-0.744,-762,185,-1,8862,,,,,,,
,,1,-0.811,-830,185,-1,8863,,,,,,,
,,1,-1.01,-1034,185,-1,8864,,,,,,,
,,1,-1.268,-1298,185,-1,8865,,,,,,,
,,1,-0.973,-996,185,-1,8866,,,,,,,
,,1,-0.917,-939,185,-1,8867,,,,,,,
,,1,-0.954,-977,185,-1,8868,,,,,,,
,,1,-1.0,-1024,185,-1,8869,,,,,,,
52.3550141,4.8060978,1,-0.759,-777,185,-1,8870,79,4,5,43,-66,09:43:36,950
,,1,-0.702,-719,185,-1,8871,,,,,,,
,,1,-0.607,-622,185,-1,8872,,,,,,,
,,1,-0.739,-757,185,-1,8873,,,,,,,
,,1,-0.896,-917,185,-1,8874,,,,,,,
,,1,-0.773,-792,185,-1,8875,,,,,,,
,,1,-0.496,-508,185,-1,8876,,,,,,,
,,1,-0.657,-673,185,-1,8877,,,,,,,
,,1,-0.75,-768,185,-1,8878,,,,,,,
,,1,-0.665,-681,185,-1,8879,,,,,,,
,,1,-0.303,-310,185,-1,8880,,,,,-66,09:43:37,155
,,1,-0.289,-296,185,-1,8881,,,,,,,
,,1,-0.096,-98,185,-1,8882,,,,,,,
,,1,-0.185,-189,185,-1,8883,,,,,,,
,,1,-0.05,-51,185,-1,8884,,,,,,,
,,1,0.094,96,185,-1,8885,,,,,,,
,,1,0.021,21,185,-1,8886,,,,,,,
,,1,0.294,301,185,-1,8887,,,,,,,
,,1,0.851,871,185,-1,8888,,,,,,,
,,1,0.461,472,185,-1,8889,,,,,,,
,,7,0.445,456,186,694,8890,,,,,-66,09:43:37,358
,,1,0.792,811,186,-1,8891,,,,,,,
,,1,0.571,585,186,-1,8892,,,,,,,
,,1,0.371,380,186,-1,8893,,,,,,,
,,1,0.808,827,186,-1,8894,,,,,,,
,,1,1.026,1051,186,-1,8895,,,,,,,
,,1,1.234,1264,186,-1,8896,,,,,,,
,,1,0.665,681,186,-1,8897,,,,,,,
,,1,0.713,730,186,-1,8898,,,,,,,
,,1,1.286,1317,186,-1,8899,,,,,,,
,,1,1.279,1310,186,-1,8900,,,,,-66,09:43:37,557
,,1,0.775,794,186,-1,8901,,,,,,,
,,1,0.625,640,186,-1,8902,,,,,,,
,,1,1.062,1087,186,-1,8903,,,,,,,
,,1,1.488,1524,186,-1,8904,,,,,,,
,,1,0.952,975,186,-1,8905,,,,,,,
,,1,0.813,832,186,-1,8906,,,,,,,
,,1,0.895,916,186,-1,8907,,,,,,,
,,1,0.775,794,186,-1,8908,,,,,,,
,,1,0.897,919,186,-1,8909,,,,,,,
52.3550202,4.8061229,1,0.843,863,186,-1,8910,78,5,5,43,-66,09:43:37,747
,,1,0.67,686,186,-1,8911,,,,,,,
,,1,0.363,372,186,-1,8912,,,,,,,
,,1,0.45,461,186,-1,8913,,,,,,,
,,1,0.835,855,186,-1,8914,,,,,,,
,,1,0.761,779,186,-1,8915,,,,,,,
,,1,0.426,436,186,-1,8916,,,,,,,
,,1,0.189,194,186,-1,8917,,,,,,,
,,1,0.117,120,186,-1,8918,,,,,,,
,,1,-0.042,-43,186,-1,8919,,,,,,,
,,1,-0.026,-27,186,-1,8920,,,,,-66,09:43:37,958
,,1,-0.027,-28,186,-1,8921,,,,,,,
,,1,-0.235,-241,186,-1,8922,,,,,,,
,,1,-0.735,-753,186,-1,8923,,,,,,,
,,1,-0.443,-454,186,-1,8924,,,,,,,
,,1,0.038,39,186,-1,8925,,,,,,,
,,1,-0.225,-230,186,-1,8926,,,,,,,
,,1,-0.566,-580,186,-1,8927,,,,,,,
,,1,-0.622,-637,186,-1,8928,,,,,,,
,,7,-0.476,-487,187,694,8929,,,,,,,
,,1,-0.91,-932,187,-1,8930,,,,,-66,09:43:38,153
,,1,-0.978,-1001,187,-1,8931,,,,,,,
,,1,-0.682,-698,187,-1,8932,,,,,,,
,,1,-0.758,-776,187,-1,8933,,,,,,,
,,1,-1.111,-1138,187,-1,8934,,,,,,,
,,1,-1.089,-1115,187,-1,8935,,,,,,,
,,1,-0.871,-892,187,-1,8936,,,,,,,
,,1,-0.729,-747,187,-1,8937,,,,,,,
,,1,-0.551,-564,187,-1,8938,,,,,,,
,,1,-0.789,-808,187,-1,8939,,,,,,,
,,1,-1.131,-1158,187,-1,8940,,,,,-66,09:43:38,349
,,1,-1.465,-1500,187,-1,8941,,,,,,,
,,1,-1.1,-1126,187,-1,8942,,,,,,,
,,1,-0.905,-927,187,-1,8943,,,,,,,
,,1,-0.739,-757,187,-1,8944,,,,,,,
,,1,-0.489,-501,187,-1,8945,,,,,,,
,,1,-0.618,-633,187,-1,8946,,,,,,,
,,1,-0.829,-849,187,-1,8947,,,,,,,
,,1,-0.744,-762,187,-1,8948,,,,,,,
,,1,-0.531,-544,187,-1,8949,,,,,,,
,,1,-0.579,-593,187,-1,8950,,,,,-66,09:43:38,556
,,1,-0.585,-599,187,-1,8951,,,,,,,
,,1,-0.277,-284,187,-1,8952,,,,,,,
,,1,-0.221,-226,187,-1,8953,,,,,,,
,,1,-0.276,-283,187,-1,8954,,,,,,,
,,1,-0.139,-142,187,-1,8955,,,,,,,
,,1,0.146,150,187,-1,8956,,,,,,,
,,1,0.056,57,187,-1,8957,,,,,,,
,,1,0.143,146,187,-1,8958,,,,,,,
,,1,0.279,286,187,-1,8959,,,,,,,
,,1,0.235,241,187,-1,8960,,,,,-66,09:43:38,753
,,1,0.37,379,187,-1,8961,,,,,,,
,,1,0.69,707,187,-1,8962,,,,,,,
,,7,0.703,720,188,684,8963,,,,,,,
,,1,0.533,546,188,-1,8964,,,,,,,
,,1,0.623,638,188,-1,8965,,,,,,,
,,1,1.032,1057,188,-1,8966,,,,,,,
,,1,1.108,1135,188,-1,8967,,,,,,,
,,1,0.928,950,188,-1,8968,,,,,,,
,,1,0.898,920,188,-1,8969,,,,,,,
,,1,0.852,872,188,-1,8970,,,,,-66,09:43:39,039
,,1,0.694,711,188,-1,8971,,,,,,,
,,1,0.999,1023,188,-1,8972,,,,,,,
,,1,1.661,1701,188,-1,8973,,,,,,,
,,1,1.372,1405,188,-1,8974,,,,,,,
,,1,0.62,635,188,-1,8975,,,,,,,
,,1,0.602,616,188,-1,8976,,,,,,,
,,1,0.882,903,188,-1,8977,,,,,,,
,,1,0.887,908,188,-1,8978,,,,,,,
,,1,0.784,803,188,-1,8979,,,,,,,
,,1,0.915,937,188,-1,8980,,,,,-66,09:43:39,185
,,1,0.733,751,188,-1,8981,,,,,,,
,,1,0.679,695,188,-1,8982,,,,,,,
,,1,0.501,513,188,-1,8983,,,,,,,
,,1,0.488,500,188,-1,8984,,,,,,,
,,1,0.591,605,188,-1,8985,,,,,,,
,,1,1.034,1059,188,-1,8986,,,,,,,
,,1,0.362,371,188,-1,8987,,,,,,,
,,1,-0.064,-66,188,-1,8988,,,,,,,
,,1,-0.043,-44,188,-1,8989,,,,,,,
52.3550269,4.8061559,1,0.183,187,188,-1,8990,74,5,5,43,-66,09:43:39,396
,,1,0.064,66,188,-1,8991,,,,,,,
,,1,-0.369,-378,188,-1,8992,,,,,,,
,,1,-0.153,-157,188,-1,8993,,,,,,,
,,1,-0.083,-85,188,-1,8994,,,,,,,
,,1,-0.334,-342,188,-1,8995,,,,,,,
,,1,-0.225,-230,188,-1,8996,,,,,,,
,,1,-0.133,-136,188,-1,8997,,,,,,,
,,1,-0.356,-365,188,-1,8998,,,,,,,
,,1,-0.493,-505,188,-1,8999,,,,,,,
,,7,-0.898,-920,189,694,9000,,,,,-66,09:43:39,590
,,1,-0.344,-352,189,-1,9001,,,,,,,
,,1,-0.153,-157,189,-1,9002,,,,,,,
,,1,-0.94,-963,189,-1,9003,,,,,,,
,,1,-2.163,-2215,189,-1,9004,,,,,,,
,,1,-1.326,-1358,189,-1,9005,,,,,,,
,,1,-0.826,-846,189,-1,9006,,,,,,,
,,1,-0.6,-614,189,-1,9007,,,,,,,
,,1,-0.887,-908,189,-1,9008,,,,,,,
,,1,-1.231,-1261,189,-1,9009,,,,,,,
,,1,-0.723,-740,189,-1,9010,,,,,-66,09:43:39,788
,,1,-0.978,-1001,189,-1,9011,,,,,,,
,,1,-1.098,-1124,189,-1,9012,,,,,,,
,,1,-0.783,-802,189,-1,9013,,,,,,,
,,1,-0.577,-591,189,-1,9014,,,,,,,
,,1,-0.983,-1007,189,-1,9015,,,,,,,
,,1,-0.773,-792,189,-1,9016,,,,,,,
,,1,-0.087,-89,189,-1,9017,,,,,,,
,,1,-1.053,-1078,189,-1,9018,,,,,,,
,,1,-0.927,-949,189,-1,9019,,,,,,,
,,1,-0.022,-23,189,-1,9020,,,,,-66,09:43:39,991
,,1,0.216,221,189,-1,9021,,,,,,,
,,1,-0.664,-680,189,-1,9022,,,,,,,
,,1,-0.382,-391,189,-1,9023,,,,,,,
,,1,0.787,806,189,-1,9024,,,,,,,
,,1,-0.254,-260,189,-1,9025,,,,,,,
,,1,-0.098,-100,189,-1,9026,,,,,,,
,,1,0.843,863,189,-1,9027,,,,,,,
,,1,0.211,216,189,-1,9028,,,,,,,
,,1,0.345,353,189,-1,9029,,,,,,,
,,1,0.831,851,189,-1,9030,,,,,-66,09:43:40,187
,,7,0.575,589,190,719,9031,,,,,,,
,,1,0.305,312,190,-1,9032,,,,,,,
,,1,0.94,963,190,-1,9033,,,,,,,
,,1,1.671,1711,190,-1,9034,,,,,,,
,,1,0.591,605,190,-1,9035,,,,,,,
,,1,-0.094,-96,190,-1,9036,,,,,,,
,,1,1.033,1058,190,-1,9037,,,,,,,
,,1,0.542,555,190,-1,9038,,,,,,,
,,1,1.593,1631,190,-1,9039,,,,,,,
52.3550332,4.8061796,1,1.79,1833,190,-1,9040,67,5,5,43,-66,09:43:40,387
,,1,0.642,657,190,-1,9041,,,,,,,
,,1,1.058,1083,190,-1,9042,,,,,,,
,,1,0.844,864,190,-1,9043,,,,,,,
,,1,0.453,464,190,-1,9044,,,,,,,
,,1,0.645,660,190,-1,9045,,,,,,,
,,1,1.18,1208,190,-1,9046,,,,,,,
,,1,1.149,1177,190,-1,9047,,,,,,,
,,1,0.595,609,190,-1,9048,,,,,,,
,,1,0.559,572,190,-1,9049,,,,,,,
,,1,0.526,539,190,-1,9050,,,,,-66,09:43:40,594
,,1,0.493,505,190,-1,9051,,,,,,,
,,1,0.255,261,190,-1,9052,,,,,,,
,,1,0.373,382,190,-1,9053,,,,,,,
,,1,0.29,297,190,-1,9054,,,,,,,
,,1,0.182,186,190,-1,9055,,,,,,,
,,1,-0.067,-69,190,-1,9056,,,,,,,
,,1,-0.175,-179,190,-1,9057,,,,,,,
,,1,-0.381,-390,190,-1,9058,,,,,,,
,,1,-0.194,-199,190,-1,9059,,,,,,,
,,1,-0.12,-123,190,-1,9060,,,,,-66,09:43:40,799
,,1,-0.567,-581,190,-1,9061,,,,,,,
,,1,-0.845,-865,190,-1,9062,,,,,,,
,,7,-0.742,-760,191,763,9063,,,,,,,
,,1,-0.393,-402,191,-1,9064,,,,,,,
,,1,-0.094,-96,191,-1,9065,,,,,,,
,,1,-1.532,-1569,191,-1,9066,,,,,,,
,,1,-1.313,-1344,191,-1,9067,,,,,,,
,,1,-0.954,-977,191,-1,9068,,,,,,,
,,1,-0.502,-514,191,-1,9069,,,,,,,
,,1,-0.225,-230,191,-1,9070,,,,,-66,09:43:40,987
,,1,-0.461,-472,191,-1,9071,,,,,,,
,,1,-1.325,-1357,191,-1,9072,,,,,,,
,,1,-1.688,-1729,191,-1,9073,,,,,,,
,,1,-1.607,-1646,191,-1,9074,,,,,,,
,,1,-0.521,-534,191,-1,9075,,,,,,,
,,1,-0.541,-554,191,-1,9076,,,,,,,
,,1,-0.712,-729,191,-1,9077,,,,,,,
,,1,-1.165,-1193,191,-1,9078,,,,,,,
,,1,-1.251,-1281,191,-1,9079,,,,,,,
,,1,-0.858,-879,191,-1,9080,,,,,-66,09:43:41,199
,,1,-0.294,-301,191,-1,9081,,,,,,,
,,1,-0.197,-202,191,-1,9082,,,,,,,
,,1,-0.628,-643,191,-1,9083,,,,,,,
,,1,-0.944,-967,191,-1,9084,,,,,,,
,,1,-0.904,-926,191,-1,9085,,,,,,,
,,1,-0.32,-328,191,-1,9086,,,,,,,
,,1,0.004,4,191,-1,9087,,,,,,,
,,1,-0.214,-219,191,-1,9088,,,,,,,
,,1,-0.239,-245,191,-1,9089,,,,,,,
,,1,0.005,5,191,-1,9090,,,,,-66,09:43:41,395
,,1,0.124,127,191,-1,9091,,,,,,,
,,1,0.254,260,191,-1,9092,,,,,,,
,,1,0.305,312,191,-1,9093,,,,,,,
,,1,0.27,276,191,-1,9094,,,,,,,
,,1,0.343,351,191,-1,9095,,,,,,,
,,1,0.691,708,191,-1,9096,,,,,,,
,,7,0.597,611,192,775,9097,,,,,,,
,,1,0.451,462,192,-1,9098,,,,,,,
,,1,0.722,739,192,-1,9099,,,,,,,
52.3550417,4.8062021,1,0.673,689,192,-1,9100,54,5,5,44,-66,09:43:41,585
,,1,0.819,839,192,-1,9101,,,,,,,
,,1,0.902,924,192,-1,9102,,,,,,,
,,1,0.781,800,192,-1,9103,,,,,,,
,,1,0.931,953,192,-1,9104,,,,,,,
,,1,1.038,1063,192,-1,9105,,,,,,,
,,1,1.079,1105,192,-1,9106,,,,,,,
,,1,1.143,1170,192,-1,9107,,,,,,,
,,1,0.934,956,192,-1,9108,,,,,,,
,,1,0.92,942,192,-1,9109,,,,,,,
,,1,0.96,983,192,-1,9110,,,,,-66,09:43:41,801
,,1,1.123,1150,192,-1,9111,,,,,,,
,,1,0.959,982,192,-1,9112,,,,,,,
,,1,0.857,878,192,-1,9113,,,,,,,
,,1,0.834,854,192,-1,9114,,,,,,,
,,1,1.067,1093,192,-1,9115,,,,,,,
,,1,0.826,846,192,-1,9116,,,,,,,
,,1,0.611,626,192,-1,9117,,,,,,,
,,1,0.603,617,192,-1,9118,,,,,,,
,,1,0.571,585,192,-1,9119,,,,,,,
,,1,0.541,554,192,-1,9120,,,,,-68,09:43:42,006
,,1,0.433,443,192,-1,9121,,,,,,,
,,1,0.439,450,192,-1,9122,,,,,,,
,,1,0.168,172,192,-1,9123,,,,,,,
,,1,-0.092,-94,192,-1,9124,,,,,,,
,,1,0.107,110,192,-1,9125,,,,,,,
,,1,0.384,393,192,-1,9126,,,,,,,
,,1,0.129,132,192,-1,9127,,,,,,,
,,1,0.004,4,192,-1,9128,,,,,,,
,,1,-0.192,-197,192,-1,9129,,,,,,,
,,1,-0.245,-251,192,-1,9130,,,,,-68,09:43:42,218
,,1,-0.497,-509,192,-1,9131,,,,,,,
,,1,-0.371,-380,192,-1,9132,,,,,,,
,,1,-0.192,-197,192,-1,9133,,,,,,,
,,1,-0.473,-484,192,-1,9134,,,,,,,
,,1,-0.599,-613,192,-1,9135,,,,,,,
,,7,-0.723,-740,193,719,9136,,,,,,,
,,1,-1.569,-1607,193,-1,9137,,,,,,,
,,1,-1.512,-1548,193,-1,9138,,,,,,,
,,1,-1.525,-1562,193,-1,9139,,,,,,,
,,1,-0.387,-396,193,-1,9140,,,,,-68,09:43:42,410
,,1,-0.127,-130,193,-1,9141,,,,,,,
,,1,-0.335,-343,193,-1,9142,,,,,,,
,,1,-0.877,-898,193,-1,9143,,,,,,,
,,1,-1.601,-1639,193,-1,9144,,,,,,,
,,1,-1.414,-1448,193,-1,9145,,,,,,,
,,1,-0.911,-933,193,-1,9146,,,,,,,
,,1,-0.592,-606,193,-1,9147,,,,,,,
,,1,-0.834,-854,193,-1,9148,,,,,,,
,,1,-0.725,-742,193,-1,9149,,,,,,,
52.3550516,4.8062235,1,-0.854,-875,193,-1,9150,57,4,5,44,-68,09:43:42,603
,,1,-1.213,-1242,193,-1,9151,,,,,,,
,,1,-0.897,-919,193,-1,9152,,,,,,,
,,1,-0.679,-695,193,-1,9153,,,,,,,
,,1,-0.313,-321,193,-1,9154,,,,,,,
,,1,-0.547,-560,193,-1,9155,,,,,,,
,,1,-0.993,-1017,193,-1,9156,,,,,,,
,,1,-0.738,-756,193,-1,9157,,,,,,,
,,1,-0.234,-240,193,-1,9158,,,,,,,
,,1,-0.199,-204,193,-1,9159,,,,,,,
,,1,-0.241,-247,193,-1,9160,,,,,-68,09:43:42,817
,,1,-0.284,-291,193,-1,9161,,,,,,,
,,1,0.066,68,193,-1,9162,,,,,,,
,,1,-0.101,-103,193,-1,9163,,,,,,,
,,1,0.035,36,193,-1,9164,,,,,,,
,,1,0.309,316,193,-1,9165,,,,,,,
,,1,0.748,766,193,-1,9166,,,,,,,
,,7,1.143,1170,194,699,9167,,,,,,,
,,1,0.371,380,194,-1,9168,,,,,,,
,,1,-0.072,-74,194,-1,9169,,,,,,,
,,1,0.255,261,194,-1,9170,,,,,-68,09:43:43,016
,,1,1.822,1866,194,-1,9171,,,,,,,
,,1,0.696,713,194,-1,9172,,,,,,,
,,1,0.277,284,194,-1,9173,,,,,,,
,,1,1.114,1141,194,-1,9174,,,,,,,
,,1,1.544,1581,194,-1,9175,,,,,,,
,,1,0.647,663,194,-1,9176,,,,,,,
,,1,0.521,534,194,-1,9177,,,,,,,
,,1,1.144,1171,194,-1,9178,,,,,,,
,,1,1.366,1399,194,-1,9179,,,,,,,
,,1,0.647,663,194,-1,9180,,,,,-68,09:43:43,206
,,1,0.652,668,194,-1,9181,,,,,,,
,,1,1.42,1454,194,-1,9182,,,,,,,
,,1,1.354,1387,194,-1,9183,,,,,,,
,,1,0.686,702,194,-1,9184,,,,,,,
,,1,0.678,694,194,-1,9185,,,,,,,
,,1,1.386,1419,194,-1,9186,,,,,,,
,,1,1.155,1183,194,-1,9187,,,,,,,
,,1,0.505,517,194,-1,9188,,,,,,,
,,1,0.6,614,194,-1,9189,,,,,,,
,,1,1.063,1089,194,-1,9190,,,,,-68,09:43:43,417
,,1,0.76,778,194,-1,9191,,,,,,,
,,1,0.418,428,194,-1,9192,,,,,,,
,,1,0.768,786,194,-1,9193,,,,,,,
,,1,0.76,778,194,-1,9194,,,,,,,
,,1,0.489,501,194,-1,9195,,,,,,,
,,1,0.315,323,194,-1,9196,,,,,,,
,,1,0.481,493,194,-1,9197,,,,,,,
,,1,0.447,458,194,-1,9198,,,,,,,
,,1,0.059,60,194,-1,9199,,,,,,,
52.3550587,4.8062437,1,-0.027,-28,194,-1,9200,50,5,5,44,-68,09:43:43,627
,,1,0.146,150,194,-1,9201,,,,,,,
,,1,0.109,112,194,-1,9202,,,,,,,
,,1,-0.137,-140,194,-1,9203,,,,,,,
,,1,-0.463,-474,194,-1,9204,,,,,,,
,,1,-0.368,-377,194,-1,9205,,,,,,,
,,1,-0.374,-383,194,-1,9206,,,,,,,
,,1,-0.257,-263,194,-1,9207,,,,,,,
,,1,-0.516,-528,194,-1,9208,,,,,,,
,,7,-0.724,-741,195,699,9209,,,,,,,
,,1,-1.034,-1059,195,-1,9210,,,,,-65,09:43:43,806
,,1,-0.623,-638,195,-1,9211,,,,,,,
,,1,-0.668,-684,195,-1,9212,,,,,,,
,,1,-0.798,-817,195,-1,9213,,,,,,,
,,1,-0.903,-925,195,-1,9214,,,,,,,
,,1,-1.228,-1257,195,-1,9215,,,,,,,
,,1,-1.306,-1337,195,-1,9216,,,,,,,
,,1,-0.74,-758,195,-1,9217,,,,,,,
,,1,-0.252,-258,195,-1,9218,,,,,,,
,,1,-1.104,-1130,195,-1,9219,,,,,,,
,,1,-1.537,-1574,195,-1,9220,,,,,,09:43:44,017
,,1,-1.227,-1256,195,-1,9221,,,,,,,
,,1,-0.569,-583,195,-1,9222,,,,,,,
,,1,-0.692,-709,195,-1,9223,,,,,,,
,,1,-1.051,-1076,195,-1,9224,,,,,,,
,,1,-0.963,-986,195,-1,9225,,,,,,,
,,1,-0.78,-799,195,-1,9226,,,,,,,
,,1,-0.859,-880,195,-1,9227,,,,,,,
,,1,-0.743,-761,195,-1,9228,,,,,,,
,,1,-0.694,-711,195,-1,9229,,,,,,,
,,1,-0.598,-612,195,-1,9230,,,,,,09:43:44,243
,,1,-0.618,-633,195,-1,9231,,,,,,,
,,1,-0.584,-598,195,-1,9232,,,,,,,
,,1,-0.413,-423,195,-1,9233,,,,,,,
,,1,-0.341,-349,195,-1,9234,,,,,,,
,,1,-0.279,-286,195,-1,9235,,,,,,,
,,1,-0.217,-222,195,-1,9236,,,,,,,
,,1,-0.164,-168,195,-1,9237,,,,,,,
,,1,-0.104,-106,195,-1,9238,,,,,,,
,,1,0.023,24,195,-1,9239,,,,,,,
,,1,0.045,46,195,-1,9240,,,,,,09:43:44,407
,,1,0.138,141,195,-1,9241,,,,,,,
,,1,0.382,391,195,-1,9242,,,,,,,
,,1,0.484,496,195,-1,9243,,,,,,,
,,1,0.381,390,195,-1,9244,,,,,,,
,,1,0.328,336,195,-1,9245,,,,,,,
,,1,0.408,418,195,-1,9246,,,,,,,
,,1,0.39,399,195,-1,9247,,,,,,,
,,7,0.515,527,196,649,9248,,,,,,,
,,1,0.805,824,196,-1,9249,,,,,,,
,,1,1.133,1160,196,-1,9250,,,,,,09:43:44,616
,,1,0.827,847,196,-1,9251,,,,,,,
,,1,0.621,636,196,-1,9252,,,,,,,
,,1,0.815,835,196,-1,9253,,,,,,,
,,1,0.87,891,196,-1,9254,,,,,,,
,,1,1.07,1096,196,-1,9255,,,,,,,
,,1,0.724,741,196,-1,9256,,,,,,,
,,1,0.819,839,196,-1,9257,,,,,,,
,,1,1.221,1250,196,-1,9258,,,,,,,
,,1,1.097,1123,196,-1,9259,,,,,,,
52.3550693,4.806263,1,1.057,1082,196,-1,9260,39,5,5,44,,09:43:44,853
,,1,0.955,978,196,-1,9261,,,,,,,
,,1,0.96,983,196,-1,9262,,,,,,,
,,1,1.149,1177,196,-1,9263,,,,,,,
,,1,0.995,1019,196,-1,9264,,,,,,,
,,1,1.035,1060,196,-1,9265,,,,,,,
,,1,0.91,932,196,-1,9266,,,,,,,
,,1,0.67,686,196,-1,9267,,,,,,,
,,1,0.748,766,196,-1,9268,,,,,,,
,,1,1.051,1076,196,-1,9269,,,,,,,
,,1,0.971,994,196,-1,9270,,,,,,09:43:45,008
,,1,0.695,712,196,-1,9271,,,,,,,
,,1,0.516,528,196,-1,9272,,,,,,,
,,1,0.327,335,196,-1,9273,,,,,,,
,,1,0.324,332,196,-1,9274,,,,,,,
,,1,0.524,537,196,-1,9275,,,,,,,
,,1,0.415,425,196,-1,9276,,,,,,,
,,1,0.219,224,196,-1,9277,,,,,,,
,,1,0.14,143,196,-1,9278,,,,,,,
,,1,0.102,104,196,-1,9279,,,,,,,
,,1,0.265,271,196,-1,9280,,,,,,09:43:45,221
,,1,0.052,53,196,-1,9281,,,,,,,
,,1,-0.026,-27,196,-1,9282,,,,,,,
,,1,-0.39,-399,196,-1,9283,,,,,,,
,,1,-0.232,-238,196,-1,9284,,,,,,,
,,1,-0.339,-347,196,-1,9285,,,,,,,
,,1,-0.396,-406,196,-1,9286,,,,,,,
,,1,-0.421,-431,196,-1,9287,,,,,,,
,,1,-0.527,-540,196,-1,9288,,,,,,,
,,7,-0.371,-380,197,621,9289,,,,,,,
,,1,-0.574,-588,197,-1,9290,,,,,,09:43:45,415
,,1,-0.705,-722,197,-1,9291,,,,,,,
,,1,-0.783,-802,197,-1,9292,,,,,,,
,,1,-0.478,-489,197,-1,9293,,,,,,,
,,1,-0.779,-798,197,-1,9294,,,,,,,
,,1,-0.568,-582,197,-1,9295,,,,,,,
,,1,-0.585,-599,197,-1,9296,,,,,,,
,,1,-1.169,-1197,197,-1,9297,,,,,,,
,,1,-1.439,-1474,197,-1,9298,,,,,,,
,,1,-0.974,-997,197,-1,9299,,,,,,,
52.3550776,4.8062778,1,-0.49,-502,197,-1,9300,50,5,5,44,-62,09:43:45,633
,,1,-0.599,-613,197,-1,9301,,,,,,,
,,1,-0.861,-882,197,-1,9302,,,,,,,
,,1,-1.115,-1142,197,-1,9303,,,,,,,
,,1,-0.991,-1015,197,-1,9304,,,,,,,
,,1,-0.941,-964,197,-1,9305,,,,,,,
,,1,-1.081,-1107,197,-1,9306,,,,,,,
,,1,-1.121,-1148,197,-1,9307,,,,,,,
,,1,-1.193,-1222,197,-1,9308,,,,,,,
,,1,-1.049,-1074,197,-1,9309,,,,,,,
,,1,-0.889,-910,197,-1,9310,,,,,-62,09:43:45,815
,,1,-0.904,-926,197,-1,9311,,,,,,,
,,1,-0.899,-921,197,-1,9312,,,,,,,
,,1,-0.85,-870,197,-1,9313,,,,,,,
,,1,-0.704,-721,197,-1,9314,,,,,,,
,,1,-0.504,-516,197,-1,9315,,,,,,,
,,1,-0.587,-601,197,-1,9316,,,,,,,
,,1,-0.661,-677,197,-1,9317,,,,,,,
,,1,-0.577,-591,197,-1,9318,,,,,,,
,,1,-0.578,-592,197,-1,9319,,,,,,,
,,1,-0.534,-547,197,-1,9320,,,,,-62,09:43:46,069
,,1,-0.419,-429,197,-1,9321,,,,,,,
,,1,-0.388,-397,197,-1,9322,,,,,,,
,,1,-0.236,-242,197,-1,9323,,,,,,,
,,1,-0.163,-167,197,-1,9324,,,,,,,
,,1,-0.118,-121,197,-1,9325,,,,,,,
,,1,-0.092,-94,197,-1,9326,,,,,,,
,,1,-0.048,-49,197,-1,9327,,,,,,,
,,1,0.023,24,197,-1,9328,,,,,,,
,,1,0.112,115,197,-1,9329,,,,,,,
,,1,0.263,269,197,-1,9330,,,,,-62,09:43:46,202
,,1,0.229,235,197,-1,9331,,,,,,,
,,1,0.188,192,197,-1,9332,,,,,,,
,,1,0.472,483,197,-1,9333,,,,,,,
,,1,0.363,372,197,-1,9334,,,,,,,
,,1,0.344,352,197,-1,9335,,,,,,,
,,1,0.581,595,197,-1,9336,,,,,,,
,,7,0.737,755,198,591,9337,,,,,,,
,,1,0.927,949,198,-1,9338,,,,,,,
,,1,0.679,695,198,-1,9339,,,,,,,
,,1,0.647,663,198,-1,9340,,,,,-62,09:43:46,421
,,1,0.668,684,198,-1,9341,,,,,,,
,,1,0.671,687,198,-1,9342,,,,,,,
,,1,1.005,1029,198,-1,9343,,,,,,,
,,1,1.204,1233,198,-1,9344,,,,,,,
,,1,0.971,994,198,-1,9345,,,,,,,
,,1,0.669,685,198,-1,9346,,,,,,,
,,1,0.985,1009,198,-1,9347,,,,,,,
,,1,1.318,1350,198,-1,9348,,,,,,,
,,1,1.277,1308,198,-1,9349,,,,,,,
52.3550797,4.8062963,1,0.82,840,198,-1,9350,69,4,5,44,-62,09:43:46,634
,,1,0.767,785,198,-1,9351,,,,,,,
,,1,1.152,1180,198,-1,9352,,,,,,,
,,1,1.041,1066,198,-1,9353,,,,,,,
,,1,1.042,1067,198,-1,9354,,,,,,,
,,1,0.961,984,198,-1,9355,,,,,,,
,,1,0.904,926,198,-1,9356,,,,,,,
,,1,0.699,716,198,-1,9357,,,,,,,
,,1,0.644,659,198,-1,9358,,,,,,,
,,1,0.821,841,198,-1,9359,,,,,,,
,,1,0.994,1018,198,-1,9360,,,,,-62,09:43:46,804
,,1,0.808,827,198,-1,9361,,,,,,,
,,1,0.534,547,198,-1,9362,,,,,,,
,,1,0.46,471,198,-1,9363,,,,,,,
,,1,0.385,394,198,-1,9364,,,,,,,
,,1,0.526,539,198,-1,9365,,,,,,,
,,1,0.506,518,198,-1,9366,,,,,,,
,,1,0.22,225,198,-1,9367,,,,,,,
,,1,0.329,337,198,-1,9368,,,,,,,
,,1,0.218,223,198,-1,9369,,,,,,,
,,1,-0.144,-147,198,-1,9370,,,,,-62,09:43:47,024
,,1,-0.151,-155,198,-1,9371,,,,,,,
,,1,-0.186,-190,198,-1,9372,,,,,,,
,,1,-0.178,-182,198,-1,9373,,,,,,,
,,1,-0.325,-333,198,-1,9374,,,,,,,
,,1,-0.368,-377,198,-1,9375,,,,,,,
,,1,-0.522,-535,198,-1,9376,,,,,,,
,,1,-0.562,-575,198,-1,9377,,,,,,,
,,7,-0.626,-641,199,561,9378,,,,,,,
,,1,-0.493,-505,199,-1,9379,,,,,,,
,,1,-0.735,-753,199,-1,9380,,,,,-65,09:43:47,207
,,1,-1.14,-1167,199,-1,9381,,,,,,,
,,1,-0.943,-966,199,-1,9382,,,,,,,
,,1,-0.578,-592,199,-1,9383,,,,,,,
,,1,-0.751,-769,199,-1,9384,,,,,,,
,,1,-1.323,-1355,199,-1,9385,,,,,,,
,,1,-1.374,-1407,199,-1,9386,,,,,,,
,,1,-1.246,-1276,199,-1,9387,,,,,,,
,,1,-0.91,-932,199,-1,9388,,,,,,,
,,1,-0.943,-966,199,-1,9389,,,,,,,
,,1,-0.662,-678,199,-1,9390,,,,,-65,09:43:47,436
,,1,-0.688,-704,199,-1,9391,,,,,,,
,,1,-1.123,-1150,199,-1,9392,,,,,,,
,,1,-1.287,-1318,199,-1,9393,,,,,,,
,,1,-0.798,-817,199,-1,9394,,,,,,,
,,1,-0.52,-532,199,-1,9395,,,,,,,
,,1,-0.431,-441,199,-1,9396,,,,,,,
,,1,-0.514,-526,199,-1,9397,,,,,,,
,,1,-0.688,-704,199,-1,9398,,,,,,,
,,1,-0.355,-364,199,-1,9399,,,,,,,
,,1,-0.382,-391,199,-1,9400,,,,,-65,09:43:47,615
,,1,-0.75,-768,199,-1,9401,,,,,,,
,,1,-0.091,-93,199,-1,9402,,,,,,,
,,1,-0.134,-137,199,-1,9403,,,,,,,
,,1,-0.227,-232,199,-1,9404,,,,,,,
,,1,0.016,16,199,-1,9405,,,,,,,
,,1,0.087,89,199,-1,9406,,,,,,,
,,1,0.208,213,199,-1,9407,,,,,,,
,,1,0.454,465,199,-1,9408,,,,,,,
,,1,0.332,340,199,-1,9409,,,,,,,
52.3550785,4.8063194,1,0.332,340,199,-1,9410,95,4,5,44,-65,09:43:47,813
,,1,0.597,611,199,-1,9411,,,,,,,
,,7,0.799,818,200,609,9412,,,,,,,
,,1,0.715,732,200,-1,9413,,,,,,,
,,1,0.716,733,200,-1,9414,,,,,,,
,,1,1.303,1334,200,-1,9415,,,,,,,
,,1,1.313,1344,200,-1,9416,,,,,,,
,,1,1.181,1209,200,-1,9417,,,,,,,
,,1,1.136,1163,200,-1,9418,,,,,,,
,,1,1.154,1182,200,-1,9419,,,,,,,
,,1,1.284,1315,200,-1,9420,,,,,-65,09:43:48,007
,,1,1.124,1151,200,-1,9421,,,,,,,
,,1,0.934,956,200,-1,9422,,,,,,,
,,1,0.854,875,200,-1,9423,,,,,,,
,,1,0.998,1022,200,-1,9424,,,,,,,
,,1,0.797,816,200,-1,9425,,,,,,,
,,1,0.138,141,200,-1,9426,,,,,,,
,,1,0.521,534,200,-1,9427,,,,,,,
,,1,0.638,653,200,-1,9428,,,,,,,
,,1,0.284,291,200,-1,9429,,,,,,,
52.3550785,4.8063194,1,0.246,252,200,-1,9430,95,4,5,44,-65,09:43:48,216
,,1,-0.2,-205,200,-1,9431,,,,,,,
,,1,-0.29,-297,200,-1,9432,,,,,,,
,,1,-0.282,-289,200,-1,9433,,,,,,,
,,1,-0.442,-453,200,-1,9434,,,,,,,
,,1,-0.667,-683,200,-1,9435,,,,,,,
,,1,-0.023,-24,200,-1,9436,,,,,,,
,,1,-0.646,-662,200,-1,9437,,,,,,,
,,7,-0.57,-584,201,740,9438,,,,,,,
,,1,-1.621,-1660,201,-1,9439,,,,,,,
,,1,-2.194,-2247,201,-1,9440,,,,,-65,09:43:48,410
,,1,-1.063,-1089,201,-1,9441,,,,,,,
,,1,-0.079,-81,201,-1,9442,,,,,,,
,,1,0.006,6,201,-1,9443,,,,,,,
,,1,-0.712,-729,201,-1,9444,,,,,,,
,,1,-1.124,-1151,201,-1,9445,,,,,,,
,,1,-1.761,-1803,201,-1,9446,,,,,,,
,,1,-1.144,-1171,201,-1,9447,,,,,,,
,,1,-0.428,-438,201,-1,9448,,,,,,,
,,1,-0.236,-242,201,-1,9449,,,,,,,
52.3550748,4.8063404,1,-1.029,-1054,201,-1,9450,105,4,5,44,-65,09:43:48,635
,,1,-1.028,-1053,201,-1,9451,,,,,,,
,,1,-0.529,-542,201,-1,9452,,,,,,,
,,1,-0.601,-615,201,-1,9453,,,,,,,
,,1,-0.412,-422,201,-1,9454,,,,,,,
,,1,0.221,226,201,-1,9455,,,,,,,
,,1,0.224,229,201,-1,9456,,,,,,,
,,1,-0.306,-313,201,-1,9457,,,,,,,
,,1,-0.134,-137,201,-1,9458,,,,,,,
,,1,0.393,402,201,-1,9459,,,,,,,
52.3550748,4.8063404,1,0.542,555,201,-1,9460,105,4,5,44,-65,09:43:48,814
,,7,1.489,1525,202,917,9461,,,,,,,
,,1,1.471,1506,202,-1,9462,,,,,,,
,,1,0.156,160,202,-1,9463,,,,,,,
,,1,0.003,3,202,-1,9464,,,,,,,
,,1,-0.049,-50,202,-1,9465,,,,,,,
,,1,3.081,3155,202,-1,9466,,,,,,,
,,1,3.467,3550,202,-1,9467,,,,,,,
,,1,0.155,159,202,-1,9468,,,,,,,
,,1,-1.525,-1562,202,-1,9469,,,,,,,
,,1,0.985,1009,202,-1,9470,,,,,-67,09:43:49,012
,,1,1.202,1231,202,-1,9471,,,,,,,
,,1,-0.879,-900,202,-1,9472,,,,,,,
,,1,-0.303,-310,202,-1,9473,,,,,,,
,,1,3.587,3673,202,-1,9474,,,,,,,
,,1,4.062,4159,202,-1,9475,,,,,,,
,,1,0.498,510,202,-1,9476,,,,,,,
,,1,-1.368,-1401,202,-1,9477,,,,,,,
,,1,0.984,1008,202,-1,9478,,,,,,,
,,1,1.632,1671,202,-1,9479,,,,,,,
,,1,-0.988,-1012,202,-1,9480,,,,,-67,09:43:49,205
,,1,-0.256,-262,202,-1,9481,,,,,,,
,,1,1.955,2002,202,-1,9482,,,,,,,
,,1,0.896,917,202,-1,9483,,,,,,,
,,1,-0.969,-992,202,-1,9484,,,,,,,
,,1,-0.023,-24,202,-1,9485,,,,,,,
,,1,-0.022,-23,202,-1,9486,,,,,,,
,,1,-0.209,-214,202,-1,9487,,,,,,,
,,1,0.04,41,202,-1,9488,,,,,,,
,,1,-0.049,-50,202,-1,9489,,,,,,,
,,1,0.299,306,202,-1,9490,,,,,-67,09:43:49,420
,,1,-0.756,-774,202,-1,9491,,,,,,,
,,1,-1.09,-1116,202,-1,9492,,,,,,,
,,7,-0.519,-531,203,961,9493,,,,,,,
,,1,-0.198,-203,203,-1,9494,,,,,,,
,,1,-0.902,-924,203,-1,9495,,,,,,,
,,1,-0.039,-40,203,-1,9496,,,,,,,
,,1,-0.128,-131,203,-1,9497,,,,,,,
,,1,-0.852,-872,203,-1,9498,,,,,,,
,,1,-0.442,-453,203,-1,9499,,,,,,,
52.3550597,4.8063756,1,0.596,610,203,-1,9500,123,5,5,44,-67,09:43:49,608
,,1,0.988,1012,203,-1,9501,,,,,,,
,,1,-2.229,-2282,203,-1,9502,,,,,,,
,,1,-2.579,-2641,203,-1,9503,,,,,,,
,,1,1.594,1632,203,-1,9504,,,,,,,
,,1,0.906,928,203,-1,9505,,,,,,,
,,1,-2.487,-2547,203,-1,9506,,,,,,,
,,1,-0.785,-804,203,-1,9507,,,,,,,
,,1,3.967,4062,203,-1,9508,,,,,,,
,,7,0.271,277,204,970,9509,,,,,,,
52.3550597,4.8063756,1,-2.536,-2597,204,-1,9510,123,5,5,44,-67,09:43:49,808
,,1,0.185,189,204,-1,9511,,,,,,,
,,1,2.315,2371,204,-1,9512,,,,,,,
,,1,1.172,1200,204,-1,9513,,,,,,,
,,1,-4.168,-4268,204,-1,9514,,,,,,,
,,1,1.114,1141,204,-1,9515,,,,,,,
,,8,1.739,1781,204,-1,9516,,,,,,,
,,1,-0.946,-969,204,-1,9517,,,,,,,
,,1,1.172,1200,204,-1,9518,,,,,,,
,,1,-0.106,-109,204,-1,9519,,,,,,,
,,1,-1.634,-1673,204,-1,9520,,,,,-67,09:43:50,019
,,1,-0.963,-986,204,-1,9521,,,,,,,
,,1,2.316,2372,204,-1,9522,,,,,,,
,,1,-0.522,-535,204,-1,9523,,,,,,,
,,1,0.866,887,204,-1,9524,,,,,,,
,,6,1.755,1797,204,-1,9525,,,,,,,
,,1,-3.877,-3970,204,-1,9526,,,,,,,
,,6,-4.547,-4656,205,-1,9527,,,,,,,
,,1,3.854,3947,205,-1,9528,,,,,,,
,,1,3.786,3877,205,-1,9529,,,,,,,
,,6,-0.842,-862,206,-1,9530,,,,,-67,09:43:50,209
,,1,-1.313,-1344,206,-1,9531,,,,,,,
,,1,-1.669,-1709,206,-1,9532,,,,,,,
,,6,1.283,1314,207,-1,9533,,,,,,,
,,1,1.104,1130,207,-1,9534,,,,,,,
,,6,-0.264,-270,208,-1,9535,,,,,,,
,,1,-1.092,-1118,208,-1,9536,,,,,,,
,,1,-0.27,-276,208,-1,9537,,,,,,,
,,1,-0.058,-59,208,-1,9538,,,,,,,
,,1,-0.052,-53,208,-1,9539,,,,,,,
,,1,0.144,147,208,-1,9540,,,,,-67,09:43:50,403
,,1,-0.111,-114,208,-1,9541,,,,,,,
,,1,-0.08,-82,208,-1,9542,,,,,,,
,,1,-0.078,-80,208,-1,9543,,,,,,,
,,1,-0.228,-233,208,-1,9544,,,,,,,
,,1,-0.199,-204,208,-1,9545,,,,,,,
,,1,-0.199,-204,208,-1,9546,,,,,,,
,,1,-0.16,-164,208,-1,9547,,,,,,,
,,1,-0.161,-165,208,-1,9548,,,,,,,
,,1,-0.154,-158,208,-1,9549,,,,,,,
52.3550538,4.8063953,1,-0.189,-194,208,-1,9550,107,4,5,44,-67,09:43:50,620
,,1,-0.134,-137,208,-1,9551,,,,,,,
,,1,-0.146,-150,208,-1,9552,,,,,,,
,,1,-0.13,-133,208,-1,9553,,,,,,,
,,1,-0.178,-182,208,-1,9554,,,,,,,
,,1,-0.162,-166,208,-1,9555,,,,,,,
,,1,-0.142,-145,208,-1,9556,,,,,,,
,,1,-0.159,-163,208,-1,9557,,,,,,,
,,1,-0.127,-130,208,-1,9558,,,,,,,
,,1,-0.171,-175,208,-1,9559,,,,,,,
,,1,-0.172,-176,208,-1,9560,,,,,-50,09:43:50,811
,,1,-0.174,-178,208,-1,9561,,,,,,,
,,1,-0.145,-148,208,-1,9562,,,,,,,
,,1,-0.136,-139,208,-1,9563,,,,,,,
,,1,-0.164,-168,208,-1,9564,,,,,,,
,,1,-0.15,-154,208,-1,9565,,,,,,,
,,1,-0.17,-174,208,-1,9566,,,,,,,
,,1,-0.152,-156,208,-1,9567,,,,,,,
,,1,-0.15,-154,208,-1,9568,,,,,,,
,,1,-0.136,-139,208,-1,9569,,,,,,,
,,1,-0.16,-164,208,-1,9570,,,,,-50,09:43:51,008
,,1,-0.147,-151,208,-1,9571,,,,,,,
,,1,-0.16,-164,208,-1,9572,,,,,,,
,,1,-0.162,-166,208,-1,9573,,,,,,,
,,1,-0.144,-147,208,-1,9574,,,,,,,
,,1,-0.16,-164,208,-1,9575,,,,,,,
,,1,-0.157,-161,208,-1,9576,,,,,,,
,,1,-0.186,-190,208,-1,9577,,,,,,,
,,1,-0.187,-191,208,-1,9578,,,,,,,
,,1,-0.193,-198,208,-1,9579,,,,,,,
,,1,-0.175,-179,208,-1,9580,,,,,-50,09:43:51,221
,,1,-0.161,-165,208,-1,9581,,,,,,,
,,1,-0.145,-148,208,-1,9582,,,,,,,
,,1,-0.14,-143,208,-1,9583,,,,,,,
,,1,-0.144,-147,208,-1,9584,,,,,,,
,,1,-0.139,-142,208,-1,9585,,,,,,,
,,1,-0.156,-160,208,-1,9586,,,,,,,
,,1,-0.161,-165,208,-1,9587,,,,,,,
,,1,-0.182,-186,208,-1,9588,,,,,,,
,,1,-0.162,-166,208,-1,9589,,,,,,,
,,1,-0.166,-170,208,-1,9590,,,,,-50,09:43:51,412
,,1,-0.18,-184,208,-1,9591,,,,,,,
,,1,-0.175,-179,208,-1,9592,,,,,,,
,,1,-0.169,-173,208,-1,9593,,,,,,,
,,1,-0.158,-162,208,-1,9594,,,,,,,
,,1,-0.162,-166,208,-1,9595,,,,,,,
,,1,-0.169,-173,208,-1,9596,,,,,,,
,,1,-0.139,-142,208,-1,9597,,,,,,,
,,1,-0.159,-163,208,-1,9598,,,,,,,
,,1,-0.183,-187,208,-1,9599,,,,,,,
,,1,-0.149,-153,208,-1,9600,,,,,-50,09:43:51,605
,,1,-0.178,-182,208,-1,9601,,,,,,,
,,1,-0.195,-200,208,-1,9602,,,,,,,
,,1,-0.203,-208,208,-1,9603,,,,,,,
,,1,-0.174,-178,208,-1,9604,,,,,,,
,,1,-0.101,-103,208,-1,9605,,,,,,,
,,1,-0.128,-131,208,-1,9606,,,,,,,
,,1,-0.18,-184,208,-1,9607,,,,,,,
,,1,-0.162,-166,208,-1,9608,,,,,,,
,,1,-0.15,-154,208,-1,9609,,,,,,,
52.3550532,4.8064025,1,-0.16,-164,208,-1,9610,110,3,5,44,-50,09:43:51,817
,,5,-0.161,-165,208,0,9611,,,,,,,
,,3,-0.141,-144,208,0,9612,,,,,,,
,,3,-0.132,-135,208,0,9613,,,,,,,
,,3,-0.138,-141,208,0,9614,,,,,,,
,,3,-0.156,-160,208,0,9615,,,,,,,
,,3,-0.165,-169,208,0,9616,,,,,,,
,,3,-0.18,-184,208,0,9617,,,,,,,
,,3,-0.168,-172,208,0,9618,,,,,,,
,,3,0.0,0,208,0,9619,,,,,,,
,,3,-0.136,-139,208,0,9620,,,,,-50,09:43:52,007
,,3,-0.326,-334,208,0,9621,,,,,,,
,,3,-0.15,-154,208,0,9622,,,,,,,
,,3,-0.084,-86,208,0,9623,,,,,,,
,,3,-0.2,-205,208,0,9624,,,,,,,
,,3,-0.138,-141,208,0,9625,,,,,,,
,,3,-0.113,-116,208,0,9626,,,,,,,
,,3,-0.137,-140,208,0,9627,,,,,,,
,,3,-0.214,-219,208,0,9628,,,,,,,
,,3,-0.198,-203,208,0,9629,,,,,,,
,,3,-0.108,-111,208,0,9630,,,,,-50,09:43:52,203
,,3,-0.134,-137,208,0,9631,,,,,,,
,,3,-0.185,-189,208,0,9632,,,,,,,
,,3,-0.145,-148,208,0,9633,,,,,,,
,,3,-0.127,-130,208,0,9634,,,,,,,
,,3,-0.181,-185,208,0,9635,,,,,,,
,,3,-0.178,-182,208,0,9636,,,,,,,
,,3,-0.137,-140,208,0,9637,,,,,,,
,,3,-0.144,-147,208,0,9638,,,,,,,
,,3,-0.155,-159,208,0,9639,,,,,,,
,,3,-0.161,-165,208,0,9640,,,,,-51,09:43:52,416
,,3,-0.152,-156,208,0,9641,,,,,,,
,,3,-0.165,-169,208,0,9642,,,,,,,
,,3,-0.176,-180,208,0,9643,,,,,,,
,,3,-0.18,-184,208,0,9644,,,,,,,
,,3,-0.127,-130,208,0,9645,,,,,,,
,,3,-0.142,-145,208,0,9646,,,,,,,
,,3,-0.192,-197,208,0,9647,,,,,,,
,,3,-0.164,-168,208,0,9648,,,,,,,
,,3,-0.138,-141,208,0,9649,,,,,,,
52.3550517,4.8064092,3,-0.161,-165,208,0,9650,118,2,5,44,-51,09:43:52,611
,,3,-0.17,-174,208,0,9651,,,,,,,
,,3,-0.152,-156,208,0,9652,,,,,,,
,,3,-0.149,-153,208,0,9653,,,,,,,
,,3,-0.168,-172,208,0,9654,,,,,,,
,,3,-0.163,-167,208,0,9655,,,,,,,
,,3,-0.155,-159,208,0,9656,,,,,,,
,,3,-0.154,-158,208,0,9657,,,,,,,
,,3,-0.164,-168,208,0,9658,,,,,,,
,,3,-0.159,-163,208,0,9659,,,,,,,
,,3,-0.153,-157,208,0,9660,,,,,-51,09:43:52,808
,,3,-0.162,-166,208,0,9661,,,,,,,
,,3,-0.159,-163,208,0,9662,,,,,,,
,,3,-0.155,-159,208,0,9663,,,,,,,
,,3,-0.153,-157,208,0,9664,,,,,,,
,,3,-0.159,-163,208,0,9665,,,,,,,
,,3,-0.162,-166,208,0,9666,,,,,,,
,,3,-0.161,-165,208,0,9667,,,,,,,
,,3,-0.157,-161,208,0,9668,,,,,,,
,,3,-0.153,-157,208,0,9669,,,,,,,
,,3,-0.157,-161,208,0,9670,,,,,-51,09:43:53,017
,,3,-0.16,-164,208,0,9671,,,,,,,
,,3,-0.166,-170,208,0,9672,,,,,,,
,,3,-0.162,-166,208,0,9673,,,,,,,
,,3,-0.16,-164,208,0,9674,,,,,,,
,,3,-0.157,-161,208,0,9675,,,,,,,
,,3,-0.157,-161,208,0,9676,,,,,,,
,,3,-0.155,-159,208,0,9677,,,,,,,
,,3,-0.154,-158,208,0,9678,,,,,,,
,,3,-0.161,-165,208,0,9679,,,,,,,
,,3,-0.209,-214,208,0,9680,,,,,-51,09:43:53,213
,,3,-0.124,-127,208,0,9681,,,,,,,
,,3,0.104,107,208,0,9682,,,,,,,
,,3,-0.353,-361,208,0,9683,,,,,,,
,,3,-0.011,-11,208,0,9684,,,,,,,
,,3,-0.29,-297,208,0,9685,,,,,,,
,,3,-0.19,-195,208,0,9686,,,,,,,
,,3,-0.121,-124,208,0,9687,,,,,,,
,,3,-0.121,-124,208,0,9688,,,,,,,
,,3,-0.172,-176,208,0,9689,,,,,,,
,,3,-0.123,-126,208,0,9690,,,,,-51,09:43:53,403
,,3,0.07,72,208,0,9691,,,,,,,
,,3,0.039,40,208,0,9692,,,,,,,
,,3,-0.089,-91,208,0,9693,,,,,,,
,,3,-0.13,-133,208,0,9694,,,,,,,
,,3,-0.077,-79,208,0,9695,,,,,,,
,,3,-0.125,-128,208,0,9696,,,,,,,
,,3,-0.109,-112,208,0,9697,,,,,,,
,,3,-0.151,-155,208,0,9698,,,,,,,
,,3,-0.058,-59,208,0,9699,,,,,,,
52.3550519,4.8064094,3,-0.143,-146,208,0,9700,100,1,5,44,-51,09:43:53,628
,,3,-0.067,-69,208,0,9701,,,,,,,
,,3,0.023,24,208,0,9702,,,,,,,
,,3,-0.257,-263,208,0,9703,,,,,,,
,,3,-0.104,-107,208,0,9704,,,,,,,
,,3,0.005,5,208,0,9705,,,,,,,
,,3,-0.058,-59,208,0,9706,,,,,,,
,,3,-0.629,-644,208,0,9707,,,,,,,
,,3,0.901,923,208,0,9708,,,,,,,
,,3,-0.757,-775,208,0,9709,,,,,,,
,,3,1.056,1081,208,0,9710,,,,,-51,09:43:53,813
,,3,1.894,1939,208,0,9711,,,,,,,
,,3,-0.938,-961,208,0,9712,,,,,,,
,,3,-1.733,-1775,208,0,9713,,,,,,,
,,3,0.592,606,208,0,9714,,,,,,,
,,3,-0.519,-531,208,0,9715,,,,,,,
,,3,0.217,222,208,0,9716,,,,,,,
,,3,0.103,105,208,0,9717,,,,,,,
,,3,0.42,430,208,0,9718,,,,,,,
,,3,-0.783,-802,208,0,9719,,,,,,,
,,3,-0.192,-197,208,0,9720,,,,,-51,09:43:54,009
,,3,0.0,0,208,0,9721,,,,,,,
,,3,-0.319,-327,208,0,9722,,,,,,,
,,3,-0.565,-579,208,0,9723,,,,,,,
,,3,-0.311,-318,208,0,9724,,,,,,,
,,3,-0.294,-301,208,0,9725,,,,,,,
,,3,-0.505,-517,208,0,9726,,,,,,,
,,3,0.883,904,208,0,9727,,,,,,,
,,3,-1.85,-1894,208,0,9728,,,,,,,
,,3,2.732,2798,208,0,9729,,,,,,,
,,3,5.832,5972,208,0,9730,,,,,-65,09:43:54,248
,,3,1.419,1453,208,0,9731,,,,,,,
,,3,-4.095,-4193,208,0,9732,,,,,,,
,,3,-2.214,-2267,208,0,9733,,,,,,,
,,3,1.422,1456,208,0,9734,,,,,,,
,,3,0.606,621,208,0,9735,,,,,,,
,,3,-1.037,-1062,208,0,9736,,,,,,,
,,3,-0.365,-374,208,0,9737,,,,,,,
,,3,0.23,236,208,0,9738,,,,,,,
,,3,1.15,1178,208,0,9739,,,,,,,
,,3,0.517,529,208,0,9740,,,,,-65,09:43:54,410
,,3,1.159,1187,208,0,9741,,,,,,,
,,3,-0.74,-758,208,0,9742,,,,,,,
,,3,-0.072,-74,208,0,9743,,,,,,,
,,3,1.715,1756,208,0,9744,,,,,,,
,,3,-2.0,-2048,208,0,9745,,,,,,,
,,3,-1.549,-1586,208,0,9746,,,,,,,
,,3,0.461,472,208,0,9747,,,,,,,
,,3,2.428,2486,208,0,9748,,,,,,,
,,3,1.439,1474,208,0,9749,,,,,,,
52.3550522,4.8064185,3,0.366,375,208,0,9750,82,2,4,44,-65,09:43:54,637
,,3,0.497,509,208,0,9751,,,,,,,
,,3,0.134,137,208,0,9752,,,,,,,
,,3,1.891,1936,208,0,9753,,,,,,,
,,3,0.469,480,208,0,9754,,,,,,,
,,3,0.134,137,208,0,9755,,,,,,,
,,3,0.577,591,208,0,9756,,,,,,,
,,3,-0.107,-110,208,0,9757,,,,,,,
,,3,0.834,854,208,0,9758,,,,,,,
,,3,-0.208,-213,208,0,9759,,,,,,,
,,3,0.845,865,208,0,9760,,,,,-65,09:43:54,819
,,3,0.717,734,208,0,9761,,,,,,,
,,3,0.076,78,208,0,9762,,,,,,,
,,3,0.213,218,208,0,9763,,,,,,,
,,3,0.522,535,208,0,9764,,,,,,,
,,3,0.503,515,208,0,9765,,,,,,,
,,3,0.298,305,208,0,9766,,,,,,,
,,3,0.43,440,208,0,9767,,,,,,,
,,3,0.352,360,208,0,9768,,,,,,,
,,3,0.213,218,208,0,9769,,,,,,,
,,3,0.361,370,208,0,9770,,,,,-65,09:43:55,015
,,3,1.074,1100,208,0,9771,,,,,,,
,,3,0.598,612,208,0,9772,,,,,,,
,,3,0.177,181,208,0,9773,,,,,,,
,,3,0.314,322,208,0,9774,,,,,,,
,,3,1.445,1480,208,0,9775,,,,,,,
,,3,0.842,862,208,0,9776,,,,,,,
,,3,0.005,5,208,0,9777,,,,,,,
,,3,0.527,540,208,0,9778,,,,,,,
,,3,1.138,1165,208,0,9779,,,,,,,
,,3,0.958,981,208,0,9780,,,,,-65,09:43:55,206
,,3,0.362,371,208,0,9781,,,,,,,
,,3,0.487,499,208,0,9782,,,,,,,
,,3,0.973,996,208,0,9783,,,,,,,
,,3,1.186,1214,208,0,9784,,,,,,,
,,3,0.758,776,208,0,9785,,,,,,,
,,3,0.535,548,208,0,9786,,,,,,,
,,3,0.768,786,208,0,9787,,,,,,,
,,3,1.006,1030,208,0,9788,,,,,,,
,,3,0.899,921,208,0,9789,,,,,,,
,,3,0.675,691,208,0,9790,,,,,-65,09:43:55,429
,,3,0.812,831,208,0,9791,,,,,,,
,,3,1.012,1036,208,0,9792,,,,,,,
,,3,0.991,1015,208,0,9793,,,,,,,
,,3,0.85,870,208,0,9794,,,,,,,
,,3,0.857,878,208,0,9795,,,,,,,
,,3,1.031,1056,208,0,9796,,,,,,,
,,3,1.049,1074,208,0,9797,,,,,,,
,,3,0.976,999,208,0,9798,,,,,,,
,,3,0.955,978,208,0,9799,,,,,,,
,,3,1.066,1092,208,0,9800,,,,,-65,09:43:55,611
,,3,1.086,1112,208,0,9801,,,,,,,
,,3,0.979,1003,208,0,9802,,,,,,,
,,3,0.96,983,208,0,9803,,,,,,,
,,3,1.04,1065,208,0,9804,,,,,,,
,,3,1.053,1078,208,0,9805,,,,,,,
,,3,0.941,964,208,0,9806,,,,,,,
,,3,0.841,861,208,0,9807,,,,,,,
,,3,0.892,913,208,0,9808,,,,,,,
,,3,1.021,1045,208,0,9809,,,,,,,
52.3550533,4.8064264,3,1.146,1174,208,0,9810,74,2,4,44,-69,09:43:55,804
,,3,1.059,1084,208,0,9811,,,,,,,
,,3,0.944,967,208,0,9812,,,,,,,
,,3,0.859,880,208,0,9813,,,,,,,
,,3,0.837,857,208,0,9814,,,,,,,
,,3,0.887,908,208,0,9815,,,,,,,
,,3,0.797,816,208,0,9816,,,,,,,
,,3,0.728,745,208,0,9817,,,,,,,
,,3,0.733,751,208,0,9818,,,,,,,
,,3,0.775,794,208,0,9819,,,,,,,
,,3,0.684,700,208,0,9820,,,,,-69,09:43:56,020
,,3,0.618,633,208,0,9821,,,,,,,
,,3,0.759,777,208,0,9822,,,,,,,
,,3,0.473,484,208,0,9823,,,,,,,
,,3,0.181,185,208,0,9824,,,,,,,
,,3,0.282,289,208,0,9825,,,,,,,
,,3,0.53,543,208,0,9826,,,,,,,
,,3,0.531,544,208,0,9827,,,,,,,
,,3,0.234,240,208,0,9828,,,,,,,
,,3,0.06,61,208,0,9829,,,,,,,
,,3,0.054,55,208,0,9830,,,,,-69,09:43:56,210
,,3,0.256,262,208,0,9831,,,,,,,
,,3,0.109,112,208,0,9832,,,,,,,
,,3,-0.232,-238,208,0,9833,,,,,,,
,,3,-0.112,-115,208,0,9834,,,,,,,
,,3,-0.267,-273,208,0,9835,,,,,,,
,,3,-0.144,-147,208,0,9836,,,,,,,
,,3,-0.57,-584,208,0,9837,,,,,,,
,,3,-1.03,-1055,208,0,9838,,,,,,,
,,3,-0.544,-557,208,0,9839,,,,,,,
,,3,-0.233,-239,208,0,9840,,,,,-69,09:43:56,407
,,3,-0.716,-733,208,0,9841,,,,,,,
,,3,-0.466,-477,208,0,9842,,,,,,,
,,3,-0.126,-129,208,0,9843,,,,,,,
,,3,-0.965,-988,208,0,9844,,,,,,,
,,3,-1.466,-1501,208,0,9845,,,,,,,
,,3,-0.694,-711,209,0,9846,,,,,,,
,,3,-0.71,-727,209,0,9847,,,,,,,
,,3,-0.9,-922,209,0,9848,,,,,,,
,,3,-0.936,-958,209,0,9849,,,,,,,
52.3550588,4.8064315,3,-1.04,-1065,209,0,9850,42,3,4,44,-69,09:43:56,613
,,3,-0.26,-266,209,0,9851,,,,,,,
,,3,-0.678,-694,209,0,9852,,,,,,,
,,3,-1.253,-1283,209,0,9853,,,,,,,
,,3,-0.142,-145,209,0,9854,,,,,,,
,,3,-0.154,-158,209,0,9855,,,,,,,
,,3,-1.028,-1053,209,0,9856,,,,,,,
,,3,-0.898,-920,209,0,9857,,,,,,,
,,3,-0.1,-102,209,0,9858,,,,,,,
,,3,-0.78,-799,209,0,9859,,,,,,,
,,3,-0.308,-315,209,0,9860,,,,,-69,09:43:56,813
,,3,0.227,232,209,0,9861,,,,,,,
,,3,-0.115,-118,209,0,9862,,,,,,,
,,3,0.456,467,209,0,9863,,,,,,,
,,3,0.451,462,209,0,9864,,,,,,,
,,3,0.402,412,209,0,9865,,,,,,,
,,3,0.312,319,209,0,9866,,,,,,,
,,3,0.377,386,209,0,9867,,,,,,,
,,3,0.274,281,209,0,9868,,,,,,,
,,3,0.023,24,209,0,9869,,,,,,,
,,3,0.416,426,209,0,9870,,,,,-69,09:43:57,012
,,3,1.185,1213,209,0,9871,,,,,,,
,,7,1.484,1520,210,148,9872,,,,,,,
,,1,1.21,1239,210,-1,9873,,,,,,,
,,1,0.523,536,210,-1,9874,,,,,,,
,,1,1.155,1183,210,-1,9875,,,,,,,
,,1,1.613,1652,210,-1,9876,,,,,,,
,,1,0.996,1020,210,-1,9877,,,,,,,
,,1,0.292,299,210,-1,9878,,,,,,,
,,1,1.571,1609,210,-1,9879,,,,,,,
,,1,1.612,1651,210,-1,9880,,,,,-69,09:43:57,218
,,1,-0.129,-132,210,-1,9881,,,,,,,
,,1,0.257,263,210,-1,9882,,,,,,,
,,1,1.923,1969,210,-1,9883,,,,,,,
,,1,1.252,1282,210,-1,9884,,,,,,,
,,1,0.184,188,210,-1,9885,,,,,,,
,,1,1.144,1171,210,-1,9886,,,,,,,
,,1,1.017,1041,210,-1,9887,,,,,,,
,,1,0.642,657,210,-1,9888,,,,,,,
,,1,0.933,955,210,-1,9889,,,,,,,
,,1,0.133,136,210,-1,9890,,,,,-69,09:43:57,407
,,1,-0.666,-682,210,-1,9891,,,,,,,
,,1,-0.129,-132,210,-1,9892,,,,,,,
,,1,0.042,43,210,-1,9893,,,,,,,
,,1,-1.604,-1643,210,-1,9894,,,,,,,
,,1,0.876,897,210,-1,9895,,,,,,,
,,1,1.183,1211,210,-1,9896,,,,,,,
,,1,-1.585,-1623,210,-1,9897,,,,,,,
,,1,-1.887,-1932,210,-1,9898,,,,,,,
,,7,-0.307,-314,211,256,9899,,,,,,,
52.3550694,4.8064318,1,0.056,57,211,-1,9900,4,4,4,44,-62,09:43:57,607
,,1,-2.343,-2399,211,-1,9901,,,,,,,
,,1,-1.641,-1680,211,-1,9902,,,,,,,
,,1,0.074,76,211,-1,9903,,,,,,,
,,1,-0.573,-587,211,-1,9904,,,,,,,
,,1,-2.111,-2162,211,-1,9905,,,,,,,
,,1,-0.804,-823,211,-1,9906,,,,,,,
,,1,0.521,533,211,-1,9907,,,,,,,
,,1,-1.115,-1142,211,-1,9908,,,,,,,
,,1,-1.347,-1379,211,-1,9909,,,,,,,
,,1,-0.347,-355,211,-1,9910,,,,,-62,09:43:57,820
,,1,-1.503,-1539,211,-1,9911,,,,,,,
,,1,-1.219,-1248,211,-1,9912,,,,,,,
,,1,0.12,123,211,-1,9913,,,,,,,
,,1,-0.107,-110,211,-1,9914,,,,,,,
,,1,0.028,29,211,-1,9915,,,,,,,
,,1,-1.126,-1153,211,-1,9916,,,,,,,
,,1,0.437,447,211,-1,9917,,,,,,,
,,1,0.676,692,211,-1,9918,,,,,,,
,,1,-0.177,-181,211,-1,9919,,,,,,,
52.3550694,4.8064318,1,-0.354,-362,211,-1,9920,4,4,4,44,-62,09:43:58,009
,,1,1.115,1142,211,-1,9921,,,,,,,
,,1,0.035,36,211,-1,9922,,,,,,,
,,1,0.755,773,211,-1,9923,,,,,,,
,,1,-1.823,-1867,211,-1,9924,,,,,,,
,,1,0.451,462,211,-1,9925,,,,,,,
,,1,2.178,2230,211,-1,9926,,,,,,,
,,7,1.36,1393,212,925,9927,,,,,,,
,,1,-0.374,-383,212,-1,9928,,,,,,,
,,1,0.263,269,212,-1,9929,,,,,,,
,,1,1.311,1342,212,-1,9930,,,,,-62,09:43:58,208
,,1,1.883,1928,212,-1,9931,,,,,,,
,,1,0.946,969,212,-1,9932,,,,,,,
,,1,-0.022,-23,212,-1,9933,,,,,,,
,,1,1.123,1150,212,-1,9934,,,,,,,
,,1,2.271,2326,212,-1,9935,,,,,,,
,,1,0.956,979,212,-1,9936,,,,,,,
,,1,0.325,333,212,-1,9937,,,,,,,
,,1,1.037,1062,212,-1,9938,,,,,,,
,,1,1.147,1175,212,-1,9939,,,,,,,
,,1,0.68,696,212,-1,9940,,,,,-62,09:43:58,416
,,1,0.929,951,212,-1,9941,,,,,,,
,,1,1.051,1076,212,-1,9942,,,,,,,
,,1,0.622,637,212,-1,9943,,,,,,,
,,1,0.309,316,212,-1,9944,,,,,,,
,,1,0.715,732,212,-1,9945,,,,,,,
,,1,0.793,812,212,-1,9946,,,,,,,
,,1,0.333,341,212,-1,9947,,,,,,,
,,1,0.266,272,212,-1,9948,,,,,,,
,,1,0.574,588,212,-1,9949,,,,,,,
52.3550796,4.8064232,1,0.366,375,212,-1,9950,328,4,4,44,-62,09:43:58,610
,,1,-0.002,-2,212,-1,9951,,,,,,,
,,1,0.075,77,212,-1,9952,,,,,,,
,,1,0.307,314,212,-1,9953,,,,,,,
,,1,-0.006,-6,212,-1,9954,,,,,,,
,,1,-0.493,-505,212,-1,9955,,,,,,,
,,1,-0.474,-485,212,-1,9956,,,,,,,
,,1,-0.18,-184,212,-1,9957,,,,,,,
,,1,0.094,96,212,-1,9958,,,,,,,
,,1,-0.06,-61,212,-1,9959,,,,,,,
,,1,-0.41,-420,212,-1,9960,,,,,-62,09:43:58,806
,,1,-1.089,-1115,212,-1,9961,,,,,,,
,,7,-1.006,-1030,213,847,9962,,,,,,,
,,1,-0.25,-256,213,-1,9963,,,,,,,
,,1,-0.026,-27,213,-1,9964,,,,,,,
,,1,-0.718,-735,213,-1,9965,,,,,,,
,,1,-1.338,-1370,213,-1,9966,,,,,,,
,,1,-1.115,-1142,213,-1,9967,,,,,,,
,,1,-0.618,-633,213,-1,9968,,,,,,,
,,1,-0.718,-735,213,-1,9969,,,,,,,
,,1,-1.265,-1295,213,-1,9970,,,,,-62,09:43:59,013
,,1,-1.362,-1395,213,-1,9971,,,,,,,
,,1,-0.905,-927,213,-1,9972,,,,,,,
,,1,-0.698,-715,213,-1,9973,,,,,,,
,,1,-0.57,-584,213,-1,9974,,,,,,,
,,1,-0.672,-688,213,-1,9975,,,,,,,
,,1,-1.265,-1295,213,-1,9976,,,,,,,
,,1,-1.573,-1611,213,-1,9977,,,,,,,
,,1,-1.248,-1278,213,-1,9978,,,,,,,
,,1,-0.545,-558,213,-1,9979,,,,,,,
,,1,-0.575,-589,213,-1,9980,,,,,-62,09:43:59,211
,,1,-0.863,-884,213,-1,9981,,,,,,,
,,1,-1.077,-1103,213,-1,9982,,,,,,,
,,1,-0.676,-692,213,-1,9983,,,,,,,
,,1,-0.688,-704,213,-1,9984,,,,,,,
,,1,-0.092,-94,213,-1,9985,,,,,,,
,,1,-0.455,-466,213,-1,9986,,,,,,,
,,1,-0.314,-322,213,-1,9987,,,,,,,
,,1,-0.216,-221,213,-1,9988,,,,,,,
,,1,-0.343,-351,213,-1,9989,,,,,,,
,,1,-0.154,-158,213,-1,9990,,,,,-63,09:43:59,404
,,1,0.056,57,213,-1,9991,,,,,,,
,,1,0.097,99,213,-1,9992,,,,,,,
,,1,0.095,97,213,-1,9993,,,,,,,
,,1,0.281,288,213,-1,9994,,,,,,,
,,1,0.287,294,213,-1,9995,,,,,,,
,,1,0.147,151,213,-1,9996,,,,,,,
,,1,0.284,291,213,-1,9997,,,,,,,
,,1,0.413,423,213,-1,9998,,,,,,,
,,1,0.524,537,213,-1,9999,,,,,,,
52.3550859,4.8064061,7,0.905,927,214,735,10000,291,4,4,44,-63,09:43:59,622
,,1,0.923,945,214,-1,10001,,,,,,,
,,1,0.462,473,214,-1,10002,,,,,,,
,,1,0.548,561,214,-1,10003,,,,,,,
,,1,0.982,1006,214,-1,10004,,,,,,,
,,1,1.193,1222,214,-1,10005,,,,,,,
,,1,1.233,1263,214,-1,10006,,,,,,,
,,1,1.081,1107,214,-1,10007,,,,,,,
,,1,0.697,714,214,-1,10008,,,,,,,
,,1,0.095,97,214,-1,10009,,,,,,,
,,1,0.538,551,214,-1,10010,,,,,-63,09:43:59,824
,,1,1.481,1517,214,-1,10011,,,,,,,
,,1,1.574,1612,214,-1,10012,,,,,,,
,,1,0.997,1021,214,-1,10013,,,,,,,
,,1,0.928,950,214,-1,10014,,,,,,,
,,1,0.532,545,214,-1,10015,,,,,,,
,,1,0.741,759,214,-1,10016,,,,,,,
,,1,1.208,1237,214,-1,10017,,,,,,,
,,1,1.177,1205,214,-1,10018,,,,,,,
,,1,0.802,821,214,-1,10019,,,,,,,
,,1,0.486,498,214,-1,10020,,,,,-63,09:44:00,003
,,1,0.572,586,214,-1,10021,,,,,,,
,,1,0.837,857,214,-1,10022,,,,,,,
,,1,0.732,750,214,-1,10023,,,,,,,
,,1,0.492,504,214,-1,10024,,,,,,,
,,1,0.436,446,214,-1,10025,,,,,,,
,,1,0.221,226,214,-1,10026,,,,,,,
,,1,0.06,61,214,-1,10027,,,,,,,
,,1,0.35,358,214,-1,10028,,,,,,,
,,1,0.317,325,214,-1,10029,,,,,,,
,,1,0.134,137,214,-1,10030,,,,,-63,09:44:00,212
,,1,0.196,201,214,-1,10031,,,,,,,
,,1,0.039,40,214,-1,10032,,,,,,,
,,1,-0.293,-300,214,-1,10033,,,,,,,
,,1,-0.327,-335,214,-1,10034,,,,,,,
,,1,-0.331,-339,214,-1,10035,,,,,,,
,,1,-0.098,-100,214,-1,10036,,,,,,,
,,1,-0.137,-140,214,-1,10037,,,,,,,
,,1,-0.642,-657,214,-1,10038,,,,,,,
,,1,-0.771,-789,214,-1,10039,,,,,,,
,,7,-0.628,-643,215,662,10040,,,,,-63,09:44:00,409
,,1,-0.487,-499,215,-1,10041,,,,,,,
,,1,-0.712,-729,215,-1,10042,,,,,,,
,,1,-0.717,-734,215,-1,10043,,,,,,,
,,1,-0.841,-861,215,-1,10044,,,,,,,
,,1,-0.84,-860,215,-1,10045,,,,,,,
,,1,-0.883,-904,215,-1,10046,,,,,,,
,,1,-1.144,-1171,215,-1,10047,,,,,,,
,,1,-1.305,-1336,215,-1,10048,,,,,,,
,,1,-1.051,-1076,215,-1,10049,,,,,,,
52.3550854,4.8063786,1,-0.607,-622,215,-1,10050,282,4,4,44,-63,09:44:00,605
,,1,-0.473,-484,215,-1,10051,,,,,,,
,,1,-0.814,-834,215,-1,10052,,,,,,,
,,1,-1.371,-1404,215,-1,10053,,,,,,,
,,1,-1.239,-1269,215,-1,10054,,,,,,,
,,1,-0.725,-742,215,-1,10055,,,,,,,
,,1,-0.563,-577,215,-1,10056,,,,,,,
,,1,-0.654,-670,215,-1,10057,,,,,,,
,,1,-0.86,-881,215,-1,10058,,,,,,,
,,1,-0.791,-810,215,-1,10059,,,,,,,
,,1,-0.889,-910,215,-1,10060,,,,,-63,09:44:00,816
,,1,-0.896,-917,215,-1,10061,,,,,,,
,,1,-0.576,-590,215,-1,10062,,,,,,,
,,1,-0.389,-398,215,-1,10063,,,,,,,
,,1,-0.626,-641,215,-1,10064,,,,,,,
,,1,-0.518,-530,215,-1,10065,,,,,,,
,,1,-0.26,-266,215,-1,10066,,,,,,,
,,1,-0.307,-314,215,-1,10067,,,,,,,
,,1,-0.04,-41,215,-1,10068,,,,,,,
,,1,-0.077,-79,215,-1,10069,,,,,,,
,,1,-0.049,-50,215,-1,10070,,,,,-66,09:44:01,009
,,1,0.177,181,215,-1,10071,,,,,,,
,,1,0.174,178,215,-1,10072,,,,,,,
,,1,0.176,180,215,-1,10073,,,,,,,
,,1,0.342,350,215,-1,10074,,,,,,,
,,1,0.245,251,215,-1,10075,,,,,,,
,,1,0.53,543,215,-1,10076,,,,,,,
,,1,0.409,419,215,-1,10077,,,,,,,
,,7,0.492,504,216,641,10078,,,,,,,
,,1,0.663,679,216,-1,10079,,,,,,,
,,1,0.688,704,216,-1,10080,,,,,-66,09:44:01,219
,,1,0.679,695,216,-1,10081,,,,,,,
,,1,0.549,562,216,-1,10082,,,,,,,
,,1,0.638,653,216,-1,10083,,,,,,,
,,1,1.063,1088,216,-1,10084,,,,,,,
,,1,1.323,1355,216,-1,10085,,,,,,,
,,1,1.083,1109,216,-1,10086,,,,,,,
,,1,0.718,735,216,-1,10087,,,,,,,
,,1,0.816,836,216,-1,10088,,,,,,,
,,1,0.869,890,216,-1,10089,,,,,,,
,,1,1.133,1160,216,-1,10090,,,,,-66,09:44:01,401
,,1,1.241,1271,216,-1,10091,,,,,,,
,,1,0.916,938,216,-1,10092,,,,,,,
,,1,0.746,764,216,-1,10093,,,,,,,
,,1,0.789,808,216,-1,10094,,,,,,,
,,1,1.12,1147,216,-1,10095,,,,,,,
,,1,1.295,1326,216,-1,10096,,,,,,,
,,1,0.941,964,216,-1,10097,,,,,,,
,,1,0.833,853,216,-1,10098,,,,,,,
,,1,0.815,835,216,-1,10099,,,,,,,
,,1,0.785,804,216,-1,10100,,,,,-66,09:44:01,609
,,1,0.776,795,216,-1,10101,,,,,,,
,,1,0.882,903,216,-1,10102,,,,,,,
,,1,0.958,981,216,-1,10103,,,,,,,
,,1,0.663,679,216,-1,10104,,,,,,,
,,1,0.479,491,216,-1,10105,,,,,,,
,,1,0.575,589,216,-1,10106,,,,,,,
,,1,0.681,697,216,-1,10107,,,,,,,
,,1,0.347,355,216,-1,10108,,,,,,,
,,1,0.189,194,216,-1,10109,,,,,,,
52.355087,4.8063563,1,0.188,193,216,-1,10110,283,4,4,44,-66,09:44:01,806
,,1,0.162,166,216,-1,10111,,,,,,,
,,1,0.057,58,216,-1,10112,,,,,,,
,,1,0.032,33,216,-1,10113,,,,,,,
,,1,-0.067,-69,216,-1,10114,,,,,,,
,,1,-0.178,-182,216,-1,10115,,,,,,,
,,1,-0.19,-195,216,-1,10116,,,,,,,
,,1,-0.244,-250,216,-1,10117,,,,,,,
,,1,-0.103,-105,216,-1,10118,,,,,,,
,,1,-0.089,-91,216,-1,10119,,,,,,,
,,1,-0.442,-453,216,-1,10120,,,,,-66,09:44:02,018
,,1,-0.774,-793,216,-1,10121,,,,,,,
,,7,-0.866,-887,217,625,10122,,,,,,,
,,1,-0.911,-933,217,-1,10123,,,,,,,
,,1,-0.62,-635,217,-1,10124,,,,,,,
,,1,-0.311,-318,217,-1,10125,,,,,,,
,,1,-0.206,-211,217,-1,10126,,,,,,,
,,1,-1.242,-1272,217,-1,10127,,,,,,,
,,1,-1.73,-1772,217,-1,10128,,,,,,,
,,1,-1.359,-1392,217,-1,10129,,,,,,,
,,1,-0.479,-491,217,-1,10130,,,,,-66,09:44:02,218
,,1,-0.342,-350,217,-1,10131,,,,,,,
,,1,-1.153,-1181,217,-1,10132,,,,,,,
,,1,-1.282,-1313,217,-1,10133,,,,,,,
,,1,-1.196,-1225,217,-1,10134,,,,,,,
,,1,-0.543,-556,217,-1,10135,,,,,,,
,,1,-0.578,-592,217,-1,10136,,,,,,,
,,1,-0.454,-465,217,-1,10137,,,,,,,
,,1,-0.859,-880,217,-1,10138,,,,,,,
,,1,-1.551,-1588,217,-1,10139,,,,,,,
,,1,-0.997,-1021,217,-1,10140,,,,,-66,09:44:02,414
,,1,-0.453,-464,217,-1,10141,,,,,,,
,,1,-0.693,-710,217,-1,10142,,,,,,,
,,1,-0.846,-866,217,-1,10143,,,,,,,
,,1,-0.379,-388,217,-1,10144,,,,,,,
,,1,-0.26,-266,217,-1,10145,,,,,,,
,,1,-0.519,-531,217,-1,10146,,,,,,,
,,1,-0.473,-484,217,-1,10147,,,,,,,
,,1,0.101,103,217,-1,10148,,,,,,,
,,1,-0.249,-255,217,-1,10149,,,,,,,
,,1,-0.545,-558,217,-1,10150,,,,,-66,09:44:02,617
,,1,0.442,453,217,-1,10151,,,,,,,
,,1,-0.203,-208,217,-1,10152,,,,,,,
,,1,0.338,346,217,-1,10153,,,,,,,
,,1,1.132,1159,217,-1,10154,,,,,,,
,,1,-0.09,-92,217,-1,10155,,,,,,,
,,1,0.308,315,217,-1,10156,,,,,,,
,,1,0.843,863,217,-1,10157,,,,,,,
,,7,0.599,613,218,617,10158,,,,,,,
,,1,0.453,464,218,-1,10159,,,,,,,
52.355081,4.8063098,1,0.544,557,218,-1,10160,276,5,4,44,-67,09:44:02,842
,,1,0.75,768,218,-1,10161,,,,,,,
,,1,1.093,1119,218,-1,10162,,,,,,,
,,1,1.079,1105,218,-1,10163,,,,,,,
,,1,0.984,1008,218,-1,10164,,,,,,,
,,1,1.176,1204,218,-1,10165,,,,,,,
,,1,1.415,1449,218,-1,10166,,,,,,,
,,1,0.834,854,218,-1,10167,,,,,,,
,,1,0.568,582,218,-1,10168,,,,,,,
,,1,0.778,797,218,-1,10169,,,,,,,
,,1,0.953,976,218,-1,10170,,,,,-67,09:44:03,006
,,1,1.327,1359,218,-1,10171,,,,,,,
,,1,1.044,1069,218,-1,10172,,,,,,,
,,1,0.602,616,218,-1,10173,,,,,,,
,,1,0.427,437,218,-1,10174,,,,,,,
,,1,0.625,640,218,-1,10175,,,,,,,
,,1,1.025,1050,218,-1,10176,,,,,,,
,,1,1.082,1108,218,-1,10177,,,,,,,
,,1,0.84,860,218,-1,10178,,,,,,,
,,1,0.584,598,218,-1,10179,,,,,,,
,,1,0.48,492,218,-1,10180,,,,,-67,09:44:03,222
,,1,0.574,588,218,-1,10181,,,,,,,
,,1,0.441,452,218,-1,10182,,,,,,,
,,1,0.139,142,218,-1,10183,,,,,,,
,,1,0.157,161,218,-1,10184,,,,,,,
,,1,0.175,179,218,-1,10185,,,,,,,
,,1,-0.049,-50,218,-1,10186,,,,,,,
,,1,-0.024,-25,218,-1,10187,,,,,,,
,,1,0.038,39,218,-1,10188,,,,,,,
,,1,0.171,175,218,-1,10189,,,,,,,
,,1,-0.061,-62,218,-1,10190,,,,,-67,09:44:03,412
,,1,-0.199,-204,218,-1,10191,,,,,,,
,,1,-1.354,-1386,218,-1,10192,,,,,,,
,,7,-1.316,-1348,219,662,10193,,,,,,,
,,1,-0.465,-476,219,-1,10194,,,,,,,
,,1,0.183,187,219,-1,10195,,,,,,,
,,1,0.045,46,219,-1,10196,,,,,,,
,,1,-0.507,-519,219,-1,10197,,,,,,,
,,1,-1.586,-1624,219,-1,10198,,,,,,,
,,1,-1.081,-1107,219,-1,10199,,,,,,,
52.3550754,4.8062779,1,-0.479,-490,219,-1,10200,273,4,4,44,-67,09:44:03,602
,,1,-0.498,-510,219,-1,10201,,,,,,,
,,1,-0.962,-985,219,-1,10202,,,,,,,
,,1,-1.203,-1232,219,-1,10203,,,,,,,
,,1,-2.059,-2108,219,-1,10204,,,,,,,
,,1,-1.196,-1225,219,-1,10205,,,,,,,
,,1,-0.6,-614,219,-1,10206,,,,,,,
,,1,-0.541,-554,219,-1,10207,,,,,,,
,,1,-0.966,-989,219,-1,10208,,,,,,,
,,1,-0.62,-635,219,-1,10209,,,,,,,
,,1,-0.682,-698,219,-1,10210,,,,,-67,09:44:03,822
,,1,-0.743,-761,219,-1,10211,,,,,,,
,,1,-0.282,-289,219,-1,10212,,,,,,,
,,1,-0.629,-644,219,-1,10213,,,,,,,
,,1,-1.588,-1626,219,-1,10214,,,,,,,
,,1,-0.887,-908,219,-1,10215,,,,,,,
,,1,-0.152,-156,219,-1,10216,,,,,,,
,,1,-0.496,-508,219,-1,10217,,,,,,,
,,1,-0.722,-739,219,-1,10218,,,,,,,
,,1,-0.122,-125,219,-1,10219,,,,,,,
,,1,-0.162,-166,219,-1,10220,,,,,-67,09:44:04,010
,,1,-0.314,-322,219,-1,10221,,,,,,,
,,1,-0.059,-60,219,-1,10222,,,,,,,
,,1,0.213,218,219,-1,10223,,,,,,,
,,1,0.177,181,219,-1,10224,,,,,,,
,,1,0.324,332,219,-1,10225,,,,,,,
,,1,0.563,576,219,-1,10226,,,,,,,
,,1,0.554,567,219,-1,10227,,,,,,,
,,7,0.318,326,220,709,10228,,,,,,,
,,1,0.237,243,220,-1,10229,,,,,,,
,,1,0.511,523,220,-1,10230,,,,,-67,09:44:04,206
,,1,0.987,1011,220,-1,10231,,,,,,,
,,1,1.04,1065,220,-1,10232,,,,,,,
,,1,0.891,912,220,-1,10233,,,,,,,
,,1,0.664,680,220,-1,10234,,,,,,,
,,1,0.949,972,220,-1,10235,,,,,,,
,,1,1.065,1091,220,-1,10236,,,,,,,
,,1,1.104,1131,220,-1,10237,,,,,,,
,,1,0.936,958,220,-1,10238,,,,,,,
,,1,0.818,838,220,-1,10239,,,,,,,
,,1,0.882,903,220,-1,10240,,,,,-65,09:44:04,399
,,1,0.892,913,220,-1,10241,,,,,,,
,,1,0.909,931,220,-1,10242,,,,,,,
,,1,0.848,868,220,-1,10243,,,,,,,
,,1,0.905,927,220,-1,10244,,,,,,,
,,1,0.932,954,220,-1,10245,,,,,,,
,,1,1.007,1031,220,-1,10246,,,,,,,
,,1,0.961,984,220,-1,10247,,,,,,,
,,1,0.771,790,220,-1,10248,,,,,,,
,,1,0.487,499,220,-1,10249,,,,,,,
52.3550724,4.8062561,1,0.331,339,220,-1,10250,272,4,4,44,-65,09:44:04,643
,,1,0.609,624,220,-1,10251,,,,,,,
,,1,0.639,654,220,-1,10252,,,,,,,
,,1,0.383,392,220,-1,10253,,,,,,,
,,1,0.227,232,220,-1,10254,,,,,,,
,,1,0.048,49,220,-1,10255,,,,,,,
,,1,0.109,112,220,-1,10256,,,,,,,
,,1,0.25,256,220,-1,10257,,,,,,,
,,1,0.081,83,220,-1,10258,,,,,,,
,,1,-0.127,-130,220,-1,10259,,,,,,,
,,1,-0.172,-176,220,-1,10260,,,,,-65,09:44:04,808
,,1,-0.152,-156,220,-1,10261,,,,,,,
,,1,-0.228,-233,220,-1,10262,,,,,,,
,,1,-0.339,-347,220,-1,10263,,,,,,,
,,1,-0.825,-845,220,-1,10264,,,,,,,
,,7,-0.761,-779,221,704,10265,,,,,,,
,,1,-0.685,-701,221,-1,10266,,,,,,,
,,1,-0.249,-255,221,-1,10267,,,,,,,
,,1,-0.591,-605,221,-1,10268,,,,,,,
,,1,-1.299,-1330,221,-1,10269,,,,,,,
,,1,-1.082,-1108,221,-1,10270,,,,,-65,09:44:04,998
,,1,-0.653,-669,221,-1,10271,,,,,,,
,,1,-0.4,-410,221,-1,10272,,,,,,,
,,1,-0.707,-724,221,-1,10273,,,,,,,
,,1,-1.127,-1154,221,-1,10274,,,,,,,
,,1,-1.496,-1532,221,-1,10275,,,,,,,
,,1,-0.976,-999,221,-1,10276,,,,,,,
,,1,-0.858,-879,221,-1,10277,,,,,,,
,,1,-0.919,-941,221,-1,10278,,,,,,,
,,1,-1.167,-1195,221,-1,10279,,,,,,,
,,1,-0.713,-730,221,-1,10280,,,,,-65,09:44:05,208
,,1,-0.421,-431,221,-1,10281,,,,,,,
,,1,-1.146,-1174,221,-1,10282,,,,,,,
,,1,-1.302,-1333,221,-1,10283,,,,,,,
,,1,-0.809,-828,221,-1,10284,,,,,,,
,,1,-0.494,-506,221,-1,10285,,,,,,,
,,1,-0.565,-579,221,-1,10286,,,,,,,
,,1,-0.435,-445,221,-1,10287,,,,,,,
,,1,-0.396,-406,221,-1,10288,,,,,,,
,,1,-0.55,-563,221,-1,10289,,,,,,,
,,1,-0.442,-453,221,-1,10290,,,,,-65,09:44:05,407
,,1,-0.254,-260,221,-1,10291,,,,,,,
,,1,-0.079,-81,221,-1,10292,,,,,,,
,,1,-0.158,-162,221,-1,10293,,,,,,,
,,1,-0.049,-50,221,-1,10294,,,,,,,
,,1,0.267,273,221,-1,10295,,,,,,,
,,1,0.321,329,221,-1,10296,,,,,,,
,,1,0.102,104,221,-1,10297,,,,,,,
,,1,0.18,184,221,-1,10298,,,,,,,
,,1,0.503,515,221,-1,10299,,,,,,,
,,1,0.699,716,221,-1,10300,,,,,-65,09:44:05,601
,,7,0.743,761,222,689,10301,,,,,,,
,,1,0.513,525,222,-1,10302,,,,,,,
,,1,0.522,535,222,-1,10303,,,,,,,
,,1,0.76,778,222,-1,10304,,,,,,,
,,1,1.087,1113,222,-1,10305,,,,,,,
,,1,1.043,1068,222,-1,10306,,,,,,,
,,1,0.912,934,222,-1,10307,,,,,,,
,,1,0.914,936,222,-1,10308,,,,,,,
,,1,0.991,1015,222,-1,10309,,,,,,,
52.3550671,4.8062201,1,0.731,749,222,-1,10310,264,4,4,44,-65,09:44:05,812
,,1,0.67,686,222,-1,10311,,,,,,,
,,1,0.854,874,222,-1,10312,,,,,,,
,,1,1.157,1185,222,-1,10313,,,,,,,
,,1,1.307,1338,222,-1,10314,,,,,,,
,,1,1.488,1524,222,-1,10315,,,,,,,
,,1,1.227,1256,222,-1,10316,,,,,,,
,,1,0.828,848,222,-1,10317,,,,,,,
,,1,0.499,511,222,-1,10318,,,,,,,
,,1,0.546,559,222,-1,10319,,,,,,,
,,1,0.658,674,222,-1,10320,,,,,-65,09:44:06,026
,,1,0.723,740,222,-1,10321,,,,,,,
,,1,0.796,815,222,-1,10322,,,,,,,
,,1,0.652,668,222,-1,10323,,,,,,,
,,1,0.479,490,222,-1,10324,,,,,,,
,,1,0.303,310,222,-1,10325,,,,,,,
,,1,0.372,381,222,-1,10326,,,,,,,
,,1,0.276,283,222,-1,10327,,,,,,,
,,1,0.048,49,222,-1,10328,,,,,,,
,,1,0.022,23,222,-1,10329,,,,,,,
,,1,-0.1,-102,222,-1,10330,,,,,-68,09:44:06,200
,,1,-0.066,-68,222,-1,10331,,,,,,,
,,1,-0.346,-354,222,-1,10332,,,,,,,
,,1,-0.307,-314,222,-1,10333,,,,,,,
,,1,-0.508,-520,222,-1,10334,,,,,,,
,,1,-0.737,-755,222,-1,10335,,,,,,,
,,7,-0.72,-737,223,694,10336,,,,,,,
,,1,-0.395,-404,223,-1,10337,,,,,,,
,,1,-0.068,-70,223,-1,10338,,,,,,,
,,1,-0.489,-501,223,-1,10339,,,,,,,
,,1,-1.001,-1025,223,-1,10340,,,,,-68,09:44:06,411
,,1,-1.294,-1325,223,-1,10341,,,,,,,
,,1,-1.107,-1134,223,-1,10342,,,,,,,
,,1,-0.943,-966,223,-1,10343,,,,,,,
,,1,-0.806,-825,223,-1,10344,,,,,,,
,,1,-0.411,-421,223,-1,10345,,,,,,,
,,1,-0.525,-538,223,-1,10346,,,,,,,
,,1,-0.805,-824,223,-1,10347,,,,,,,
,,1,-0.958,-981,223,-1,10348,,,,,,,
,,1,-1.188,-1216,223,-1,10349,,,,,,,
52.3550621,4.8061925,1,-1.264,-1294,223,-1,10350,260,5,4,44,-68,09:44:06,608
,,1,-0.763,-781,223,-1,10351,,,,,,,
,,1,-0.392,-401,223,-1,10352,,,,,,,
,,1,-0.175,-179,223,-1,10353,,,,,,,
,,1,-0.536,-549,223,-1,10354,,,,,,,
,,1,-0.661,-677,223,-1,10355,,,,,,,
,,1,-0.549,-562,223,-1,10356,,,,,,,
,,1,-0.274,-281,223,-1,10357,,,,,,,
,,1,-0.167,-171,223,-1,10358,,,,,,,
,,1,-0.031,-32,223,-1,10359,,,,,,,
,,1,0.39,399,223,-1,10360,,,,,-68,09:44:06,802
,,1,0.223,228,223,-1,10361,,,,,,,
,,1,0.35,358,223,-1,10362,,,,,,,
,,1,0.296,303,223,-1,10363,,,,,,,
,,1,0.132,135,223,-1,10364,,,,,,,
,,1,0.08,82,223,-1,10365,,,,,,,
,,1,1.179,1207,223,-1,10366,,,,,,,
,,7,2.191,2244,224,729,10367,,,,,,,
,,1,1.405,1439,224,-1,10368,,,,,,,
,,1,0.165,169,224,-1,10369,,,,,,,
,,1,0.225,230,224,-1,10370,,,,,-68,09:44:07,008
,,1,0.986,1010,224,-1,10371,,,,,,,
,,1,1.61,1649,224,-1,10372,,,,,,,
,,1,1.601,1639,224,-1,10373,,,,,,,
,,1,0.872,893,224,-1,10374,,,,,,,
,,1,0.624,639,224,-1,10375,,,,,,,
,,1,0.645,660,224,-1,10376,,,,,,,
,,1,0.289,296,224,-1,10377,,,,,,,
,,1,0.016,16,224,-1,10378,,,,,,,
,,1,1.02,1044,224,-1,10379,,,,,,,
52.3550621,4.8061925,1,1.612,1651,224,-1,10380,260,5,4,44,-68,09:44:07,210
,,1,-0.006,-6,224,-1,10381,,,,,,,
,,1,-0.906,-928,224,-1,10382,,,,,,,
,,1,0.374,383,224,-1,10383,,,,,,,
,,1,0.654,670,224,-1,10384,,,,,,,
,,1,-0.171,-175,224,-1,10385,,,,,,,
,,1,-1.162,-1190,224,-1,10386,,,,,,,
,,1,-0.85,-870,224,-1,10387,,,,,,,
,,7,0.21,215,225,847,10388,,,,,,,
,,1,-0.521,-533,225,-1,10389,,,,,,,
,,1,-0.4,-410,225,-1,10390,,,,,-68,09:44:07,404
,,1,-0.919,-941,225,-1,10391,,,,,,,
,,1,-1.372,-1405,225,-1,10392,,,,,,,
,,1,-0.563,-576,225,-1,10393,,,,,,,
,,1,-0.955,-978,225,-1,10394,,,,,,,
,,1,-1.534,-1571,225,-1,10395,,,,,,,
,,1,-1.695,-1736,225,-1,10396,,,,,,,
,,1,-0.317,-325,225,-1,10397,,,,,,,
,,1,0.373,382,225,-1,10398,,,,,,,
,,1,-0.67,-686,225,-1,10399,,,,,,,
,,1,-1.43,-1464,225,-1,10400,,,,,-68,09:44:07,611
,,1,-1.196,-1225,225,-1,10401,,,,,,,
,,1,-0.803,-822,225,-1,10402,,,,,,,
,,1,-0.498,-510,225,-1,10403,,,,,,,
,,1,-0.031,-32,225,-1,10404,,,,,,,
,,1,-0.212,-217,225,-1,10405,,,,,,,
,,1,-0.313,-321,225,-1,10406,,,,,,,
,,1,-0.488,-500,225,-1,10407,,,,,,,
,,1,-0.499,-511,225,-1,10408,,,,,,,
,,1,0.012,12,225,-1,10409,,,,,,,
52.3550554,4.8061644,1,-0.21,-215,225,-1,10410,249,4,4,44,-68,09:44:07,811
,,1,-0.16,-164,225,-1,10411,,,,,,,
,,1,0.905,927,225,-1,10412,,,,,,,
,,1,0.606,621,225,-1,10413,,,,,,,
,,1,-0.042,-43,225,-1,10414,,,,,,,
,,1,0.467,478,225,-1,10415,,,,,,,
,,1,0.85,870,225,-1,10416,,,,,,,
,,7,0.527,540,226,980,10417,,,,,,,
,,1,0.098,100,226,-1,10418,,,,,,,
,,1,0.612,627,226,-1,10419,,,,,,,
,,1,0.81,829,226,-1,10420,,,,,-62,09:44:08,006
,,1,0.579,593,226,-1,10421,,,,,,,
,,1,0.522,535,226,-1,10422,,,,,,,
,,1,-0.01,-10,226,-1,10423,,,,,,,
,,1,2.076,2126,226,-1,10424,,,,,,,
,,1,1.485,1521,226,-1,10425,,,,,,,
,,1,0.321,329,226,-1,10426,,,,,,,
,,1,0.946,969,226,-1,10427,,,,,,,
,,1,-0.22,-225,226,-1,10428,,,,,,,
,,1,0.481,493,226,-1,10429,,,,,,,
,,1,-0.218,-223,226,-1,10430,,,,,-62,09:44:08,212
,,1,0.606,621,226,-1,10431,,,,,,,
,,1,0.261,267,226,-1,10432,,,,,,,
,,1,-0.718,-735,226,-1,10433,,,,,,,
,,1,0.364,373,226,-1,10434,,,,,,,
,,1,-0.621,-636,226,-1,10435,,,,,,,
,,1,-0.563,-576,226,-1,10436,,,,,,,
,,1,0.252,258,226,-1,10437,,,,,,,
,,1,0.599,613,226,-1,10438,,,,,,,
,,1,-2.251,-2305,226,-1,10439,,,,,,,
,,7,-2.579,-2641,227,980,10440,,,,,-62,09:44:08,439
,,1,1.794,1837,227,-1,10441,,,,,,,
,,1,2.221,2274,227,-1,10442,,,,,,,
,,1,-8.968,-9183,227,-1,10443,,,,,,,
,,1,-6.26,-6410,227,-1,10444,,,,,,,
,,1,8.14,8335,227,-1,10445,,,,,,,
,,1,-1.1,-1126,227,-1,10446,,,,,,,
,,1,-9.679,-9911,227,-1,10447,,,,,,,
,,1,4.865,4982,227,-1,10448,,,,,,,
,,1,-1.146,-1174,227,-1,10449,,,,,,,
,,1,-1.404,-1438,227,-1,10450,,,,,-62,09:44:08,600
,,1,4.119,4218,227,-1,10451,,,,,,,
,,1,-2.967,-3038,227,-1,10452,,,,,,,
,,1,-0.449,-460,227,-1,10453,,,,,,,
,,1,-1.019,-1043,227,-1,10454,,,,,,,
,,1,1.321,1353,227,-1,10455,,,,,,,
,,1,0.342,350,227,-1,10456,,,,,,,
,,7,7.334,7510,228,1056,10457,,,,,,,
,,1,1.902,1948,228,-1,10458,,,,,,,
,,1,-3.852,-3944,228,-1,10459,,,,,,,
52.3550483,4.8061449,1,0.37,379,228,-1,10460,236,4,4,44,-62,09:44:08,815
,,1,0.322,330,228,-1,10461,,,,,,,
,,1,-0.819,-839,228,-1,10462,,,,,,,
,,1,-0.643,-658,228,-1,10463,,,,,,,
,,1,1.07,1096,228,-1,10464,,,,,,,
,,1,2.975,3046,228,-1,10465,,,,,,,
,,1,-0.656,-672,228,-1,10466,,,,,,,
,,1,-3.066,-3140,228,-1,10467,,,,,,,
,,1,0.708,725,228,-1,10468,,,,,,,
,,1,1.13,1157,228,-1,10469,,,,,,,
,,1,-0.489,-501,228,-1,10470,,,,,-62,09:44:09,009
,,1,-1.488,-1524,228,-1,10471,,,,,,,
,,1,0.564,578,228,-1,10472,,,,,,,
,,1,-0.124,-127,228,-1,10473,,,,,,,
,,1,-0.735,-753,228,-1,10474,,,,,,,
,,1,-0.22,-225,228,-1,10475,,,,,,,
,,1,0.66,676,228,-1,10476,,,,,,,
,,1,-0.714,-731,228,-1,10477,,,,,,,
,,1,-1.129,-1156,228,-1,10478,,,,,,,
,,1,-0.029,-30,228,-1,10479,,,,,,,
,,1,0.07,72,228,-1,10480,,,,,-62,09:44:09,203
,,1,-0.558,-571,228,-1,10481,,,,,,,
,,1,-0.259,-265,228,-1,10482,,,,,,,
,,1,0.144,147,228,-1,10483,,,,,,,
,,1,-0.294,-301,228,-1,10484,,,,,,,
,,1,-0.472,-483,228,-1,10485,,,,,,,
,,1,-0.691,-708,228,-1,10486,,,,,,,
,,1,-0.122,-125,228,-1,10487,,,,,,,
,,1,0.659,675,228,-1,10488,,,,,,,
,,1,0.141,144,228,-1,10489,,,,,,,
,,1,-0.603,-617,228,-1,10490,,,,,-62,09:44:09,415
,,1,-0.794,-813,228,-1,10491,,,,,,,
,,1,0.289,296,228,-1,10492,,,,,,,
,,1,0.259,265,228,-1,10493,,,,,,,
,,1,-0.576,-590,228,-1,10494,,,,,,,
,,1,-0.364,-373,228,-1,10495,,,,,,,
,,1,0.314,322,228,-1,10496,,,,,,,
,,1,0.226,231,228,-1,10497,,,,,,,
,,1,-0.275,-282,228,-1,10498,,,,,,,
,,1,0.283,290,228,-1,10499,,,,,,,
,,1,0.141,144,228,-1,10500,,,,,-56,09:44:09,604
,,1,-0.314,-322,228,-1,10501,,,,,,,
,,1,-0.168,-172,228,-1,10502,,,,,,,
,,1,0.181,185,228,-1,10503,,,,,,,
,,1,0.163,167,228,-1,10504,,,,,,,
,,1,0.096,98,228,-1,10505,,,,,,,
,,1,0.212,217,228,-1,10506,,,,,,,
,,1,0.041,42,228,-1,10507,,,,,,,
,,1,-0.062,-63,228,-1,10508,,,,,,,
,,1,0.407,417,228,-1,10509,,,,,,,
52.3550409,4.8061133,1,0.531,544,228,-1,10510,305,5,4,44,-56,09:44:09,803
,,1,0.104,107,228,-1,10511,,,,,,,
,,1,0.271,278,228,-1,10512,,,,,,,
,,1,0.381,390,228,-1,10513,,,,,,,
,,1,0.199,204,228,-1,10514,,,,,,,
,,1,0.318,326,228,-1,10515,,,,,,,
,,1,0.443,454,228,-1,10516,,,,,,,
,,1,0.24,246,228,-1,10517,,,,,,,
,,1,0.17,174,228,-1,10518,,,,,,,
,,1,0.304,311,228,-1,10519,,,,,,,
,,1,0.234,240,228,-1,10520,,,,,-56,09:44:10,013
,,1,0.153,157,228,-1,10521,,,,,,,
,,1,0.162,166,228,-1,10522,,,,,,,
,,1,0.26,266,228,-1,10523,,,,,,,
,,1,0.188,193,228,-1,10524,,,,,,,
,,1,0.116,119,228,-1,10525,,,,,,,
,,1,0.148,152,228,-1,10526,,,,,,,
,,1,0.054,55,228,-1,10527,,,,,,,
,,1,0.095,97,228,-1,10528,,,,,,,
,,1,0.034,35,228,-1,10529,,,,,,,
52.3550409,4.8061133,1,-0.037,-38,228,-1,10530,305,5,4,44,-56,09:44:10,214
,,1,-0.067,-69,228,-1,10531,,,,,,,
,,1,-0.188,-193,228,-1,10532,,,,,,,
,,5,0.004,4,228,0,10533,,,,,,,
,,3,0.021,21,228,0,10534,,,,,,,
,,3,-0.204,-209,228,0,10535,,,,,,,
,,3,-0.268,-274,228,0,10536,,,,,,,
,,3,-0.077,-79,228,0,10537,,,,,,,
,,3,-0.077,-79,228,0,10538,,,,,,,
,,3,-0.195,-200,228,0,10539,,,,,,,
,,3,-0.195,-200,228,0,10540,,,,,-56,09:44:10,402
,,3,-0.063,-64,228,0,10541,,,,,,,
,,3,-0.207,-212,228,0,10542,,,,,,,
,,3,-0.222,-227,228,0,10543,,,,,,,
,,3,-0.15,-154,228,0,10544,,,,,,,
,,3,-0.132,-135,228,0,10545,,,,,,,
,,3,-0.238,-244,228,0,10546,,,,,,,
,,3,-0.286,-293,228,0,10547,,,,,,,
,,3,-0.271,-277,228,0,10548,,,,,,,
,,3,-0.098,-100,228,0,10549,,,,,,,
52.3550485,4.8061116,3,-0.247,-253,228,0,10550,318,3,4,44,-56,09:44:10,608
,,3,-0.412,-422,228,0,10551,,,,,,,
,,3,-0.05,-51,228,0,10552,,,,,,,
,,3,-0.105,-108,228,0,10553,,,,,,,
,,3,-0.831,-851,228,0,10554,,,,,,,
,,3,-1.699,-1740,228,0,10555,,,,,,,
,,3,-1.552,-1589,229,0,10556,,,,,,,
,,3,0.026,27,229,0,10557,,,,,,,
,,3,0.394,403,229,0,10558,,,,,,,
,,3,0.143,146,229,0,10559,,,,,,,
52.3550485,4.8061116,3,-0.102,-104,229,0,10560,318,3,4,44,-56,09:44:10,804
,,3,0.087,89,229,0,10561,,,,,,,
,,3,0.385,394,229,0,10562,,,,,,,
,,3,0.781,800,229,0,10563,,,,,,,
,,3,0.599,613,229,0,10564,,,,,,,
,,7,0.409,419,230,462,10565,,,,,,,
,,1,0.336,344,230,-1,10566,,,,,,,
,,1,0.441,452,230,-1,10567,,,,,,,
,,1,0.316,324,230,-1,10568,,,,,,,
,,1,0.113,116,230,-1,10569,,,,,,,
,,1,0.017,17,230,-1,10570,,,,,-56,09:44:11,003
,,1,0.03,31,230,-1,10571,,,,,,,
,,1,0.345,353,230,-1,10572,,,,,,,
,,1,0.319,327,230,-1,10573,,,,,,,
,,1,0.164,168,230,-1,10574,,,,,,,
,,1,0.283,290,230,-1,10575,,,,,,,
,,1,0.391,400,230,-1,10576,,,,,,,
,,1,0.461,472,230,-1,10577,,,,,,,
,,1,0.371,380,230,-1,10578,,,,,,,
,,1,0.372,381,230,-1,10579,,,,,,,
,,1,0.403,413,230,-1,10580,,,,,-56,09:44:11,212
,,1,0.407,417,230,-1,10581,,,,,,,
,,1,0.438,448,230,-1,10582,,,,,,,
,,1,0.369,378,230,-1,10583,,,,,,,
,,1,0.336,344,230,-1,10584,,,,,,,
,,1,0.225,230,230,-1,10585,,,,,,,
,,1,0.219,224,230,-1,10586,,,,,,,
,,1,0.31,317,230,-1,10587,,,,,,,
,,1,0.417,427,230,-1,10588,,,,,,,
,,1,0.371,380,230,-1,10589,,,,,,,
,,1,0.372,381,230,-1,10590,,,,,-53,09:44:11,406
,,1,0.24,246,230,-1,10591,,,,,,,
,,1,0.187,191,230,-1,10592,,,,,,,
,,1,0.022,23,230,-1,10593,,,,,,,
,,1,0.112,115,230,-1,10594,,,,,,,
,,1,0.173,177,230,-1,10595,,,,,,,
,,1,0.189,194,230,-1,10596,,,,,,,
,,1,0.121,124,230,-1,10597,,,,,,,
,,1,-0.072,-74,230,-1,10598,,,,,,,
,,1,-0.03,-31,230,-1,10599,,,,,,,
,,1,-0.245,-251,230,-1,10600,,,,,-53,09:44:11,599
,,1,-0.316,-324,230,-1,10601,,,,,,,
,,1,-0.47,-481,230,-1,10602,,,,,,,
,,1,-0.331,-339,230,-1,10603,,,,,,,
,,1,-0.099,-101,230,-1,10604,,,,,,,
,,1,-0.328,-336,230,-1,10605,,,,,,,
,,1,-0.461,-472,230,-1,10606,,,,,,,
,,1,-0.56,-573,230,-1,10607,,,,,,,
,,7,-0.463,-474,231,625,10608,,,,,,,
,,1,-0.29,-297,231,-1,10609,,,,,,,
52.3550506,4.8061117,1,-0.116,-119,231,-1,10610,314,3,4,44,-53,09:44:11,813
,,1,-0.139,-142,231,-1,10611,,,,,,,
,,1,-0.129,-132,231,-1,10612,,,,,,,
,,1,-0.143,-146,231,-1,10613,,,,,,,
,,1,-0.206,-211,231,-1,10614,,,,,,,
,,1,-0.224,-229,231,-1,10615,,,,,,,
,,1,-0.192,-197,231,-1,10616,,,,,,,
,,1,-0.176,-180,231,-1,10617,,,,,,,
,,1,-0.245,-251,231,-1,10618,,,,,,,
,,1,-0.243,-249,231,-1,10619,,,,,,,
,,1,-0.159,-163,231,-1,10620,,,,,-53,09:44:12,012
,,1,-0.104,-106,231,-1,10621,,,,,,,
,,1,-0.104,-107,231,-1,10622,,,,,,,
,,1,-0.104,-107,231,-1,10623,,,,,,,
,,1,-0.256,-262,231,-1,10624,,,,,,,
,,1,-0.243,-249,231,-1,10625,,,,,,,
,,1,0.004,4,231,-1,10626,,,,,,,
,,1,-0.028,-29,231,-1,10627,,,,,,,
,,1,-0.53,-543,231,-1,10628,,,,,,,
,,1,-0.429,-439,231,-1,10629,,,,,,,
,,1,-0.183,-187,231,-1,10630,,,,,-53,09:44:12,202
,,1,-0.377,-386,231,-1,10631,,,,,,,
,,1,-0.598,-612,231,-1,10632,,,,,,,
,,1,-0.412,-422,231,-1,10633,,,,,,,
,,1,-0.311,-318,231,-1,10634,,,,,,,
,,1,-0.499,-511,231,-1,10635,,,,,,,
,,1,-0.561,-574,231,-1,10636,,,,,,,
,,1,-0.518,-530,231,-1,10637,,,,,,,
,,1,-0.552,-565,231,-1,10638,,,,,,,
,,1,-0.646,-661,231,-1,10639,,,,,,,
,,1,-0.673,-689,231,-1,10640,,,,,-53,09:44:12,415
,,1,-0.588,-602,231,-1,10641,,,,,,,
,,1,-0.874,-895,231,-1,10642,,,,,,,
,,1,-0.893,-914,231,-1,10643,,,,,,,
,,1,-0.675,-691,231,-1,10644,,,,,,,
,,1,-0.878,-899,231,-1,10645,,,,,,,
,,1,-1.236,-1266,231,-1,10646,,,,,,,
,,1,-0.6,-614,231,-1,10647,,,,,,,
,,1,-0.613,-628,231,-1,10648,,,,,,,
,,1,-0.845,-865,231,-1,10649,,,,,,,
52.3550504,4.8061091,1,-0.688,-705,231,-1,10650,296,2,4,44,-53,09:44:12,609
,,1,-0.787,-806,231,-1,10651,,,,,,,
,,1,-0.841,-861,231,-1,10652,,,,,,,
,,1,-0.77,-788,231,-1,10653,,,,,,,
,,1,2.894,2963,231,-1,10654,,,,,,,
,,1,0.622,637,231,-1,10655,,,,,,,
,,1,-2.813,-2881,231,-1,10656,,,,,,,
,,1,-0.871,-892,231,-1,10657,,,,,,,
,,1,-0.226,-231,231,-1,10658,,,,,,,
,,1,-1.437,-1471,231,-1,10659,,,,,,,
,,1,-1.373,-1406,231,-1,10660,,,,,-53,09:44:12,806
,,1,-0.352,-360,231,-1,10661,,,,,,,
,,1,-0.291,-298,231,-1,10662,,,,,,,
,,1,-0.562,-575,231,-1,10663,,,,,,,
,,1,-0.91,-932,231,-1,10664,,,,,,,
,,1,-0.489,-501,231,-1,10665,,,,,,,
,,1,-1.969,-2016,231,-1,10666,,,,,,,
,,1,-0.626,-641,231,-1,10667,,,,,,,
,,1,-0.576,-590,231,-1,10668,,,,,,,
,,1,-1.418,-1452,231,-1,10669,,,,,,,
,,1,-0.776,-795,231,-1,10670,,,,,-53,09:44:13,026
,,1,-0.622,-637,231,-1,10671,,,,,,,
,,1,-1.344,-1376,231,-1,10672,,,,,,,
,,1,-0.725,-742,231,-1,10673,,,,,,,
,,1,-0.999,-1023,231,-1,10674,,,,,,,
,,1,-0.899,-921,231,-1,10675,,,,,,,
,,1,-0.776,-795,231,-1,10676,,,,,,,
,,1,-0.917,-939,231,-1,10677,,,,,,,
,,1,-1.053,-1078,231,-1,10678,,,,,,,
,,1,-1.232,-1262,231,-1,10679,,,,,,,
52.3550504,4.8061091,1,-0.817,-837,231,-1,10680,296,2,4,44,-64,09:44:13,207
,,1,-1.06,-1085,231,-1,10681,,,,,,,
,,1,-0.367,-376,231,-1,10682,,,,,,,
,,1,-1.758,-1800,231,-1,10683,,,,,,,
,,5,-1.021,-1046,231,0,10684,,,,,,,
,,3,-0.803,-822,231,0,10685,,,,,,,
,,3,-0.747,-765,231,0,10686,,,,,,,
,,3,-1.125,-1152,231,0,10687,,,,,,,
,,3,-0.555,-568,231,0,10688,,,,,,,
,,3,-0.36,-369,231,0,10689,,,,,,,
,,3,-1.143,-1170,231,0,10690,,,,,-64,09:44:13,410
,,3,-1.255,-1285,231,0,10691,,,,,,,
,,3,-0.711,-728,231,0,10692,,,,,,,
,,3,-0.17,-174,231,0,10693,,,,,,,
,,3,0.094,96,231,0,10694,,,,,,,
,,3,-1.584,-1622,231,0,10695,,,,,,,
,,3,-2.017,-2065,231,0,10696,,,,,,,
,,3,-0.747,-765,231,0,10697,,,,,,,
,,3,0.099,101,231,0,10698,,,,,,,
,,3,-0.855,-876,231,0,10699,,,,,,,
,,3,-1.58,-1618,231,0,10700,,,,,-64,09:44:13,611
,,3,-1.852,-1896,231,0,10701,,,,,,,
,,3,-0.52,-532,231,0,10702,,,,,,,
,,3,-0.699,-716,231,0,10703,,,,,,,
,,3,-1.26,-1290,231,0,10704,,,,,,,
,,3,-1.214,-1243,231,0,10705,,,,,,,
,,3,-0.62,-635,231,0,10706,,,,,,,
,,3,-0.959,-982,231,0,10707,,,,,,,
,,3,-1.31,-1341,231,0,10708,,,,,,,
,,3,-0.841,-861,231,0,10709,,,,,,,
52.3550448,4.8061033,3,-0.898,-920,231,0,10710,222,3,4,44,-64,09:44:13,809
,,3,-1.808,-1851,231,0,10711,,,,,,,
,,3,-1.341,-1373,231,0,10712,,,,,,,
,,3,-0.996,-1020,231,0,10713,,,,,,,
,,3,-1.395,-1428,231,0,10714,,,,,,,
,,3,-0.92,-942,231,0,10715,,,,,,,
,,3,-0.595,-609,231,0,10716,,,,,,,
,,3,-1.199,-1228,231,0,10717,,,,,,,
,,3,-1.182,-1210,231,0,10718,,,,,,,
,,3,-1.137,-1164,231,0,10719,,,,,,,
,,3,-0.706,-723,231,0,10720,,,,,-64,09:44:14,001
,,3,-0.929,-951,231,0,10721,,,,,,,
,,3,-1.138,-1165,231,0,10722,,,,,,,
,,3,-1.209,-1238,231,0,10723,,,,,,,
,,3,-0.735,-753,231,0,10724,,,,,,,
,,3,-0.79,-809,231,0,10725,,,,,,,
,,3,-0.992,-1016,231,0,10726,,,,,,,
,,3,-0.865,-886,231,0,10727,,,,,,,
,,3,-0.824,-844,231,0,10728,,,,,,,
,,3,-0.973,-996,231,0,10729,,,,,,,
,,3,-0.854,-874,231,0,10730,,,,,-64,09:44:14,224
,,3,-0.786,-805,231,0,10731,,,,,,,
,,3,-0.865,-886,231,0,10732,,,,,,,
,,3,-0.838,-858,231,0,10733,,,,,,,
,,3,-0.746,-764,231,0,10734,,,,,,,
,,3,-0.95,-973,231,0,10735,,,,,,,
,,3,-0.945,-968,231,0,10736,,,,,,,
,,3,-0.833,-853,231,0,10737,,,,,,,
,,3,-0.784,-803,231,0,10738,,,,,,,
,,3,-0.66,-676,231,0,10739,,,,,,,
,,3,-0.559,-572,231,0,10740,,,,,-64,09:44:14,412
,,3,-0.753,-771,231,0,10741,,,,,,,
,,3,-0.594,-608,231,0,10742,,,,,,,
,,3,-0.439,-450,231,0,10743,,,,,,,
,,3,-0.547,-560,231,0,10744,,,,,,,
,,3,-0.377,-386,231,0,10745,,,,,,,
,,3,-0.299,-306,231,0,10746,,,,,,,
,,3,-0.471,-482,231,0,10747,,,,,,,
,,3,-0.252,-258,231,0,10748,,,,,,,
,,3,-0.199,-204,231,0,10749,,,,,,,
52.3550417,4.8060988,3,-0.181,-185,231,0,10750,235,3,4,43,-64,09:44:14,623
,,3,-0.077,-79,231,0,10751,,,,,,,
,,3,-0.034,-35,231,0,10752,,,,,,,
,,3,0.063,65,231,0,10753,,,,,,,
,,3,0.027,28,231,0,10754,,,,,,,
,,3,0.285,292,231,0,10755,,,,,,,
,,3,0.262,268,231,0,10756,,,,,,,
,,3,0.165,169,231,0,10757,,,,,,,
,,3,0.143,146,231,0,10758,,,,,,,
,,3,0.212,217,231,0,10759,,,,,,,
,,3,0.458,469,231,0,10760,,,,,-65,09:44:14,813
,,3,0.899,921,231,0,10761,,,,,,,
,,3,0.995,1019,231,0,10762,,,,,,,
,,3,-0.014,-14,231,0,10763,,,,,,,
,,3,0.633,648,231,0,10764,,,,,,,
,,3,1.2,1229,231,0,10765,,,,,,,
,,3,0.83,850,232,0,10766,,,,,,,
,,3,0.538,551,232,0,10767,,,,,,,
,,3,0.688,704,232,0,10768,,,,,,,
,,3,0.58,594,232,0,10769,,,,,,,
,,3,0.625,640,232,0,10770,,,,,-65,09:44:15,010
,,3,0.676,692,232,0,10771,,,,,,,
,,3,1.019,1043,232,0,10772,,,,,,,
,,3,1.697,1738,232,0,10773,,,,,,,
,,3,1.155,1183,232,0,10774,,,,,,,
,,3,0.64,655,232,0,10775,,,,,,,
,,3,0.662,678,232,0,10776,,,,,,,
,,3,0.96,983,232,0,10777,,,,,,,
,,3,1.079,1105,232,0,10778,,,,,,,
,,3,1.1,1126,232,0,10779,,,,,,,
,,3,1.159,1187,232,0,10780,,,,,-65,09:44:15,201
,,3,0.963,986,232,0,10781,,,,,,,
,,3,0.886,907,232,0,10782,,,,,,,
,,3,0.683,699,232,0,10783,,,,,,,
,,3,0.587,601,232,0,10784,,,,,,,
,,3,0.857,878,232,0,10785,,,,,,,
,,3,0.826,846,232,0,10786,,,,,,,
,,3,0.563,577,232,0,10787,,,,,,,
,,3,0.555,568,232,0,10788,,,,,,,
,,3,0.657,673,232,0,10789,,,,,,,
,,3,0.753,771,232,0,10790,,,,,-65,09:44:15,409
,,3,0.552,565,232,0,10791,,,,,,,
,,3,0.55,563,232,0,10792,,,,,,,
,,3,0.33,338,232,0,10793,,,,,,,
,,3,0.524,537,232,0,10794,,,,,,,
,,3,0.374,383,232,0,10795,,,,,,,
,,3,0.379,388,232,0,10796,,,,,,,
,,3,-0.128,-131,232,0,10797,,,,,,,
,,3,0.293,300,232,0,10798,,,,,,,
,,3,0.167,171,232,0,10799,,,,,,,
52.3550423,4.8060927,3,-0.549,-562,232,0,10800,258,3,4,43,-65,09:44:15,607
,,3,-0.535,-548,232,0,10801,,,,,,,
,,3,-0.028,-29,232,0,10802,,,,,,,
,,3,-0.355,-364,232,0,10803,,,,,,,
,,3,-0.763,-781,232,0,10804,,,,,,,
,,7,-0.658,-674,233,253,10805,,,,,,,
,,1,-0.318,-326,233,-1,10806,,,,,,,
,,1,-0.776,-795,233,-1,10807,,,,,,,
,,1,-1.288,-1319,233,-1,10808,,,,,,,
,,1,-1.065,-1091,233,-1,10809,,,,,,,
,,1,-0.842,-862,233,-1,10810,,,,,-65,09:44:15,799
,,1,-1.081,-1107,233,-1,10811,,,,,,,
,,1,-0.911,-933,233,-1,10812,,,,,,,
,,1,-0.896,-918,233,-1,10813,,,,,,,
,,1,-0.638,-653,233,-1,10814,,,,,,,
,,1,-0.604,-619,233,-1,10815,,,,,,,
,,1,-1.133,-1160,233,-1,10816,,,,,,,
,,1,-1.201,-1230,233,-1,10817,,,,,,,
,,1,-0.77,-788,233,-1,10818,,,,,,,
,,1,-0.689,-706,233,-1,10819,,,,,,,
,,1,-0.614,-629,233,-1,10820,,,,,-65,09:44:16,009
,,1,-0.616,-631,233,-1,10821,,,,,,,
,,1,-0.965,-988,233,-1,10822,,,,,,,
,,1,-0.925,-947,233,-1,10823,,,,,,,
,,1,-0.376,-385,233,-1,10824,,,,,,,
,,1,-0.282,-289,233,-1,10825,,,,,,,
,,1,-0.311,-318,233,-1,10826,,,,,,,
,,1,-0.238,-244,233,-1,10827,,,,,,,
,,1,-0.087,-89,233,-1,10828,,,,,,,
,,1,-0.045,-46,233,-1,10829,,,,,,,
,,1,0.053,54,233,-1,10830,,,,,-65,09:44:16,204
,,1,0.1,102,233,-1,10831,,,,,,,
,,1,0.159,163,233,-1,10832,,,,,,,
,,1,0.258,264,233,-1,10833,,,,,,,
,,1,0.424,434,233,-1,10834,,,,,,,
,,1,0.701,718,233,-1,10835,,,,,,,
,,7,0.616,631,234,374,10836,,,,,,,
,,1,0.734,752,234,-1,10837,,,,,,,
,,1,0.752,770,234,-1,10838,,,,,,,
,,1,0.676,692,234,-1,10839,,,,,,,
,,1,0.634,649,234,-1,10840,,,,,-65,09:44:16,459
,,1,0.827,847,234,-1,10841,,,,,,,
,,1,1.169,1197,234,-1,10842,,,,,,,
,,1,0.926,948,234,-1,10843,,,,,,,
,,1,0.696,713,234,-1,10844,,,,,,,
,,1,0.806,825,234,-1,10845,,,,,,,
,,1,1.003,1027,234,-1,10846,,,,,,,
,,1,1.055,1080,234,-1,10847,,,,,,,
,,1,1.484,1520,234,-1,10848,,,,,,,
,,1,1.172,1200,234,-1,10849,,,,,,,
52.3550401,4.8060798,1,0.847,867,234,-1,10850,258,4,5,43,-64,09:44:16,612
,,1,0.616,631,234,-1,10851,,,,,,,
,,1,0.978,1001,234,-1,10852,,,,,,,
,,1,1.147,1175,234,-1,10853,,,,,,,
,,1,1.031,1056,234,-1,10854,,,,,,,
,,1,0.722,739,234,-1,10855,,,,,,,
,,1,0.74,758,234,-1,10856,,,,,,,
,,1,0.535,548,234,-1,10857,,,,,,,
,,1,0.184,188,234,-1,10858,,,,,,,
,,1,0.791,810,234,-1,10859,,,,,,,
,,1,0.654,670,234,-1,10860,,,,,-64,09:44:16,805
,,1,0.128,131,234,-1,10861,,,,,,,
,,1,0.211,216,234,-1,10862,,,,,,,
,,1,-0.072,-74,234,-1,10863,,,,,,,
,,1,-0.492,-504,234,-1,10864,,,,,,,
,,1,-0.579,-593,234,-1,10865,,,,,,,
,,1,-0.33,-338,234,-1,10866,,,,,,,
,,1,-0.059,-60,234,-1,10867,,,,,,,
,,1,-0.074,-76,234,-1,10868,,,,,,,
,,1,-0.033,-34,234,-1,10869,,,,,,,
52.3550401,4.8060798,1,-0.154,-158,234,-1,10870,258,4,5,43,-64,09:44:17,005
,,1,-0.739,-757,234,-1,10871,,,,,,,
,,7,-1.04,-1065,235,729,10872,,,,,,,
,,1,-1.318,-1350,235,-1,10873,,,,,,,
,,1,-0.761,-779,235,-1,10874,,,,,,,
,,1,-0.383,-392,235,-1,10875,,,,,,,
,,1,-0.317,-325,235,-1,10876,,,,,,,
,,1,-0.891,-912,235,-1,10877,,,,,,,
,,1,-1.407,-1441,235,-1,10878,,,,,,,
,,1,-1.521,-1557,235,-1,10879,,,,,,,
,,1,-0.66,-676,235,-1,10880,,,,,-64,09:44:17,210
,,1,-0.675,-691,235,-1,10881,,,,,,,
,,1,-1.141,-1168,235,-1,10882,,,,,,,
,,1,-1.58,-1618,235,-1,10883,,,,,,,
,,1,-1.088,-1114,235,-1,10884,,,,,,,
,,1,-0.959,-982,235,-1,10885,,,,,,,
,,1,-1.176,-1204,235,-1,10886,,,,,,,
,,1,-1.035,-1060,235,-1,10887,,,,,,,
,,1,-0.453,-464,235,-1,10888,,,,,,,
,,1,-0.474,-485,235,-1,10889,,,,,,,
,,1,-0.937,-959,235,-1,10890,,,,,-64,09:44:17,420
,,1,-0.834,-854,235,-1,10891,,,,,,,
,,1,-0.41,-420,235,-1,10892,,,,,,,
,,1,-0.309,-316,235,-1,10893,,,,,,,
,,1,-0.401,-411,235,-1,10894,,,,,,,
,,1,-0.351,-359,235,-1,10895,,,,,,,
,,1,-0.187,-191,235,-1,10896,,,,,,,
,,1,-0.184,-188,235,-1,10897,,,,,,,
,,1,0.085,87,235,-1,10898,,,,,,,
,,1,0.027,28,235,-1,10899,,,,,,,
52.3550226,4.8060607,1,0.165,169,235,-1,10900,224,5,5,43,-64,09:44:17,659
,,1,0.235,241,235,-1,10901,,,,,,,
,,1,0.149,153,235,-1,10902,,,,,,,
,,1,0.288,295,235,-1,10903,,,,,,,
,,1,0.35,358,235,-1,10904,,,,,,,
,,1,0.609,624,235,-1,10905,,,,,,,
,,7,0.592,606,236,729,10906,,,,,,,
,,1,0.71,727,236,-1,10907,,,,,,,
,,1,0.826,846,236,-1,10908,,,,,,,
,,1,0.935,957,236,-1,10909,,,,,,,
,,1,0.568,582,236,-1,10910,,,,,-64,09:44:17,829
,,1,0.96,983,236,-1,10911,,,,,,,
,,1,0.697,714,236,-1,10912,,,,,,,
,,1,0.272,279,236,-1,10913,,,,,,,
,,1,1.137,1164,236,-1,10914,,,,,,,
,,1,1.719,1760,236,-1,10915,,,,,,,
,,1,1.409,1443,236,-1,10916,,,,,,,
,,1,0.836,856,236,-1,10917,,,,,,,
,,1,0.617,632,236,-1,10918,,,,,,,
,,1,0.712,729,236,-1,10919,,,,,,,
,,1,1.103,1129,236,-1,10920,,,,,-64,09:44:18,013
,,1,1.18,1208,236,-1,10921,,,,,,,
,,1,0.115,118,236,-1,10922,,,,,,,
,,1,0.816,836,236,-1,10923,,,,,,,
,,1,1.28,1311,236,-1,10924,,,,,,,
,,1,0.683,699,236,-1,10925,,,,,,,
,,1,0.604,619,236,-1,10926,,,,,,,
,,1,1.271,1302,236,-1,10927,,,,,,,
,,1,0.906,928,236,-1,10928,,,,,,,
,,1,0.04,41,236,-1,10929,,,,,,,
,,1,0.148,152,236,-1,10930,,,,,-64,09:44:18,200
,,1,0.997,1021,236,-1,10931,,,,,,,
,,1,0.79,809,236,-1,10932,,,,,,,
,,1,-0.26,-266,236,-1,10933,,,,,,,
,,1,0.172,176,236,-1,10934,,,,,,,
,,1,0.422,432,236,-1,10935,,,,,,,
,,1,-0.042,-43,236,-1,10936,,,,,,,
,,1,-0.245,-251,236,-1,10937,,,,,,,
,,1,-0.189,-194,236,-1,10938,,,,,,,
,,1,-0.098,-100,236,-1,10939,,,,,,,
,,1,-0.133,-136,236,-1,10940,,,,,-67,09:44:18,412
,,1,-0.352,-360,236,-1,10941,,,,,,,
,,1,-0.473,-484,236,-1,10942,,,,,,,
,,1,-0.881,-902,236,-1,10943,,,,,,,
,,7,-1.096,-1122,237,704,10944,,,,,,,
,,1,-0.987,-1011,237,-1,10945,,,,,,,
,,1,-0.402,-412,237,-1,10946,,,,,,,
,,1,-0.543,-556,237,-1,10947,,,,,,,
,,1,-0.968,-991,237,-1,10948,,,,,,,
,,1,-1.091,-1117,237,-1,10949,,,,,,,
,,1,-0.833,-853,237,-1,10950,,,,,-67,09:44:18,605
,,1,-0.51,-522,237,-1,10951,,,,,,,
,,1,-0.506,-518,237,-1,10952,,,,,,,
,,1,-0.34,-348,237,-1,10953,,,,,,,
,,1,-0.188,-193,237,-1,10954,,,,,,,
,,1,-0.968,-991,237,-1,10955,,,,,,,
,,1,-1.572,-1610,237,-1,10956,,,,,,,
,,1,-1.471,-1506,237,-1,10957,,,,,,,
,,1,-0.967,-990,237,-1,10958,,,,,,,
,,1,-0.829,-849,237,-1,10959,,,,,,,
52.3550055,4.8060432,1,-0.435,-445,237,-1,10960,212,6,6,43,-67,09:44:18,832
,,1,-0.517,-529,237,-1,10961,,,,,,,
,,1,-1.733,-1775,237,-1,10962,,,,,,,
,,1,-1.715,-1756,237,-1,10963,,,,,,,
,,1,-0.868,-889,237,-1,10964,,,,,,,
,,1,-0.604,-618,237,-1,10965,,,,,,,
,,1,0.17,174,237,-1,10966,,,,,,,
,,1,0.087,89,237,-1,10967,,,,,,,
,,1,-0.48,-492,237,-1,10968,,,,,,,
,,1,-1.24,-1270,237,-1,10969,,,,,,,
,,1,-0.329,-337,237,-1,10970,,,,,-67,09:44:19,025
,,1,0.078,80,237,-1,10971,,,,,,,
,,1,-0.265,-271,237,-1,10972,,,,,,,
,,1,0.301,308,237,-1,10973,,,,,,,
,,1,0.361,370,237,-1,10974,,,,,,,
,,1,0.302,309,237,-1,10975,,,,,,,
,,7,1.567,1605,238,704,10976,,,,,,,
,,1,1.067,1093,238,-1,10977,,,,,,,
,,1,-1.39,-1423,238,-1,10978,,,,,,,
,,1,-0.344,-352,238,-1,10979,,,,,,,
,,1,2.36,2417,238,-1,10980,,,,,-67,09:44:19,224
,,1,1.226,1255,238,-1,10981,,,,,,,
,,1,-1.603,-1641,238,-1,10982,,,,,,,
,,1,1.464,1499,238,-1,10983,,,,,,,
,,1,2.295,2350,238,-1,10984,,,,,,,
,,1,-0.136,-139,238,-1,10985,,,,,,,
,,1,-0.021,-21,238,-1,10986,,,,,,,
,,1,1.712,1753,238,-1,10987,,,,,,,
,,1,1.995,2043,238,-1,10988,,,,,,,
,,1,-0.048,-49,238,-1,10989,,,,,,,
,,1,0.12,123,238,-1,10990,,,,,-67,09:44:19,440
,,1,2.311,2366,238,-1,10991,,,,,,,
,,1,2.174,2226,238,-1,10992,,,,,,,
,,1,0.23,236,238,-1,10993,,,,,,,
,,1,-0.195,-200,238,-1,10994,,,,,,,
,,1,1.032,1057,238,-1,10995,,,,,,,
,,1,1.154,1182,238,-1,10996,,,,,,,
,,1,0.775,794,238,-1,10997,,,,,,,
,,1,0.672,688,238,-1,10998,,,,,,,
,,1,0.772,791,238,-1,10999,,,,,,,
52.3549938,4.8060314,1,0.579,593,238,-1,11000,200,6,6,43,-67,09:44:19,626
,,1,0.66,676,238,-1,11001,,,,,,,
,,1,0.813,833,238,-1,11002,,,,,,,
,,1,0.59,604,238,-1,11003,,,,,,,
,,1,0.381,390,238,-1,11004,,,,,,,
,,1,0.241,247,238,-1,11005,,,,,,,
,,1,0.504,516,238,-1,11006,,,,,,,
,,1,0.224,229,238,-1,11007,,,,,,,
,,1,0.084,86,238,-1,11008,,,,,,,
,,1,-0.241,-247,238,-1,11009,,,,,,,
,,1,-0.064,-66,238,-1,11010,,,,,-67,09:44:19,822
,,1,-0.222,-227,238,-1,11011,,,,,,,
,,1,-0.325,-333,238,-1,11012,,,,,,,
,,1,-0.266,-272,238,-1,11013,,,,,,,
,,1,-0.654,-670,238,-1,11014,,,,,,,
,,7,-0.705,-722,239,709,11015,,,,,,,
,,1,-0.605,-620,239,-1,11016,,,,,,,
,,1,-0.226,-231,239,-1,11017,,,,,,,
,,1,-0.317,-325,239,-1,11018,,,,,,,
,,1,-0.531,-544,239,-1,11019,,,,,,,
,,1,-0.772,-791,239,-1,11020,,,,,-64,09:44:20,036
,,1,-1.071,-1097,239,-1,11021,,,,,,,
,,1,-1.13,-1157,239,-1,11022,,,,,,,
,,1,-0.905,-927,239,-1,11023,,,,,,,
,,1,-1.266,-1296,239,-1,11024,,,,,,,
,,1,-1.307,-1338,239,-1,11025,,,,,,,
,,1,-1.313,-1345,239,-1,11026,,,,,,,
,,1,-0.868,-889,239,-1,11027,,,,,,,
,,1,-0.329,-337,239,-1,11028,,,,,,,
,,1,-0.153,-157,239,-1,11029,,,,,,,
,,1,-0.565,-579,239,-1,11030,,,,,-64,09:44:20,226
,,1,-1.282,-1313,239,-1,11031,,,,,,,
,,1,-1.465,-1500,239,-1,11032,,,,,,,
,,1,-1.456,-1491,239,-1,11033,,,,,,,
,,1,-0.424,-434,239,-1,11034,,,,,,,
,,1,-0.271,-278,239,-1,11035,,,,,,,
,,1,-1.071,-1097,239,-1,11036,,,,,,,
,,1,-0.759,-777,239,-1,11037,,,,,,,
,,1,-0.486,-498,239,-1,11038,,,,,,,
,,1,-0.625,-640,239,-1,11039,,,,,,,
,,1,0.112,115,239,-1,11040,,,,,-64,09:44:20,424
,,1,0.166,170,239,-1,11041,,,,,,,
,,1,-0.622,-637,239,-1,11042,,,,,,,
,,1,0.319,327,239,-1,11043,,,,,,,
,,1,0.372,381,239,-1,11044,,,,,,,
,,1,0.541,554,239,-1,11045,,,,,,,
,,1,-0.689,-706,239,-1,11046,,,,,,,
,,1,-0.097,-99,239,-1,11047,,,,,,,
,,1,0.895,916,239,-1,11048,,,,,,,
,,1,0.151,155,239,-1,11049,,,,,,,
52.3549798,4.8060221,1,0.465,476,239,-1,11050,185,6,6,43,-64,09:44:20,627
,,1,-0.14,-143,239,-1,11051,,,,,,,
,,1,1.205,1234,239,-1,11052,,,,,,,
,,7,0.682,698,240,675,11053,,,,,,,
,,1,0.491,503,240,-1,11054,,,,,,,
,,1,0.758,776,240,-1,11055,,,,,,,
,,1,1.426,1460,240,-1,11056,,,,,,,
,,1,0.679,695,240,-1,11057,,,,,,,
,,1,0.39,399,240,-1,11058,,,,,,,
,,1,1.191,1220,240,-1,11059,,,,,,,
,,1,1.918,1964,240,-1,11060,,,,,-64,09:44:20,828
,,1,1.426,1460,240,-1,11061,,,,,,,
,,1,0.507,519,240,-1,11062,,,,,,,
,,1,0.461,472,240,-1,11063,,,,,,,
,,1,1.05,1075,240,-1,11064,,,,,,,
,,1,1.234,1264,240,-1,11065,,,,,,,
,,1,1.027,1052,240,-1,11066,,,,,,,
,,1,1.079,1105,240,-1,11067,,,,,,,
,,1,0.988,1012,240,-1,11068,,,,,,,
,,1,0.538,551,240,-1,11069,,,,,,,
,,1,0.421,431,240,-1,11070,,,,,-64,09:44:21,026
,,1,0.823,843,240,-1,11071,,,,,,,
,,1,0.967,990,240,-1,11072,,,,,,,
,,1,0.718,735,240,-1,11073,,,,,,,
,,1,0.553,566,240,-1,11074,,,,,,,
,,1,0.67,686,240,-1,11075,,,,,,,
,,1,0.282,289,240,-1,11076,,,,,,,
,,1,0.136,139,240,-1,11077,,,,,,,
,,1,0.249,255,240,-1,11078,,,,,,,
,,1,0.501,513,240,-1,11079,,,,,,,
,,1,0.452,463,240,-1,11080,,,,,-64,09:44:21,235
,,1,0.132,135,240,-1,11081,,,,,,,
,,1,-0.153,-157,240,-1,11082,,,,,,,
,,1,0.366,375,240,-1,11083,,,,,,,
,,1,0.153,157,240,-1,11084,,,,,,,
,,1,-0.578,-592,240,-1,11085,,,,,,,
,,1,-0.154,-158,240,-1,11086,,,,,,,
,,1,0.006,6,240,-1,11087,,,,,,,
,,1,-0.317,-325,240,-1,11088,,,,,,,
,,1,-0.649,-665,240,-1,11089,,,,,,,
,,1,-0.676,-692,240,-1,11090,,,,,-64,09:44:21,427
,,7,-0.87,-891,241,653,11091,,,,,,,
,,1,-0.813,-833,241,-1,11092,,,,,,,
,,1,-0.976,-999,241,-1,11093,,,,,,,
,,1,-0.679,-695,241,-1,11094,,,,,,,
,,1,-0.524,-537,241,-1,11095,,,,,,,
,,1,-0.718,-735,241,-1,11096,,,,,,,
,,1,-1.136,-1163,241,-1,11097,,,,,,,
,,1,-1.48,-1516,241,-1,11098,,,,,,,
,,1,-1.351,-1383,241,-1,11099,,,,,,,
52.3549682,4.8060223,1,-0.854,-875,241,-1,11100,167,5,6,43,-64,09:44:21,636
,,1,-0.626,-641,241,-1,11101,,,,,,,
,,1,-0.535,-548,241,-1,11102,,,,,,,
,,1,-0.756,-774,241,-1,11103,,,,,,,
,,1,-1.089,-1115,241,-1,11104,,,,,,,
,,1,-1.278,-1309,241,-1,11105,,,,,,,
,,1,-1.31,-1341,241,-1,11106,,,,,,,
,,1,-0.951,-974,241,-1,11107,,,,,,,
,,1,-0.718,-735,241,-1,11108,,,,,,,
,,1,-0.671,-687,241,-1,11109,,,,,,,
,,1,-0.861,-882,241,-1,11110,,,,,-66,09:44:21,833
,,1,-1.335,-1367,241,-1,11111,,,,,,,
,,1,-0.905,-927,241,-1,11112,,,,,,,
,,1,-0.608,-623,241,-1,11113,,,,,,,
,,1,-0.595,-609,241,-1,11114,,,,,,,
,,1,-0.649,-665,241,-1,11115,,,,,,,
,,1,-0.529,-542,241,-1,11116,,,,,,,
,,1,-0.754,-772,241,-1,11117,,,,,,,
,,1,-0.629,-644,241,-1,11118,,,,,,,
,,1,-0.399,-409,241,-1,11119,,,,,,,
,,1,-0.181,-185,241,-1,11120,,,,,-66,09:44:22,026
,,1,-0.542,-555,241,-1,11121,,,,,,,
,,1,-0.106,-109,241,-1,11122,,,,,,,
,,1,-0.434,-444,241,-1,11123,,,,,,,
,,1,0.093,95,241,-1,11124,,,,,,,
,,1,-0.025,-26,241,-1,11125,,,,,,,
,,1,-0.235,-241,241,-1,11126,,,,,,,
,,1,0.203,208,241,-1,11127,,,,,,,
,,1,0.507,519,241,-1,11128,,,,,,,
,,1,0.108,111,241,-1,11129,,,,,,,
,,1,0.709,726,241,-1,11130,,,,,-66,09:44:22,280
,,1,-0.044,-45,241,-1,11131,,,,,,,
,,1,0.817,837,241,-1,11132,,,,,,,
,,1,0.366,375,241,-1,11133,,,,,,,
,,1,-0.057,-58,241,-1,11134,,,,,,,
,,1,0.426,436,241,-1,11135,,,,,,,
,,1,0.884,905,241,-1,11136,,,,,,,
,,7,0.979,1002,242,625,11137,,,,,,,
,,1,0.883,904,242,-1,11138,,,,,,,
,,1,0.652,668,242,-1,11139,,,,,,,
,,1,0.453,464,242,-1,11140,,,,,-66,09:44:22,432
,,1,0.414,424,242,-1,11141,,,,,,,
,,1,0.895,916,242,-1,11142,,,,,,,
,,1,1.408,1442,242,-1,11143,,,,,,,
,,1,1.02,1044,242,-1,11144,,,,,,,
,,1,0.629,644,242,-1,11145,,,,,,,
,,1,0.575,589,242,-1,11146,,,,,,,
,,1,0.799,818,242,-1,11147,,,,,,,
,,1,1.12,1147,242,-1,11148,,,,,,,
,,1,1.143,1170,242,-1,11149,,,,,,,
52.3549584,4.8060301,10,0.971,994,242,-1,11150,148,5,6,43,-66,09:44:22,624
,,1,1.024,1049,242,-1,11151,,,,,,,
,,1,1.013,1037,242,-1,11152,,,,,,,
,,1,0.928,950,242,-1,11153,,,,,,,
,,1,0.948,971,242,-1,11154,,,,,,,
,,1,0.973,996,242,-1,11155,,,,,,,
,,1,0.969,992,242,-1,11156,,,,,,,
,,1,0.911,933,242,-1,11157,,,,,,,
,,1,0.939,962,242,-1,11158,,,,,,,
,,1,0.938,960,242,-1,11159,,,,,,,
,,1,0.887,908,242,-1,11160,,,,,-66,09:44:22,824
,,1,0.88,901,242,-1,11161,,,,,,,
,,1,0.927,949,242,-1,11162,,,,,,,
,,1,0.919,941,242,-1,11163,,,,,,,
,,1,0.89,911,242,-1,11164,,,,,,,
,,1,0.916,938,242,-1,11165,,,,,,,
,,1,0.976,999,242,-1,11166,,,,,,,
,,1,0.881,902,242,-1,11167,,,,,,,
,,1,0.78,799,242,-1,11168,,,,,,,
,,1,0.72,737,242,-1,11169,,,,,,,
,,1,0.703,720,242,-1,11170,,,,,,09:44:23,044
,,1,0.662,678,242,-1,11171,,,,,,,
,,1,0.611,626,242,-1,11172,,,,,,,
,,1,0.633,648,242,-1,11173,,,,,,,
,,1,0.605,620,242,-1,11174,,,,,,,
,,1,0.51,522,242,-1,11175,,,,,,,
,,1,0.487,499,242,-1,11176,,,,,,,
,,1,0.516,528,242,-1,11177,,,,,,,
,,1,0.479,490,242,-1,11178,,,,,,,
,,1,0.354,363,242,-1,11179,,,,,,,
,,12,,,,,,,,,,,09:44:23,084
Charge(start | stop):, 65 | 81%
WheelDiam:, 28.0 inch
Frequency:, 50.0 Hz
Trip stop code:, 1 (Normal finish)
BLE Device Information Service
Hardware:, 105
Firmware:,3.0.6
SystemID:, DC8E95FFFE7604F0
App version:, 1.1.5+44
Sensor's connection:, 2026-08-24 09:40:38.526, 2026-08-24 09:44:23.104
Trip start/end:, 2026-08-24 09:40:43.219, 2026-08-24 09:44:22.624

,Duration,Stops,Dist km,AVG km/h,AVGWOS km/h,MAX km/h,MAX- m/s²,MAX+ m/s²,Falls,Bamps,Elevation m
SENSOR:,03:39,00:54,0.27,4.4,5.8,12.6,-2.03,20.11,--,3
GNSS:,03:38,00:28,0.246,4,5,6,,,,,0
