latitude,longitude,marker,Acc Y (g),Temp Data,HRot Count,Speed,Samples,Heading GPS (dg),Speed GPS,Accuracy GPS,Altitude GPS,RSSI dBm,HH:mm:ss,SSS
52.3423372,4.906744,4,0.716,0,0,-2,0,90,0,13,46,-66,22:21:04,690
,,3,0.712,0,0,-1,1,,,,,,,
,,3,0.772,0,0,0,2,,,,,,,
,,3,0.774,0,0,0,3,,,,,,,
,,3,0.746,0,0,0,4,,,,,,,
,,3,0.751,0,0,0,5,,,,,,,
,,3,0.843,0,0,0,6,,,,,,,
,,3,0.807,0,0,0,7,,,,,,,
,,3,0.846,0,0,0,8,,,,,,,
,,3,0.837,0,0,0,9,,,,,,,
,,3,0.848,0,0,0,10,,,,,-66,22:21:04,885
,,3,0.82,0,0,0,11,,,,,,,
,,3,0.875,0,0,0,12,,,,,,,
,,3,0.827,0,0,0,13,,,,,,,
,,3,0.9,0,0,0,14,,,,,,,
,,3,0.933,0,0,0,15,,,,,,,
,,3,0.985,0,0,0,16,,,,,,,
,,3,0.886,0,0,0,17,,,,,,,
,,3,0.937,0,0,0,18,,,,,,,
,,3,1.104,0,0,0,19,,,,,,,
,,3,0.97,0,0,0,20,,,,,-66,22:21:05,118
,,3,0.801,0,0,0,21,,,,,,,
,,3,0.879,0,0,0,22,,,,,,,
,,3,1.079,0,0,0,23,,,,,,,
,,3,0.82,0,0,0,24,,,,,,,
,,3,0.946,0,0,0,25,,,,,,,
,,3,1.031,0,0,0,26,,,,,,,
,,3,0.941,0,0,0,27,,,,,,,
,,3,0.993,0,0,0,28,,,,,,,
,,3,0.921,0,0,0,29,,,,,,,
52.3423446,4.9067295,3,0.898,0,0,0,30,297,0,12,46,-66,22:21:05,283
,,3,1.119,0,0,0,31,,,,,,,
,,3,1.037,0,0,0,32,,,,,,,
,,3,0.801,0,0,0,33,,,,,,,
,,3,0.93,0,0,0,34,,,,,,,
,,3,1.353,0,0,0,35,,,,,,,
,,3,1.24,0,0,0,36,,,,,,,
,,3,0.948,0,0,0,37,,,,,,,
,,3,0.754,0,0,0,38,,,,,,,
,,3,0.878,0,0,0,39,,,,,,,
,,3,1.082,0,0,0,40,,,,,-66,22:21:05,487
,,3,0.872,0,0,0,41,,,,,,,
,,3,0.583,0,0,0,42,,,,,,,
,,3,0.858,0,0,0,43,,,,,,,
,,3,0.981,0,0,0,44,,,,,,,
,,3,0.817,0,0,0,45,,,,,,,
,,3,0.815,0,0,0,46,,,,,,,
,,3,0.866,0,0,0,47,,,,,,,
,,3,0.74,0,0,0,48,,,,,,,
,,3,0.972,0,0,0,49,,,,,,,
,,3,0.854,0,0,0,50,,,,,-66,22:21:05,694
,,3,0.726,0,0,0,51,,,,,,,
,,3,0.797,0,0,0,52,,,,,,,
,,3,0.817,0,0,0,53,,,,,,,
,,3,0.64,0,0,0,54,,,,,,,
,,3,0.752,0,0,0,55,,,,,,,
,,3,0.768,0,0,0,56,,,,,,,
,,3,0.604,0,0,0,57,,,,,,,
,,3,0.574,0,0,0,58,,,,,,,
,,3,0.671,0,0,0,59,,,,,,,
,,3,0.575,0,0,0,60,,,,,-66,22:21:05,876
,,3,0.517,0,0,0,61,,,,,,,
,,3,0.541,0,0,0,62,,,,,,,
,,3,0.504,0,0,0,63,,,,,,,
,,3,0.482,0,0,0,64,,,,,,,
,,3,0.372,0,0,0,65,,,,,,,
,,3,0.407,0,0,0,66,,,,,,,
,,3,0.371,0,0,0,67,,,,,,,
,,3,0.954,0,0,0,68,,,,,,,
,,3,0.176,0,0,0,69,,,,,,,
,,3,0.438,0,0,0,70,,,,,-66,22:21:06,096
,,3,0.414,0,0,0,71,,,,,,,
,,3,-0.384,0,0,0,72,,,,,,,
,,3,0.587,0,0,0,73,,,,,,,
,,3,0.204,0,0,0,74,,,,,,,
,,3,0.272,0,0,0,75,,,,,,,
,,3,0.059,0,0,0,76,,,,,,,
,,3,0.043,0,0,0,77,,,,,,,
,,3,-0.157,0,0,0,78,,,,,,,
,,3,-0.293,0,0,0,79,,,,,,,
,,3,0.737,0,0,0,80,,,,,-66,22:21:06,295
,,3,0.273,0,0,0,81,,,,,,,
,,3,-0.452,0,0,0,82,,,,,,,
,,3,-0.702,0,0,0,83,,,,,,,
,,3,-0.354,0,0,0,84,,,,,,,
,,3,0.223,0,0,0,85,,,,,,,
,,3,0.02,0,0,0,86,,,,,,,
,,3,-0.32,0,0,0,87,,,,,,,
,,3,-0.509,0,0,0,88,,,,,,,
,,3,-0.241,0,0,0,89,,,,,,,
52.3423446,4.906725,3,-0.31,0,0,0,90,259,0,11,46,-78,22:21:06,748
,,3,-0.223,0,0,0,91,,,,,,,
,,3,-0.411,0,0,0,92,,,,,,,
,,3,-0.479,0,0,0,93,,,,,,,
,,3,-0.305,0,0,0,94,,,,,,,
,,3,-0.174,0,0,0,95,,,,,,,
,,3,-0.007,0,0,0,96,,,,,,,
,,3,-0.312,0,0,0,97,,,,,,,
,,3,-0.328,0,0,0,98,,,,,,,
,,3,-0.395,0,0,0,99,,,,,,,
,,3,-0.602,0,0,0,100,,,,,,22:21:06,777
,,3,-0.506,0,0,0,101,,,,,,,
,,3,-0.381,0,0,0,102,,,,,,,
,,3,-0.391,0,0,0,103,,,,,,,
,,3,-0.511,0,0,0,104,,,,,,,
,,3,-0.519,0,0,0,105,,,,,,,
,,3,-0.524,0,0,0,106,,,,,,,
,,3,-0.521,0,0,0,107,,,,,,,
,,3,-0.518,0,0,0,108,,,,,,,
,,3,-0.606,0,0,0,109,,,,,,,
,,3,-0.639,0,0,0,110,,,,,,22:21:06,977
,,3,-0.55,0,0,0,111,,,,,,,
,,3,-0.549,0,0,0,112,,,,,,,
,,3,-0.635,0,0,0,113,,,,,,,
,,3,-0.678,0,0,0,114,,,,,,,
,,3,-0.657,0,0,0,115,,,,,,,
,,3,-0.676,0,0,0,116,,,,,,,
,,3,-0.704,0,0,0,117,,,,,,,
,,3,-0.646,0,0,0,118,,,,,,,
,,3,-0.653,0,0,0,119,,,,,,,
,,3,-0.744,0,0,0,120,,,,,,22:21:07,219
,,3,-0.872,0,1,0,121,,,,,,,
,,3,-0.627,0,1,0,122,,,,,,,
,,3,-0.641,0,1,0,123,,,,,,,
,,3,-0.862,0,1,0,124,,,,,,,
,,3,-0.831,0,1,0,125,,,,,,,
,,3,-0.795,0,1,0,126,,,,,,,
,,3,-0.771,0,1,0,127,,,,,,,
,,3,-0.732,0,1,0,128,,,,,,,
,,3,-0.728,0,1,0,129,,,,,,,
,,3,-0.82,0,1,0,130,,,,,,22:21:07,451
,,3,-0.804,0,1,0,131,,,,,,,
,,3,-0.781,0,1,0,132,,,,,,,
,,3,-0.769,0,1,0,133,,,,,,,
,,3,-0.74,0,1,0,134,,,,,,,
,,3,-0.737,0,1,0,135,,,,,,,
,,3,-0.811,0,1,0,136,,,,,,,
,,3,-0.724,0,1,0,137,,,,,,,
,,3,-0.763,0,1,0,138,,,,,,,
,,3,-0.826,0,1,0,139,,,,,,,
52.3423429,4.9067241,3,-0.762,0,1,0,140,274,0,10,46,,22:21:07,545
,,3,-1.333,0,1,0,141,,,,,,,
,,3,-0.834,0,1,0,142,,,,,,,
,,3,-0.153,0,1,0,143,,,,,,,
,,3,-0.361,0,1,0,144,,,,,,,
,,3,-0.738,0,1,0,145,,,,,,,
,,3,-1.333,0,1,0,146,,,,,,,
,,3,-0.758,0,1,0,147,,,,,,,
,,3,-0.41,0,1,0,148,,,,,,,
,,3,-0.298,0,1,0,149,,,,,,,
,,3,-0.762,0,1,0,150,,,,,,22:21:07,721
,,3,-0.82,0,1,0,151,,,,,,,
,,3,-0.769,0,1,0,152,,,,,,,
,,3,-0.382,0,1,0,153,,,,,,,
,,3,-0.298,0,1,0,154,,,,,,,
,,3,-0.656,0,1,0,155,,,,,,,
,,3,-0.72,0,1,0,156,,,,,,,
,,3,-0.445,0,1,0,157,,,,,,,
,,3,-0.442,0,1,0,158,,,,,,,
,,3,-0.582,0,1,0,159,,,,,,,
,,3,-0.626,0,1,0,160,,,,,,22:21:07,904
,,3,-0.547,0,1,0,161,,,,,,,
,,3,-0.465,0,1,0,162,,,,,,,
,,3,-0.521,0,1,0,163,,,,,,,
,,3,-0.58,0,1,0,164,,,,,,,
,,3,-0.584,0,1,0,165,,,,,,,
,,3,-0.512,0,1,0,166,,,,,,,
,,3,-0.622,0,1,0,167,,,,,,,
,,3,-0.641,0,1,0,168,,,,,,,
,,3,-0.532,0,1,0,169,,,,,,,
,,3,-0.71,0,1,0,170,,,,,-81,22:21:08,097
,,3,-0.831,0,1,0,171,,,,,,,
,,3,-0.728,0,1,0,172,,,,,,,
,,3,-0.595,0,1,0,173,,,,,,,
,,3,-0.868,0,1,0,174,,,,,,,
,,3,-0.886,0,1,0,175,,,,,,,
,,3,-0.785,0,1,0,176,,,,,,,
,,3,-0.704,0,1,0,177,,,,,,,
,,3,-0.856,0,1,0,178,,,,,,,
,,3,-0.688,0,1,0,179,,,,,,,
,,3,-0.914,0,1,0,180,,,,,-81,22:21:08,292
,,3,-0.815,0,1,0,181,,,,,,,
,,3,-0.89,0,1,0,182,,,,,,,
,,3,-0.834,0,1,0,183,,,,,,,
,,3,-0.906,0,1,0,184,,,,,,,
,,3,-1.044,0,1,0,185,,,,,,,
,,3,-0.964,0,1,0,186,,,,,,,
,,3,-0.883,0,1,0,187,,,,,,,
,,3,-0.962,0,1,0,188,,,,,,,
,,3,-0.964,0,1,0,189,,,,,,,
,,3,-0.72,0,1,0,190,,,,,-81,22:21:08,478
,,3,-0.678,0,1,0,191,,,,,,,
,,3,-0.896,0,1,0,192,,,,,,,
,,3,-0.975,0,1,0,193,,,,,,,
,,3,-0.83,0,1,0,194,,,,,,,
,,3,-0.862,0,1,0,195,,,,,,,
,,3,-0.955,0,1,0,196,,,,,,,
,,3,-1.087,0,1,0,197,,,,,,,
,,3,-1.003,0,1,0,198,,,,,,,
,,3,-0.862,0,1,0,199,,,,,,,
,,3,-0.762,0,1,0,200,,,,,-81,22:21:08,701
,,3,-0.871,0,1,0,201,,,,,,,
,,3,-0.817,0,1,0,202,,,,,,,
,,3,-0.91,0,1,0,203,,,,,,,
,,3,-0.94,0,1,0,204,,,,,,,
,,3,-0.871,0,1,0,205,,,,,,,
,,3,-0.913,0,1,0,206,,,,,,,
,,3,-0.963,0,1,0,207,,,,,,,
,,3,-0.885,0,1,0,208,,,,,,,
,,3,-1.09,0,1,0,209,,,,,,,
52.3423419,4.9067245,3,-1.173,0,1,0,210,87,0,10,46,-81,22:21:08,917
,,3,-0.688,0,1,0,211,,,,,,,
,,3,-0.97,0,1,0,212,,,,,,,
,,3,-1.053,0,1,0,213,,,,,,,
,,3,-1.174,0,1,0,214,,,,,,,
,,3,-0.644,0,1,0,215,,,,,,,
,,3,-1.234,0,1,0,216,,,,,,,
,,3,-1.159,0,1,0,217,,,,,,,
,,3,-1.113,0,1,0,218,,,,,,,
,,3,-0.854,0,1,0,219,,,,,,,
,,3,-1.167,0,1,0,220,,,,,-81,22:21:09,075
,,3,-1.04,0,1,0,221,,,,,,,
,,3,-0.996,0,1,0,222,,,,,,,
,,3,-1.118,0,1,0,223,,,,,,,
,,3,-1.014,0,1,0,224,,,,,,,
,,3,-1.055,0,1,0,225,,,,,,,
,,3,-0.966,0,1,0,226,,,,,,,
,,3,-0.909,0,1,0,227,,,,,,,
,,3,-1.03,0,1,0,228,,,,,,,
,,3,-1.135,0,1,0,229,,,,,,,
,,3,-0.827,0,1,0,230,,,,,-81,22:21:09,348
,,3,-0.935,0,1,0,231,,,,,,,
,,3,-1.036,0,1,0,232,,,,,,,
,,3,-0.961,0,1,0,233,,,,,,,
,,3,-1.087,0,1,0,234,,,,,,,
,,3,-1.083,0,1,0,235,,,,,,,
,,3,-0.678,0,1,0,236,,,,,,,
,,3,-0.944,0,1,0,237,,,,,,,
,,3,-0.964,0,1,0,238,,,,,,,
,,3,-1.177,0,1,0,239,,,,,,,
,,3,-0.76,0,1,0,240,,,,,-81,22:21:09,481
,,3,-0.575,0,1,0,241,,,,,,,
,,3,-0.915,0,1,0,242,,,,,,,
,,3,-0.964,0,1,0,243,,,,,,,
,,3,-1.069,0,1,0,244,,,,,,,
,,3,-0.462,0,1,0,245,,,,,,,
,,3,-0.471,0,1,0,246,,,,,,,
,,3,-0.9,0,1,0,247,,,,,,,
,,3,-0.251,0,1,0,248,,,,,,,
,,3,-0.361,0,1,0,249,,,,,,,
,,3,-0.235,0,1,0,250,,,,,-81,22:21:09,690
,,3,-0.283,0,1,0,251,,,,,,,
,,3,-0.354,0,1,0,252,,,,,,,
,,3,-0.505,0,1,0,253,,,,,,,
,,3,-0.306,0,1,0,254,,,,,,,
,,3,-0.422,0,1,0,255,,,,,,,
,,3,-1.235,0,1,0,256,,,,,,,
,,3,-0.615,0,1,0,257,,,,,,,
,,3,-0.021,0,1,0,258,,,,,,,
,,3,-0.09,0,1,0,259,,,,,,,
52.3423397,4.9067262,3,-0.346,0,1,0,260,90,0,10,46,-77,22:21:09,932
,,3,-0.104,0,1,0,261,,,,,,,
,,3,0.195,0,1,0,262,,,,,,,
,,3,0.036,0,1,0,263,,,,,,,
,,3,-0.053,0,1,0,264,,,,,,,
,,3,0.147,0,1,0,265,,,,,,,
,,3,0.703,0,1,0,266,,,,,,,
,,3,0.43,0,1,0,267,,,,,,,
,,3,0.496,0,1,0,268,,,,,,,
,,3,0.463,0,1,0,269,,,,,,,
,,3,0.563,0,1,0,270,,,,,-77,22:21:10,084
,,3,0.701,0,1,0,271,,,,,,,
,,3,0.767,0,1,0,272,,,,,,,
,,3,0.928,0,1,0,273,,,,,,,
,,3,1.117,0,2,0,274,,,,,,,
,,3,0.775,0,2,0,275,,,,,,,
,,3,0.753,0,2,0,276,,,,,,,
,,3,1.672,0,2,0,277,,,,,,,
,,3,1.067,0,2,0,278,,,,,,,
,,3,0.544,0,2,0,279,,,,,,,
,,3,0.866,0,2,0,280,,,,,-77,22:21:10,275
,,3,0.952,0,2,0,281,,,,,,,
,,3,1.069,0,2,0,282,,,,,,,
,,3,0.583,0,2,0,283,,,,,,,
,,3,0.413,0,2,0,284,,,,,,,
,,3,1.116,0,2,0,285,,,,,,,
,,3,0.815,0,2,0,286,,,,,,,
,,3,0.806,0,2,0,287,,,,,,,
,,3,0.279,0,2,0,288,,,,,,,
,,3,0.768,0,2,0,289,,,,,,,
,,3,0.206,0,2,0,290,,,,,-77,22:21:10,494
,,3,0.702,0,2,0,291,,,,,,,
,,3,0.612,0,2,0,292,,,,,,,
,,3,0.145,0,2,0,293,,,,,,,
,,3,0.232,0,2,0,294,,,,,,,
,,3,0.552,0,2,0,295,,,,,,,
,,3,0.285,0,2,0,296,,,,,,,
,,3,-0.485,0,2,0,297,,,,,,,
,,3,-0.112,0,2,0,298,,,,,,,
,,3,0.16,0,2,0,299,,,,,,,
52.3423397,4.9067262,3,-0.169,0,2,0,300,90,0,10,46,-77,22:21:10,697
,,3,-0.246,0,2,0,301,,,,,,,
,,3,0.112,0,2,0,302,,,,,,,
,,3,-0.258,0,2,0,303,,,,,,,
,,3,-0.507,0,2,0,304,,,,,,,
,,3,-0.099,0,2,0,305,,,,,,,
,,3,-0.48,0,2,0,306,,,,,,,
,,3,-0.517,0,2,0,307,,,,,,,
,,9,-0.749,0,3,267,308,,,,,,,
,,1,-0.992,0,3,-1,309,,,,,,,
52.3423386,4.906726,1,-0.35,0,3,-1,310,90,0,10,46,-77,22:21:10,893
,,1,-0.318,0,3,-1,311,,,,,,,
,,1,-0.45,0,3,-1,312,,,,,,,
,,1,-1.887,0,3,-1,313,,,,,,,
,,1,-1.091,0,3,-1,314,,,,,,,
,,1,-0.63,0,3,-1,315,,,,,,,
,,1,-0.854,0,3,-1,316,,,,,,,
,,1,-0.994,0,3,-1,317,,,,,,,
,,1,-1.037,0,3,-1,318,,,,,,,
,,1,-1.015,0,3,-1,319,,,,,,,
,,1,-0.903,0,3,-1,320,,,,,-77,22:21:11,101
,,1,-1.165,0,3,-1,321,,,,,,,
,,1,-0.626,0,3,-1,322,,,,,,,
,,1,-1.166,0,3,-1,323,,,,,,,
,,1,-0.927,0,3,-1,324,,,,,,,
,,1,-0.528,0,3,-1,325,,,,,,,
,,1,-1.143,0,3,-1,326,,,,,,,
,,1,-0.29,0,3,-1,327,,,,,,,
,,1,-1.019,0,3,-1,328,,,,,,,
,,1,-0.525,0,3,-1,329,,,,,,,
,,1,-0.843,0,3,-1,330,,,,,-77,22:21:11,314
,,1,-0.254,0,3,-1,331,,,,,,,
,,1,-0.999,0,3,-1,332,,,,,,,
,,1,-0.543,0,3,-1,333,,,,,,,
,,1,-0.548,0,3,-1,334,,,,,,,
,,1,0.111,0,3,-1,335,,,,,,,
,,1,-0.116,0,3,-1,336,,,,,,,
,,1,-0.038,0,3,-1,337,,,,,,,
,,1,-0.528,0,3,-1,338,,,,,,,
,,1,0.233,0,3,-1,339,,,,,,,
,,1,0.263,0,3,-1,340,,,,,-77,22:21:11,476
,,1,0.976,0,3,-1,341,,,,,,,
,,1,0.113,0,3,-1,342,,,,,,,
,,1,0.389,0,3,-1,343,,,,,,,
,,7,0.888,0,4,389,344,,,,,,,
,,1,1.006,0,4,-1,345,,,,,,,
,,1,0.713,0,4,-1,346,,,,,,,
,,1,0.765,0,4,-1,347,,,,,,,
,,1,0.608,0,4,-1,348,,,,,,,
,,1,1.153,0,4,-1,349,,,,,,,
,,1,0.822,0,4,-1,350,,,,,-77,22:21:11,685
,,1,0.567,0,4,-1,351,,,,,,,
,,1,0.864,0,4,-1,352,,,,,,,
,,1,0.825,0,4,-1,353,,,,,,,
,,1,0.651,0,4,-1,354,,,,,,,
,,1,0.739,0,4,-1,355,,,,,,,
,,1,1.132,0,4,-1,356,,,,,,,
,,1,1.254,0,4,-1,357,,,,,,,
,,1,0.788,0,4,-1,358,,,,,,,
,,1,0.502,0,4,-1,359,,,,,,,
52.3423332,4.9067397,1,0.865,0,4,-1,360,0,0,10,46,-77,22:21:11,881
,,1,1.315,0,4,-1,361,,,,,,,
,,1,0.771,0,4,-1,362,,,,,,,
,,1,0.886,0,4,-1,363,,,,,,,
,,1,0.663,0,4,-1,364,,,,,,,
,,1,0.663,0,4,-1,365,,,,,,,
,,1,0.39,0,4,-1,366,,,,,,,
,,1,0.492,0,4,-1,367,,,,,,,
,,1,0.605,0,4,-1,368,,,,,,,
,,1,0.001,0,4,-1,369,,,,,,,
52.3423332,4.9067397,1,-0.064,0,4,-1,370,0,0,10,46,-77,22:21:12,091
,,1,0.383,0,4,-1,371,,,,,,,
,,1,-0.548,0,4,-1,372,,,,,,,
,,1,-0.395,0,4,-1,373,,,,,,,
,,1,0.119,0,4,-1,374,,,,,,,
,,1,-0.538,0,4,-1,375,,,,,,,
,,1,-0.038,0,4,-1,376,,,,,,,
,,1,-0.772,0,4,-1,377,,,,,,,
,,7,-1.557,0,5,714,378,,,,,,,
,,1,0.177,0,5,-1,379,,,,,,,
,,1,-1.143,0,5,-1,380,,,,,-77,22:21:12,320
,,1,-1.157,0,5,-1,381,,,,,,,
,,1,-0.937,0,5,-1,382,,,,,,,
,,1,-0.587,0,5,-1,383,,,,,,,
,,1,-0.722,0,5,-1,384,,,,,,,
,,1,-1.126,0,5,-1,385,,,,,,,
,,1,-1.766,0,5,-1,386,,,,,,,
,,1,-0.794,0,5,-1,387,,,,,,,
,,1,-0.244,0,5,-1,388,,,,,,,
,,1,-0.868,0,5,-1,389,,,,,,,
,,1,-1.365,0,5,-1,390,,,,,-77,22:21:12,511
,,1,-0.942,0,5,-1,391,,,,,,,
,,1,-0.261,0,5,-1,392,,,,,,,
,,1,-1.045,0,5,-1,393,,,,,,,
,,1,-0.999,0,5,-1,394,,,,,,,
,,1,-0.744,0,5,-1,395,,,,,,,
,,1,-0.694,0,5,-1,396,,,,,,,
,,1,-0.034,0,5,-1,397,,,,,,,
,,1,-0.158,0,5,-1,398,,,,,,,
,,1,-0.282,0,5,-1,399,,,,,,,
,,1,-0.748,0,5,-1,400,,,,,-77,22:21:12,707
,,1,-0.276,0,5,-1,401,,,,,,,
,,1,-0.073,0,5,-1,402,,,,,,,
,,1,0.873,0,5,-1,403,,,,,,,
,,1,0.731,0,5,-1,404,,,,,,,
,,1,0.099,0,5,-1,405,,,,,,,
,,1,0.49,0,5,-1,406,,,,,,,
,,7,0.922,0,6,751,407,,,,,,,
,,1,0.885,0,6,-1,408,,,,,,,
,,1,1.091,0,6,-1,409,,,,,,,
52.3423291,4.9067505,1,0.989,0,6,-1,410,308,0,10,46,-77,22:21:12,884
,,1,0.762,0,6,-1,411,,,,,,,
,,1,0.756,0,6,-1,412,,,,,,,
,,1,0.944,0,6,-1,413,,,,,,,
,,1,1.377,0,6,-1,414,,,,,,,
,,1,0.909,0,6,-1,415,,,,,,,
,,1,0.992,0,6,-1,416,,,,,,,
,,1,1.087,0,6,-1,417,,,,,,,
,,1,1.174,0,6,-1,418,,,,,,,
,,1,0.907,0,6,-1,419,,,,,,,
,,1,0.541,0,6,-1,420,,,,,-77,22:21:13,080
,,1,0.661,0,6,-1,421,,,,,,,
,,1,0.629,0,6,-1,422,,,,,,,
,,1,0.504,0,6,-1,423,,,,,,,
,,1,0.52,0,6,-1,424,,,,,,,
,,1,0.273,0,6,-1,425,,,,,,,
,,1,0.157,0,6,-1,426,,,,,,,
,,1,0.063,0,6,-1,427,,,,,,,
,,1,-0.21,0,6,-1,428,,,,,,,
,,1,-0.064,0,6,-1,429,,,,,,,
,,1,-0.329,0,6,-1,430,,,,,-80,22:21:13,276
,,1,-0.528,0,6,-1,431,,,,,,,
,,1,-0.431,0,6,-1,432,,,,,,,
,,1,-0.516,0,6,-1,433,,,,,,,
,,7,-0.82,0,7,840,434,,,,,,,
,,1,-0.878,0,7,-1,435,,,,,,,
,,1,-0.637,0,7,-1,436,,,,,,,
,,1,-0.874,0,7,-1,437,,,,,,,
,,1,-0.518,0,7,-1,438,,,,,,,
,,1,-1.463,0,7,-1,439,,,,,,,
,,1,-1.032,0,7,-1,440,,,,,-80,22:21:13,508
,,1,-0.529,0,7,-1,441,,,,,,,
,,1,-0.546,0,7,-1,442,,,,,,,
,,1,-0.847,0,7,-1,443,,,,,,,
,,1,-1.109,0,7,-1,444,,,,,,,
,,1,-0.999,0,7,-1,445,,,,,,,
,,1,-0.856,0,7,-1,446,,,,,,,
,,1,-0.431,0,7,-1,447,,,,,,,
,,1,-0.533,0,7,-1,448,,,,,,,
,,1,-0.375,0,7,-1,449,,,,,,,
,,1,-0.81,0,7,-1,450,,,,,-80,22:21:13,697
,,1,-0.5,0,7,-1,451,,,,,,,
,,1,-0.394,0,7,-1,452,,,,,,,
,,1,0.191,0,7,-1,453,,,,,,,
,,1,0.044,0,7,-1,454,,,,,,,
,,1,0.058,0,7,-1,455,,,,,,,
,,1,0.499,0,7,-1,456,,,,,,,
,,1,0.53,0,7,-1,457,,,,,,,
,,1,0.181,0,7,-1,458,,,,,,,
,,1,0.319,0,7,-1,459,,,,,,,
52.3423278,4.9067564,1,0.665,0,7,-1,460,333,0,10,46,-80,22:21:13,875
,,7,0.905,0,8,909,461,,,,,,,
,,1,-0.235,0,8,-1,462,,,,,,,
,,1,0.934,0,8,-1,463,,,,,,,
,,1,0.55,0,8,-1,464,,,,,,,
,,1,0.829,0,8,-1,465,,,,,,,
,,1,1.04,0,8,-1,466,,,,,,,
,,1,0.899,0,8,-1,467,,,,,,,
,,1,0.918,0,8,-1,468,,,,,,,
,,1,1.079,0,8,-1,469,,,,,,,
,,1,1.185,0,8,-1,470,,,,,-80,22:21:14,105
,,1,1.023,0,8,-1,471,,,,,,,
,,1,0.985,0,8,-1,472,,,,,,,
,,1,0.836,0,8,-1,473,,,,,,,
,,1,1.051,0,8,-1,474,,,,,,,
,,1,0.807,0,8,-1,475,,,,,,,
,,1,0.677,0,8,-1,476,,,,,,,
,,1,0.854,0,8,-1,477,,,,,,,
,,1,0.391,0,8,-1,478,,,,,,,
,,1,0.549,0,8,-1,479,,,,,,,
,,1,0.629,0,8,-1,480,,,,,-80,22:21:14,285
,,1,-0.064,0,8,-1,481,,,,,,,
,,1,0.813,0,8,-1,482,,,,,,,
,,1,-0.258,0,8,-1,483,,,,,,,
,,1,-0.228,0,8,-1,484,,,,,,,
,,1,-0.17,0,8,-1,485,,,,,,,
,,1,-0.037,0,8,-1,486,,,,,,,
,,1,-1.017,0,8,-1,487,,,,,,,
,,1,-0.479,0,8,-1,488,,,,,,,
,,7,-0.551,0,9,917,489,,,,,,,
,,1,-0.596,0,9,-1,490,,,,,-80,22:21:14,478
,,1,-0.818,0,9,-1,491,,,,,,,
,,1,-0.503,0,9,-1,492,,,,,,,
,,1,-1.179,0,9,-1,493,,,,,,,
,,1,-0.866,0,9,-1,494,,,,,,,
,,1,-1.059,0,9,-1,495,,,,,,,
,,1,-1.047,0,9,-1,496,,,,,,,
,,1,-0.913,0,9,-1,497,,,,,,,
,,1,-0.863,0,9,-1,498,,,,,,,
,,1,-1.207,0,9,-1,499,,,,,,,
,,1,-0.672,0,9,-1,500,,,,,-80,22:21:14,688
,,1,-1.277,0,9,-1,501,,,,,,,
,,1,-0.408,0,9,-1,502,,,,,,,
,,1,-0.383,0,9,-1,503,,,,,,,
,,1,-0.568,0,9,-1,504,,,,,,,
,,1,-0.81,0,9,-1,505,,,,,,,
,,1,-0.199,0,9,-1,506,,,,,,,
,,1,0.051,0,9,-1,507,,,,,,,
,,1,-0.045,0,9,-1,508,,,,,,,
,,1,0.15,0,9,-1,509,,,,,,,
52.3423279,4.9067584,1,0.533,0,9,-1,510,0,0,9,46,-80,22:21:14,912
,,1,0.29,0,9,-1,511,,,,,,,
,,1,0.292,0,9,-1,512,,,,,,,
,,1,0.806,0,9,-1,513,,,,,,,
,,7,0.975,0,10,925,514,,,,,,,
,,1,0.813,0,10,-1,515,,,,,,,
,,1,0.702,0,10,-1,516,,,,,,,
,,1,1.196,0,10,-1,517,,,,,,,
,,1,0.875,0,10,-1,518,,,,,,,
,,1,1.158,0,10,-1,519,,,,,,,
,,1,0.814,0,10,-1,520,,,,,-77,22:21:15,077
,,1,0.781,0,10,-1,521,,,,,,,
,,1,0.73,0,10,-1,522,,,,,,,
,,1,0.941,0,10,-1,523,,,,,,,
,,1,0.389,0,10,-1,524,,,,,,,
,,1,1.053,0,10,-1,525,,,,,,,
,,1,0.637,0,10,-1,526,,,,,,,
,,1,0.078,0,10,-1,527,,,,,,,
,,1,0.202,0,10,-1,528,,,,,,,
,,1,0.746,0,10,-1,529,,,,,,,
,,1,-0.346,0,10,-1,530,,,,,-77,22:21:15,305
,,1,0.168,0,10,-1,531,,,,,,,
,,1,-0.189,0,10,-1,532,,,,,,,
,,1,-0.878,0,10,-1,533,,,,,,,
,,1,-0.532,0,10,-1,534,,,,,,,
,,7,-0.574,0,11,974,535,,,,,,,
,,1,-0.74,0,11,-1,536,,,,,,,
,,1,-0.624,0,11,-1,537,,,,,,,
,,1,-0.717,0,11,-1,538,,,,,,,
,,1,-1.194,0,11,-1,539,,,,,,,
,,1,-1.472,0,11,-1,540,,,,,-77,22:21:15,483
,,1,-1.454,0,11,-1,541,,,,,,,
,,1,-0.569,0,11,-1,542,,,,,,,
,,1,-1.03,0,11,-1,543,,,,,,,
,,1,-0.634,0,11,-1,544,,,,,,,
,,1,-0.872,0,11,-1,545,,,,,,,
,,1,-0.326,0,11,-1,546,,,,,,,
,,1,-0.79,0,11,-1,547,,,,,,,
,,1,0.49,0,11,-1,548,,,,,,,
,,1,-0.699,0,11,-1,549,,,,,,,
,,1,0.146,0,11,-1,550,,,,,-77,22:21:15,678
,,1,0.42,0,11,-1,551,,,,,,,
,,1,0.313,0,11,-1,552,,,,,,,
,,1,0.062,0,11,-1,553,,,,,,,
,,1,0.466,0,11,-1,554,,,,,,,
,,1,0.524,0,11,-1,555,,,,,,,
,,7,0.953,55,12,1063,556,,,,,,,
,,1,0.71,55,12,-1,557,,,,,,,
,,1,0.781,55,12,-1,558,,,,,,,
,,1,0.973,55,12,-1,559,,,,,,,
,,1,1.001,55,12,-1,560,,,,,-77,22:21:15,885
,,1,0.828,55,12,-1,561,,,,,,,
,,1,1.013,55,12,-1,562,,,,,,,
,,1,0.455,55,12,-1,563,,,,,,,
,,1,0.808,55,12,-1,564,,,,,,,
,,1,1.07,55,12,-1,565,,,,,,,
,,1,0.497,55,12,-1,566,,,,,,,
,,1,0.469,55,12,-1,567,,,,,,,
,,1,0.874,55,12,-1,568,,,,,,,
,,1,-1.021,55,12,-1,569,,,,,,,
52.342328,4.9067601,1,0.699,55,12,-1,570,0,0,9,46,-77,22:21:16,095
,,1,0.335,55,12,-1,571,,,,,,,
,,1,-1.056,55,12,-1,572,,,,,,,
,,1,0.227,55,12,-1,573,,,,,,,
,,1,0.142,55,12,-1,574,,,,,,,
,,1,-1.015,55,12,-1,575,,,,,,,
,,7,-1.443,11,13,1162,576,,,,,,,
,,1,-0.37,11,13,-1,577,,,,,,,
,,1,-0.575,11,13,-1,578,,,,,,,
,,1,-1.15,11,13,-1,579,,,,,,,
,,1,-0.883,11,13,-1,580,,,,,-77,22:21:16,277
,,1,-1.079,11,13,-1,581,,,,,,,
,,1,-0.827,11,13,-1,582,,,,,,,
,,1,-1.404,11,13,-1,583,,,,,,,
,,1,-0.949,11,13,-1,584,,,,,,,
,,1,-0.675,11,13,-1,585,,,,,,,
,,1,-1.146,11,13,-1,586,,,,,,,
,,1,0.008,11,13,-1,587,,,,,,,
,,1,-0.679,11,13,-1,588,,,,,,,
,,1,-0.652,11,13,-1,589,,,,,,,
,,1,-0.533,11,13,-1,590,,,,,-77,22:21:16,490
,,1,-0.832,11,13,-1,591,,,,,,,
,,1,0.38,11,13,-1,592,,,,,,,
,,1,0.88,11,13,-1,593,,,,,,,
,,1,0.588,11,13,-1,594,,,,,,,
,,1,-0.414,11,13,-1,595,,,,,,,
,,1,1.023,11,13,-1,596,,,,,,,
,,7,1.487,-81,14,1209,597,,,,,,,
,,1,1.519,-81,14,-1,598,,,,,,,
,,1,0.547,-81,14,-1,599,,,,,,,
,,1,0.677,-81,14,-1,600,,,,,-75,22:21:16,697
,,1,1.223,-81,14,-1,601,,,,,,,
,,1,1.628,-81,14,-1,602,,,,,,,
,,1,0.668,-81,14,-1,603,,,,,,,
,,1,0.898,-81,14,-1,604,,,,,,,
,,1,0.664,-81,14,-1,605,,,,,,,
,,1,0.925,-81,14,-1,606,,,,,,,
,,1,1.114,-81,14,-1,607,,,,,,,
,,1,-0.436,-81,14,-1,608,,,,,,,
,,1,-0.069,-81,14,-1,609,,,,,,,
,,1,0.66,-81,14,-1,610,,,,,-75,22:21:16,878
,,1,-0.29,-81,14,-1,611,,,,,,,
,,1,-0.551,-81,14,-1,612,,,,,,,
,,1,0.379,-81,14,-1,613,,,,,,,
,,1,-0.729,-81,14,-1,614,,,,,,,
,,1,-1.35,-81,14,-1,615,,,,,,,
,,7,-0.957,83,15,1229,616,,,,,,,
,,1,-0.586,83,15,-1,617,,,,,,,
,,1,-0.279,83,15,-1,618,,,,,,,
,,1,-0.813,83,15,-1,619,,,,,,,
52.3423557,4.9067319,1,-1.111,83,15,-1,620,353,7,10,46,-75,22:21:17,102
,,1,-1.378,83,15,-1,621,,,,,,,
,,1,-1.29,83,15,-1,622,,,,,,,
,,1,-0.754,83,15,-1,623,,,,,,,
,,1,-0.533,83,15,-1,624,,,,,,,
,,1,-0.22,83,15,-1,625,,,,,,,
,,1,-1.063,83,15,-1,626,,,,,,,
,,1,-0.464,83,15,-1,627,,,,,,,
,,1,-1.153,83,15,-1,628,,,,,,,
,,1,0.522,83,15,-1,629,,,,,,,
,,1,1.282,83,15,-1,630,,,,,-75,22:21:17,280
,,1,1.717,83,15,-1,631,,,,,,,
,,7,-0.284,-125,16,1293,632,,,,,,,
,,1,-0.346,-125,16,-1,633,,,,,,,
,,1,1.563,-125,16,-1,634,,,,,,,
,,1,1.352,-125,16,-1,635,,,,,,,
,,1,0.802,-125,16,-1,636,,,,,,,
,,1,0.823,-125,16,-1,637,,,,,,,
,,1,0.759,-125,16,-1,638,,,,,,,
,,1,0.958,-125,16,-1,639,,,,,,,
,,1,1.681,-125,16,-1,640,,,,,-75,22:21:17,510
,,1,0.347,-125,16,-1,641,,,,,,,
,,1,0.48,-125,16,-1,642,,,,,,,
,,1,0.53,-125,16,-1,643,,,,,,,
,,1,0.833,-125,16,-1,644,,,,,,,
,,1,0.762,-125,16,-1,645,,,,,,,
,,1,0.747,-125,16,-1,646,,,,,,,
,,1,0.15,-125,16,-1,647,,,,,,,
,,1,-0.264,-125,16,-1,648,,,,,,,
,,1,0.305,-125,16,-1,649,,,,,,,
,,1,-0.047,-125,16,-1,650,,,,,-75,22:21:17,684
,,1,-0.617,-125,16,-1,651,,,,,,,
,,1,-0.701,-125,16,-1,652,,,,,,,
,,1,-1.021,-125,16,-1,653,,,,,,,
,,1,0.013,-125,16,-1,654,,,,,,,
,,7,-0.991,102,17,1315,655,,,,,,,
,,1,-1.295,102,17,-1,656,,,,,,,
,,1,-1.114,102,17,-1,657,,,,,,,
,,1,-0.257,102,17,-1,658,,,,,,,
,,1,-0.525,102,17,-1,659,,,,,,,
,,1,-1.088,102,17,-1,660,,,,,-75,22:21:17,882
,,1,-1.188,102,17,-1,661,,,,,,,
,,1,-0.612,102,17,-1,662,,,,,,,
,,1,-0.111,102,17,-1,663,,,,,,,
,,1,-0.168,102,17,-1,664,,,,,,,
,,1,-0.472,102,17,-1,665,,,,,,,
,,1,0.619,102,17,-1,666,,,,,,,
,,1,0.575,102,17,-1,667,,,,,,,
,,1,0.736,102,17,-1,668,,,,,,,
,,1,-0.049,102,17,-1,669,,,,,,,
52.3423813,4.9067127,1,1.045,102,17,-1,670,0,9,11,46,-75,22:21:18,074
,,7,1.012,-68,18,1327,671,,,,,,,
,,1,0.83,-68,18,-1,672,,,,,,,
,,1,1.258,-68,18,-1,673,,,,,,,
,,1,0.499,-68,18,-1,674,,,,,,,
,,1,0.704,-68,18,-1,675,,,,,,,
,,1,0.646,-68,18,-1,676,,,,,,,
,,1,0.966,-68,18,-1,677,,,,,,,
,,1,1.378,-68,18,-1,678,,,,,,,
,,1,1.56,-68,18,-1,679,,,,,,,
,,1,-0.026,-68,18,-1,680,,,,,-75,22:21:18,290
,,1,0.12,-68,18,-1,681,,,,,,,
,,1,0.318,-68,18,-1,682,,,,,,,
,,1,0.362,-68,18,-1,683,,,,,,,
,,1,-0.709,-68,18,-1,684,,,,,,,
,,1,0.034,-68,18,-1,685,,,,,,,
,,1,-0.292,-68,18,-1,686,,,,,,,
,,1,-1.038,-68,18,-1,687,,,,,,,
,,7,-1.23,135,19,1351,688,,,,,,,
,,1,-0.125,135,19,-1,689,,,,,,,
,,1,-0.937,135,19,-1,690,,,,,-70,22:21:18,482
,,1,-0.87,135,19,-1,691,,,,,,,
,,1,-1.278,135,19,-1,692,,,,,,,
,,1,-0.85,135,19,-1,693,,,,,,,
,,1,-0.648,135,19,-1,694,,,,,,,
,,1,-0.742,135,19,-1,695,,,,,,,
,,1,-0.921,135,19,-1,696,,,,,,,
,,1,-0.017,135,19,-1,697,,,,,,,
,,1,-0.841,135,19,-1,698,,,,,,,
,,1,0.452,135,19,-1,699,,,,,,,
,,1,-0.335,135,19,-1,700,,,,,-70,22:21:18,692
,,1,-0.33,135,19,-1,701,,,,,,,
,,1,-0.355,135,19,-1,702,,,,,,,
,,1,1.003,135,19,-1,703,,,,,,,
,,1,0.558,135,19,-1,704,,,,,,,
,,1,0.67,135,19,-1,705,,,,,,,
,,1,0.115,135,19,-1,706,,,,,,,
,,7,1.266,-28,20,1388,707,,,,,,,
,,1,1.474,-28,20,-1,708,,,,,,,
,,1,1.219,-28,20,-1,709,,,,,,,
,,1,0.546,-28,20,-1,710,,,,,-70,22:21:18,887
,,1,1.614,-28,20,-1,711,,,,,,,
,,1,0.847,-28,20,-1,712,,,,,,,
,,1,1.206,-28,20,-1,713,,,,,,,
,,1,0.819,-28,20,-1,714,,,,,,,
,,1,0.725,-28,20,-1,715,,,,,,,
,,1,0.089,-28,20,-1,716,,,,,,,
,,1,0.97,-28,20,-1,717,,,,,,,
,,1,0.56,-28,20,-1,718,,,,,,,
,,1,-0.79,-28,20,-1,719,,,,,,,
52.3424119,4.9066957,1,-0.147,-28,20,-1,720,354,9,13,46,-70,22:21:19,111
,,1,0.378,-28,20,-1,721,,,,,,,
,,1,-0.455,-28,20,-1,722,,,,,,,
,,1,-1.349,-28,20,-1,723,,,,,,,
,,7,-0.793,138,21,1428,724,,,,,,,
,,1,-1.117,138,21,-1,725,,,,,,,
,,1,-1.252,138,21,-1,726,,,,,,,
,,1,-0.977,138,21,-1,727,,,,,,,
,,1,-0.826,138,21,-1,728,,,,,,,
,,1,-0.934,138,21,-1,729,,,,,,,
,,1,-0.826,138,21,-1,730,,,,,-70,22:21:19,275
,,1,-0.567,138,21,-1,731,,,,,,,
,,1,-0.781,138,21,-1,732,,,,,,,
,,1,-0.854,138,21,-1,733,,,,,,,
,,1,-0.453,138,21,-1,734,,,,,,,
,,1,0.076,138,21,-1,735,,,,,,,
,,1,0.248,138,21,-1,736,,,,,,,
,,1,-0.178,138,21,-1,737,,,,,,,
,,1,0.185,138,21,-1,738,,,,,,,
,,1,1.047,138,21,-1,739,,,,,,,
,,1,1.224,138,21,-1,740,,,,,-70,22:21:19,487
,,7,0.49,3,22,1415,741,,,,,,,
,,1,0.461,3,22,-1,742,,,,,,,
,,1,0.854,3,22,-1,743,,,,,,,
,,1,1.378,3,22,-1,744,,,,,,,
,,1,0.844,3,22,-1,745,,,,,,,
,,1,1.437,3,22,-1,746,,,,,,,
,,1,0.67,3,22,-1,747,,,,,,,
,,1,0.829,3,22,-1,748,,,,,,,
,,1,1.019,3,22,-1,749,,,,,,,
,,1,0.654,3,22,-1,750,,,,,-70,22:21:19,681
,,1,0.254,3,22,-1,751,,,,,,,
,,1,0.484,3,22,-1,752,,,,,,,
,,1,-0.026,3,22,-1,753,,,,,,,
,,1,0.02,3,22,-1,754,,,,,,,
,,1,0.002,3,22,-1,755,,,,,,,
,,1,-0.266,3,22,-1,756,,,,,,,
,,1,-0.569,3,22,-1,757,,,,,,,
,,1,-0.373,3,22,-1,758,,,,,,,
,,1,-0.522,3,22,-1,759,,,,,,,
,,7,-1.03,101,23,1415,760,,,,,-70,22:21:19,909
,,1,-1.25,101,23,-1,761,,,,,,,
,,1,-1.015,101,23,-1,762,,,,,,,
,,1,-0.662,101,23,-1,763,,,,,,,
,,1,-0.495,101,23,-1,764,,,,,,,
,,1,-0.52,101,23,-1,765,,,,,,,
,,1,-1.679,101,23,-1,766,,,,,,,
,,1,-0.393,101,23,-1,767,,,,,,,
,,1,0.125,101,23,-1,768,,,,,,,
,,1,-0.584,101,23,-1,769,,,,,,,
52.3424407,4.9066873,1,0.035,101,23,-1,770,344,11,15,46,-70,22:21:20,086
,,1,-0.458,101,23,-1,771,,,,,,,
,,1,0.537,101,23,-1,772,,,,,,,
,,1,0.621,101,23,-1,773,,,,,,,
,,1,0.792,101,23,-1,774,,,,,,,
,,1,0.588,101,23,-1,775,,,,,,,
,,7,0.565,13,24,1428,776,,,,,,,
,,1,0.574,13,24,-1,777,,,,,,,
,,1,1.59,13,24,-1,778,,,,,,,
,,1,1.352,13,24,-1,779,,,,,,,
,,1,0.439,13,24,-1,780,,,,,-75,22:21:20,296
,,1,1.119,13,24,-1,781,,,,,,,
,,1,1.147,13,24,-1,782,,,,,,,
,,1,1.14,13,24,-1,783,,,,,,,
,,1,0.845,13,24,-1,784,,,,,,,
,,1,-0.17,13,24,-1,785,,,,,,,
,,1,0.036,13,24,-1,786,,,,,,,
,,1,0.233,13,24,-1,787,,,,,,,
,,1,0.106,13,24,-1,788,,,,,,,
,,1,-0.037,13,24,-1,789,,,,,,,
,,1,0.448,13,24,-1,790,,,,,-75,22:21:20,477
,,1,-0.513,13,24,-1,791,,,,,,,
,,1,-1.049,13,24,-1,792,,,,,,,
,,1,-0.505,13,24,-1,793,,,,,,,
,,7,-0.867,100,25,1428,794,,,,,,,
,,1,-0.702,100,25,-1,795,,,,,,,
,,1,-1.002,100,25,-1,796,,,,,,,
,,1,-0.817,100,25,-1,797,,,,,,,
,,1,-0.993,100,25,-1,798,,,,,,,
,,1,-0.902,100,25,-1,799,,,,,,,
,,1,-0.663,100,25,-1,800,,,,,-75,22:21:20,691
,,1,-0.86,100,25,-1,801,,,,,,,
,,1,-0.106,100,25,-1,802,,,,,,,
,,1,-0.55,100,25,-1,803,,,,,,,
,,1,0.164,100,25,-1,804,,,,,,,
,,1,-0.404,100,25,-1,805,,,,,,,
,,1,-0.139,100,25,-1,806,,,,,,,
,,1,0.063,100,25,-1,807,,,,,,,
,,1,0.854,100,25,-1,808,,,,,,,
,,1,0.723,100,25,-1,809,,,,,,,
,,1,0.109,100,25,-1,810,,,,,-75,22:21:20,878
,,1,0.772,100,25,-1,811,,,,,,,
,,7,1.035,13,26,1428,812,,,,,,,
,,1,1.568,13,26,-1,813,,,,,,,
,,1,1.021,13,26,-1,814,,,,,,,
,,1,0.56,13,26,-1,815,,,,,,,
,,1,1.231,13,26,-1,816,,,,,,,
,,1,0.979,13,26,-1,817,,,,,,,
,,1,0.711,13,26,-1,818,,,,,,,
,,1,0.931,13,26,-1,819,,,,,,,
52.3424689,4.9066801,1,0.65,13,26,-1,820,341,8,17,46,-75,22:21:21,075
,,1,0.67,13,26,-1,821,,,,,,,
,,1,0.12,13,26,-1,822,,,,,,,
,,1,0.416,13,26,-1,823,,,,,,,
,,1,0.072,13,26,-1,824,,,,,,,
,,1,-0.16,13,26,-1,825,,,,,,,
,,1,-0.084,13,26,-1,826,,,,,,,
,,1,-0.174,13,26,-1,827,,,,,,,
,,1,-0.426,13,26,-1,828,,,,,,,
,,1,-0.56,13,26,-1,829,,,,,,,
,,1,-0.596,13,26,-1,830,,,,,-75,22:21:21,285
,,7,-1.668,118,27,1401,831,,,,,,,
,,1,-0.186,118,27,-1,832,,,,,,,
,,1,-0.762,118,27,-1,833,,,,,,,
,,1,-1.346,118,27,-1,834,,,,,,,
,,1,-1.497,118,27,-1,835,,,,,,,
,,1,-1.268,118,27,-1,836,,,,,,,
,,1,-0.348,118,27,-1,837,,,,,,,
,,1,-0.427,118,27,-1,838,,,,,,,
,,1,-0.283,118,27,-1,839,,,,,,,
,,1,-0.998,118,27,-1,840,,,,,-75,22:21:21,500
,,1,0.063,118,27,-1,841,,,,,,,
,,1,0.465,118,27,-1,842,,,,,,,
,,1,0.321,118,27,-1,843,,,,,,,
,,1,-0.709,118,27,-1,844,,,,,,,
,,1,-0.698,118,27,-1,845,,,,,,,
,,1,1.44,118,27,-1,846,,,,,,,
,,1,1.672,118,27,-1,847,,,,,,,
,,7,0.411,-2,28,1376,848,,,,,,,
,,1,0.075,-2,28,-1,849,,,,,,,
,,1,0.805,-2,28,-1,850,,,,,-75,22:21:21,692
,,1,1.835,-2,28,-1,851,,,,,,,
,,1,1.059,-2,28,-1,852,,,,,,,
,,1,0.991,-2,28,-1,853,,,,,,,
,,1,0.716,-2,28,-1,854,,,,,,,
,,1,0.742,-2,28,-1,855,,,,,,,
,,1,1.051,-2,28,-1,856,,,,,,,
,,1,0.979,-2,28,-1,857,,,,,,,
,,1,0.213,-2,28,-1,858,,,,,,,
,,1,0.188,-2,28,-1,859,,,,,,,
,,1,0.628,-2,28,-1,860,,,,,-76,22:21:21,885
,,1,-0.007,-2,28,-1,861,,,,,,,
,,1,-0.197,-2,28,-1,862,,,,,,,
,,1,-0.271,-2,28,-1,863,,,,,,,
,,1,-0.243,-2,28,-1,864,,,,,,,
,,1,-0.479,-2,28,-1,865,,,,,,,
,,1,-0.907,-2,28,-1,866,,,,,,,
,,7,-0.878,121,29,1376,867,,,,,,,
,,1,-0.631,121,29,-1,868,,,,,,,
,,1,-1.212,121,29,-1,869,,,,,,,
,,1,-0.698,121,29,-1,870,,,,,-76,22:21:22,078
,,1,-1.231,121,29,-1,871,,,,,,,
,,1,-0.268,121,29,-1,872,,,,,,,
,,1,-0.858,121,29,-1,873,,,,,,,
,,1,-1.211,121,29,-1,874,,,,,,,
,,1,-0.836,121,29,-1,875,,,,,,,
,,1,-0.477,121,29,-1,876,,,,,,,
,,1,-0.275,121,29,-1,877,,,,,,,
,,1,-1.284,121,29,-1,878,,,,,,,
,,1,-0.231,121,29,-1,879,,,,,,,
52.3424934,4.9066731,1,0.674,121,29,-1,880,348,9,17,46,-76,22:21:22,277
,,1,1.587,121,29,-1,881,,,,,,,
,,1,-1.01,121,29,-1,882,,,,,,,
,,1,-1.056,121,29,-1,883,,,,,,,
,,1,1.197,121,29,-1,884,,,,,,,
,,1,2.11,121,29,-1,885,,,,,,,
,,7,0.806,-47,30,1363,886,,,,,,,
,,1,-0.403,-47,30,-1,887,,,,,,,
,,1,0.601,-47,30,-1,888,,,,,,,
,,1,2.079,-47,30,-1,889,,,,,,,
,,1,1.489,-47,30,-1,890,,,,,-76,22:21:22,547
,,1,1.055,-47,30,-1,891,,,,,,,
,,1,0.404,-47,30,-1,892,,,,,,,
,,1,0.345,-47,30,-1,893,,,,,,,
,,1,1.265,-47,30,-1,894,,,,,,,
,,1,1.28,-47,30,-1,895,,,,,,,
,,1,0.742,-47,30,-1,896,,,,,,,
,,1,0.428,-47,30,-1,897,,,,,,,
,,1,-0.62,-47,30,-1,898,,,,,,,
,,1,0.85,-47,30,-1,899,,,,,,,
,,1,0.579,-47,30,-1,900,,,,,-76,22:21:22,682
,,1,-1.002,-47,30,-1,901,,,,,,,
,,1,0.108,-47,30,-1,902,,,,,,,
,,1,-0.085,-47,30,-1,903,,,,,,,
,,1,-0.972,-47,30,-1,904,,,,,,,
,,1,-1.114,-47,30,-1,905,,,,,,,
,,7,-0.408,140,31,1327,906,,,,,,,
,,1,-0.521,140,31,-1,907,,,,,,,
,,1,-1.152,140,31,-1,908,,,,,,,
,,1,-1.129,140,31,-1,909,,,,,,,
,,1,-0.756,140,31,-1,910,,,,,-76,22:21:22,891
,,1,-0.817,140,31,-1,911,,,,,,,
,,1,-0.626,140,31,-1,912,,,,,,,
,,1,-1.037,140,31,-1,913,,,,,,,
,,1,-0.825,140,31,-1,914,,,,,,,
,,1,-0.417,140,31,-1,915,,,,,,,
,,1,-0.533,140,31,-1,916,,,,,,,
,,1,-0.351,140,31,-1,917,,,,,,,
,,1,-0.24,140,31,-1,918,,,,,,,
,,1,0.543,140,31,-1,919,,,,,,,
52.3425182,4.906676,1,0.073,140,31,-1,920,351,9,17,46,-76,22:21:23,086
,,1,-0.254,140,31,-1,921,,,,,,,
,,1,0.806,140,31,-1,922,,,,,,,
,,1,0.785,140,31,-1,923,,,,,,,
,,1,0.557,140,31,-1,924,,,,,,,
,,1,0.453,140,31,-1,925,,,,,,,
,,7,1.052,-56,32,1282,926,,,,,,,
,,1,1.376,-56,32,-1,927,,,,,,,
,,1,0.854,-56,32,-1,928,,,,,,,
,,1,0.249,-56,32,-1,929,,,,,,,
,,1,1.506,-56,32,-1,930,,,,,-76,22:21:23,281
,,1,0.856,-56,32,-1,931,,,,,,,
,,1,1.012,-56,32,-1,932,,,,,,,
,,1,0.555,-56,32,-1,933,,,,,,,
,,1,0.535,-56,32,-1,934,,,,,,,
,,1,0.869,-56,32,-1,935,,,,,,,
,,1,0.699,-56,32,-1,936,,,,,,,
,,1,-0.83,-56,32,-1,937,,,,,,,
,,1,1.58,-56,32,-1,938,,,,,,,
,,1,-0.454,-56,32,-1,939,,,,,,,
,,1,-1.104,-56,32,-1,940,,,,,-76,22:21:23,475
,,1,0.238,-56,32,-1,941,,,,,,,
,,1,-0.331,-56,32,-1,942,,,,,,,
,,1,-0.573,-56,32,-1,943,,,,,,,
,,1,-1.037,-56,32,-1,944,,,,,,,
,,7,-0.856,134,33,1271,945,,,,,,,
,,1,-0.932,134,33,-1,946,,,,,,,
,,1,-0.545,134,33,-1,947,,,,,,,
,,1,-0.802,134,33,-1,948,,,,,,,
,,1,-1.046,134,33,-1,949,,,,,,,
,,1,-1.343,134,33,-1,950,,,,,-73,22:21:23,686
,,1,-0.641,134,33,-1,951,,,,,,,
,,1,-0.479,134,33,-1,952,,,,,,,
,,1,-0.623,134,33,-1,953,,,,,,,
,,1,-0.912,134,33,-1,954,,,,,,,
,,1,-1.005,134,33,-1,955,,,,,,,
,,1,-0.029,134,33,-1,956,,,,,,,
,,1,-0.111,134,33,-1,957,,,,,,,
,,1,0.454,134,33,-1,958,,,,,,,
,,1,-0.184,134,33,-1,959,,,,,,,
,,1,0.305,134,33,-1,960,,,,,-73,22:21:23,887
,,1,-0.364,134,33,-1,961,,,,,,,
,,1,0.769,134,33,-1,962,,,,,,,
,,1,0.574,134,33,-1,963,,,,,,,
,,1,1.263,134,33,-1,964,,,,,,,
,,7,0.24,-68,34,1271,965,,,,,,,
,,1,0.667,-68,34,-1,966,,,,,,,
,,1,1.497,-68,34,-1,967,,,,,,,
,,1,1.549,-68,34,-1,968,,,,,,,
,,1,0.937,-68,34,-1,969,,,,,,,
52.3425473,4.9066683,1,0.805,-68,34,-1,970,347,10,15,46,-73,22:21:24,076
,,1,0.576,-68,34,-1,971,,,,,,,
,,1,1.448,-68,34,-1,972,,,,,,,
,,1,1.062,-68,34,-1,973,,,,,,,
,,1,0.702,-68,34,-1,974,,,,,,,
,,1,0.434,-68,34,-1,975,,,,,,,
,,1,1.236,-68,34,-1,976,,,,,,,
,,1,0.497,-68,34,-1,977,,,,,,,
,,1,0.137,-68,34,-1,978,,,,,,,
,,1,-0.143,-68,34,-1,979,,,,,,,
,,1,0.384,-68,34,-1,980,,,,,-73,22:21:24,286
,,1,-0.28,-68,34,-1,981,,,,,,,
,,1,-0.876,-68,34,-1,982,,,,,,,
,,1,-0.473,-68,34,-1,983,,,,,,,
,,1,-0.454,-68,34,-1,984,,,,,,,
,,7,-0.734,156,35,1271,985,,,,,,,
,,1,-0.803,156,35,-1,986,,,,,,,
,,1,-0.875,156,35,-1,987,,,,,,,
,,1,-1.07,156,35,-1,988,,,,,,,
,,1,-0.914,156,35,-1,989,,,,,,,
,,1,-0.949,156,35,-1,990,,,,,-73,22:21:24,478
,,1,-0.602,156,35,-1,991,,,,,,,
,,1,-1.02,156,35,-1,992,,,,,,,
,,1,-0.988,156,35,-1,993,,,,,,,
,,1,-0.86,156,35,-1,994,,,,,,,
,,1,-0.792,156,35,-1,995,,,,,,,
,,1,-0.246,156,35,-1,996,,,,,,,
,,1,-0.593,156,35,-1,997,,,,,,,
,,1,-0.26,156,35,-1,998,,,,,,,
,,1,-0.26,156,35,-1,999,,,,,,,
,,1,0.089,156,35,-1,1000,,,,,-73,22:21:24,676
,,1,0.346,156,35,-1,1001,,,,,,,
,,1,0.389,156,35,-1,1002,,,,,,,
,,1,0.273,156,35,-1,1003,,,,,,,
,,1,0.688,156,35,-1,1004,,,,,,,
,,1,0.85,156,35,-1,1005,,,,,,,
,,7,1.251,-55,36,1250,1006,,,,,,,
,,1,0.822,-55,36,-1,1007,,,,,,,
,,1,0.717,-55,36,-1,1008,,,,,,,
,,1,1.238,-55,36,-1,1009,,,,,,,
,,1,1.176,-55,36,-1,1010,,,,,-73,22:21:24,891
,,1,0.734,-55,36,-1,1011,,,,,,,
,,1,0.938,-55,36,-1,1012,,,,,,,
,,1,0.752,-55,36,-1,1013,,,,,,,
,,1,1.526,-55,36,-1,1014,,,,,,,
,,1,0.902,-55,36,-1,1015,,,,,,,
,,1,0.595,-55,36,-1,1016,,,,,,,
,,1,0.087,-55,36,-1,1017,,,,,,,
,,1,1.261,-55,36,-1,1018,,,,,,,
,,1,0.236,-55,36,-1,1019,,,,,,,
52.3425742,4.9066588,1,-0.433,-55,36,-1,1020,346,10,14,46,-73,22:21:25,094
,,1,1.467,-55,36,-1,1021,,,,,,,
,,1,-0.145,-55,36,-1,1022,,,,,,,
,,1,-0.891,-55,36,-1,1023,,,,,,,
,,1,0.185,-55,36,-1,1024,,,,,,,
,,1,-0.435,-55,36,-1,1025,,,,,,,
,,1,-1.322,-55,36,-1,1026,,,,,,,
,,7,-0.513,139,37,1219,1027,,,,,,,
,,1,0.104,139,37,-1,1028,,,,,,,
,,1,-0.967,139,37,-1,1029,,,,,,,
,,1,-1.022,139,37,-1,1030,,,,,-73,22:21:25,279
,,1,-1.17,139,37,-1,1031,,,,,,,
,,1,-1.148,139,37,-1,1032,,,,,,,
,,1,-0.812,139,37,-1,1033,,,,,,,
,,1,-0.59,139,37,-1,1034,,,,,,,
,,1,-0.892,139,37,-1,1035,,,,,,,
,,1,-1.285,139,37,-1,1036,,,,,,,
,,1,-0.438,139,37,-1,1037,,,,,,,
,,1,-0.764,139,37,-1,1038,,,,,,,
,,1,-0.269,139,37,-1,1039,,,,,,,
,,1,-0.421,139,37,-1,1040,,,,,-75,22:21:25,484
,,1,-0.705,139,37,-1,1041,,,,,,,
,,1,0.653,139,37,-1,1042,,,,,,,
,,1,1.052,139,37,-1,1043,,,,,,,
,,1,-0.011,139,37,-1,1044,,,,,,,
,,1,-0.461,139,37,-1,1045,,,,,,,
,,1,1.063,139,37,-1,1046,,,,,,,
,,1,1.766,139,37,-1,1047,,,,,,,
,,7,0.692,-9,38,1200,1048,,,,,,,
,,1,0.661,-9,38,-1,1049,,,,,,,
,,1,0.998,-9,38,-1,1050,,,,,-75,22:21:25,696
,,1,1.259,-9,38,-1,1051,,,,,,,
,,1,1.027,-9,38,-1,1052,,,,,,,
,,1,0.83,-9,38,-1,1053,,,,,,,
,,1,0.874,-9,38,-1,1054,,,,,,,
,,1,1.271,-9,38,-1,1055,,,,,,,
,,1,1.393,-9,38,-1,1056,,,,,,,
,,1,1.042,-9,38,-1,1057,,,,,,,
,,1,0.233,-9,38,-1,1058,,,,,,,
,,1,-0.009,-9,38,-1,1059,,,,,,,
,,1,0.224,-9,38,-1,1060,,,,,-75,22:21:25,874
,,1,0.896,-9,38,-1,1061,,,,,,,
,,1,-1.922,-9,38,-1,1062,,,,,,,
,,1,-0.351,-9,38,-1,1063,,,,,,,
,,1,0.345,-9,38,-1,1064,,,,,,,
,,1,-1.056,-9,38,-1,1065,,,,,,,
,,7,-0.839,153,39,1219,1066,,,,,,,
,,1,-0.966,153,39,-1,1067,,,,,,,
,,1,-1.522,153,39,-1,1068,,,,,,,
,,1,-0.865,153,39,-1,1069,,,,,,,
52.3425971,4.9066485,1,-0.542,153,39,-1,1070,343,9,13,46,-75,22:21:26,089
,,1,-0.707,153,39,-1,1071,,,,,,,
,,1,-0.763,153,39,-1,1072,,,,,,,
,,1,-0.579,153,39,-1,1073,,,,,,,
,,1,1.713,153,39,-1,1074,,,,,,,
,,1,-3.08,153,39,-1,1075,,,,,,,
,,1,0.676,153,39,-1,1076,,,,,,,
,,1,-0.791,153,39,-1,1077,,,,,,,
,,1,0.934,153,39,-1,1078,,,,,,,
,,1,-1.067,153,39,-1,1079,,,,,,,
,,1,-0.111,153,39,-1,1080,,,,,-75,22:21:26,282
,,1,0.441,153,39,-1,1081,,,,,,,
,,1,1.477,153,39,-1,1082,,,,,,,
,,1,0.283,153,39,-1,1083,,,,,,,
,,7,0.997,-40,40,1282,1084,,,,,,,
,,1,0.983,-40,40,-1,1085,,,,,,,
,,1,1.051,-40,40,-1,1086,,,,,,,
,,1,0.771,-40,40,-1,1087,,,,,,,
,,1,1.197,-40,40,-1,1088,,,,,,,
,,1,1.129,-40,40,-1,1089,,,,,,,
,,1,0.761,-40,40,-1,1090,,,,,-75,22:21:26,479
,,1,0.724,-40,40,-1,1091,,,,,,,
,,1,0.688,-40,40,-1,1092,,,,,,,
,,1,1.01,-40,40,-1,1093,,,,,,,
,,1,0.294,-40,40,-1,1094,,,,,,,
,,1,0.204,-40,40,-1,1095,,,,,,,
,,1,-0.231,-40,40,-1,1096,,,,,,,
,,1,-0.211,-40,40,-1,1097,,,,,,,
,,1,-0.188,-40,40,-1,1098,,,,,,,
,,1,-0.233,-40,40,-1,1099,,,,,,,
,,1,-0.462,-40,40,-1,1100,,,,,-75,22:21:26,694
,,1,-0.777,-40,40,-1,1101,,,,,,,
,,7,-0.611,170,41,1351,1102,,,,,,,
,,1,-0.5,170,41,-1,1103,,,,,,,
,,1,-0.282,170,41,-1,1104,,,,,,,
,,1,-1.099,170,41,-1,1105,,,,,,,
,,1,-1.189,170,41,-1,1106,,,,,,,
,,1,-0.712,170,41,-1,1107,,,,,,,
,,1,-0.794,170,41,-1,1108,,,,,,,
,,1,0.241,170,41,-1,1109,,,,,,,
,,1,-1.402,170,41,-1,1110,,,,,-75,22:21:26,883
,,1,-0.583,170,41,-1,1111,,,,,,,
,,1,-0.692,170,41,-1,1112,,,,,,,
,,1,0.114,170,41,-1,1113,,,,,,,
,,1,-0.016,170,41,-1,1114,,,,,,,
,,1,0.186,170,41,-1,1115,,,,,,,
,,1,0.444,170,41,-1,1116,,,,,,,
,,1,0.122,170,41,-1,1117,,,,,,,
,,1,1.202,170,41,-1,1118,,,,,,,
,,1,1.085,170,41,-1,1119,,,,,,,
52.3426285,4.9066401,7,0.215,-34,42,1388,1120,348,11,12,46,-79,22:21:27,088
,,1,1.751,-34,42,-1,1121,,,,,,,
,,1,0.518,-34,42,-1,1122,,,,,,,
,,1,0.675,-34,42,-1,1123,,,,,,,
,,1,1.476,-34,42,-1,1124,,,,,,,
,,1,0.583,-34,42,-1,1125,,,,,,,
,,1,1.31,-34,42,-1,1126,,,,,,,
,,1,0.546,-34,42,-1,1127,,,,,,,
,,1,0.518,-34,42,-1,1128,,,,,,,
,,1,-0.099,-34,42,-1,1129,,,,,,,
,,1,0.16,-34,42,-1,1130,,,,,-79,22:21:27,286
,,1,0.179,-34,42,-1,1131,,,,,,,
,,1,-0.413,-34,42,-1,1132,,,,,,,
,,1,-0.604,-34,42,-1,1133,,,,,,,
,,1,-0.702,-34,42,-1,1134,,,,,,,
,,1,0.073,-34,42,-1,1135,,,,,,,
,,1,-0.757,-34,42,-1,1136,,,,,,,
,,7,-0.801,117,43,1401,1137,,,,,,,
,,1,0.254,117,43,-1,1138,,,,,,,
,,1,1.34,117,43,-1,1139,,,,,,,
,,1,-5.017,117,43,-1,1140,,,,,-79,22:21:27,499
,,1,0.997,117,43,-1,1141,,,,,,,
,,1,-2.537,117,43,-1,1142,,,,,,,
,,1,-0.005,117,43,-1,1143,,,,,,,
,,1,-0.795,117,43,-1,1144,,,,,,,
,,1,0.316,117,43,-1,1145,,,,,,,
,,1,-1.535,117,43,-1,1146,,,,,,,
,,1,-0.131,117,43,-1,1147,,,,,,,
,,1,-0.841,117,43,-1,1148,,,,,,,
,,1,0.683,117,43,-1,1149,,,,,,,
,,1,0.85,117,43,-1,1150,,,,,-79,22:21:27,676
,,1,1.251,117,43,-1,1151,,,,,,,
,,7,0.072,14,44,1456,1152,,,,,,,
,,1,0.773,14,44,-1,1153,,,,,,,
,,1,1.819,14,44,-1,1154,,,,,,,
,,1,0.984,14,44,-1,1155,,,,,,,
,,1,0.315,14,44,-1,1156,,,,,,,
,,1,1.081,14,44,-1,1157,,,,,,,
,,1,1.258,14,44,-1,1158,,,,,,,
,,1,0.931,14,44,-1,1159,,,,,,,
,,1,1.229,14,44,-1,1160,,,,,-79,22:21:27,893
,,1,0.179,14,44,-1,1161,,,,,,,
,,1,0.28,14,44,-1,1162,,,,,,,
,,1,0.027,14,44,-1,1163,,,,,,,
,,1,-0.1,14,44,-1,1164,,,,,,,
,,1,-0.13,14,44,-1,1165,,,,,,,
,,1,0.212,14,44,-1,1166,,,,,,,
,,1,-0.508,14,44,-1,1167,,,,,,,
,,1,-0.979,14,44,-1,1168,,,,,,,
,,7,-1.421,64,45,1481,1169,,,,,,,
52.3426639,4.9066333,1,-0.912,64,45,-1,1170,348,13,11,46,-79,22:21:28,082
,,1,-0.499,64,45,-1,1171,,,,,,,
,,1,-1.051,64,45,-1,1172,,,,,,,
,,1,-1.103,64,45,-1,1173,,,,,,,
,,1,-1.075,64,45,-1,1174,,,,,,,
,,1,-0.596,64,45,-1,1175,,,,,,,
,,1,-0.374,64,45,-1,1176,,,,,,,
,,1,-0.438,64,45,-1,1177,,,,,,,
,,1,-0.087,64,45,-1,1178,,,,,,,
,,1,-0.378,64,45,-1,1179,,,,,,,
,,1,-0.128,64,45,-1,1180,,,,,-79,22:21:28,297
,,1,-0.142,64,45,-1,1181,,,,,,,
,,1,1.143,64,45,-1,1182,,,,,,,
,,1,1.084,64,45,-1,1183,,,,,,,
,,7,0.854,39,46,1526,1184,,,,,,,
,,1,0.786,39,46,-1,1185,,,,,,,
,,1,1.237,39,46,-1,1186,,,,,,,
,,1,0.922,39,46,-1,1187,,,,,,,
,,1,1.079,39,46,-1,1188,,,,,,,
,,1,0.849,39,46,-1,1189,,,,,,,
,,1,0.752,39,46,-1,1190,,,,,-79,22:21:28,486
,,1,1.316,39,46,-1,1191,,,,,,,
,,1,0.829,39,46,-1,1192,,,,,,,
,,1,0.921,39,46,-1,1193,,,,,,,
,,1,0.912,39,46,-1,1194,,,,,,,
,,1,0.015,39,46,-1,1195,,,,,,,
,,1,-0.484,39,46,-1,1196,,,,,,,
,,1,-0.301,39,46,-1,1197,,,,,,,
,,1,0.027,39,46,-1,1198,,,,,,,
,,1,-0.396,39,46,-1,1199,,,,,,,
,,1,-0.826,39,46,-1,1200,,,,,-79,22:21:28,680
,,7,-1.021,50,47,1562,1201,,,,,,,
,,1,-0.3,50,47,-1,1202,,,,,,,
,,1,-0.597,50,47,-1,1203,,,,,,,
,,1,-1.656,50,47,-1,1204,,,,,,,
,,1,-0.352,50,47,-1,1205,,,,,,,
,,1,-2.267,50,47,-1,1206,,,,,,,
,,1,1.431,50,47,-1,1207,,,,,,,
,,1,-1.15,50,47,-1,1208,,,,,,,
,,1,0.342,50,47,-1,1209,,,,,,,
,,1,-1.383,50,47,-1,1210,,,,,-79,22:21:28,876
,,1,0.562,50,47,-1,1211,,,,,,,
,,1,0.555,50,47,-1,1212,,,,,,,
,,1,0.696,50,47,-1,1213,,,,,,,
,,1,-0.292,50,47,-1,1214,,,,,,,
,,1,0.616,50,47,-1,1215,,,,,,,
,,1,1.425,50,47,-1,1216,,,,,,,
,,7,0.844,65,48,1550,1217,,,,,,,
,,1,0.806,65,48,-1,1218,,,,,,,
,,1,0.549,65,48,-1,1219,,,,,,,
52.3427096,4.9066399,1,1.05,65,48,-1,1220,352,12,10,46,-79,22:21:29,126
,,1,1.149,65,48,-1,1221,,,,,,,
,,1,1.858,65,48,-1,1222,,,,,,,
,,1,-0.883,65,48,-1,1223,,,,,,,
,,1,0.299,65,48,-1,1224,,,,,,,
,,1,0.671,65,48,-1,1225,,,,,,,
,,1,0.239,65,48,-1,1226,,,,,,,
,,1,-0.499,65,48,-1,1227,,,,,,,
,,1,-0.127,65,48,-1,1228,,,,,,,
,,1,-0.16,65,48,-1,1229,,,,,,,
,,1,-0.914,65,48,-1,1230,,,,,-79,22:21:29,280
,,7,-1.025,60,49,1574,1231,,,,,,,
,,1,-0.61,60,49,-1,1232,,,,,,,
,,1,-0.846,60,49,-1,1233,,,,,,,
,,1,-1.125,60,49,-1,1234,,,,,,,
,,1,-1.62,60,49,-1,1235,,,,,,,
,,1,-0.221,60,49,-1,1236,,,,,,,
,,1,-1.28,60,49,-1,1237,,,,,,,
,,1,-0.872,60,49,-1,1238,,,,,,,
,,1,-0.471,60,49,-1,1239,,,,,,,
,,1,-0.143,60,49,-1,1240,,,,,-79,22:21:29,553
,,1,0.375,60,49,-1,1241,,,,,,,
,,1,-0.77,60,49,-1,1242,,,,,,,
,,1,1.181,60,49,-1,1243,,,,,,,
,,1,-0.146,60,49,-1,1244,,,,,,,
,,1,1.209,60,49,-1,1245,,,,,,,
,,1,0.616,60,49,-1,1246,,,,,,,
,,7,0.836,65,50,1600,1247,,,,,,,
,,1,1.109,65,50,-1,1248,,,,,,,
,,1,0.699,65,50,-1,1249,,,,,,,
,,1,1.028,65,50,-1,1250,,,,,-79,22:21:29,689
,,1,1.26,65,50,-1,1251,,,,,,,
,,1,0.788,65,50,-1,1252,,,,,,,
,,1,0.788,65,50,-1,1253,,,,,,,
,,1,0.874,65,50,-1,1254,,,,,,,
,,1,0.065,65,50,-1,1255,,,,,,,
,,1,0.075,65,50,-1,1256,,,,,,,
,,1,0.18,65,50,-1,1257,,,,,,,
,,1,0.001,65,50,-1,1258,,,,,,,
,,1,-0.71,65,50,-1,1259,,,,,,,
,,1,-0.234,65,50,-1,1260,,,,,-79,22:21:29,894
,,7,-1.164,52,51,1626,1261,,,,,,,
,,1,-0.516,52,51,-1,1262,,,,,,,
,,1,-0.545,52,51,-1,1263,,,,,,,
,,1,-1.145,52,51,-1,1264,,,,,,,
,,1,-0.452,52,51,-1,1265,,,,,,,
,,1,-0.81,52,51,-1,1266,,,,,,,
,,1,-0.896,52,51,-1,1267,,,,,,,
,,1,-0.971,52,51,-1,1268,,,,,,,
,,1,-1.583,52,51,-1,1269,,,,,,,
52.3427541,4.9066508,1,0.143,52,51,-1,1270,353,12,10,46,-79,22:21:30,097
,,1,0.843,52,51,-1,1271,,,,,,,
,,1,0.513,52,51,-1,1272,,,,,,,
,,1,-0.207,52,51,-1,1273,,,,,,,
,,1,0.265,52,51,-1,1274,,,,,,,
,,1,1.354,52,51,-1,1275,,,,,,,
,,7,1.807,67,52,1680,1276,,,,,,,
,,1,0.869,67,52,-1,1277,,,,,,,
,,1,0.715,67,52,-1,1278,,,,,,,
,,1,1.247,67,52,-1,1279,,,,,,,
,,1,1.61,67,52,-1,1280,,,,,-79,22:21:30,287
,,1,1.452,67,52,-1,1281,,,,,,,
,,1,-0.145,67,52,-1,1282,,,,,,,
,,1,1.045,67,52,-1,1283,,,,,,,
,,1,0.647,67,52,-1,1284,,,,,,,
,,1,0.967,67,52,-1,1285,,,,,,,
,,1,-0.203,67,52,-1,1286,,,,,,,
,,1,-0.302,67,52,-1,1287,,,,,,,
,,1,-0.184,67,52,-1,1288,,,,,,,
,,1,-0.139,67,52,-1,1289,,,,,,,
,,1,-0.498,67,52,-1,1290,,,,,-79,22:21:30,480
,,1,-0.455,67,52,-1,1291,,,,,,,
,,1,-0.141,67,52,-1,1292,,,,,,,
,,7,-2.889,56,53,1652,1293,,,,,,,
,,1,-1.825,56,53,-1,1294,,,,,,,
,,1,-0.585,56,53,-1,1295,,,,,,,
,,1,0.479,56,53,-1,1296,,,,,,,
,,1,-0.528,56,53,-1,1297,,,,,,,
,,1,-0.766,56,53,-1,1298,,,,,,,
,,1,-1.576,56,53,-1,1299,,,,,,,
,,1,0.459,56,53,-1,1300,,,,,-79,22:21:30,674
,,1,0.933,56,53,-1,1301,,,,,,,
,,1,0.804,56,53,-1,1302,,,,,,,
,,1,-0.407,56,53,-1,1303,,,,,,,
,,1,0.278,56,53,-1,1304,,,,,,,
,,1,1.557,56,53,-1,1305,,,,,,,
,,7,0.885,58,54,1652,1306,,,,,,,
,,1,0.816,58,54,-1,1307,,,,,,,
,,1,0.848,58,54,-1,1308,,,,,,,
,,1,0.452,58,54,-1,1309,,,,,,,
,,1,1.667,58,54,-1,1310,,,,,-79,22:21:30,893
,,1,1.446,58,54,-1,1311,,,,,,,
,,1,0.207,58,54,-1,1312,,,,,,,
,,1,0.721,58,54,-1,1313,,,,,,,
,,1,0.185,58,54,-1,1314,,,,,,,
,,1,0.102,58,54,-1,1315,,,,,,,
,,1,-0.152,58,54,-1,1316,,,,,,,
,,1,-0.75,58,54,-1,1317,,,,,,,
,,1,-0.209,58,54,-1,1318,,,,,,,
,,1,-0.511,58,54,-1,1319,,,,,,,
52.342795,4.9066442,7,-0.741,66,55,1694,1320,349,14,10,46,-79,22:21:31,084
,,1,-1.183,66,55,-1,1321,,,,,,,
,,1,-0.738,66,55,-1,1322,,,,,,,
,,1,-0.754,66,55,-1,1323,,,,,,,
,,1,-0.467,66,55,-1,1324,,,,,,,
,,1,-1.919,66,55,-1,1325,,,,,,,
,,1,0.109,66,55,-1,1326,,,,,,,
,,1,-0.219,66,55,-1,1327,,,,,,,
,,1,0.656,66,55,-1,1328,,,,,,,
,,1,-1.101,66,55,-1,1329,,,,,,,
,,1,0.099,66,55,-1,1330,,,,,-79,22:21:31,316
,,1,0.912,66,55,-1,1331,,,,,,,
,,1,0.934,66,55,-1,1332,,,,,,,
,,7,1.376,87,56,1724,1333,,,,,,,
,,1,0.164,87,56,-1,1334,,,,,,,
,,1,0.783,87,56,-1,1335,,,,,,,
,,1,1.213,87,56,-1,1336,,,,,,,
,,1,1.202,87,56,-1,1337,,,,,,,
,,1,1.233,87,56,-1,1338,,,,,,,
,,1,1.246,87,56,-1,1339,,,,,,,
52.342795,4.9066442,1,0.135,87,56,-1,1340,349,14,10,46,-79,22:21:31,519
,,1,0.542,87,56,-1,1341,,,,,,,
,,1,-0.052,87,56,-1,1342,,,,,,,
,,1,0.135,87,56,-1,1343,,,,,,,
,,1,-0.359,87,56,-1,1344,,,,,,,
,,1,-0.548,87,56,-1,1345,,,,,,,
,,1,-0.573,87,56,-1,1346,,,,,,,
,,7,-0.269,86,57,1801,1347,,,,,,,
,,1,-1.089,86,57,-1,1348,,,,,,,
,,1,-1.085,86,57,-1,1349,,,,,,,
,,1,-1.051,86,57,-1,1350,,,,,-79,22:21:31,680
,,1,-0.264,86,57,-1,1351,,,,,,,
,,1,-1.273,86,57,-1,1352,,,,,,,
,,1,-0.716,86,57,-1,1353,,,,,,,
,,1,-0.363,86,57,-1,1354,,,,,,,
,,1,-0.164,86,57,-1,1355,,,,,,,
,,1,0.908,86,57,-1,1356,,,,,,,
,,1,-0.235,86,57,-1,1357,,,,,,,
,,1,0.196,86,57,-1,1358,,,,,,,
,,1,-0.507,86,57,-1,1359,,,,,,,
,,1,1.974,86,57,-1,1360,,,,,-79,22:21:31,910
,,7,0.934,95,58,1834,1361,,,,,,,
,,1,0.387,95,58,-1,1362,,,,,,,
,,1,1.161,95,58,-1,1363,,,,,,,
,,1,0.96,95,58,-1,1364,,,,,,,
,,1,1.411,95,58,-1,1365,,,,,,,
,,1,1.184,95,58,-1,1366,,,,,,,
,,1,1.053,95,58,-1,1367,,,,,,,
,,1,1.134,95,58,-1,1368,,,,,,,
,,1,0.468,95,58,-1,1369,,,,,,,
52.3428381,4.9066362,1,-0.214,95,58,-1,1370,348,15,10,46,-79,22:21:32,093
,,1,0.558,95,58,-1,1371,,,,,,,
,,1,0.116,95,58,-1,1372,,,,,,,
,,1,-0.37,95,58,-1,1373,,,,,,,
,,1,-0.926,95,58,-1,1374,,,,,,,
,,7,-1.685,101,59,1818,1375,,,,,,,
,,1,-0.536,101,59,-1,1376,,,,,,,
,,1,-0.839,101,59,-1,1377,,,,,,,
,,1,-0.198,101,59,-1,1378,,,,,,,
,,1,-0.857,101,59,-1,1379,,,,,,,
,,1,-0.81,101,59,-1,1380,,,,,-74,22:21:32,279
,,1,-1.297,101,59,-1,1381,,,,,,,
,,1,-0.436,101,59,-1,1382,,,,,,,
,,1,-0.619,101,59,-1,1383,,,,,,,
,,1,0.769,101,59,-1,1384,,,,,,,
,,1,-0.73,101,59,-1,1385,,,,,,,
,,1,0.365,101,59,-1,1386,,,,,,,
,,1,-0.495,101,59,-1,1387,,,,,,,
,,1,1.579,101,59,-1,1388,,,,,,,
,,1,1.556,101,59,-1,1389,,,,,,,
,,7,1.23,88,60,1785,1390,,,,,-74,22:21:32,482
,,1,0.731,88,60,-1,1391,,,,,,,
,,1,0.79,88,60,-1,1392,,,,,,,
,,1,0.725,88,60,-1,1393,,,,,,,
,,1,1.252,88,60,-1,1394,,,,,,,
,,1,1.721,88,60,-1,1395,,,,,,,
,,1,0.051,88,60,-1,1396,,,,,,,
,,1,0.685,88,60,-1,1397,,,,,,,
,,1,0.629,88,60,-1,1398,,,,,,,
,,1,-0.122,88,60,-1,1399,,,,,,,
,,1,-0.505,88,60,-1,1400,,,,,-74,22:21:32,685
,,1,-0.005,88,60,-1,1401,,,,,,,
,,1,-0.36,88,60,-1,1402,,,,,,,
,,1,-1.168,88,60,-1,1403,,,,,,,
,,7,-0.344,96,61,1754,1404,,,,,,,
,,1,-0.597,96,61,-1,1405,,,,,,,
,,1,-1.688,96,61,-1,1406,,,,,,,
,,1,-0.561,96,61,-1,1407,,,,,,,
,,1,-0.759,96,61,-1,1408,,,,,,,
,,1,0.077,96,61,-1,1409,,,,,,,
,,1,-0.217,96,61,-1,1410,,,,,-74,22:21:32,881
,,1,-1.168,96,61,-1,1411,,,,,,,
,,1,-0.216,96,61,-1,1412,,,,,,,
,,1,0.315,96,61,-1,1413,,,,,,,
,,1,0.785,96,61,-1,1414,,,,,,,
,,1,0.437,96,61,-1,1415,,,,,,,
,,1,0.934,96,61,-1,1416,,,,,,,
,,1,0.17,96,61,-1,1417,,,,,,,
,,7,1.746,113,62,1754,1418,,,,,,,
,,1,1.418,113,62,-1,1419,,,,,,,
52.3428835,4.906627,1,0.964,113,62,-1,1420,346,15,10,46,-74,22:21:33,076
,,1,0.672,113,62,-1,1421,,,,,,,
,,1,1.509,113,62,-1,1422,,,,,,,
,,1,0.274,113,62,-1,1423,,,,,,,
,,1,0.149,113,62,-1,1424,,,,,,,
,,1,0.797,113,62,-1,1425,,,,,,,
,,1,-0.002,113,62,-1,1426,,,,,,,
,,1,-0.496,113,62,-1,1427,,,,,,,
,,1,-0.605,113,62,-1,1428,,,,,,,
,,1,0.201,113,62,-1,1429,,,,,,,
,,7,-1.265,106,63,1785,1430,,,,,-74,22:21:33,302
,,1,-1.243,106,63,-1,1431,,,,,,,
,,1,0.319,106,63,-1,1432,,,,,,,
,,1,-0.618,106,63,-1,1433,,,,,,,
,,1,-0.95,106,63,-1,1434,,,,,,,
,,1,-0.979,106,63,-1,1435,,,,,,,
,,1,-1.01,106,63,-1,1436,,,,,,,
,,1,1.481,106,63,-1,1437,,,,,,,
,,1,-5.23,106,63,-1,1438,,,,,,,
,,1,4.294,106,63,-1,1439,,,,,,,
,,1,-4.871,106,63,-1,1440,,,,,-74,22:21:33,525
,,1,1.822,106,63,-1,1441,,,,,,,
,,1,1.675,106,63,-1,1442,,,,,,,
,,1,-0.104,106,63,-1,1443,,,,,,,
,,1,0.518,106,63,-1,1444,,,,,,,
,,1,0.479,106,63,-1,1445,,,,,,,
,,7,3.076,99,64,1801,1446,,,,,,,
,,1,0.741,99,64,-1,1447,,,,,,,
,,1,0.813,99,64,-1,1448,,,,,,,
,,1,-0.105,99,64,-1,1449,,,,,,,
,,1,0.748,99,64,-1,1450,,,,,-74,22:21:33,689
,,1,1.644,99,64,-1,1451,,,,,,,
,,1,-0.879,99,64,-1,1452,,,,,,,
,,1,0.343,99,64,-1,1453,,,,,,,
,,1,0.259,99,64,-1,1454,,,,,,,
,,1,-0.481,99,64,-1,1455,,,,,,,
,,1,-0.589,99,64,-1,1456,,,,,,,
,,7,-1.329,63,65,1834,1457,,,,,,,
,,1,-0.945,63,65,-1,1458,,,,,,,
,,1,-0.356,63,65,-1,1459,,,,,,,
,,1,-0.83,63,65,-1,1460,,,,,-74,22:21:33,889
,,1,-0.308,63,65,-1,1461,,,,,,,
,,1,-1.071,63,65,-1,1462,,,,,,,
,,1,-0.403,63,65,-1,1463,,,,,,,
,,1,0.193,63,65,-1,1464,,,,,,,
,,1,-0.263,63,65,-1,1465,,,,,,,
,,1,-0.46,63,65,-1,1466,,,,,,,
,,1,0.403,63,65,-1,1467,,,,,,,
,,1,0.629,63,65,-1,1468,,,,,,,
,,1,0.556,63,65,-1,1469,,,,,,,
52.3429159,4.9066139,7,1.072,77,66,1904,1470,345,13,10,46,-71,22:21:34,093
,,1,0.773,77,66,-1,1471,,,,,,,
,,1,1.241,77,66,-1,1472,,,,,,,
,,1,1.225,77,66,-1,1473,,,,,,,
,,1,1.218,77,66,-1,1474,,,,,,,
,,1,0.479,77,66,-1,1475,,,,,,,
,,1,1.18,77,66,-1,1476,,,,,,,
,,1,0.296,77,66,-1,1477,,,,,,,
,,1,0.569,77,66,-1,1478,,,,,,,
,,1,-0.437,77,66,-1,1479,,,,,,,
,,1,0.764,77,66,-1,1480,,,,,-71,22:21:34,273
,,1,-0.807,77,66,-1,1481,,,,,,,
,,1,-0.454,77,66,-1,1482,,,,,,,
,,1,0.022,77,66,-1,1483,,,,,,,
,,1,-0.173,77,66,-1,1484,,,,,,,
,,1,-1.092,77,66,-1,1485,,,,,,,
,,7,-1.551,64,67,1851,1486,,,,,,,
,,1,-0.632,64,67,-1,1487,,,,,,,
,,1,-0.252,64,67,-1,1488,,,,,,,
,,1,-1.081,64,67,-1,1489,,,,,,,
,,1,-1.561,64,67,-1,1490,,,,,-71,22:21:34,493
,,1,0.356,64,67,-1,1491,,,,,,,
,,1,-0.691,64,67,-1,1492,,,,,,,
,,1,1.13,64,67,-1,1493,,,,,,,
,,1,-1.446,64,67,-1,1494,,,,,,,
,,1,-0.017,64,67,-1,1495,,,,,,,
,,1,0.722,64,67,-1,1496,,,,,,,
,,1,1.988,64,67,-1,1497,,,,,,,
,,7,0.866,55,68,1851,1498,,,,,,,
,,1,0.087,55,68,-1,1499,,,,,,,
,,1,1.186,55,68,-1,1500,,,,,-71,22:21:34,686
,,1,1.578,55,68,-1,1501,,,,,,,
,,1,1.224,55,68,-1,1502,,,,,,,
,,1,0.978,55,68,-1,1503,,,,,,,
,,1,0.505,55,68,-1,1504,,,,,,,
,,1,0.36,55,68,-1,1505,,,,,,,
,,1,0.367,55,68,-1,1506,,,,,,,
,,1,-0.178,55,68,-1,1507,,,,,,,
,,1,-0.167,55,68,-1,1508,,,,,,,
,,1,-0.318,55,68,-1,1509,,,,,,,
,,1,-0.531,55,68,-1,1510,,,,,-71,22:21:34,880
,,1,-0.634,55,68,-1,1511,,,,,,,
,,7,-0.938,56,69,1869,1512,,,,,,,
,,1,-1.058,56,69,-1,1513,,,,,,,
,,1,-1.82,56,69,-1,1514,,,,,,,
,,1,-0.801,56,69,-1,1515,,,,,,,
,,1,-0.261,56,69,-1,1516,,,,,,,
,,1,-0.318,56,69,-1,1517,,,,,,,
,,1,-0.202,56,69,-1,1518,,,,,,,
,,1,-0.521,56,69,-1,1519,,,,,,,
,,1,0.325,56,69,-1,1520,,,,,-71,22:21:35,084
,,1,0.657,56,69,-1,1521,,,,,,,
,,1,-0.123,56,69,-1,1522,,,,,,,
,,1,0.618,56,69,-1,1523,,,,,,,
,,1,0.85,56,69,-1,1524,,,,,,,
,,7,1.333,72,70,1818,1525,,,,,,,
,,1,0.922,72,70,-1,1526,,,,,,,
,,1,0.449,72,70,-1,1527,,,,,,,
,,1,0.444,72,70,-1,1528,,,,,,,
,,1,0.625,72,70,-1,1529,,,,,,,
52.342954,4.9066027,1,1.44,72,70,-1,1530,348,16,9,46,-71,22:21:35,280
,,1,1.002,72,70,-1,1531,,,,,,,
,,1,-0.229,72,70,-1,1532,,,,,,,
,,1,0.294,72,70,-1,1533,,,,,,,
,,1,0.189,72,70,-1,1534,,,,,,,
,,1,-0.731,72,70,-1,1535,,,,,,,
,,1,0.089,72,70,-1,1536,,,,,,,
,,1,-0.663,72,70,-1,1537,,,,,,,
,,1,-0.58,72,70,-1,1538,,,,,,,
,,7,-0.411,67,71,1851,1539,,,,,,,
52.342954,4.9066027,1,-1.647,67,71,-1,1540,348,16,9,46,-71,22:21:35,497
,,1,-0.842,67,71,-1,1541,,,,,,,
,,1,-0.772,67,71,-1,1542,,,,,,,
,,1,-0.12,67,71,-1,1543,,,,,,,
,,1,-0.932,67,71,-1,1544,,,,,,,
,,1,-0.682,67,71,-1,1545,,,,,,,
,,1,0.595,67,71,-1,1546,,,,,,,
,,1,0.703,67,71,-1,1547,,,,,,,
,,1,0.886,67,71,-1,1548,,,,,,,
,,7,1.145,75,72,1923,1549,,,,,,,
,,1,0.021,75,72,-1,1550,,,,,-71,22:21:35,684
,,1,0.695,75,72,-1,1551,,,,,,,
,,1,0.375,75,72,-1,1552,,,,,,,
,,1,1.803,75,72,-1,1553,,,,,,,
,,1,1.062,75,72,-1,1554,,,,,,,
,,1,1.287,75,72,-1,1555,,,,,,,
,,1,0.275,75,72,-1,1556,,,,,,,
,,1,1.105,75,72,-1,1557,,,,,,,
,,1,0.088,75,72,-1,1558,,,,,,,
,,1,0.69,75,72,-1,1559,,,,,,,
,,1,-0.209,75,72,-1,1560,,,,,-75,22:21:35,889
,,1,-0.26,75,72,-1,1561,,,,,,,
,,1,0.055,75,72,-1,1562,,,,,,,
,,1,-0.62,75,72,-1,1563,,,,,,,
,,1,-0.515,75,72,-1,1564,,,,,,,
,,7,-2.171,87,73,1923,1565,,,,,,,
,,1,-1.239,87,73,-1,1566,,,,,,,
,,1,0.113,87,73,-1,1567,,,,,,,
,,1,-0.209,87,73,-1,1568,,,,,,,
,,1,-1.307,87,73,-1,1569,,,,,,,
,,1,-1.3,87,73,-1,1570,,,,,-75,22:21:36,077
,,1,-0.583,87,73,-1,1571,,,,,,,
,,1,0.21,87,73,-1,1572,,,,,,,
,,1,0.42,87,73,-1,1573,,,,,,,
,,1,0.131,87,73,-1,1574,,,,,,,
,,1,0.176,87,73,-1,1575,,,,,,,
,,1,0.565,87,73,-1,1576,,,,,,,
,,7,1.945,78,74,1904,1577,,,,,,,
,,1,0.81,78,74,-1,1578,,,,,,,
,,1,0.781,78,74,-1,1579,,,,,,,
52.3429817,4.9066002,1,-0.126,78,74,-1,1580,355,11,9,46,-75,22:21:36,289
,,1,1.616,78,74,-1,1581,,,,,,,
,,1,1.438,78,74,-1,1582,,,,,,,
,,1,1.242,78,74,-1,1583,,,,,,,
,,1,0.146,78,74,-1,1584,,,,,,,
,,1,0.223,78,74,-1,1585,,,,,,,
,,1,0.687,78,74,-1,1586,,,,,,,
,,1,0.096,78,74,-1,1587,,,,,,,
,,1,-0.621,78,74,-1,1588,,,,,,,
,,1,-0.573,78,74,-1,1589,,,,,,,
,,1,-0.516,78,74,-1,1590,,,,,-75,22:21:36,481
,,7,-1.014,86,75,1923,1591,,,,,,,
,,1,-0.568,86,75,-1,1592,,,,,,,
,,1,-1.019,86,75,-1,1593,,,,,,,
,,1,-1.389,86,75,-1,1594,,,,,,,
,,1,-0.724,86,75,-1,1595,,,,,,,
,,1,-0.745,86,75,-1,1596,,,,,,,
,,1,0.323,86,75,-1,1597,,,,,,,
,,1,-0.334,86,75,-1,1598,,,,,,,
,,1,0.365,86,75,-1,1599,,,,,,,
,,1,-0.203,86,75,-1,1600,,,,,-75,22:21:36,676
,,1,1.345,86,75,-1,1601,,,,,,,
,,1,0.067,86,75,-1,1602,,,,,,,
,,7,1.128,88,76,1886,1603,,,,,,,
,,1,0.382,88,76,-1,1604,,,,,,,
,,1,1.499,88,76,-1,1605,,,,,,,
,,1,1.104,88,76,-1,1606,,,,,,,
,,1,0.965,88,76,-1,1607,,,,,,,
,,1,-0.024,88,76,-1,1608,,,,,,,
,,1,0.472,88,76,-1,1609,,,,,,,
,,1,1.121,88,76,-1,1610,,,,,-75,22:21:36,907
,,1,0.558,88,76,-1,1611,,,,,,,
,,1,0.084,88,76,-1,1612,,,,,,,
,,1,-0.174,88,76,-1,1613,,,,,,,
,,1,-0.245,88,76,-1,1614,,,,,,,
,,1,-0.347,88,76,-1,1615,,,,,,,
,,7,-1.494,105,77,1904,1616,,,,,,,
,,1,-0.419,105,77,-1,1617,,,,,,,
,,1,-0.943,105,77,-1,1618,,,,,,,
,,1,-0.798,105,77,-1,1619,,,,,,,
52.343012,4.9065901,1,-1.188,105,77,-1,1620,348,15,10,46,-75,22:21:37,081
,,1,-0.769,105,77,-1,1621,,,,,,,
,,1,-0.686,105,77,-1,1622,,,,,,,
,,1,0.125,105,77,-1,1623,,,,,,,
,,1,-0.886,105,77,-1,1624,,,,,,,
,,1,-0.058,105,77,-1,1625,,,,,,,
,,1,0.131,105,77,-1,1626,,,,,,,
,,1,0.937,105,77,-1,1627,,,,,,,
,,1,0.583,105,77,-1,1628,,,,,,,
,,1,0.288,105,77,-1,1629,,,,,,,
,,7,1.036,84,78,1923,1630,,,,,-75,22:21:37,275
,,1,0.818,84,78,-1,1631,,,,,,,
,,1,1.146,84,78,-1,1632,,,,,,,
,,1,0.933,84,78,-1,1633,,,,,,,
,,1,0.612,84,78,-1,1634,,,,,,,
,,1,0.651,84,78,-1,1635,,,,,,,
,,1,1.792,84,78,-1,1636,,,,,,,
,,1,0.357,84,78,-1,1637,,,,,,,
,,1,0.249,84,78,-1,1638,,,,,,,
,,1,0.074,84,78,-1,1639,,,,,,,
,,1,0.861,84,78,-1,1640,,,,,-66,22:21:37,484
,,1,-0.766,84,78,-1,1641,,,,,,,
,,1,-0.961,84,78,-1,1642,,,,,,,
,,1,-0.424,84,78,-1,1643,,,,,,,
,,7,-0.479,80,79,1886,1644,,,,,,,
,,1,-0.795,80,79,-1,1645,,,,,,,
,,1,-0.895,80,79,-1,1646,,,,,,,
,,1,-1.054,80,79,-1,1647,,,,,,,
,,1,-1.021,80,79,-1,1648,,,,,,,
,,1,-0.399,80,79,-1,1649,,,,,,,
,,1,-0.687,80,79,-1,1650,,,,,-66,22:21:37,684
,,1,-0.901,80,79,-1,1651,,,,,,,
,,1,0.312,80,79,-1,1652,,,,,,,
,,1,0.267,80,79,-1,1653,,,,,,,
,,1,0.484,80,79,-1,1654,,,,,,,
,,1,-0.91,80,79,-1,1655,,,,,,,
,,1,1.682,80,79,-1,1656,,,,,,,
,,1,0.956,80,79,-1,1657,,,,,,,
,,7,1.286,87,80,1851,1658,,,,,,,
,,1,-0.269,87,80,-1,1659,,,,,,,
,,1,1.632,87,80,-1,1660,,,,,-66,22:21:37,877
,,1,1.394,87,80,-1,1661,,,,,,,
,,1,0.734,87,80,-1,1662,,,,,,,
,,1,1.349,87,80,-1,1663,,,,,,,
,,1,0.005,87,80,-1,1664,,,,,,,
,,1,-0.086,87,80,-1,1665,,,,,,,
,,1,0.824,87,80,-1,1666,,,,,,,
,,1,-0.068,87,80,-1,1667,,,,,,,
,,1,0.026,87,80,-1,1668,,,,,,,
,,1,-0.023,87,80,-1,1669,,,,,,,
,,1,-0.787,87,80,-1,1670,,,,,-66,22:21:38,086
,,1,-0.455,87,80,-1,1671,,,,,,,
,,7,-0.798,76,81,1801,1672,,,,,,,
,,1,-1.227,76,81,-1,1673,,,,,,,
,,1,-0.439,76,81,-1,1674,,,,,,,
,,1,0.149,76,81,-1,1675,,,,,,,
,,1,-1.312,76,81,-1,1676,,,,,,,
,,1,-1.438,76,81,-1,1677,,,,,,,
,,1,-0.059,76,81,-1,1678,,,,,,,
,,1,-0.526,76,81,-1,1679,,,,,,,
52.3430456,4.9065861,1,1.56,76,81,-1,1680,357,12,10,46,-66,22:21:38,282
,,1,-0.686,76,81,-1,1681,,,,,,,
,,1,0.164,76,81,-1,1682,,,,,,,
,,1,0.384,76,81,-1,1683,,,,,,,
,,1,1.113,76,81,-1,1684,,,,,,,
,,7,1.694,81,82,1801,1685,,,,,,,
,,1,0.436,81,82,-1,1686,,,,,,,
,,1,0.982,81,82,-1,1687,,,,,,,
,,1,1.177,81,82,-1,1688,,,,,,,
,,1,1.467,81,82,-1,1689,,,,,,,
,,1,0.73,81,82,-1,1690,,,,,-66,22:21:38,483
,,1,0.589,81,82,-1,1691,,,,,,,
,,1,0.58,81,82,-1,1692,,,,,,,
,,1,0.773,81,82,-1,1693,,,,,,,
,,1,-0.234,81,82,-1,1694,,,,,,,
,,1,0.086,81,82,-1,1695,,,,,,,
,,1,-0.039,81,82,-1,1696,,,,,,,
,,1,-0.732,81,82,-1,1697,,,,,,,
,,1,-0.718,81,82,-1,1698,,,,,,,
,,7,-0.831,93,83,1818,1699,,,,,,,
,,1,-0.14,93,83,-1,1700,,,,,-66,22:21:38,688
,,1,-1.101,93,83,-1,1701,,,,,,,
,,1,-1.018,93,83,-1,1702,,,,,,,
,,1,-1.398,93,83,-1,1703,,,,,,,
,,1,-0.472,93,83,-1,1704,,,,,,,
,,1,-0.751,93,83,-1,1705,,,,,,,
,,1,0.228,93,83,-1,1706,,,,,,,
,,1,-0.66,93,83,-1,1707,,,,,,,
,,1,0.11,93,83,-1,1708,,,,,,,
,,1,-0.11,93,83,-1,1709,,,,,,,
,,1,1.189,93,83,-1,1710,,,,,-66,22:21:38,884
,,1,0.139,93,83,-1,1711,,,,,,,
,,1,0.797,93,83,-1,1712,,,,,,,
,,1,0.649,93,83,-1,1713,,,,,,,
,,7,1.492,105,84,1801,1714,,,,,,,
,,1,0.854,105,84,-1,1715,,,,,,,
,,1,0.505,105,84,-1,1716,,,,,,,
,,1,1.063,105,84,-1,1717,,,,,,,
,,1,1.085,105,84,-1,1718,,,,,,,
,,1,0.505,105,84,-1,1719,,,,,,,
52.343072,4.9065755,1,0.647,105,84,-1,1720,345,10,10,46,-66,22:21:39,072
,,1,-0.565,105,84,-1,1721,,,,,,,
,,1,-0.355,105,84,-1,1722,,,,,,,
,,1,-0.18,105,84,-1,1723,,,,,,,
,,1,-0.421,105,84,-1,1724,,,,,,,
,,7,-1.509,85,85,1834,1725,,,,,,,
,,1,-0.536,85,85,-1,1726,,,,,,,
,,1,-0.591,85,85,-1,1727,,,,,,,
,,1,-0.596,85,85,-1,1728,,,,,,,
,,1,-1.064,85,85,-1,1729,,,,,,,
,,1,-0.864,85,85,-1,1730,,,,,-74,22:21:39,285
,,1,-0.796,85,85,-1,1731,,,,,,,
,,1,-0.112,85,85,-1,1732,,,,,,,
,,1,-1.081,85,85,-1,1733,,,,,,,
,,1,0.338,85,85,-1,1734,,,,,,,
,,1,-0.204,85,85,-1,1735,,,,,,,
,,1,0.729,85,85,-1,1736,,,,,,,
,,1,-0.435,85,85,-1,1737,,,,,,,
,,1,1.195,85,85,-1,1738,,,,,,,
,,1,1.253,85,85,-1,1739,,,,,,,
,,7,1.003,76,86,1851,1740,,,,,-74,22:21:39,485
,,1,1.394,76,86,-1,1741,,,,,,,
,,1,0.076,76,86,-1,1742,,,,,,,
,,1,1.019,76,86,-1,1743,,,,,,,
,,1,0.673,76,86,-1,1744,,,,,,,
,,1,1.029,76,86,-1,1745,,,,,,,
,,1,0.39,76,86,-1,1746,,,,,,,
,,1,0.547,76,86,-1,1747,,,,,,,
,,1,0.614,76,86,-1,1748,,,,,,,
,,1,0.047,76,86,-1,1749,,,,,,,
,,1,-0.692,76,86,-1,1750,,,,,-74,22:21:39,676
,,1,-0.613,76,86,-1,1751,,,,,,,
,,7,-1.196,77,87,1851,1752,,,,,,,
,,1,-0.45,77,87,-1,1753,,,,,,,
,,1,-0.268,77,87,-1,1754,,,,,,,
,,1,-0.515,77,87,-1,1755,,,,,,,
,,1,-2.146,77,87,-1,1756,,,,,,,
,,1,-0.879,77,87,-1,1757,,,,,,,
,,1,-0.836,77,87,-1,1758,,,,,,,
,,1,-0.067,77,87,-1,1759,,,,,,,
,,1,-0.64,77,87,-1,1760,,,,,-74,22:21:39,893
,,1,-0.799,77,87,-1,1761,,,,,,,
,,1,0.058,77,87,-1,1762,,,,,,,
,,1,0.341,77,87,-1,1763,,,,,,,
,,1,1.471,77,87,-1,1764,,,,,,,
,,1,0.307,77,87,-1,1765,,,,,,,
,,7,1.198,47,88,1904,1766,,,,,,,
,,1,0.91,47,88,-1,1767,,,,,,,
,,1,1.05,47,88,-1,1768,,,,,,,
,,1,1.127,47,88,-1,1769,,,,,,,
52.3431031,4.9065586,1,1.613,47,88,-1,1770,346,14,10,46,-74,22:21:40,098
,,1,0.005,47,88,-1,1771,,,,,,,
,,1,0.791,47,88,-1,1772,,,,,,,
,,1,0.786,47,88,-1,1773,,,,,,,
,,1,0.515,47,88,-1,1774,,,,,,,
,,1,0.104,47,88,-1,1775,,,,,,,
,,1,-0.341,47,88,-1,1776,,,,,,,
,,1,-0.216,47,88,-1,1777,,,,,,,
,,1,0.196,47,88,-1,1778,,,,,,,
,,1,-1.72,47,88,-1,1779,,,,,,,
,,7,-1.543,39,89,1869,1780,,,,,-74,22:21:40,280
,,1,-0.331,39,89,-1,1781,,,,,,,
,,1,-0.932,39,89,-1,1782,,,,,,,
,,1,-0.938,39,89,-1,1783,,,,,,,
,,1,-0.61,39,89,-1,1784,,,,,,,
,,1,-0.841,39,89,-1,1785,,,,,,,
,,1,-1.248,39,89,-1,1786,,,,,,,
,,1,0.36,39,89,-1,1787,,,,,,,
,,1,-1.169,39,89,-1,1788,,,,,,,
,,1,0.464,39,89,-1,1789,,,,,,,
,,1,0.046,39,89,-1,1790,,,,,-74,22:21:40,487
,,1,0.683,39,89,-1,1791,,,,,,,
,,1,0.227,39,89,-1,1792,,,,,,,
,,1,0.686,39,89,-1,1793,,,,,,,
,,7,1.542,16,90,1834,1794,,,,,,,
,,1,1.229,16,90,-1,1795,,,,,,,
,,1,0.988,16,90,-1,1796,,,,,,,
,,1,0.89,16,90,-1,1797,,,,,,,
,,1,1.053,16,90,-1,1798,,,,,,,
,,1,0.976,16,90,-1,1799,,,,,,,
,,1,0.482,16,90,-1,1800,,,,,-74,22:21:40,699
,,1,0.166,16,90,-1,1801,,,,,,,
,,1,0.639,16,90,-1,1802,,,,,,,
,,1,-0.603,16,90,-1,1803,,,,,,,
,,1,-0.491,16,90,-1,1804,,,,,,,
,,1,0.099,16,90,-1,1805,,,,,,,
,,1,-0.746,16,90,-1,1806,,,,,,,
,,7,-1.128,36,91,1834,1807,,,,,,,
,,1,-0.798,36,91,-1,1808,,,,,,,
,,1,-0.587,36,91,-1,1809,,,,,,,
,,1,-0.52,36,91,-1,1810,,,,,-74,22:21:40,876
,,1,-0.56,36,91,-1,1811,,,,,,,
,,1,-0.929,36,91,-1,1812,,,,,,,
,,1,-1.76,36,91,-1,1813,,,,,,,
,,1,0.453,36,91,-1,1814,,,,,,,
,,1,-0.088,36,91,-1,1815,,,,,,,
,,1,0.685,36,91,-1,1816,,,,,,,
,,1,-0.888,36,91,-1,1817,,,,,,,
,,1,1.146,36,91,-1,1818,,,,,,,
,,1,0.374,36,91,-1,1819,,,,,,,
52.3431379,4.906544,7,1.525,40,92,1834,1820,345,14,10,46,-74,22:21:41,100
,,1,-0.402,40,92,-1,1821,,,,,,,
,,1,1.427,40,92,-1,1822,,,,,,,
,,1,1.398,40,92,-1,1823,,,,,,,
,,1,1.654,40,92,-1,1824,,,,,,,
,,1,1.053,40,92,-1,1825,,,,,,,
,,1,0.896,40,92,-1,1826,,,,,,,
,,1,-0.139,40,92,-1,1827,,,,,,,
,,1,-0.289,40,92,-1,1828,,,,,,,
,,1,0.61,40,92,-1,1829,,,,,,,
,,1,0.634,40,92,-1,1830,,,,,-74,22:21:41,281
,,1,-0.219,40,92,-1,1831,,,,,,,
,,1,-0.818,40,92,-1,1832,,,,,,,
,,1,-1.01,40,92,-1,1833,,,,,,,
,,7,-0.676,46,93,1851,1834,,,,,,,
,,1,-0.88,46,93,-1,1835,,,,,,,
,,1,-0.561,46,93,-1,1836,,,,,,,
,,1,-1.716,46,93,-1,1837,,,,,,,
,,1,-0.526,46,93,-1,1838,,,,,,,
,,1,-0.359,46,93,-1,1839,,,,,,,
,,1,0.02,46,93,-1,1840,,,,,-74,22:21:41,475
,,1,-0.683,46,93,-1,1841,,,,,,,
,,1,0.017,46,93,-1,1842,,,,,,,
,,1,-0.196,46,93,-1,1843,,,,,,,
,,1,0.677,46,93,-1,1844,,,,,,,
,,1,0.9,46,93,-1,1845,,,,,,,
,,7,1.071,62,94,1886,1846,,,,,,,
,,1,0.644,62,94,-1,1847,,,,,,,
,,1,0.716,62,94,-1,1848,,,,,,,
,,1,1.35,62,94,-1,1849,,,,,,,
,,1,1.132,62,94,-1,1850,,,,,-74,22:21:41,689
,,1,0.85,62,94,-1,1851,,,,,,,
,,1,0.716,62,94,-1,1852,,,,,,,
,,1,0.609,62,94,-1,1853,,,,,,,
,,1,0.96,62,94,-1,1854,,,,,,,
,,1,-0.558,62,94,-1,1855,,,,,,,
,,1,0.097,62,94,-1,1856,,,,,,,
,,1,-0.8,62,94,-1,1857,,,,,,,
,,1,0.021,62,94,-1,1858,,,,,,,
,,7,-1.655,62,95,1923,1859,,,,,,,
,,1,-0.333,62,95,-1,1860,,,,,-74,22:21:41,885
,,1,-0.352,62,95,-1,1861,,,,,,,
,,1,-1.422,62,95,-1,1862,,,,,,,
,,1,-1.058,62,95,-1,1863,,,,,,,
,,1,-0.66,62,95,-1,1864,,,,,,,
,,1,-0.346,62,95,-1,1865,,,,,,,
,,1,-0.3,62,95,-1,1866,,,,,,,
,,1,-1.087,62,95,-1,1867,,,,,,,
,,1,0.079,62,95,-1,1868,,,,,,,
,,1,0.321,62,95,-1,1869,,,,,,,
,,1,0.776,62,95,-1,1870,,,,,-74,22:21:42,076
,,1,-0.18,62,95,-1,1871,,,,,,,
,,1,0.658,62,95,-1,1872,,,,,,,
,,1,1.324,62,95,-1,1873,,,,,,,
,,7,1.47,78,96,1886,1874,,,,,,,
,,1,1.321,78,96,-1,1875,,,,,,,
,,1,0.588,78,96,-1,1876,,,,,,,
,,1,0.759,78,96,-1,1877,,,,,,,
,,1,1.19,78,96,-1,1878,,,,,,,
,,1,0.943,78,96,-1,1879,,,,,,,
52.3431755,4.9065292,1,1.33,78,96,-1,1880,345,14,10,46,-74,22:21:42,292
,,1,-0.506,78,96,-1,1881,,,,,,,
,,1,0.503,78,96,-1,1882,,,,,,,
,,1,0.145,78,96,-1,1883,,,,,,,
,,1,-0.562,78,96,-1,1884,,,,,,,
,,1,-1.228,78,96,-1,1885,,,,,,,
,,7,-0.457,87,97,1886,1886,,,,,,,
,,1,-0.839,87,97,-1,1887,,,,,,,
,,1,-0.944,87,97,-1,1888,,,,,,,
,,1,-1.341,87,97,-1,1889,,,,,,,
,,1,-0.65,87,97,-1,1890,,,,,-74,22:21:42,481
,,1,-0.548,87,97,-1,1891,,,,,,,
,,1,-1.211,87,97,-1,1892,,,,,,,
,,1,0.21,87,97,-1,1893,,,,,,,
,,1,-1.172,87,97,-1,1894,,,,,,,
,,1,0.609,87,97,-1,1895,,,,,,,
,,1,0.072,87,97,-1,1896,,,,,,,
,,1,0.847,87,97,-1,1897,,,,,,,
,,1,-0.79,87,97,-1,1898,,,,,,,
,,1,0.904,87,97,-1,1899,,,,,,,
,,1,0.449,87,97,-1,1900,,,,,-77,22:21:42,675
,,7,2.241,77,98,1869,1901,,,,,,,
,,1,0.978,77,98,-1,1902,,,,,,,
,,1,1.067,77,98,-1,1903,,,,,,,
,,1,0.434,77,98,-1,1904,,,,,,,
,,1,0.943,77,98,-1,1905,,,,,,,
,,1,-0.081,77,98,-1,1906,,,,,,,
,,1,0.768,77,98,-1,1907,,,,,,,
,,1,0.237,77,98,-1,1908,,,,,,,
,,1,0.021,77,98,-1,1909,,,,,,,
,,1,-0.02,77,98,-1,1910,,,,,-77,22:21:42,886
,,1,-0.091,77,98,-1,1911,,,,,,,
,,1,-1.265,77,98,-1,1912,,,,,,,
,,7,-1.016,62,99,1834,1913,,,,,,,
,,1,-0.316,62,99,-1,1914,,,,,,,
,,1,-0.527,62,99,-1,1915,,,,,,,
,,1,-1.097,62,99,-1,1916,,,,,,,
,,1,-0.332,62,99,-1,1917,,,,,,,
,,1,-1.117,62,99,-1,1918,,,,,,,
,,1,0.188,62,99,-1,1919,,,,,,,
52.3432106,4.9065172,1,0.376,62,99,-1,1920,345,13,10,46,-77,22:21:43,094
,,1,0.344,62,99,-1,1921,,,,,,,
,,1,-1.277,62,99,-1,1922,,,,,,,
,,1,-0.218,62,99,-1,1923,,,,,,,
,,1,1.122,62,99,-1,1924,,,,,,,
,,1,1.977,62,99,-1,1925,,,,,,,
,,7,0.155,79,100,1886,1926,,,,,,,
,,1,0.6,79,100,-1,1927,,,,,,,
,,1,0.342,79,100,-1,1928,,,,,,,
,,1,1.709,79,100,-1,1929,,,,,,,
,,1,1.622,79,100,-1,1930,,,,,-77,22:21:43,276
,,1,0.514,79,100,-1,1931,,,,,,,
,,1,0.047,79,100,-1,1932,,,,,,,
,,1,0.663,79,100,-1,1933,,,,,,,
,,1,0.735,79,100,-1,1934,,,,,,,
,,1,-0.106,79,100,-1,1935,,,,,,,
,,1,-0.32,79,100,-1,1936,,,,,,,
,,1,-0.139,79,100,-1,1937,,,,,,,
,,1,0.632,79,100,-1,1938,,,,,,,
,,1,-1.386,79,100,-1,1939,,,,,,,
,,1,-0.998,79,100,-1,1940,,,,,-77,22:21:43,490
,,7,-1.956,63,101,1869,1941,,,,,,,
,,1,0.126,63,101,-1,1942,,,,,,,
,,1,-1.299,63,101,-1,1943,,,,,,,
,,1,0.203,63,101,-1,1944,,,,,,,
,,1,-1.411,63,101,-1,1945,,,,,,,
,,1,0.386,63,101,-1,1946,,,,,,,
,,1,-0.732,63,101,-1,1947,,,,,,,
,,1,1.14,63,101,-1,1948,,,,,,,
,,1,-0.27,63,101,-1,1949,,,,,,,
,,1,0.171,63,101,-1,1950,,,,,-77,22:21:43,681
,,1,0.682,63,101,-1,1951,,,,,,,
,,1,1.161,63,101,-1,1952,,,,,,,
,,7,0.715,87,102,1869,1953,,,,,,,
,,1,1.166,87,102,-1,1954,,,,,,,
,,1,1.36,87,102,-1,1955,,,,,,,
,,1,1.192,87,102,-1,1956,,,,,,,
,,1,0.997,87,102,-1,1957,,,,,,,
,,1,0.804,87,102,-1,1958,,,,,,,
,,1,0.963,87,102,-1,1959,,,,,,,
,,1,-0.016,87,102,-1,1960,,,,,-77,22:21:43,884
,,1,0.129,87,102,-1,1961,,,,,,,
,,1,-0.19,87,102,-1,1962,,,,,,,
,,1,0.384,87,102,-1,1963,,,,,,,
,,1,-0.714,87,102,-1,1964,,,,,,,
,,1,-1.825,87,102,-1,1965,,,,,,,
,,7,-1.018,78,103,1904,1966,,,,,,,
,,1,-0.235,78,103,-1,1967,,,,,,,
,,1,-1.123,78,103,-1,1968,,,,,,,
,,1,-1.102,78,103,-1,1969,,,,,,,
52.3432513,4.9065005,1,-1.297,78,103,-1,1970,347,16,10,46,-77,22:21:44,085
,,1,-0.156,78,103,-1,1971,,,,,,,
,,1,0.115,78,103,-1,1972,,,,,,,
,,1,-0.697,78,103,-1,1973,,,,,,,
,,1,0.352,78,103,-1,1974,,,,,,,
,,1,-0.493,78,103,-1,1975,,,,,,,
,,1,1.433,78,103,-1,1976,,,,,,,
,,1,-0.32,78,103,-1,1977,,,,,,,
,,7,1.764,84,104,1904,1978,,,,,,,
,,1,0.333,84,104,-1,1979,,,,,,,
,,1,0.318,84,104,-1,1980,,,,,-77,22:21:44,285
,,1,1.404,84,104,-1,1981,,,,,,,
,,1,1.448,84,104,-1,1982,,,,,,,
,,1,0.932,84,104,-1,1983,,,,,,,
,,1,1.289,84,104,-1,1984,,,,,,,
,,1,0.212,84,104,-1,1985,,,,,,,
,,1,0.37,84,104,-1,1986,,,,,,,
,,1,-0.19,84,104,-1,1987,,,,,,,
,,1,-0.454,84,104,-1,1988,,,,,,,
,,1,-0.594,84,104,-1,1989,,,,,,,
,,1,-0.598,84,104,-1,1990,,,,,-72,22:21:44,523
,,7,-0.83,91,105,1960,1991,,,,,,,
,,1,-0.517,91,105,-1,1992,,,,,,,
,,1,-0.979,91,105,-1,1993,,,,,,,
,,1,-1.077,91,105,-1,1994,,,,,,,
,,1,-0.256,91,105,-1,1995,,,,,,,
,,1,-0.164,91,105,-1,1996,,,,,,,
,,1,-0.199,91,105,-1,1997,,,,,,,
,,1,-1.587,91,105,-1,1998,,,,,,,
,,1,0.738,91,105,-1,1999,,,,,,,
,,1,0.64,91,105,-1,2000,,,,,-72,22:21:44,700
,,1,1.0,91,105,-1,2001,,,,,,,
,,1,-0.47,91,105,-1,2002,,,,,,,
,,1,1.308,91,105,-1,2003,,,,,,,
,,1,0.507,91,105,-1,2004,,,,,,,
,,7,1.323,103,106,1960,2005,,,,,,,
,,1,1.242,103,106,-1,2006,,,,,,,
,,1,0.104,103,106,-1,2007,,,,,,,
,,1,0.61,103,106,-1,2008,,,,,,,
,,1,1.838,103,106,-1,2009,,,,,,,
,,1,0.621,103,106,-1,2010,,,,,-72,22:21:44,881
,,1,0.685,103,106,-1,2011,,,,,,,
,,1,-0.453,103,106,-1,2012,,,,,,,
,,1,1.502,103,106,-1,2013,,,,,,,
,,1,-0.694,103,106,-1,2014,,,,,,,
,,1,-1.032,103,106,-1,2015,,,,,,,
,,1,-0.264,103,106,-1,2016,,,,,,,
,,7,-0.623,110,107,1941,2017,,,,,,,
,,1,-0.896,110,107,-1,2018,,,,,,,
,,1,-1.089,110,107,-1,2019,,,,,,,
52.3432901,4.9064842,1,-0.45,110,107,-1,2020,345,17,10,46,-72,22:21:45,092
,,1,-1.434,110,107,-1,2021,,,,,,,
,,1,-1.27,110,107,-1,2022,,,,,,,
,,1,-0.408,110,107,-1,2023,,,,,,,
,,1,0.953,110,107,-1,2024,,,,,,,
,,1,0.154,110,107,-1,2025,,,,,,,
,,1,-0.73,110,107,-1,2026,,,,,,,
,,1,1.123,110,107,-1,2027,,,,,,,
,,1,0.253,110,107,-1,2028,,,,,,,
,,7,2.403,90,108,1960,2029,,,,,,,
,,1,0.736,90,108,-1,2030,,,,,-72,22:21:45,312
,,1,1.115,90,108,-1,2031,,,,,,,
,,1,0.929,90,108,-1,2032,,,,,,,
,,1,0.12,90,108,-1,2033,,,,,,,
,,1,1.606,90,108,-1,2034,,,,,,,
,,1,0.926,90,108,-1,2035,,,,,,,
,,1,0.261,90,108,-1,2036,,,,,,,
,,1,0.177,90,108,-1,2037,,,,,,,
,,1,0.59,90,108,-1,2038,,,,,,,
,,1,-0.157,90,108,-1,2039,,,,,,,
,,1,-1.031,90,108,-1,2040,,,,,-72,22:21:45,484
,,1,-0.25,90,108,-1,2041,,,,,,,
,,7,-0.284,103,109,1960,2042,,,,,,,
,,1,-0.859,103,109,-1,2043,,,,,,,
,,1,-1.036,103,109,-1,2044,,,,,,,
,,1,-0.556,103,109,-1,2045,,,,,,,
,,1,-1.814,103,109,-1,2046,,,,,,,
,,1,-1.181,103,109,-1,2047,,,,,,,
,,1,-0.875,103,109,-1,2048,,,,,,,
,,1,1.415,103,109,-1,2049,,,,,,,
,,1,0.123,103,109,-1,2050,,,,,-72,22:21:45,677
,,1,-1.375,103,109,-1,2051,,,,,,,
,,1,-0.36,103,109,-1,2052,,,,,,,
,,1,1.517,103,109,-1,2053,,,,,,,
,,1,1.977,103,109,-1,2054,,,,,,,
,,7,0.89,108,110,1980,2055,,,,,,,
,,1,-0.463,108,110,-1,2056,,,,,,,
,,1,1.314,108,110,-1,2057,,,,,,,
,,1,2.123,108,110,-1,2058,,,,,,,
,,1,1.841,108,110,-1,2059,,,,,,,
,,1,0.441,108,110,-1,2060,,,,,-72,22:21:45,887
,,1,-0.356,108,110,-1,2061,,,,,,,
,,1,0.597,108,110,-1,2062,,,,,,,
,,1,1.216,108,110,-1,2063,,,,,,,
,,1,-0.585,108,110,-1,2064,,,,,,,
,,1,-0.594,108,110,-1,2065,,,,,,,
,,1,0.77,108,110,-1,2066,,,,,,,
,,1,-0.033,108,110,-1,2067,,,,,,,
,,1,-1.143,108,110,-1,2068,,,,,,,
,,7,-1.66,122,111,1960,2069,,,,,,,
,,1,-0.595,122,111,-1,2070,,,,,-72,22:21:46,094
,,1,-0.218,122,111,-1,2071,,,,,,,
,,1,-1.247,122,111,-1,2072,,,,,,,
,,1,-1.113,122,111,-1,2073,,,,,,,
,,1,-0.358,122,111,-1,2074,,,,,,,
,,1,0.101,122,111,-1,2075,,,,,,,
,,1,1.093,122,111,-1,2076,,,,,,,
,,1,-0.04,122,111,-1,2077,,,,,,,
,,1,-0.21,122,111,-1,2078,,,,,,,
,,1,0.91,122,111,-1,2079,,,,,,,
52.3433339,4.9064641,1,1.759,122,111,-1,2080,344,16,10,46,-71,22:21:46,277
,,7,1.09,122,112,1923,2081,,,,,,,
,,1,0.842,122,112,-1,2082,,,,,,,
,,1,0.645,122,112,-1,2083,,,,,,,
,,1,0.834,122,112,-1,2084,,,,,,,
,,1,1.094,122,112,-1,2085,,,,,,,
,,1,1.475,122,112,-1,2086,,,,,,,
,,1,0.681,122,112,-1,2087,,,,,,,
,,1,0.515,122,112,-1,2088,,,,,,,
,,1,-0.486,122,112,-1,2089,,,,,,,
,,1,0.629,122,112,-1,2090,,,,,-71,22:21:46,489
,,1,0.938,122,112,-1,2091,,,,,,,
,,1,-1.65,122,112,-1,2092,,,,,,,
,,1,-0.884,122,112,-1,2093,,,,,,,
,,7,0.347,139,113,1923,2094,,,,,,,
,,1,-0.654,139,113,-1,2095,,,,,,,
,,1,-1.186,139,113,-1,2096,,,,,,,
,,1,-1.203,139,113,-1,2097,,,,,,,
,,1,-0.666,139,113,-1,2098,,,,,,,
,,1,0.346,139,113,-1,2099,,,,,,,
,,1,-0.149,139,113,-1,2100,,,,,-71,22:21:46,684
,,1,-0.343,139,113,-1,2101,,,,,,,
,,1,0.392,139,113,-1,2102,,,,,,,
,,1,0.214,139,113,-1,2103,,,,,,,
,,1,0.882,139,113,-1,2104,,,,,,,
,,1,0.677,139,113,-1,2105,,,,,,,
,,7,1.094,166,114,1941,2106,,,,,,,
,,1,0.434,166,114,-1,2107,,,,,,,
,,1,0.914,166,114,-1,2108,,,,,,,
,,1,1.626,166,114,-1,2109,,,,,,,
,,1,1.296,166,114,-1,2110,,,,,-71,22:21:46,885
,,1,0.242,166,114,-1,2111,,,,,,,
,,1,0.16,166,114,-1,2112,,,,,,,
,,1,1.439,166,114,-1,2113,,,,,,,
,,1,0.646,166,114,-1,2114,,,,,,,
,,1,-0.715,166,114,-1,2115,,,,,,,
,,1,0.112,166,114,-1,2116,,,,,,,
,,1,0.127,166,114,-1,2117,,,,,,,
,,1,-2.137,166,114,-1,2118,,,,,,,
,,7,-0.424,155,115,1980,2119,,,,,,,
52.3433726,4.9064484,1,-0.413,155,115,-1,2120,346,15,10,46,-71,22:21:47,086
,,1,-1.613,155,115,-1,2121,,,,,,,
,,1,-1.043,155,115,-1,2122,,,,,,,
,,1,-1.278,155,115,-1,2123,,,,,,,
,,1,0.749,155,115,-1,2124,,,,,,,
,,1,-0.322,155,115,-1,2125,,,,,,,
,,1,-0.35,155,115,-1,2126,,,,,,,
,,1,0.05,155,115,-1,2127,,,,,,,
,,1,1.47,155,115,-1,2128,,,,,,,
,,1,0.976,155,115,-1,2129,,,,,,,
,,7,0.915,170,116,2000,2130,,,,,-71,22:21:47,297
,,1,0.646,170,116,-1,2131,,,,,,,
,,1,1.505,170,116,-1,2132,,,,,,,
,,1,0.771,170,116,-1,2133,,,,,,,
,,1,1.087,170,116,-1,2134,,,,,,,
,,1,1.772,170,116,-1,2135,,,,,,,
,,1,0.374,170,116,-1,2136,,,,,,,
,,1,0.344,170,116,-1,2137,,,,,,,
,,1,-0.501,170,116,-1,2138,,,,,,,
,,1,0.396,170,116,-1,2139,,,,,,,
,,1,-0.813,170,116,-1,2140,,,,,-71,22:21:47,493
,,1,-0.938,170,116,-1,2141,,,,,,,
,,7,0.222,168,117,2049,2142,,,,,,,
,,1,-0.81,168,117,-1,2143,,,,,,,
,,1,-0.766,168,117,-1,2144,,,,,,,
,,1,-0.79,168,117,-1,2145,,,,,,,
,,1,-1.918,168,117,-1,2146,,,,,,,
,,1,-0.87,168,117,-1,2147,,,,,,,
,,1,-0.492,168,117,-1,2148,,,,,,,
,,1,0.957,168,117,-1,2149,,,,,,,
,,1,-0.646,168,117,-1,2150,,,,,-71,22:21:47,718
,,1,-0.094,168,117,-1,2151,,,,,,,
,,1,0.245,168,117,-1,2152,,,,,,,
,,1,1.322,168,117,-1,2153,,,,,,,
,,1,1.072,168,117,-1,2154,,,,,,,
,,7,0.755,149,118,2049,2155,,,,,,,
,,1,0.364,149,118,-1,2156,,,,,,,
,,1,1.27,149,118,-1,2157,,,,,,,
,,1,1.654,149,118,-1,2158,,,,,,,
,,1,1.558,149,118,-1,2159,,,,,,,
,,1,1.487,149,118,-1,2160,,,,,-77,22:21:47,881
,,1,0.385,149,118,-1,2161,,,,,,,
,,1,-0.83,149,118,-1,2162,,,,,,,
,,1,0.311,149,118,-1,2163,,,,,,,
,,1,0.415,149,118,-1,2164,,,,,,,
,,1,-0.626,149,118,-1,2165,,,,,,,
,,1,-0.915,149,118,-1,2166,,,,,,,
,,7,-0.646,144,119,2049,2167,,,,,,,
,,1,-0.534,144,119,-1,2168,,,,,,,
,,1,-0.432,144,119,-1,2169,,,,,,,
52.3434148,4.9064308,1,-1.232,144,119,-1,2170,346,15,10,46,-77,22:21:48,107
,,1,-0.355,144,119,-1,2171,,,,,,,
,,1,-1.228,144,119,-1,2172,,,,,,,
,,1,-0.064,144,119,-1,2173,,,,,,,
,,1,-0.476,144,119,-1,2174,,,,,,,
,,1,-0.189,144,119,-1,2175,,,,,,,
,,1,-0.087,144,119,-1,2176,,,,,,,
,,1,-0.076,144,119,-1,2177,,,,,,,
,,1,1.271,144,119,-1,2178,,,,,,,
,,1,0.539,144,119,-1,2179,,,,,,,
,,1,0.725,144,119,-1,2180,,,,,-77,22:21:48,288
,,7,1.382,125,120,2032,2181,,,,,,,
,,1,0.999,125,120,-1,2182,,,,,,,
,,1,0.929,125,120,-1,2183,,,,,,,
,,1,0.554,125,120,-1,2184,,,,,,,
,,1,1.24,125,120,-1,2185,,,,,,,
,,1,0.824,125,120,-1,2186,,,,,,,
,,1,0.289,125,120,-1,2187,,,,,,,
,,1,-0.304,125,120,-1,2188,,,,,,,
,,1,0.352,125,120,-1,2189,,,,,,,
52.3434148,4.9064308,1,-0.227,125,120,-1,2190,346,15,10,46,-77,22:21:48,488
,,1,-0.804,125,120,-1,2191,,,,,,,
,,7,-1.435,115,121,1980,2192,,,,,,,
,,1,-0.728,115,121,-1,2193,,,,,,,
,,1,-0.755,115,121,-1,2194,,,,,,,
,,1,-1.212,115,121,-1,2195,,,,,,,
,,1,-0.832,115,121,-1,2196,,,,,,,
,,1,-1.068,115,121,-1,2197,,,,,,,
,,1,-0.85,115,121,-1,2198,,,,,,,
,,1,-0.312,115,121,-1,2199,,,,,,,
,,1,0.54,115,121,-1,2200,,,,,-77,22:21:48,675
,,1,0.389,115,121,-1,2201,,,,,,,
,,1,0.914,115,121,-1,2202,,,,,,,
,,1,0.549,115,121,-1,2203,,,,,,,
,,7,0.947,95,122,2016,2204,,,,,,,
,,1,1.09,95,122,-1,2205,,,,,,,
,,1,1.161,95,122,-1,2206,,,,,,,
,,1,0.901,95,122,-1,2207,,,,,,,
,,1,1.391,95,122,-1,2208,,,,,,,
,,1,0.741,95,122,-1,2209,,,,,,,
,,1,1.083,95,122,-1,2210,,,,,-77,22:21:48,888
,,1,0.5,95,122,-1,2211,,,,,,,
,,1,0.273,95,122,-1,2212,,,,,,,
,,1,0.166,95,122,-1,2213,,,,,,,
,,1,0.185,95,122,-1,2214,,,,,,,
,,1,0.112,95,122,-1,2215,,,,,,,
,,1,-0.685,95,122,-1,2216,,,,,,,
,,1,-0.78,95,122,-1,2217,,,,,,,
,,7,-0.827,105,123,2000,2218,,,,,,,
,,1,-0.278,105,123,-1,2219,,,,,,,
52.3434514,4.9064158,1,-1.046,105,123,-1,2220,346,17,10,46,-77,22:21:49,082
,,1,-1.304,105,123,-1,2221,,,,,,,
,,1,-1.086,105,123,-1,2222,,,,,,,
,,1,0.042,105,123,-1,2223,,,,,,,
,,1,-0.649,105,123,-1,2224,,,,,,,
,,1,0.977,105,123,-1,2225,,,,,,,
,,1,-1.055,105,123,-1,2226,,,,,,,
,,1,0.828,105,123,-1,2227,,,,,,,
,,1,0.642,105,123,-1,2228,,,,,,,
,,1,0.995,105,123,-1,2229,,,,,,,
,,7,1.163,111,124,2000,2230,,,,,-77,22:21:49,283
,,1,1.663,111,124,-1,2231,,,,,,,
,,1,0.938,111,124,-1,2232,,,,,,,
,,1,0.93,111,124,-1,2233,,,,,,,
,,1,0.631,111,124,-1,2234,,,,,,,
,,1,1.038,111,124,-1,2235,,,,,,,
,,1,1.076,111,124,-1,2236,,,,,,,
,,1,0.298,111,124,-1,2237,,,,,,,
,,1,-0.715,111,124,-1,2238,,,,,,,
,,1,-0.749,111,124,-1,2239,,,,,,,
,,1,-0.238,111,124,-1,2240,,,,,-77,22:21:49,486
,,7,-0.32,109,125,2032,2241,,,,,,,
,,1,-1.402,109,125,-1,2242,,,,,,,
,,1,-1.947,109,125,-1,2243,,,,,,,
,,1,-1.68,109,125,-1,2244,,,,,,,
,,1,-0.267,109,125,-1,2245,,,,,,,
,,1,-0.09,109,125,-1,2246,,,,,,,
,,1,-1.344,109,125,-1,2247,,,,,,,
,,1,-0.598,109,125,-1,2248,,,,,,,
,,1,-0.485,109,125,-1,2249,,,,,,,
,,1,0.984,109,125,-1,2250,,,,,-73,22:21:49,681
,,1,-0.4,109,125,-1,2251,,,,,,,
,,1,0.595,109,125,-1,2252,,,,,,,
,,1,1.271,109,125,-1,2253,,,,,,,
,,7,1.494,71,126,2049,2254,,,,,,,
,,1,1.51,71,126,-1,2255,,,,,,,
,,1,0.644,71,126,-1,2256,,,,,,,
,,1,0.593,71,126,-1,2257,,,,,,,
,,1,1.28,71,126,-1,2258,,,,,,,
,,1,1.383,71,126,-1,2259,,,,,,,
,,1,-0.122,71,126,-1,2260,,,,,-73,22:21:49,877
,,1,-0.539,71,126,-1,2261,,,,,,,
,,1,1.063,71,126,-1,2262,,,,,,,
,,1,-0.07,71,126,-1,2263,,,,,,,
,,1,-1.026,71,126,-1,2264,,,,,,,
,,1,-1.431,71,126,-1,2265,,,,,,,
,,7,-0.155,77,127,2016,2266,,,,,,,
,,1,-1.693,77,127,-1,2267,,,,,,,
,,1,-0.473,77,127,-1,2268,,,,,,,
,,1,-1.867,77,127,-1,2269,,,,,,,
52.3434934,4.9063953,1,0.08,77,127,-1,2270,344,17,10,46,-73,22:21:50,088
,,1,-0.712,77,127,-1,2271,,,,,,,
,,1,0.718,77,127,-1,2272,,,,,,,
,,1,-0.328,77,127,-1,2273,,,,,,,
,,1,0.128,77,127,-1,2274,,,,,,,
,,1,0.196,77,127,-1,2275,,,,,,,
,,1,0.885,77,127,-1,2276,,,,,,,
,,7,1.759,91,128,2066,2277,,,,,,,
,,1,0.745,91,128,-1,2278,,,,,,,
,,1,0.514,91,128,-1,2279,,,,,,,
,,1,1.101,91,128,-1,2280,,,,,-73,22:21:50,285
,,1,0.754,91,128,-1,2281,,,,,,,
,,1,1.733,91,128,-1,2282,,,,,,,
,,1,0.758,91,128,-1,2283,,,,,,,
,,1,-0.271,91,128,-1,2284,,,,,,,
,,1,0.56,91,128,-1,2285,,,,,,,
,,1,-0.323,91,128,-1,2286,,,,,,,
,,1,-0.699,91,128,-1,2287,,,,,,,
,,1,-0.173,91,128,-1,2288,,,,,,,
,,7,-0.839,77,129,2118,2289,,,,,,,
,,1,-0.325,77,129,-1,2290,,,,,-73,22:21:50,477
,,1,-1.527,77,129,-1,2291,,,,,,,
,,1,-0.557,77,129,-1,2292,,,,,,,
,,1,-1.313,77,129,-1,2293,,,,,,,
,,1,-0.596,77,129,-1,2294,,,,,,,
,,1,-0.337,77,129,-1,2295,,,,,,,
,,1,0.166,77,129,-1,2296,,,,,,,
,,1,-0.04,77,129,-1,2297,,,,,,,
,,1,0.104,77,129,-1,2298,,,,,,,
,,1,0.838,77,129,-1,2299,,,,,,,
,,1,0.525,77,129,-1,2300,,,,,-73,22:21:50,694
,,1,0.208,77,129,-1,2301,,,,,,,
,,7,1.947,75,130,2083,2302,,,,,,,
,,1,1.538,75,130,-1,2303,,,,,,,
,,1,0.908,75,130,-1,2304,,,,,,,
,,1,1.895,75,130,-1,2305,,,,,,,
,,1,0.491,75,130,-1,2306,,,,,,,
,,1,0.192,75,130,-1,2307,,,,,,,
,,1,1.563,75,130,-1,2308,,,,,,,
,,1,0.636,75,130,-1,2309,,,,,,,
,,1,-0.257,75,130,-1,2310,,,,,-73,22:21:50,881
,,1,0.622,75,130,-1,2311,,,,,,,
,,1,-0.344,75,130,-1,2312,,,,,,,
,,1,-0.48,75,130,-1,2313,,,,,,,
,,1,-1.561,75,130,-1,2314,,,,,,,
,,7,-0.738,90,131,2049,2315,,,,,,,
,,1,-0.358,90,131,-1,2316,,,,,,,
,,1,-0.46,90,131,-1,2317,,,,,,,
,,1,-0.929,90,131,-1,2318,,,,,,,
,,1,-1.125,90,131,-1,2319,,,,,,,
52.3435349,4.9063859,1,-0.136,90,131,-1,2320,352,16,10,46,-73,22:21:51,076
,,1,-0.31,90,131,-1,2321,,,,,,,
,,1,-0.229,90,131,-1,2322,,,,,,,
,,1,-1.979,90,131,-1,2323,,,,,,,
,,1,1.548,90,131,-1,2324,,,,,,,
,,1,0.123,90,131,-1,2325,,,,,,,
,,1,1.202,90,131,-1,2326,,,,,,,
,,1,0.521,90,131,-1,2327,,,,,,,
,,7,1.016,121,132,2000,2328,,,,,,,
,,1,1.725,121,132,-1,2329,,,,,,,
,,1,0.6,121,132,-1,2330,,,,,-73,22:21:51,284
,,1,0.513,121,132,-1,2331,,,,,,,
,,1,0.66,121,132,-1,2332,,,,,,,
,,1,-0.197,121,132,-1,2333,,,,,,,
,,1,-0.104,121,132,-1,2334,,,,,,,
,,1,-0.451,121,132,-1,2335,,,,,,,
,,1,-0.111,121,132,-1,2336,,,,,,,
,,1,-0.172,121,132,-1,2337,,,,,,,
,,1,-0.805,121,132,-1,2338,,,,,,,
,,7,-1.114,82,133,1980,2339,,,,,,,
,,1,-1.595,82,133,-1,2340,,,,,-72,22:21:51,480
,,1,-0.524,82,133,-1,2341,,,,,,,
,,1,-1.61,82,133,-1,2342,,,,,,,
,,1,0.772,82,133,-1,2343,,,,,,,
,,1,0.191,82,133,-1,2344,,,,,,,
,,1,-0.784,82,133,-1,2345,,,,,,,
,,1,-0.996,82,133,-1,2346,,,,,,,
,,1,0.292,82,133,-1,2347,,,,,,,
,,1,2.01,82,133,-1,2348,,,,,,,
,,1,0.477,82,133,-1,2349,,,,,,,
52.3435349,4.9063859,7,0.599,90,134,2032,2350,352,16,10,46,-72,22:21:51,685
,,1,0.789,90,134,-1,2351,,,,,,,
,,1,1.171,90,134,-1,2352,,,,,,,
,,1,1.412,90,134,-1,2353,,,,,,,
,,1,1.411,90,134,-1,2354,,,,,,,
,,1,1.439,90,134,-1,2355,,,,,,,
,,1,0.455,90,134,-1,2356,,,,,,,
,,1,0.133,90,134,-1,2357,,,,,,,
,,1,1.183,90,134,-1,2358,,,,,,,
,,1,0.302,90,134,-1,2359,,,,,,,
,,1,-0.912,90,134,-1,2360,,,,,-72,22:21:51,889
,,1,-1.296,90,134,-1,2361,,,,,,,
,,7,-0.241,109,135,2066,2362,,,,,,,
,,1,-1.192,109,135,-1,2363,,,,,,,
,,1,-0.653,109,135,-1,2364,,,,,,,
,,1,-0.938,109,135,-1,2365,,,,,,,
,,1,-0.617,109,135,-1,2366,,,,,,,
,,1,-0.947,109,135,-1,2367,,,,,,,
,,1,0.124,109,135,-1,2368,,,,,,,
,,1,-0.883,109,135,-1,2369,,,,,,,
52.3435725,4.9063789,1,-0.137,109,135,-1,2370,351,13,10,46,-72,22:21:52,081
,,1,-0.604,109,135,-1,2371,,,,,,,
,,1,1.471,109,135,-1,2372,,,,,,,
,,1,0.567,109,135,-1,2373,,,,,,,
,,1,0.662,109,135,-1,2374,,,,,,,
,,7,1.128,98,136,2083,2375,,,,,,,
,,1,0.891,98,136,-1,2376,,,,,,,
,,1,1.05,98,136,-1,2377,,,,,,,
,,1,1.269,98,136,-1,2378,,,,,,,
,,1,0.55,98,136,-1,2379,,,,,,,
,,1,0.846,98,136,-1,2380,,,,,-72,22:21:52,275
,,1,1.144,98,136,-1,2381,,,,,,,
,,1,-0.188,98,136,-1,2382,,,,,,,
,,1,-0.609,98,136,-1,2383,,,,,,,
,,1,-0.039,98,136,-1,2384,,,,,,,
,,1,-0.039,98,136,-1,2385,,,,,,,
,,1,-1.104,98,136,-1,2386,,,,,,,
,,7,-0.813,68,137,2100,2387,,,,,,,
,,1,-0.354,68,137,-1,2388,,,,,,,
,,1,-0.786,68,137,-1,2389,,,,,,,
,,1,-1.078,68,137,-1,2390,,,,,-72,22:21:52,503
,,1,-2.643,68,137,-1,2391,,,,,,,
,,1,0.656,68,137,-1,2392,,,,,,,
,,1,0.276,68,137,-1,2393,,,,,,,
,,1,-0.88,68,137,-1,2394,,,,,,,
,,1,0.299,68,137,-1,2395,,,,,,,
,,1,0.52,68,137,-1,2396,,,,,,,
,,1,2.359,68,137,-1,2397,,,,,,,
,,1,-1.635,68,137,-1,2398,,,,,,,
,,7,1.07,70,138,2100,2399,,,,,,,
,,1,1.809,70,138,-1,2400,,,,,-72,22:21:52,694
,,1,1.982,70,138,-1,2401,,,,,,,
,,1,1.306,70,138,-1,2402,,,,,,,
,,1,-0.018,70,138,-1,2403,,,,,,,
,,1,0.369,70,138,-1,2404,,,,,,,
,,1,1.989,70,138,-1,2405,,,,,,,
,,1,-0.228,70,138,-1,2406,,,,,,,
,,1,-1.069,70,138,-1,2407,,,,,,,
,,1,0.038,70,138,-1,2408,,,,,,,
,,1,-0.492,70,138,-1,2409,,,,,,,
,,1,-0.971,70,138,-1,2410,,,,,-72,22:21:52,901
,,7,0.206,107,139,2066,2411,,,,,,,
,,1,-1.904,107,139,-1,2412,,,,,,,
,,1,-0.334,107,139,-1,2413,,,,,,,
,,1,-0.404,107,139,-1,2414,,,,,,,
,,1,-0.497,107,139,-1,2415,,,,,,,
,,1,-0.335,107,139,-1,2416,,,,,,,
,,1,-0.863,107,139,-1,2417,,,,,,,
,,1,0.932,107,139,-1,2418,,,,,,,
,,1,1.013,107,139,-1,2419,,,,,,,
52.3436112,4.9063662,1,0.985,107,139,-1,2420,348,16,10,46,-77,22:21:53,085
,,7,0.018,124,140,2083,2421,,,,,,,
,,1,0.569,124,140,-1,2422,,,,,,,
,,1,1.511,124,140,-1,2423,,,,,,,
,,1,1.805,124,140,-1,2424,,,,,,,
,,1,1.45,124,140,-1,2425,,,,,,,
,,1,0.654,124,140,-1,2426,,,,,,,
,,1,0.36,124,140,-1,2427,,,,,,,
,,1,1.236,124,140,-1,2428,,,,,,,
,,1,1.056,124,140,-1,2429,,,,,,,
,,1,-0.398,124,140,-1,2430,,,,,-77,22:21:53,286
,,1,-0.901,124,140,-1,2431,,,,,,,
,,1,0.499,124,140,-1,2432,,,,,,,
,,1,-0.04,124,140,-1,2433,,,,,,,
,,1,-2.013,124,140,-1,2434,,,,,,,
,,7,-0.865,115,141,2100,2435,,,,,,,
,,1,0.13,115,141,-1,2436,,,,,,,
,,1,-0.878,115,141,-1,2437,,,,,,,
,,1,-1.31,115,141,-1,2438,,,,,,,
,,1,-0.796,115,141,-1,2439,,,,,,,
,,1,-0.097,115,141,-1,2440,,,,,-77,22:21:53,476
,,1,0.131,115,141,-1,2441,,,,,,,
,,1,0.857,115,141,-1,2442,,,,,,,
,,1,-1.151,115,141,-1,2443,,,,,,,
,,1,-0.617,115,141,-1,2444,,,,,,,
,,1,1.286,115,141,-1,2445,,,,,,,
,,1,1.938,115,141,-1,2446,,,,,,,
,,7,1.073,132,142,2083,2447,,,,,,,
,,1,0.681,132,142,-1,2448,,,,,,,
,,1,0.615,132,142,-1,2449,,,,,,,
,,1,1.116,132,142,-1,2450,,,,,-77,22:21:53,684
,,1,0.968,132,142,-1,2451,,,,,,,
,,1,0.656,132,142,-1,2452,,,,,,,
,,1,-0.119,132,142,-1,2453,,,,,,,
,,1,0.396,132,142,-1,2454,,,,,,,
,,1,-0.075,132,142,-1,2455,,,,,,,
,,1,-0.284,132,142,-1,2456,,,,,,,
,,1,-0.863,132,142,-1,2457,,,,,,,
,,7,-0.363,131,143,2100,2458,,,,,,,
,,1,-0.656,131,143,-1,2459,,,,,,,
,,1,-1.052,131,143,-1,2460,,,,,-77,22:21:53,884
,,1,-1.713,131,143,-1,2461,,,,,,,
,,1,-0.607,131,143,-1,2462,,,,,,,
,,1,-0.457,131,143,-1,2463,,,,,,,
,,1,-0.118,131,143,-1,2464,,,,,,,
,,1,-0.951,131,143,-1,2465,,,,,,,
,,1,0.062,131,143,-1,2466,,,,,,,
,,1,0.074,131,143,-1,2467,,,,,,,
,,1,0.961,131,143,-1,2468,,,,,,,
,,1,1.182,131,143,-1,2469,,,,,,,
,,7,0.596,122,144,2118,2470,,,,,-77,22:21:54,074
,,1,0.337,122,144,-1,2471,,,,,,,
,,1,1.129,122,144,-1,2472,,,,,,,
,,1,1.489,122,144,-1,2473,,,,,,,
,,1,1.771,122,144,-1,2474,,,,,,,
,,1,0.823,122,144,-1,2475,,,,,,,
,,1,0.07,122,144,-1,2476,,,,,,,
,,1,0.799,122,144,-1,2477,,,,,,,
,,1,0.845,122,144,-1,2478,,,,,,,
,,1,-0.837,122,144,-1,2479,,,,,,,
52.3436534,4.9063555,1,-0.372,122,144,-1,2480,349,15,11,46,-77,22:21:54,289
,,1,-0.878,122,144,-1,2481,,,,,,,
,,7,-0.578,135,145,2083,2482,,,,,,,
,,1,-1.103,135,145,-1,2483,,,,,,,
,,1,-1.001,135,145,-1,2484,,,,,,,
,,1,-1.494,135,145,-1,2485,,,,,,,
,,1,-0.524,135,145,-1,2486,,,,,,,
,,1,-0.661,135,145,-1,2487,,,,,,,
,,1,0.538,135,145,-1,2488,,,,,,,
,,1,-0.4,135,145,-1,2489,,,,,,,
,,1,0.278,135,145,-1,2490,,,,,-77,22:21:54,481
,,1,1.038,135,145,-1,2491,,,,,,,
,,1,1.358,135,145,-1,2492,,,,,,,
,,7,0.356,115,146,2100,2493,,,,,,,
,,1,0.84,115,146,-1,2494,,,,,,,
,,1,1.176,115,146,-1,2495,,,,,,,
,,1,1.134,115,146,-1,2496,,,,,,,
,,1,1.063,115,146,-1,2497,,,,,,,
,,1,1.015,115,146,-1,2498,,,,,,,
,,1,0.082,115,146,-1,2499,,,,,,,
,,1,0.278,115,146,-1,2500,,,,,-77,22:21:54,678
,,1,0.048,115,146,-1,2501,,,,,,,
,,1,-0.238,115,146,-1,2502,,,,,,,
,,1,-0.555,115,146,-1,2503,,,,,,,
,,1,-0.099,115,146,-1,2504,,,,,,,
,,1,-0.43,115,146,-1,2505,,,,,,,
,,7,-0.788,91,147,2136,2506,,,,,,,
,,1,-1.122,91,147,-1,2507,,,,,,,
,,1,-1.065,91,147,-1,2508,,,,,,,
,,1,-0.999,91,147,-1,2509,,,,,,,
,,1,-0.116,91,147,-1,2510,,,,,-73,22:21:54,885
,,1,-0.244,91,147,-1,2511,,,,,,,
,,1,-0.542,91,147,-1,2512,,,,,,,
,,1,-0.029,91,147,-1,2513,,,,,,,
,,1,0.34,91,147,-1,2514,,,,,,,
,,1,0.818,91,147,-1,2515,,,,,,,
,,1,0.692,91,147,-1,2516,,,,,,,
,,1,0.588,91,147,-1,2517,,,,,,,
,,7,0.751,96,148,2100,2518,,,,,,,
,,1,1.714,96,148,-1,2519,,,,,,,
52.3436961,4.9063387,1,0.828,96,148,-1,2520,347,18,11,46,-73,22:21:55,081
,,1,0.4,96,148,-1,2521,,,,,,,
,,1,0.264,96,148,-1,2522,,,,,,,
,,1,0.851,96,148,-1,2523,,,,,,,
,,1,-0.178,96,148,-1,2524,,,,,,,
,,1,-0.274,96,148,-1,2525,,,,,,,
,,1,0.097,96,148,-1,2526,,,,,,,
,,1,-0.602,96,148,-1,2527,,,,,,,
,,7,-1.433,77,149,2118,2528,,,,,,,
,,1,-0.9,77,149,-1,2529,,,,,,,
,,1,-0.829,77,149,-1,2530,,,,,-73,22:21:55,276
,,1,-0.329,77,149,-1,2531,,,,,,,
,,1,-0.603,77,149,-1,2532,,,,,,,
,,1,-0.852,77,149,-1,2533,,,,,,,
,,1,-1.155,77,149,-1,2534,,,,,,,
,,1,0.164,77,149,-1,2535,,,,,,,
,,1,1.033,77,149,-1,2536,,,,,,,
,,1,0.714,77,149,-1,2537,,,,,,,
,,1,0.136,77,149,-1,2538,,,,,,,
,,1,-0.038,77,149,-1,2539,,,,,,,
,,1,1.242,77,149,-1,2540,,,,,-73,22:21:55,485
,,7,2.364,99,150,2136,2541,,,,,,,
,,1,2.209,99,150,-1,2542,,,,,,,
,,1,-0.431,99,150,-1,2543,,,,,,,
,,1,1.414,99,150,-1,2544,,,,,,,
,,1,1.169,99,150,-1,2545,,,,,,,
,,1,1.152,99,150,-1,2546,,,,,,,
,,1,-0.138,99,150,-1,2547,,,,,,,
,,1,-0.038,99,150,-1,2548,,,,,,,
,,1,0.258,99,150,-1,2549,,,,,,,
,,1,-0.651,99,150,-1,2550,,,,,-73,22:21:55,697
,,1,-1.338,99,150,-1,2551,,,,,,,
,,7,-1.512,100,151,2118,2552,,,,,,,
,,1,0.45,100,151,-1,2553,,,,,,,
,,1,-1.377,100,151,-1,2554,,,,,,,
,,1,-1.611,100,151,-1,2555,,,,,,,
,,1,-1.231,100,151,-1,2556,,,,,,,
,,1,-0.096,100,151,-1,2557,,,,,,,
,,1,0.051,100,151,-1,2558,,,,,,,
,,1,1.032,100,151,-1,2559,,,,,,,
,,1,-0.229,100,151,-1,2560,,,,,-73,22:21:55,937
,,1,-0.596,100,151,-1,2561,,,,,,,
,,1,0.824,100,151,-1,2562,,,,,,,
,,1,2.14,100,151,-1,2563,,,,,,,
,,7,1.396,100,152,2136,2564,,,,,,,
,,1,0.686,100,152,-1,2565,,,,,,,
,,1,0.651,100,152,-1,2566,,,,,,,
,,1,1.026,100,152,-1,2567,,,,,,,
,,1,1.387,100,152,-1,2568,,,,,,,
,,1,-0.042,100,152,-1,2569,,,,,,,
52.3437393,4.9063234,1,-0.565,100,152,-1,2570,350,16,11,46,-73,22:21:56,087
,,1,-0.375,100,152,-1,2571,,,,,,,
,,1,0.364,100,152,-1,2572,,,,,,,
,,1,-0.363,100,152,-1,2573,,,,,,,
,,1,-1.582,100,152,-1,2574,,,,,,,
,,7,-0.993,83,153,2173,2575,,,,,,,
,,1,0.263,83,153,-1,2576,,,,,,,
,,1,-0.462,83,153,-1,2577,,,,,,,
,,1,-1.574,83,153,-1,2578,,,,,,,
,,1,-0.712,83,153,-1,2579,,,,,,,
,,1,-0.324,83,153,-1,2580,,,,,-73,22:21:56,286
,,1,0.014,83,153,-1,2581,,,,,,,
,,1,0.081,83,153,-1,2582,,,,,,,
,,1,-0.379,83,153,-1,2583,,,,,,,
,,1,0.762,83,153,-1,2584,,,,,,,
,,1,0.87,83,153,-1,2585,,,,,,,
,,1,0.895,83,153,-1,2586,,,,,,,
,,7,1.329,86,154,2155,2587,,,,,,,
,,1,0.459,86,154,-1,2588,,,,,,,
,,1,1.083,86,154,-1,2589,,,,,,,
,,1,1.139,86,154,-1,2590,,,,,-74,22:21:56,491
,,1,1.057,86,154,-1,2591,,,,,,,
,,1,0.476,86,154,-1,2592,,,,,,,
,,1,0.057,86,154,-1,2593,,,,,,,
,,1,0.087,86,154,-1,2594,,,,,,,
,,1,-0.562,86,154,-1,2595,,,,,,,
,,1,-1.248,86,154,-1,2596,,,,,,,
,,1,0.421,86,154,-1,2597,,,,,,,
,,7,-0.461,93,155,2155,2598,,,,,,,
,,1,-0.667,93,155,-1,2599,,,,,,,
,,1,-1.448,93,155,-1,2600,,,,,-74,22:21:56,731
,,1,-0.753,93,155,-1,2601,,,,,,,
,,1,-0.854,93,155,-1,2602,,,,,,,
,,1,-0.242,93,155,-1,2603,,,,,,,
,,1,-0.268,93,155,-1,2604,,,,,,,
,,1,-1.131,93,155,-1,2605,,,,,,,
,,1,-0.698,93,155,-1,2606,,,,,,,
,,1,0.306,93,155,-1,2607,,,,,,,
,,1,0.763,93,155,-1,2608,,,,,,,
,,1,0.772,93,155,-1,2609,,,,,,,
,,1,0.68,93,155,-1,2610,,,,,-74,22:21:56,882
,,7,1.609,76,156,2155,2611,,,,,,,
,,1,1.061,76,156,-1,2612,,,,,,,
,,1,1.995,76,156,-1,2613,,,,,,,
,,1,0.994,76,156,-1,2614,,,,,,,
,,1,0.789,76,156,-1,2615,,,,,,,
,,1,0.289,76,156,-1,2616,,,,,,,
,,1,0.937,76,156,-1,2617,,,,,,,
,,1,-0.029,76,156,-1,2618,,,,,,,
,,1,-0.008,76,156,-1,2619,,,,,,,
52.3437822,4.9063113,1,-0.867,76,156,-1,2620,351,14,11,46,-74,22:21:57,181
,,1,-0.631,76,156,-1,2621,,,,,,,
,,7,-0.563,75,157,2136,2622,,,,,,,
,,1,-0.074,75,157,-1,2623,,,,,,,
,,1,-1.238,75,157,-1,2624,,,,,,,
,,1,-0.686,75,157,-1,2625,,,,,,,
,,1,-0.261,75,157,-1,2626,,,,,,,
,,1,-0.946,75,157,-1,2627,,,,,,,
,,1,-0.582,75,157,-1,2628,,,,,,,
,,1,-0.621,75,157,-1,2629,,,,,,,
,,1,-0.404,75,157,-1,2630,,,,,-74,22:21:57,286
,,1,-0.743,75,157,-1,2631,,,,,,,
,,1,1.148,75,157,-1,2632,,,,,,,
,,1,1.125,75,157,-1,2633,,,,,,,
,,7,1.25,63,158,2136,2634,,,,,,,
,,1,-0.007,63,158,-1,2635,,,,,,,
,,1,1.115,63,158,-1,2636,,,,,,,
,,1,1.642,63,158,-1,2637,,,,,,,
,,1,1.032,63,158,-1,2638,,,,,,,
,,1,1.169,63,158,-1,2639,,,,,,,
,,1,0.301,63,158,-1,2640,,,,,-74,22:21:57,484
,,1,-0.402,63,158,-1,2641,,,,,,,
,,1,-0.352,63,158,-1,2642,,,,,,,
,,1,0.142,63,158,-1,2643,,,,,,,
,,1,-0.861,63,158,-1,2644,,,,,,,
,,1,-0.797,63,158,-1,2645,,,,,,,
,,7,0.074,74,159,2118,2646,,,,,,,
,,1,-0.661,74,159,-1,2647,,,,,,,
,,1,-1.053,74,159,-1,2648,,,,,,,
,,1,-1.419,74,159,-1,2649,,,,,,,
,,1,-0.02,74,159,-1,2650,,,,,-74,22:21:57,683
,,1,-0.295,74,159,-1,2651,,,,,,,
,,1,-0.213,74,159,-1,2652,,,,,,,
,,1,-0.148,74,159,-1,2653,,,,,,,
,,1,-2.104,74,159,-1,2654,,,,,,,
,,1,-0.004,74,159,-1,2655,,,,,,,
,,1,1.788,74,159,-1,2656,,,,,,,
,,1,-0.046,74,159,-1,2657,,,,,,,
,,1,0.296,74,159,-1,2658,,,,,,,
,,7,2.336,53,160,2083,2659,,,,,,,
,,1,0.871,53,160,-1,2660,,,,,-74,22:21:57,887
,,1,1.155,53,160,-1,2661,,,,,,,
,,1,0.533,53,160,-1,2662,,,,,,,
,,1,0.622,53,160,-1,2663,,,,,,,
,,1,-0.363,53,160,-1,2664,,,,,,,
,,1,-0.301,53,160,-1,2665,,,,,,,
,,1,-0.394,53,160,-1,2666,,,,,,,
,,1,0.107,53,160,-1,2667,,,,,,,
,,1,-0.847,53,160,-1,2668,,,,,,,
,,7,-1.488,38,161,2100,2669,,,,,,,
,,1,-0.718,38,161,-1,2670,,,,,-74,22:21:58,101
,,1,-0.279,38,161,-1,2671,,,,,,,
,,1,-1.603,38,161,-1,2672,,,,,,,
,,1,-0.253,38,161,-1,2673,,,,,,,
,,1,-0.252,38,161,-1,2674,,,,,,,
,,1,-0.615,38,161,-1,2675,,,,,,,
,,1,0.229,38,161,-1,2676,,,,,,,
,,1,-1.163,38,161,-1,2677,,,,,,,
,,1,0.452,38,161,-1,2678,,,,,,,
,,1,1.271,38,161,-1,2679,,,,,,,
52.3438227,4.9063052,7,1.73,32,162,2155,2680,356,14,11,46,-74,22:21:58,291
,,1,0.256,32,162,-1,2681,,,,,,,
,,1,0.451,32,162,-1,2682,,,,,,,
,,1,1.278,32,162,-1,2683,,,,,,,
,,1,0.747,32,162,-1,2684,,,,,,,
,,1,1.163,32,162,-1,2685,,,,,,,
,,1,0.907,32,162,-1,2686,,,,,,,
,,1,0.02,32,162,-1,2687,,,,,,,
,,1,-0.289,32,162,-1,2688,,,,,,,
,,1,-0.609,32,162,-1,2689,,,,,,,
,,1,0.066,32,162,-1,2690,,,,,-74,22:21:58,490
,,1,-1.281,32,162,-1,2691,,,,,,,
,,7,-1.502,6,163,2155,2692,,,,,,,
,,1,-0.35,6,163,-1,2693,,,,,,,
,,1,-2.028,6,163,-1,2694,,,,,,,
,,1,-0.711,6,163,-1,2695,,,,,,,
,,1,-0.033,6,163,-1,2696,,,,,,,
,,1,-1.064,6,163,-1,2697,,,,,,,
,,1,0.176,6,163,-1,2698,,,,,,,
,,1,-1.049,6,163,-1,2699,,,,,,,
,,1,0.463,6,163,-1,2700,,,,,-74,22:21:58,699
,,1,0.707,6,163,-1,2701,,,,,,,
,,1,1.327,6,163,-1,2702,,,,,,,
,,7,-0.126,-3,164,2173,2703,,,,,,,
,,1,0.717,-3,164,-1,2704,,,,,,,
,,1,1.436,-3,164,-1,2705,,,,,,,
,,1,0.128,-3,164,-1,2706,,,,,,,
,,1,2.774,-3,164,-1,2707,,,,,,,
,,1,0.378,-3,164,-1,2708,,,,,,,
,,1,0.126,-3,164,-1,2709,,,,,,,
,,1,1.038,-3,164,-1,2710,,,,,-74,22:21:58,878
,,1,1.036,-3,164,-1,2711,,,,,,,
,,1,-0.311,-3,164,-1,2712,,,,,,,
,,1,-0.883,-3,164,-1,2713,,,,,,,
,,1,0.567,-3,164,-1,2714,,,,,,,
,,1,-0.83,-3,164,-1,2715,,,,,,,
,,1,-1.375,-3,164,-1,2716,,,,,,,
,,7,-1.454,9,165,2173,2717,,,,,,,
,,1,-0.208,9,165,-1,2718,,,,,,,
,,1,-0.029,9,165,-1,2719,,,,,,,
,,1,-1.248,9,165,-1,2720,,,,,-74,22:21:59,104
,,1,-1.776,9,165,-1,2721,,,,,,,
,,1,-0.352,9,165,-1,2722,,,,,,,
,,1,0.5,9,165,-1,2723,,,,,,,
,,1,0.0,9,165,-1,2724,,,,,,,
,,1,-1.18,9,165,-1,2725,,,,,,,
,,1,1.015,9,165,-1,2726,,,,,,,
,,1,1.586,9,165,-1,2727,,,,,,,
,,7,1.739,6,166,2136,2728,,,,,,,
,,1,0.522,6,166,-1,2729,,,,,,,
,,1,0.546,6,166,-1,2730,,,,,-74,22:21:59,283
,,1,1.781,6,166,-1,2731,,,,,,,
,,1,1.085,6,166,-1,2732,,,,,,,
,,1,0.966,6,166,-1,2733,,,,,,,
,,1,0.504,6,166,-1,2734,,,,,,,
,,1,0.724,6,166,-1,2735,,,,,,,
,,1,0.586,6,166,-1,2736,,,,,,,
,,1,0.188,6,166,-1,2737,,,,,,,
,,1,-0.033,6,166,-1,2738,,,,,,,
,,1,-0.759,6,166,-1,2739,,,,,,,
52.3438227,4.9063052,1,-0.878,6,166,-1,2740,356,14,11,46,-74,22:21:59,496
,,1,0.184,6,166,-1,2741,,,,,,,
,,1,-0.364,6,166,-1,2742,,,,,,,
,,1,-0.989,6,166,-1,2743,,,,,,,
,,7,-1.104,49,167,2000,2744,,,,,,,
,,1,-0.762,49,167,-1,2745,,,,,,,
,,1,-0.446,49,167,-1,2746,,,,,,,
,,1,0.093,49,167,-1,2747,,,,,,,
,,1,0.292,49,167,-1,2748,,,,,,,
,,1,1.032,49,167,-1,2749,,,,,,,
,,1,1.087,49,167,-1,2750,,,,,-74,22:21:59,670
,,7,1.329,109,168,2000,2751,,,,,,,
,,1,0.653,109,168,-1,2752,,,,,,,
,,1,0.643,109,168,-1,2753,,,,,,,
,,1,0.851,109,168,-1,2754,,,,,,,
,,1,1.336,109,168,-1,2755,,,,,,,
,,1,1.319,109,168,-1,2756,,,,,,,
,,1,1.057,109,168,-1,2757,,,,,,,
,,1,-0.349,109,168,-1,2758,,,,,,,
,,1,0.442,109,168,-1,2759,,,,,,,
52.3438227,4.9063052,1,-0.125,109,168,-1,2760,356,14,11,46,-74,22:21:59,881
,,1,-1.137,109,168,-1,2761,,,,,,,
,,1,-0.981,109,168,-1,2762,,,,,,,
,,7,-0.416,127,169,2100,2763,,,,,,,
,,1,-0.592,127,169,-1,2764,,,,,,,
,,1,-0.934,127,169,-1,2765,,,,,,,
,,1,-0.454,127,169,-1,2766,,,,,,,
,,1,-1.001,127,169,-1,2767,,,,,,,
,,1,-0.17,127,169,-1,2768,,,,,,,
,,1,-0.801,127,169,-1,2769,,,,,,,
52.3439056,4.9062958,1,0.059,127,169,-1,2770,353,15,10,46,-77,22:22:00,105
,,1,0.146,127,169,-1,2771,,,,,,,
,,1,-0.556,127,169,-1,2772,,,,,,,
,,1,0.216,127,169,-1,2773,,,,,,,
,,1,0.619,127,169,-1,2774,,,,,,,
,,1,1.197,127,169,-1,2775,,,,,,,
,,7,0.9,143,170,2100,2776,,,,,,,
,,1,0.502,143,170,-1,2777,,,,,,,
,,1,1.457,143,170,-1,2778,,,,,,,
,,1,1.543,143,170,-1,2779,,,,,,,
,,1,0.913,143,170,-1,2780,,,,,-77,22:22:00,290
,,1,0.087,143,170,-1,2781,,,,,,,
,,1,0.476,143,170,-1,2782,,,,,,,
,,1,0.263,143,170,-1,2783,,,,,,,
,,1,-0.627,143,170,-1,2784,,,,,,,
,,1,-0.461,143,170,-1,2785,,,,,,,
,,1,-0.173,143,170,-1,2786,,,,,,,
,,7,-1.36,137,171,2118,2787,,,,,,,
,,1,-0.903,137,171,-1,2788,,,,,,,
,,1,-1.169,137,171,-1,2789,,,,,,,
52.3439056,4.9062958,1,-0.75,137,171,-1,2790,353,15,10,46,-77,22:22:00,480
,,1,0.068,137,171,-1,2791,,,,,,,
,,1,-0.041,137,171,-1,2792,,,,,,,
,,1,0.191,137,171,-1,2793,,,,,,,
,,1,-0.179,137,171,-1,2794,,,,,,,
,,1,-0.133,137,171,-1,2795,,,,,,,
,,1,0.45,137,171,-1,2796,,,,,,,
,,1,1.131,137,171,-1,2797,,,,,,,
,,1,1.149,137,171,-1,2798,,,,,,,
,,7,0.688,167,172,2192,2799,,,,,,,
,,1,0.638,167,172,-1,2800,,,,,-77,22:22:00,693
,,1,1.062,167,172,-1,2801,,,,,,,
,,1,1.979,167,172,-1,2802,,,,,,,
,,1,0.824,167,172,-1,2803,,,,,,,
,,1,-0.561,167,172,-1,2804,,,,,,,
,,1,-0.059,167,172,-1,2805,,,,,,,
,,1,-0.34,167,172,-1,2806,,,,,,,
,,1,0.274,167,172,-1,2807,,,,,,,
,,1,0.014,167,172,-1,2808,,,,,,,
,,1,-1.206,167,172,-1,2809,,,,,,,
,,7,-0.825,143,173,2192,2810,,,,,-77,22:22:00,889
,,1,-0.369,143,173,-1,2811,,,,,,,
,,1,-0.042,143,173,-1,2812,,,,,,,
,,1,-1.018,143,173,-1,2813,,,,,,,
,,1,-0.808,143,173,-1,2814,,,,,,,
,,1,-1.804,143,173,-1,2815,,,,,,,
,,1,0.327,143,173,-1,2816,,,,,,,
,,1,0.553,143,173,-1,2817,,,,,,,
,,1,0.546,143,173,-1,2818,,,,,,,
,,1,-0.31,143,173,-1,2819,,,,,,,
52.3439476,4.9062827,1,-0.017,143,173,-1,2820,346,17,10,46,-77,22:22:01,094
,,1,1.317,143,173,-1,2821,,,,,,,
,,1,1.21,143,173,-1,2822,,,,,,,
,,7,1.595,109,174,2100,2823,,,,,,,
,,1,1.044,109,174,-1,2824,,,,,,,
,,1,0.964,109,174,-1,2825,,,,,,,
,,1,1.421,109,174,-1,2826,,,,,,,
,,1,0.787,109,174,-1,2827,,,,,,,
,,1,0.362,109,174,-1,2828,,,,,,,
,,1,0.542,109,174,-1,2829,,,,,,,
,,1,0.016,109,174,-1,2830,,,,,-77,22:22:01,275
,,1,-1.623,109,174,-1,2831,,,,,,,
,,1,-0.222,109,174,-1,2832,,,,,,,
,,7,-1.229,105,175,2136,2833,,,,,,,
,,1,0.437,105,175,-1,2834,,,,,,,
,,1,-0.899,105,175,-1,2835,,,,,,,
,,1,-1.657,105,175,-1,2836,,,,,,,
,,1,-0.904,105,175,-1,2837,,,,,,,
,,1,0.009,105,175,-1,2838,,,,,,,
,,1,-2.229,105,175,-1,2839,,,,,,,
,,1,1.301,105,175,-1,2840,,,,,-77,22:22:01,502
,,1,-2.23,105,175,-1,2841,,,,,,,
,,1,2.274,105,175,-1,2842,,,,,,,
,,1,-0.597,105,175,-1,2843,,,,,,,
,,1,2.229,105,175,-1,2844,,,,,,,
,,7,0.271,94,176,2173,2845,,,,,,,
,,1,0.715,94,176,-1,2846,,,,,,,
,,1,2.163,94,176,-1,2847,,,,,,,
,,1,0.716,94,176,-1,2848,,,,,,,
,,1,1.111,94,176,-1,2849,,,,,,,
,,1,1.118,94,176,-1,2850,,,,,-77,22:22:01,681
,,1,0.694,94,176,-1,2851,,,,,,,
,,1,0.825,94,176,-1,2852,,,,,,,
,,1,0.423,94,176,-1,2853,,,,,,,
,,1,-0.04,94,176,-1,2854,,,,,,,
,,1,-0.554,94,176,-1,2855,,,,,,,
,,1,-0.962,94,176,-1,2856,,,,,,,
,,7,-1.091,130,177,2155,2857,,,,,,,
,,1,-0.972,130,177,-1,2858,,,,,,,
,,1,-1.041,130,177,-1,2859,,,,,,,
,,1,-0.415,130,177,-1,2860,,,,,-77,22:22:01,878
,,1,-0.645,130,177,-1,2861,,,,,,,
,,1,-0.556,130,177,-1,2862,,,,,,,
,,1,-0.976,130,177,-1,2863,,,,,,,
,,1,0.67,130,177,-1,2864,,,,,,,
,,1,0.354,130,177,-1,2865,,,,,,,
,,1,1.582,130,177,-1,2866,,,,,,,
,,1,-0.377,130,177,-1,2867,,,,,,,
,,1,0.061,130,177,-1,2868,,,,,,,
,,1,1.624,130,177,-1,2869,,,,,,,
52.3439914,4.9062694,7,1.41,121,178,2118,2870,347,17,10,46,-77,22:22:02,072
,,1,0.816,121,178,-1,2871,,,,,,,
,,1,1.049,121,178,-1,2872,,,,,,,
,,1,0.601,121,178,-1,2873,,,,,,,
,,1,0.048,121,178,-1,2874,,,,,,,
,,1,0.739,121,178,-1,2875,,,,,,,
,,1,0.922,121,178,-1,2876,,,,,,,
,,1,0.166,121,178,-1,2877,,,,,,,
,,1,-0.535,121,178,-1,2878,,,,,,,
,,1,0.27,121,178,-1,2879,,,,,,,
,,1,-0.408,121,178,-1,2880,,,,,-77,22:22:02,282
,,1,-0.728,121,178,-1,2881,,,,,,,
,,7,-1.33,128,179,2100,2882,,,,,,,
,,1,-1.0,128,179,-1,2883,,,,,,,
,,1,-1.12,128,179,-1,2884,,,,,,,
,,1,-0.236,128,179,-1,2885,,,,,,,
,,1,-0.009,128,179,-1,2886,,,,,,,
,,1,0.147,128,179,-1,2887,,,,,,,
,,1,0.032,128,179,-1,2888,,,,,,,
,,1,-0.188,128,179,-1,2889,,,,,,,
,,1,0.229,128,179,-1,2890,,,,,-77,22:22:02,484
,,1,1.527,128,179,-1,2891,,,,,,,
,,7,1.722,131,180,2118,2892,,,,,,,
,,1,0.04,131,180,-1,2893,,,,,,,
,,1,0.929,131,180,-1,2894,,,,,,,
,,1,0.219,131,180,-1,2895,,,,,,,
,,1,0.81,131,180,-1,2896,,,,,,,
,,1,1.397,131,180,-1,2897,,,,,,,
,,1,0.828,131,180,-1,2898,,,,,,,
,,1,0.723,131,180,-1,2899,,,,,,,
,,1,0.812,131,180,-1,2900,,,,,-77,22:22:02,669
,,1,-0.332,131,180,-1,2901,,,,,,,
,,1,-0.523,131,180,-1,2902,,,,,,,
,,1,-0.575,131,180,-1,2903,,,,,,,
,,7,-1.156,139,181,2118,2904,,,,,,,
,,1,-0.604,139,181,-1,2905,,,,,,,
,,1,-0.619,139,181,-1,2906,,,,,,,
,,1,-1.338,139,181,-1,2907,,,,,,,
,,1,-0.679,139,181,-1,2908,,,,,,,
,,1,-1.082,139,181,-1,2909,,,,,,,
,,1,0.082,139,181,-1,2910,,,,,-77,22:22:02,881
,,1,-0.289,139,181,-1,2911,,,,,,,
,,1,0.685,139,181,-1,2912,,,,,,,
,,1,0.493,139,181,-1,2913,,,,,,,
,,1,0.458,139,181,-1,2914,,,,,,,
,,1,1.046,139,181,-1,2915,,,,,,,
,,1,0.008,139,181,-1,2916,,,,,,,
,,7,1.306,160,182,2100,2917,,,,,,,
,,1,0.459,160,182,-1,2918,,,,,,,
,,1,1.114,160,182,-1,2919,,,,,,,
,,1,1.576,160,182,-1,2920,,,,,-77,22:22:03,078
,,1,0.701,160,182,-1,2921,,,,,,,
,,1,-0.666,160,182,-1,2922,,,,,,,
,,1,0.51,160,182,-1,2923,,,,,,,
,,1,1.024,160,182,-1,2924,,,,,,,
,,1,-0.832,160,182,-1,2925,,,,,,,
,,1,-1.074,160,182,-1,2926,,,,,,,
,,1,0.281,160,182,-1,2927,,,,,,,
,,7,-0.498,112,183,2118,2928,,,,,,,
,,1,-1.17,112,183,-1,2929,,,,,,,
52.3440345,4.9062516,1,-1.603,112,183,-1,2930,348,17,10,46,-77,22:22:03,272
,,1,-0.896,112,183,-1,2931,,,,,,,
,,1,0.198,112,183,-1,2932,,,,,,,
,,1,0.524,112,183,-1,2933,,,,,,,
,,1,-0.715,112,183,-1,2934,,,,,,,
,,1,0.168,112,183,-1,2935,,,,,,,
,,1,0.565,112,183,-1,2936,,,,,,,
,,1,0.996,112,183,-1,2937,,,,,,,
,,1,0.511,112,183,-1,2938,,,,,,,
,,7,0.708,123,184,2173,2939,,,,,,,
,,1,1.302,123,184,-1,2940,,,,,-72,22:22:03,481
,,1,1.707,123,184,-1,2941,,,,,,,
,,1,0.751,123,184,-1,2942,,,,,,,
,,1,0.424,123,184,-1,2943,,,,,,,
,,1,1.08,123,184,-1,2944,,,,,,,
,,1,0.442,123,184,-1,2945,,,,,,,
,,1,-0.19,123,184,-1,2946,,,,,,,
,,1,0.013,123,184,-1,2947,,,,,,,
,,1,0.09,123,184,-1,2948,,,,,,,
,,1,-0.485,123,184,-1,2949,,,,,,,
,,1,-0.847,123,184,-1,2950,,,,,-72,22:22:03,680
,,7,0.032,133,185,2155,2951,,,,,,,
,,1,-0.852,133,185,-1,2952,,,,,,,
,,1,-0.643,133,185,-1,2953,,,,,,,
,,1,-1.298,133,185,-1,2954,,,,,,,
,,1,-1.823,133,185,-1,2955,,,,,,,
,,1,-0.775,133,185,-1,2956,,,,,,,
,,1,0.59,133,185,-1,2957,,,,,,,
,,1,0.789,133,185,-1,2958,,,,,,,
,,1,-0.14,133,185,-1,2959,,,,,,,
,,1,-0.453,133,185,-1,2960,,,,,-72,22:22:03,876
,,1,0.604,133,185,-1,2961,,,,,,,
,,1,1.262,133,185,-1,2962,,,,,,,
,,7,1.003,113,186,2118,2963,,,,,,,
,,1,0.669,113,186,-1,2964,,,,,,,
,,1,1.785,113,186,-1,2965,,,,,,,
,,1,0.56,113,186,-1,2966,,,,,,,
,,1,0.928,113,186,-1,2967,,,,,,,
,,1,1.688,113,186,-1,2968,,,,,,,
,,1,0.336,113,186,-1,2969,,,,,,,
,,1,0.128,113,186,-1,2970,,,,,-72,22:22:04,094
,,1,0.492,113,186,-1,2971,,,,,,,
,,1,0.021,113,186,-1,2972,,,,,,,
,,1,-1.997,113,186,-1,2973,,,,,,,
,,7,-0.904,119,187,2155,2974,,,,,,,
,,1,0.452,119,187,-1,2975,,,,,,,
,,1,-0.283,119,187,-1,2976,,,,,,,
,,1,-0.247,119,187,-1,2977,,,,,,,
,,1,-1.391,119,187,-1,2978,,,,,,,
,,1,-2.037,119,187,-1,2979,,,,,,,
52.3440807,4.9062375,1,-1.13,119,187,-1,2980,348,16,10,46,-72,22:22:04,278
,,1,1.023,119,187,-1,2981,,,,,,,
,,1,0.456,119,187,-1,2982,,,,,,,
,,1,0.416,119,187,-1,2983,,,,,,,
,,1,-0.699,119,187,-1,2984,,,,,,,
,,1,0.395,119,187,-1,2985,,,,,,,
,,1,1.614,119,187,-1,2986,,,,,,,
,,7,1.409,111,188,2155,2987,,,,,,,
,,1,0.98,111,188,-1,2988,,,,,,,
,,1,1.062,111,188,-1,2989,,,,,,,
,,1,0.756,111,188,-1,2990,,,,,-72,22:22:04,491
,,1,0.812,111,188,-1,2991,,,,,,,
,,1,1.068,111,188,-1,2992,,,,,,,
,,1,0.445,111,188,-1,2993,,,,,,,
,,1,0.728,111,188,-1,2994,,,,,,,
,,1,0.543,111,188,-1,2995,,,,,,,
,,1,-1.151,111,188,-1,2996,,,,,,,
,,1,-0.398,111,188,-1,2997,,,,,,,
,,1,-0.145,111,188,-1,2998,,,,,,,
,,1,-0.078,111,188,-1,2999,,,,,,,
52.3440807,4.9062375,7,-1.17,138,189,2083,3000,348,16,10,46,-72,22:22:04,682
,,1,-1.0,138,189,-1,3001,,,,,,,
,,1,-1.013,138,189,-1,3002,,,,,,,
,,1,-0.576,138,189,-1,3003,,,,,,,
,,1,-0.232,138,189,-1,3004,,,,,,,
,,1,-0.242,138,189,-1,3005,,,,,,,
,,1,-0.56,138,189,-1,3006,,,,,,,
,,1,-0.266,138,189,-1,3007,,,,,,,
,,1,1.305,138,189,-1,3008,,,,,,,
,,1,0.768,138,189,-1,3009,,,,,,,
,,1,0.565,138,189,-1,3010,,,,,-72,22:22:04,877
,,7,0.888,132,190,2066,3011,,,,,,,
,,1,1.33,132,190,-1,3012,,,,,,,
,,1,1.259,132,190,-1,3013,,,,,,,
,,1,1.141,132,190,-1,3014,,,,,,,
,,1,0.42,132,190,-1,3015,,,,,,,
,,1,1.016,132,190,-1,3016,,,,,,,
,,1,0.88,132,190,-1,3017,,,,,,,
,,1,0.43,132,190,-1,3018,,,,,,,
,,1,-0.239,132,190,-1,3019,,,,,,,
52.3441153,4.9062264,1,-0.023,132,190,-1,3020,349,15,9,46,-72,22:22:05,074
,,1,0.149,132,190,-1,3021,,,,,,,
,,1,-0.051,132,190,-1,3022,,,,,,,
,,1,-1.3,132,190,-1,3023,,,,,,,
,,7,-1.771,141,191,2066,3024,,,,,,,
,,1,0.56,141,191,-1,3025,,,,,,,
,,1,-0.812,141,191,-1,3026,,,,,,,
,,1,-0.206,141,191,-1,3027,,,,,,,
,,1,-0.95,141,191,-1,3028,,,,,,,
,,1,0.477,141,191,-1,3029,,,,,,,
,,1,-0.725,141,191,-1,3030,,,,,-74,22:22:05,289
,,1,0.764,141,191,-1,3031,,,,,,,
,,1,0.899,141,191,-1,3032,,,,,,,
,,1,0.986,141,191,-1,3033,,,,,,,
,,7,0.796,174,192,2066,3034,,,,,,,
,,1,1.175,174,192,-1,3035,,,,,,,
,,1,1.347,174,192,-1,3036,,,,,,,
,,1,1.108,174,192,-1,3037,,,,,,,
,,1,1.324,174,192,-1,3038,,,,,,,
,,1,1.493,174,192,-1,3039,,,,,,,
,,1,-0.046,174,192,-1,3040,,,,,-74,22:22:05,478
,,1,-0.464,174,192,-1,3041,,,,,,,
,,1,1.057,174,192,-1,3042,,,,,,,
,,1,-0.72,174,192,-1,3043,,,,,,,
,,1,-0.317,174,192,-1,3044,,,,,,,
,,1,-0.187,174,192,-1,3045,,,,,,,
,,7,-1.531,174,193,2100,3046,,,,,,,
,,1,-1.021,174,193,-1,3047,,,,,,,
,,1,-0.639,174,193,-1,3048,,,,,,,
,,1,-0.386,174,193,-1,3049,,,,,,,
,,1,-2.322,174,193,-1,3050,,,,,-74,22:22:05,671
,,1,-1.089,174,193,-1,3051,,,,,,,
,,1,0.375,174,193,-1,3052,,,,,,,
,,1,-0.036,174,193,-1,3053,,,,,,,
,,1,0.842,174,193,-1,3054,,,,,,,
,,1,-0.829,174,193,-1,3055,,,,,,,
,,1,0.82,174,193,-1,3056,,,,,,,
,,1,0.976,174,193,-1,3057,,,,,,,
,,7,1.575,157,194,2136,3058,,,,,,,
,,1,1.176,157,194,-1,3059,,,,,,,
,,1,0.584,157,194,-1,3060,,,,,-74,22:22:05,883
,,1,0.322,157,194,-1,3061,,,,,,,
,,1,1.234,157,194,-1,3062,,,,,,,
,,1,1.241,157,194,-1,3063,,,,,,,
,,1,0.345,157,194,-1,3064,,,,,,,
,,1,0.824,157,194,-1,3065,,,,,,,
,,1,0.412,157,194,-1,3066,,,,,,,
,,1,-0.646,157,194,-1,3067,,,,,,,
,,1,-1.256,157,194,-1,3068,,,,,,,
,,7,-0.584,163,195,2155,3069,,,,,,,
52.3441546,4.9062146,1,-0.014,163,195,-1,3070,351,15,9,46,-74,22:22:06,075
,,1,-0.81,163,195,-1,3071,,,,,,,
,,1,-1.395,163,195,-1,3072,,,,,,,
,,1,-0.837,163,195,-1,3073,,,,,,,
,,1,-1.445,163,195,-1,3074,,,,,,,
,,1,0.118,163,195,-1,3075,,,,,,,
,,1,0.27,163,195,-1,3076,,,,,,,
,,1,0.053,163,195,-1,3077,,,,,,,
,,1,-0.636,163,195,-1,3078,,,,,,,
,,1,0.413,163,195,-1,3079,,,,,,,
,,1,1.694,163,195,-1,3080,,,,,-74,22:22:06,270
,,7,1.745,138,196,2173,3081,,,,,,,
,,1,1.072,138,196,-1,3082,,,,,,,
,,1,0.475,138,196,-1,3083,,,,,,,
,,1,0.394,138,196,-1,3084,,,,,,,
,,1,1.299,138,196,-1,3085,,,,,,,
,,1,1.201,138,196,-1,3086,,,,,,,
,,1,0.001,138,196,-1,3087,,,,,,,
,,1,-0.312,138,196,-1,3088,,,,,,,
,,1,0.027,138,196,-1,3089,,,,,,,
,,1,-0.214,138,196,-1,3090,,,,,-74,22:22:06,487
,,1,-0.582,138,196,-1,3091,,,,,,,
,,7,-0.72,129,197,2173,3092,,,,,,,
,,1,0.058,129,197,-1,3093,,,,,,,
,,1,-1.838,129,197,-1,3094,,,,,,,
,,1,-0.668,129,197,-1,3095,,,,,,,
,,1,-1.358,129,197,-1,3096,,,,,,,
,,1,-0.109,129,197,-1,3097,,,,,,,
,,1,-0.307,129,197,-1,3098,,,,,,,
,,1,0.05,129,197,-1,3099,,,,,,,
,,1,0.653,129,197,-1,3100,,,,,-74,22:22:06,683
,,1,0.639,129,197,-1,3101,,,,,,,
,,1,0.641,129,197,-1,3102,,,,,,,
,,1,0.742,129,197,-1,3103,,,,,,,
,,7,0.959,109,198,2155,3104,,,,,,,
,,1,1.25,109,198,-1,3105,,,,,,,
,,1,0.761,109,198,-1,3106,,,,,,,
,,1,0.82,109,198,-1,3107,,,,,,,
,,1,1.052,109,198,-1,3108,,,,,,,
,,1,1.066,109,198,-1,3109,,,,,,,
,,1,0.491,109,198,-1,3110,,,,,-74,22:22:06,873
,,1,0.002,109,198,-1,3111,,,,,,,
,,1,-0.016,109,198,-1,3112,,,,,,,
,,1,-0.316,109,198,-1,3113,,,,,,,
,,1,-0.511,109,198,-1,3114,,,,,,,
,,1,-1.025,109,198,-1,3115,,,,,,,
,,1,2.094,109,198,-1,3116,,,,,,,
,,1,1.813,109,198,-1,3117,,,,,,,
,,1,-4.957,109,198,-1,3118,,,,,,,
,,1,1.269,109,198,-1,3119,,,,,,,
52.3442014,4.9061965,7,-3.682,74,199,2083,3120,346,18,10,46,-72,22:22:07,093
,,1,-1.027,74,199,-1,3121,,,,,,,
,,1,0.418,74,199,-1,3122,,,,,,,
,,1,0.952,74,199,-1,3123,,,,,,,
,,1,-0.513,74,199,-1,3124,,,,,,,
,,1,-0.648,74,199,-1,3125,,,,,,,
,,1,0.697,74,199,-1,3126,,,,,,,
,,1,1.465,74,199,-1,3127,,,,,,,
,,7,1.901,115,200,2066,3128,,,,,,,
,,1,0.402,115,200,-1,3129,,,,,,,
52.3442014,4.9061965,1,0.515,115,200,-1,3130,346,18,10,46,,22:22:07,278
,,1,1.62,115,200,-1,3131,,,,,,,
,,1,0.098,115,200,-1,3132,,,,,,,
,,1,1.299,115,200,-1,3133,,,,,,,
,,1,0.658,115,200,-1,3134,,,,,,,
,,1,-0.181,115,200,-1,3135,,,,,,,
,,1,-0.513,115,200,-1,3136,,,,,,,
,,1,-0.212,115,200,-1,3137,,,,,,,
,,1,-0.271,115,200,-1,3138,,,,,,,
,,7,-1.23,101,201,2136,3139,,,,,,,
,,1,-0.524,101,201,-1,3140,,,,,,22:22:07,486
,,1,-1.376,101,201,-1,3141,,,,,,,
,,1,-0.293,101,201,-1,3142,,,,,,,
,,1,-0.923,101,201,-1,3143,,,,,,,
,,1,0.067,101,201,-1,3144,,,,,,,
,,1,-0.248,101,201,-1,3145,,,,,,,
,,1,-1.118,101,201,-1,3146,,,,,,,
,,1,-0.032,101,201,-1,3147,,,,,,,
,,1,0.979,101,201,-1,3148,,,,,,,
,,1,0.104,101,201,-1,3149,,,,,,,
,,1,0.463,101,201,-1,3150,,,,,,22:22:07,682
,,1,0.525,101,201,-1,3151,,,,,,,
,,7,1.588,109,202,2118,3152,,,,,,,
,,1,1.659,109,202,-1,3153,,,,,,,
,,1,0.668,109,202,-1,3154,,,,,,,
,,1,0.03,109,202,-1,3155,,,,,,,
,,1,1.167,109,202,-1,3156,,,,,,,
,,1,1.182,109,202,-1,3157,,,,,,,
,,1,-0.465,109,202,-1,3158,,,,,,,
,,1,0.505,109,202,-1,3159,,,,,,,
,,1,1.036,109,202,-1,3160,,,,,,22:22:07,878
,,1,-0.226,109,202,-1,3161,,,,,,,
,,1,-0.776,109,202,-1,3162,,,,,,,
,,1,-0.55,109,202,-1,3163,,,,,,,
,,7,-1.71,110,203,2083,3164,,,,,,,
,,1,-1.673,110,203,-1,3165,,,,,,,
,,1,-1.009,110,203,-1,3166,,,,,,,
,,1,0.034,110,203,-1,3167,,,,,,,
,,1,0.146,110,203,-1,3168,,,,,,,
,,1,-0.865,110,203,-1,3169,,,,,,,
52.3442014,4.9061965,1,0.354,110,203,-1,3170,346,18,10,46,,22:22:08,073
,,1,0.012,110,203,-1,3171,,,,,,,
,,1,2.111,110,203,-1,3172,,,,,,,
,,1,0.087,110,203,-1,3173,,,,,,,
,,7,1.229,112,204,2192,3174,,,,,,,
,,1,2.396,112,204,-1,3175,,,,,,,
,,1,0.613,112,204,-1,3176,,,,,,,
,,1,1.918,112,204,-1,3177,,,,,,,
,,1,0.071,112,204,-1,3178,,,,,,,
,,1,0.455,112,204,-1,3179,,,,,,,
52.3442442,4.906183,1,1.115,112,204,-1,3180,347,17,10,46,,22:22:08,285
,,1,1.306,112,204,-1,3181,,,,,,,
,,1,-1.147,112,204,-1,3182,,,,,,,
,,1,0.422,112,204,-1,3183,,,,,,,
,,1,0.762,112,204,-1,3184,,,,,,,
,,1,-0.832,112,204,-1,3185,,,,,,,
,,1,-1.643,112,204,-1,3186,,,,,,,
,,7,-1.349,160,205,2212,3187,,,,,,,
,,1,-0.306,160,205,-1,3188,,,,,,,
,,1,0.318,160,205,-1,3189,,,,,,,
52.3442442,4.906183,1,-0.699,160,205,-1,3190,347,17,10,46,,22:22:08,481
,,1,-0.83,160,205,-1,3191,,,,,,,
,,1,-1.361,160,205,-1,3192,,,,,,,
,,1,0.494,160,205,-1,3193,,,,,,,
,,1,-0.142,160,205,-1,3194,,,,,,,
,,1,1.136,160,205,-1,3195,,,,,,,
,,1,0.225,160,205,-1,3196,,,,,,,
,,1,0.81,160,205,-1,3197,,,,,,,
,,1,0.934,160,205,-1,3198,,,,,,,
,,7,1.277,157,206,2100,3199,,,,,,,
52.3442442,4.906183,1,1.39,157,206,-1,3200,347,17,10,46,-75,22:22:08,674
,,1,1.396,157,206,-1,3201,,,,,,,
,,1,0.614,157,206,-1,3202,,,,,,,
,,1,-0.203,157,206,-1,3203,,,,,,,
,,1,0.442,157,206,-1,3204,,,,,,,
,,1,0.021,157,206,-1,3205,,,,,,,
,,1,-1.069,157,206,-1,3206,,,,,,,
,,1,-0.234,157,206,-1,3207,,,,,,,
,,7,-0.283,143,207,2155,3208,,,,,,,
,,1,0.175,143,207,-1,3209,,,,,,,
52.3442442,4.906183,1,0.019,143,207,-1,3210,347,17,10,46,-75,22:22:08,901
,,1,-2.148,143,207,-1,3211,,,,,,,
,,1,-0.477,143,207,-1,3212,,,,,,,
,,1,-0.286,143,207,-1,3213,,,,,,,
,,1,-0.371,143,207,-1,3214,,,,,,,
,,1,-0.771,143,207,-1,3215,,,,,,,
,,1,0.424,143,207,-1,3216,,,,,,,
,,1,0.841,143,207,-1,3217,,,,,,,
,,1,1.551,143,207,-1,3218,,,,,,,
,,7,0.96,167,208,2252,3219,,,,,,,
52.3442862,4.9061663,1,0.176,167,208,-1,3220,349,17,10,46,-75,22:22:09,078
,,1,0.753,167,208,-1,3221,,,,,,,
,,1,1.194,167,208,-1,3222,,,,,,,
,,1,1.625,167,208,-1,3223,,,,,,,
,,1,1.04,167,208,-1,3224,,,,,,,
,,1,1.066,167,208,-1,3225,,,,,,,
,,1,-0.39,167,208,-1,3226,,,,,,,
,,1,0.75,167,208,-1,3227,,,,,,,
,,1,-0.107,167,208,-1,3228,,,,,,,
,,1,-1.18,167,208,-1,3229,,,,,,,
,,1,0.247,167,208,-1,3230,,,,,-75,22:22:09,271
,,7,-0.515,180,209,2232,3231,,,,,,,
,,1,-0.83,180,209,-1,3232,,,,,,,
,,1,-1.33,180,209,-1,3233,,,,,,,
,,1,-0.163,180,209,-1,3234,,,,,,,
,,1,-0.809,180,209,-1,3235,,,,,,,
,,1,0.211,180,209,-1,3236,,,,,,,
,,1,-1.901,180,209,-1,3237,,,,,,,
,,1,-0.799,180,209,-1,3238,,,,,,,
,,1,0.438,180,209,-1,3239,,,,,,,
,,1,1.362,180,209,-1,3240,,,,,-75,22:22:09,497
,,1,0.576,180,209,-1,3241,,,,,,,
,,1,-0.1,180,209,-1,3242,,,,,,,
,,1,0.043,180,209,-1,3243,,,,,,,
,,1,1.888,180,209,-1,3244,,,,,,,
,,7,1.994,175,210,2173,3245,,,,,,,
,,1,1.322,175,210,-1,3246,,,,,,,
,,1,0.475,175,210,-1,3247,,,,,,,
,,1,0.228,175,210,-1,3248,,,,,,,
,,1,0.939,175,210,-1,3249,,,,,,,
,,1,1.179,175,210,-1,3250,,,,,-75,22:22:09,690
,,1,-0.355,175,210,-1,3251,,,,,,,
,,1,-0.303,175,210,-1,3252,,,,,,,
,,1,0.627,175,210,-1,3253,,,,,,,
,,1,0.055,175,210,-1,3254,,,,,,,
,,1,-1.269,175,210,-1,3255,,,,,,,
,,1,-0.322,175,210,-1,3256,,,,,,,
,,7,-1.271,144,211,2155,3257,,,,,,,
,,1,-0.538,144,211,-1,3258,,,,,,,
,,1,-1.76,144,211,-1,3259,,,,,,,
,,1,-0.218,144,211,-1,3260,,,,,-75,22:22:09,869
,,1,-1.202,144,211,-1,3261,,,,,,,
,,1,-0.505,144,211,-1,3262,,,,,,,
,,1,0.16,144,211,-1,3263,,,,,,,
,,1,0.085,144,211,-1,3264,,,,,,,
,,1,0.687,144,211,-1,3265,,,,,,,
,,1,0.838,144,211,-1,3266,,,,,,,
,,1,1.081,144,211,-1,3267,,,,,,,
,,7,1.468,126,212,2118,3268,,,,,,,
,,1,1.312,126,212,-1,3269,,,,,,,
,,1,1.142,126,212,-1,3270,,,,,-75,22:22:10,088
,,1,1.184,126,212,-1,3271,,,,,,,
,,1,0.602,126,212,-1,3272,,,,,,,
,,1,0.719,126,212,-1,3273,,,,,,,
,,1,0.707,126,212,-1,3274,,,,,,,
,,1,0.279,126,212,-1,3275,,,,,,,
,,1,-0.652,126,212,-1,3276,,,,,,,
,,1,-0.922,126,212,-1,3277,,,,,,,
,,7,-0.695,159,213,2100,3278,,,,,,,
,,1,0.198,159,213,-1,3279,,,,,,,
52.3443354,4.9061459,1,-0.845,159,213,-1,3280,346,17,10,46,-75,22:22:10,291
,,1,-1.97,159,213,-1,3281,,,,,,,
,,1,0.229,159,213,-1,3282,,,,,,,
,,1,-0.165,159,213,-1,3283,,,,,,,
,,1,-0.781,159,213,-1,3284,,,,,,,
,,1,-1.376,159,213,-1,3285,,,,,,,
,,1,-0.698,159,213,-1,3286,,,,,,,
,,1,0.781,159,213,-1,3287,,,,,,,
,,1,1.308,159,213,-1,3288,,,,,,,
,,1,0.396,159,213,-1,3289,,,,,,,
,,1,0.32,159,213,-1,3290,,,,,-78,22:22:10,471
,,1,0.684,159,213,-1,3291,,,,,,,
,,7,1.044,139,214,2083,3292,,,,,,,
,,1,1.309,139,214,-1,3293,,,,,,,
,,1,1.707,139,214,-1,3294,,,,,,,
,,1,0.521,139,214,-1,3295,,,,,,,
,,1,0.515,139,214,-1,3296,,,,,,,
,,1,0.453,139,214,-1,3297,,,,,,,
,,1,0.555,139,214,-1,3298,,,,,,,
,,1,-1.623,139,214,-1,3299,,,,,,,
52.3443354,4.9061459,1,-0.898,139,214,-1,3300,346,17,10,46,-78,22:22:10,684
,,7,0.789,114,215,2136,3301,,,,,,,
,,1,-0.548,114,215,-1,3302,,,,,,,
,,1,-1.12,114,215,-1,3303,,,,,,,
,,1,-1.334,114,215,-1,3304,,,,,,,
,,1,-1.108,114,215,-1,3305,,,,,,,
,,1,0.933,114,215,-1,3306,,,,,,,
,,1,-1.052,114,215,-1,3307,,,,,,,
,,1,-0.322,114,215,-1,3308,,,,,,,
,,1,-1.988,114,215,-1,3309,,,,,,,
,,1,-0.034,114,215,-1,3310,,,,,-78,22:22:10,877
,,1,0.445,114,215,-1,3311,,,,,,,
,,1,-0.169,114,215,-1,3312,,,,,,,
,,1,-0.53,114,215,-1,3313,,,,,,,
,,1,1.313,114,215,-1,3314,,,,,,,
,,1,1.854,114,215,-1,3315,,,,,,,
,,7,0.589,80,216,2173,3316,,,,,,,
,,1,0.259,80,216,-1,3317,,,,,,,
,,1,0.111,80,216,-1,3318,,,,,,,
,,1,0.814,80,216,-1,3319,,,,,,,
52.3443782,4.9061328,1,1.515,80,216,-1,3320,347,17,10,46,-78,22:22:11,088
,,1,0.669,80,216,-1,3321,,,,,,,
,,1,-0.038,80,216,-1,3322,,,,,,,
,,1,0.031,80,216,-1,3323,,,,,,,
,,1,-0.13,80,216,-1,3324,,,,,,,
,,1,-0.597,80,216,-1,3325,,,,,,,
,,1,-1.074,80,216,-1,3326,,,,,,,
,,7,0.201,58,217,2118,3327,,,,,,,
,,1,-0.855,58,217,-1,3328,,,,,,,
,,1,-0.451,58,217,-1,3329,,,,,,,
,,1,-0.904,58,217,-1,3330,,,,,-78,22:22:11,297
,,1,-0.347,58,217,-1,3331,,,,,,,
,,1,-0.9,58,217,-1,3332,,,,,,,
,,1,-0.79,58,217,-1,3333,,,,,,,
,,1,-0.262,58,217,-1,3334,,,,,,,
,,1,0.348,58,217,-1,3335,,,,,,,
,,1,0.052,58,217,-1,3336,,,,,,,
,,1,0.654,58,217,-1,3337,,,,,,,
,,1,0.737,58,217,-1,3338,,,,,,,
,,7,1.037,57,218,2083,3339,,,,,,,
,,1,1.681,57,218,-1,3340,,,,,-78,22:22:11,477
,,1,1.421,57,218,-1,3341,,,,,,,
,,1,0.986,57,218,-1,3342,,,,,,,
,,1,0.451,57,218,-1,3343,,,,,,,
,,1,0.782,57,218,-1,3344,,,,,,,
,,1,0.708,57,218,-1,3345,,,,,,,
,,1,-0.288,57,218,-1,3346,,,,,,,
,,1,-1.678,57,218,-1,3347,,,,,,,
,,1,-0.453,57,218,-1,3348,,,,,,,
,,7,-0.033,38,219,2118,3349,,,,,,,
,,1,-0.611,38,219,-1,3350,,,,,-78,22:22:11,672
,,1,-1.413,38,219,-1,3351,,,,,,,
,,1,-0.156,38,219,-1,3352,,,,,,,
,,1,-1.578,38,219,-1,3353,,,,,,,
,,1,-0.941,38,219,-1,3354,,,,,,,
,,1,-0.877,38,219,-1,3355,,,,,,,
,,1,0.39,38,219,-1,3356,,,,,,,
,,1,0.566,38,219,-1,3357,,,,,,,
,,1,0.646,38,219,-1,3358,,,,,,,
,,1,-0.993,38,219,-1,3359,,,,,,,
,,1,1.073,38,219,-1,3360,,,,,-78,22:22:11,881
,,1,1.806,38,219,-1,3361,,,,,,,
,,7,1.142,33,220,2118,3362,,,,,,,
,,1,0.782,33,220,-1,3363,,,,,,,
,,1,0.568,33,220,-1,3364,,,,,,,
,,1,1.135,33,220,-1,3365,,,,,,,
,,1,1.441,33,220,-1,3366,,,,,,,
,,1,0.162,33,220,-1,3367,,,,,,,
,,1,0.729,33,220,-1,3368,,,,,,,
,,1,0.945,33,220,-1,3369,,,,,,,
52.3444187,4.9061197,1,-0.864,33,220,-1,3370,349,15,10,46,-78,22:22:12,087
,,1,-0.796,33,220,-1,3371,,,,,,,
,,1,-0.734,33,220,-1,3372,,,,,,,
,,1,0.226,33,220,-1,3373,,,,,,,
,,1,-0.494,33,220,-1,3374,,,,,,,
,,7,-1.483,38,221,2083,3375,,,,,,,
,,1,-1.507,38,221,-1,3376,,,,,,,
,,1,-1.152,38,221,-1,3377,,,,,,,
,,1,0.934,38,221,-1,3378,,,,,,,
,,1,-0.235,38,221,-1,3379,,,,,,,
52.3444187,4.9061197,1,-0.292,38,221,-1,3380,349,15,10,46,-71,22:22:12,287
,,1,-0.748,38,221,-1,3381,,,,,,,
,,1,0.691,38,221,-1,3382,,,,,,,
,,1,1.619,38,221,-1,3383,,,,,,,
,,7,1.428,72,222,2155,3384,,,,,,,
,,1,-0.105,72,222,-1,3385,,,,,,,
,,1,0.525,72,222,-1,3386,,,,,,,
,,1,1.215,72,222,-1,3387,,,,,,,
,,1,1.998,72,222,-1,3388,,,,,,,
,,1,-0.484,72,222,-1,3389,,,,,,,
,,1,-0.197,72,222,-1,3390,,,,,-71,22:22:12,482
,,1,0.833,72,222,-1,3391,,,,,,,
,,1,0.188,72,222,-1,3392,,,,,,,
,,1,-0.861,72,222,-1,3393,,,,,,,
,,1,1.168,72,222,-1,3394,,,,,,,
,,1,0.267,72,222,-1,3395,,,,,,,
,,1,-2.039,72,222,-1,3396,,,,,,,
,,7,-1.532,87,223,2173,3397,,,,,,,
,,1,-1.089,87,223,-1,3398,,,,,,,
,,1,0.131,87,223,-1,3399,,,,,,,
52.3444187,4.9061197,1,-0.361,87,223,-1,3400,349,15,10,46,-71,22:22:12,692
,,1,-1.3,87,223,-1,3401,,,,,,,
,,1,-1.582,87,223,-1,3402,,,,,,,
,,1,-0.915,87,223,-1,3403,,,,,,,
,,1,-0.671,87,223,-1,3404,,,,,,,
,,1,0.087,87,223,-1,3405,,,,,,,
,,1,-0.029,87,223,-1,3406,,,,,,,
,,1,1.344,87,223,-1,3407,,,,,,,
,,1,1.491,87,223,-1,3408,,,,,,,
,,7,0.032,49,224,2118,3409,,,,,,,
,,1,0.918,49,224,-1,3410,,,,,-71,22:22:12,890
,,1,1.847,49,224,-1,3411,,,,,,,
,,1,1.144,49,224,-1,3412,,,,,,,
,,1,0.31,49,224,-1,3413,,,,,,,
,,1,0.127,49,224,-1,3414,,,,,,,
,,1,0.765,49,224,-1,3415,,,,,,,
,,1,-0.15,49,224,-1,3416,,,,,,,
,,1,-0.468,49,224,-1,3417,,,,,,,
,,1,0.098,49,224,-1,3418,,,,,,,
,,1,-0.272,49,224,-1,3419,,,,,,,
52.3444602,4.9061065,1,-0.983,49,224,-1,3420,351,17,10,46,-71,22:22:13,079
,,7,-0.966,37,225,2100,3421,,,,,,,
,,1,-1.049,37,225,-1,3422,,,,,,,
,,1,-0.747,37,225,-1,3423,,,,,,,
,,1,-0.098,37,225,-1,3424,,,,,,,
,,1,-0.396,37,225,-1,3425,,,,,,,
,,1,-0.903,37,225,-1,3426,,,,,,,
,,1,0.521,37,225,-1,3427,,,,,,,
,,1,0.34,37,225,-1,3428,,,,,,,
,,1,0.766,37,225,-1,3429,,,,,,,
52.3444602,4.9061065,1,0.579,37,225,-1,3430,351,17,10,46,-71,22:22:13,298
,,7,0.567,54,226,2173,3431,,,,,,,
,,1,0.855,54,226,-1,3432,,,,,,,
,,1,1.198,54,226,-1,3433,,,,,,,
,,1,1.245,54,226,-1,3434,,,,,,,
,,1,-0.017,54,226,-1,3435,,,,,,,
,,1,0.74,54,226,-1,3436,,,,,,,
,,1,1.266,54,226,-1,3437,,,,,,,
,,1,0.213,54,226,-1,3438,,,,,,,
,,1,-0.456,54,226,-1,3439,,,,,,,
,,1,0.118,54,226,-1,3440,,,,,-71,22:22:13,470
,,1,0.055,54,226,-1,3441,,,,,,,
,,1,-1.299,54,226,-1,3442,,,,,,,
,,7,-1.536,53,227,2173,3443,,,,,,,
,,1,-0.734,53,227,-1,3444,,,,,,,
,,1,-0.462,53,227,-1,3445,,,,,,,
,,1,-1.3,53,227,-1,3446,,,,,,,
,,1,-0.212,53,227,-1,3447,,,,,,,
,,1,-1.02,53,227,-1,3448,,,,,,,
,,1,-0.995,53,227,-1,3449,,,,,,,
,,1,0.231,53,227,-1,3450,,,,,-71,22:22:13,681
,,1,0.354,53,227,-1,3451,,,,,,,
,,1,0.674,53,227,-1,3452,,,,,,,
,,1,0.306,53,227,-1,3453,,,,,,,
,,1,-0.184,53,227,-1,3454,,,,,,,
,,1,1.061,53,227,-1,3455,,,,,,,
,,7,1.526,27,228,2118,3456,,,,,,,
,,1,1.103,27,228,-1,3457,,,,,,,
,,1,1.599,27,228,-1,3458,,,,,,,
,,1,1.063,27,228,-1,3459,,,,,,,
,,1,0.38,27,228,-1,3460,,,,,-79,22:22:13,878
,,1,0.41,27,228,-1,3461,,,,,,,
,,1,0.422,27,228,-1,3462,,,,,,,
,,1,-0.4,27,228,-1,3463,,,,,,,
,,1,-0.358,27,228,-1,3464,,,,,,,
,,1,-0.005,27,228,-1,3465,,,,,,,
,,1,-0.885,27,228,-1,3466,,,,,,,
,,7,-1.624,30,229,2136,3467,,,,,,,
,,1,-0.847,30,229,-1,3468,,,,,,,
,,1,-0.126,30,229,-1,3469,,,,,,,
52.3445026,4.9060899,1,-0.482,30,229,-1,3470,346,17,10,46,-79,22:22:14,087
,,1,-0.736,30,229,-1,3471,,,,,,,
,,1,-1.175,30,229,-1,3472,,,,,,,
,,1,0.046,30,229,-1,3473,,,,,,,
,,1,0.579,30,229,-1,3474,,,,,,,
,,1,1.447,30,229,-1,3475,,,,,,,
,,1,0.569,30,229,-1,3476,,,,,,,
,,7,0.892,78,230,2192,3477,,,,,,,
,,1,0.61,78,230,-1,3478,,,,,,,
,,1,0.683,78,230,-1,3479,,,,,,,
,,1,1.06,78,230,-1,3480,,,,,-79,22:22:14,283
,,1,0.552,78,230,-1,3481,,,,,,,
,,1,0.392,78,230,-1,3482,,,,,,,
,,1,0.126,78,230,-1,3483,,,,,,,
,,1,-0.452,78,230,-1,3484,,,,,,,
,,1,-0.031,78,230,-1,3485,,,,,,,
,,1,-0.794,78,230,-1,3486,,,,,,,
,,7,-1.038,63,231,2232,3487,,,,,,,
,,1,-0.304,63,231,-1,3488,,,,,,,
,,1,-1.008,63,231,-1,3489,,,,,,,
,,1,-0.78,63,231,-1,3490,,,,,-79,22:22:14,478
,,1,-1.218,63,231,-1,3491,,,,,,,
,,1,-1.102,63,231,-1,3492,,,,,,,
,,1,-0.854,63,231,-1,3493,,,,,,,
,,1,-1.0,63,231,-1,3494,,,,,,,
,,1,-0.171,63,231,-1,3495,,,,,,,
,,1,0.504,63,231,-1,3496,,,,,,,
,,1,-0.534,63,231,-1,3497,,,,,,,
,,1,0.047,63,231,-1,3498,,,,,,,
,,1,0.281,63,231,-1,3499,,,,,,,
,,1,1.642,63,231,-1,3500,,,,,-79,22:22:14,674
,,7,1.289,5,232,2192,3501,,,,,,,
,,1,1.303,5,232,-1,3502,,,,,,,
,,1,0.35,5,232,-1,3503,,,,,,,
,,1,0.301,5,232,-1,3504,,,,,,,
,,1,1.469,5,232,-1,3505,,,,,,,
,,1,0.857,5,232,-1,3506,,,,,,,
,,1,-0.37,5,232,-1,3507,,,,,,,
,,1,0.331,5,232,-1,3508,,,,,,,
,,1,-0.771,5,232,-1,3509,,,,,,,
,,1,-0.501,5,232,-1,3510,,,,,-79,22:22:14,898
,,1,-0.289,5,232,-1,3511,,,,,,,
,,7,-1.336,-1,233,2192,3512,,,,,,,
,,1,-1.313,-1,233,-1,3513,,,,,,,
,,1,-0.398,-1,233,-1,3514,,,,,,,
,,1,-0.226,-1,233,-1,3515,,,,,,,
,,1,-1.216,-1,233,-1,3516,,,,,,,
,,1,-0.558,-1,233,-1,3517,,,,,,,
,,1,0.021,-1,233,-1,3518,,,,,,,
,,1,0.869,-1,233,-1,3519,,,,,,,
52.3445469,4.9060662,1,0.811,-1,233,-1,3520,345,18,10,46,-79,22:22:15,087
,,1,0.403,-1,233,-1,3521,,,,,,,
,,7,1.007,16,234,2252,3522,,,,,,,
,,1,0.868,16,234,-1,3523,,,,,,,
,,1,0.652,16,234,-1,3524,,,,,,,
,,1,1.071,16,234,-1,3525,,,,,,,
,,1,0.659,16,234,-1,3526,,,,,,,
,,1,0.763,16,234,-1,3527,,,,,,,
,,1,0.244,16,234,-1,3528,,,,,,,
,,1,-0.104,16,234,-1,3529,,,,,,,
,,1,0.348,16,234,-1,3530,,,,,-79,22:22:15,309
,,1,-0.747,16,234,-1,3531,,,,,,,
,,1,-0.468,16,234,-1,3532,,,,,,,
,,1,0.411,16,234,-1,3533,,,,,,,
,,1,-1.033,16,234,-1,3534,,,,,,,
,,7,-1.205,0,235,2212,3535,,,,,,,
,,1,-0.707,0,235,-1,3536,,,,,,,
,,1,-1.125,0,235,-1,3537,,,,,,,
,,1,-0.4,0,235,-1,3538,,,,,,,
,,1,0.295,0,235,-1,3539,,,,,,,
52.3445469,4.9060662,1,-0.312,0,235,-1,3540,345,18,10,46,-79,22:22:15,484
,,1,0.104,0,235,-1,3541,,,,,,,
,,1,-0.502,0,235,-1,3542,,,,,,,
,,1,0.792,0,235,-1,3543,,,,,,,
,,1,0.96,0,235,-1,3544,,,,,,,
,,7,0.657,2,236,2155,3545,,,,,,,
,,1,0.942,2,236,-1,3546,,,,,,,
,,1,0.959,2,236,-1,3547,,,,,,,
,,1,1.686,2,236,-1,3548,,,,,,,
,,1,-0.273,2,236,-1,3549,,,,,,,
,,1,0.251,2,236,-1,3550,,,,,-79,22:22:15,680
,,1,0.708,2,236,-1,3551,,,,,,,
,,1,1.434,2,236,-1,3552,,,,,,,
,,1,-0.337,2,236,-1,3553,,,,,,,
,,1,-0.804,2,236,-1,3554,,,,,,,
,,1,0.09,2,236,-1,3555,,,,,,,
,,1,0.17,2,236,-1,3556,,,,,,,
,,1,-1.151,2,236,-1,3557,,,,,,,
,,7,-1.212,22,237,2173,3558,,,,,,,
,,1,-1.294,22,237,-1,3559,,,,,,,
,,1,-0.406,22,237,-1,3560,,,,,-79,22:22:15,876
,,1,0.444,22,237,-1,3561,,,,,,,
,,1,-0.962,22,237,-1,3562,,,,,,,
,,1,-1.425,22,237,-1,3563,,,,,,,
,,1,0.094,22,237,-1,3564,,,,,,,
,,1,-0.113,22,237,-1,3565,,,,,,,
,,1,1.357,22,237,-1,3566,,,,,,,
,,1,0.456,22,237,-1,3567,,,,,,,
,,7,0.677,65,238,2212,3568,,,,,,,
,,1,0.94,65,238,-1,3569,,,,,,,
52.3445908,4.9060529,1,1.378,65,238,-1,3570,350,17,10,46,-79,22:22:16,110
,,1,1.611,65,238,-1,3571,,,,,,,
,,1,1.595,65,238,-1,3572,,,,,,,
,,1,0.594,65,238,-1,3573,,,,,,,
,,1,-0.508,65,238,-1,3574,,,,,,,
,,1,0.385,65,238,-1,3575,,,,,,,
,,1,1.086,65,238,-1,3576,,,,,,,
,,1,-0.115,65,238,-1,3577,,,,,,,
,,1,-1.873,65,238,-1,3578,,,,,,,
,,7,-0.885,96,239,2212,3579,,,,,,,
,,1,0.063,96,239,-1,3580,,,,,-79,22:22:16,306
,,1,-0.302,96,239,-1,3581,,,,,,,
,,1,-0.766,96,239,-1,3582,,,,,,,
,,1,-1.546,96,239,-1,3583,,,,,,,
,,1,-0.62,96,239,-1,3584,,,,,,,
,,1,-0.022,96,239,-1,3585,,,,,,,
,,1,-0.47,96,239,-1,3586,,,,,,,
,,1,-0.229,96,239,-1,3587,,,,,,,
,,1,0.264,96,239,-1,3588,,,,,,,
,,1,1.377,96,239,-1,3589,,,,,,,
,,7,1.506,82,240,2232,3590,,,,,-79,22:22:16,471
,,1,0.748,82,240,-1,3591,,,,,,,
,,1,0.103,82,240,-1,3592,,,,,,,
,,1,1.315,82,240,-1,3593,,,,,,,
,,1,0.92,82,240,-1,3594,,,,,,,
,,1,1.525,82,240,-1,3595,,,,,,,
,,1,1.219,82,240,-1,3596,,,,,,,
,,1,0.237,82,240,-1,3597,,,,,,,
,,1,-0.054,82,240,-1,3598,,,,,,,
,,1,0.15,82,240,-1,3599,,,,,,,
,,1,-0.904,82,240,-1,3600,,,,,-79,22:22:16,681
,,1,-0.244,82,240,-1,3601,,,,,,,
,,1,-0.365,82,240,-1,3602,,,,,,,
,,7,-0.677,119,241,2212,3603,,,,,,,
,,1,-1.785,119,241,-1,3604,,,,,,,
,,1,-0.726,119,241,-1,3605,,,,,,,
,,1,-1.954,119,241,-1,3606,,,,,,,
,,1,0.228,119,241,-1,3607,,,,,,,
,,1,-0.111,119,241,-1,3608,,,,,,,
,,1,-0.145,119,241,-1,3609,,,,,,,
,,1,-0.257,119,241,-1,3610,,,,,-79,22:22:16,877
,,1,0.165,119,241,-1,3611,,,,,,,
,,1,1.156,119,241,-1,3612,,,,,,,
,,1,1.163,119,241,-1,3613,,,,,,,
,,7,1.164,103,242,2192,3614,,,,,,,
,,1,1.003,103,242,-1,3615,,,,,,,
,,1,0.678,103,242,-1,3616,,,,,,,
,,1,1.73,103,242,-1,3617,,,,,,,
,,1,0.677,103,242,-1,3618,,,,,,,
,,1,0.418,103,242,-1,3619,,,,,,,
52.3446335,4.9060328,1,0.423,103,242,-1,3620,347,17,10,46,-79,22:22:17,079
,,1,0.613,103,242,-1,3621,,,,,,,
,,1,-0.289,103,242,-1,3622,,,,,,,
,,1,-0.785,103,242,-1,3623,,,,,,,
,,1,-0.688,103,242,-1,3624,,,,,,,
,,7,-0.334,120,243,2212,3625,,,,,,,
,,1,-0.339,120,243,-1,3626,,,,,,,
,,1,-1.413,120,243,-1,3627,,,,,,,
,,1,-0.492,120,243,-1,3628,,,,,,,
,,1,-1.042,120,243,-1,3629,,,,,,,
,,1,-0.308,120,243,-1,3630,,,,,-79,22:22:17,286
,,1,-0.179,120,243,-1,3631,,,,,,,
,,1,0.186,120,243,-1,3632,,,,,,,
,,1,-0.326,120,243,-1,3633,,,,,,,
,,1,-0.244,120,243,-1,3634,,,,,,,
,,1,1.088,120,243,-1,3635,,,,,,,
,,1,0.72,120,243,-1,3636,,,,,,,
,,1,0.669,120,243,-1,3637,,,,,,,
,,7,1.502,129,244,2155,3638,,,,,,,
,,1,1.356,129,244,-1,3639,,,,,,,
,,1,0.838,129,244,-1,3640,,,,,-73,22:22:17,475
,,1,-0.35,129,244,-1,3641,,,,,,,
,,1,0.754,129,244,-1,3642,,,,,,,
,,1,0.846,129,244,-1,3643,,,,,,,
,,1,-0.515,129,244,-1,3644,,,,,,,
,,1,-1.088,129,244,-1,3645,,,,,,,
,,1,0.098,129,244,-1,3646,,,,,,,
,,1,-0.177,129,244,-1,3647,,,,,,,
,,7,-1.948,82,245,2136,3648,,,,,,,
,,1,-0.724,82,245,-1,3649,,,,,,,
52.3446335,4.9060328,1,-1.188,82,245,-1,3650,347,17,10,46,-73,22:22:17,685
,,1,0.026,82,245,-1,3651,,,,,,,
,,1,0.508,82,245,-1,3652,,,,,,,
,,1,-0.537,82,245,-1,3653,,,,,,,
,,1,0.2,82,245,-1,3654,,,,,,,
,,1,-0.843,82,245,-1,3655,,,,,,,
,,1,1.771,82,245,-1,3656,,,,,,,
,,1,0.685,82,245,-1,3657,,,,,,,
,,1,-1.355,82,245,-1,3658,,,,,,,
,,7,4.881,115,246,2192,3659,,,,,,,
52.3446335,4.9060328,1,0.298,115,246,-1,3660,347,17,10,46,-73,22:22:17,881
,,1,-0.322,115,246,-1,3661,,,,,,,
,,1,3.159,115,246,-1,3662,,,,,,,
,,1,1.158,115,246,-1,3663,,,,,,,
,,1,-0.321,115,246,-1,3664,,,,,,,
,,1,0.202,115,246,-1,3665,,,,,,,
,,1,0.027,115,246,-1,3666,,,,,,,
,,1,-1.062,115,246,-1,3667,,,,,,,
,,1,-0.178,115,246,-1,3668,,,,,,,
,,7,-1.376,118,247,2252,3669,,,,,,,
52.3446796,4.9060135,1,1.238,118,247,-1,3670,345,19,10,46,-73,22:22:18,076
,,1,-3.479,118,247,-1,3671,,,,,,,
,,1,1.97,118,247,-1,3672,,,,,,,
,,1,-2.013,118,247,-1,3673,,,,,,,
,,1,0.464,118,247,-1,3674,,,,,,,
,,1,-1.295,118,247,-1,3675,,,,,,,
,,1,1.725,118,247,-1,3676,,,,,,,
,,1,-0.692,118,247,-1,3677,,,,,,,
,,1,0.633,118,247,-1,3678,,,,,,,
,,1,1.023,118,247,-1,3679,,,,,,,
,,1,0.874,118,247,-1,3680,,,,,-73,22:22:18,272
,,7,0.586,150,248,2252,3681,,,,,,,
,,1,1.224,150,248,-1,3682,,,,,,,
,,1,1.225,150,248,-1,3683,,,,,,,
,,1,1.176,150,248,-1,3684,,,,,,,
,,1,-0.449,150,248,-1,3685,,,,,,,
,,1,0.922,150,248,-1,3686,,,,,,,
,,1,0.208,150,248,-1,3687,,,,,,,
,,1,-0.731,150,248,-1,3688,,,,,,,
,,1,-0.808,150,248,-1,3689,,,,,,,
,,1,0.2,150,248,-1,3690,,,,,-73,22:22:18,482
,,7,-0.915,123,249,2293,3691,,,,,,,
,,1,-1.849,123,249,-1,3692,,,,,,,
,,1,-1.411,123,249,-1,3693,,,,,,,
,,1,0.078,123,249,-1,3694,,,,,,,
,,1,-0.521,123,249,-1,3695,,,,,,,
,,1,0.064,123,249,-1,3696,,,,,,,
,,1,-0.931,123,249,-1,3697,,,,,,,
,,1,-0.14,123,249,-1,3698,,,,,,,
,,1,0.206,123,249,-1,3699,,,,,,,
,,1,1.649,123,249,-1,3700,,,,,-73,22:22:18,690
,,1,0.515,123,249,-1,3701,,,,,,,
,,7,1.279,114,250,2336,3702,,,,,,,
,,1,0.086,114,250,-1,3703,,,,,,,
,,1,1.295,114,250,-1,3704,,,,,,,
,,1,1.079,114,250,-1,3705,,,,,,,
,,1,0.667,114,250,-1,3706,,,,,,,
,,1,1.003,114,250,-1,3707,,,,,,,
,,1,0.494,114,250,-1,3708,,,,,,,
,,1,0.104,114,250,-1,3709,,,,,,,
,,1,-0.21,114,250,-1,3710,,,,,-73,22:22:18,871
,,1,-0.129,114,250,-1,3711,,,,,,,
,,1,0.083,114,250,-1,3712,,,,,,,
,,1,-0.932,114,250,-1,3713,,,,,,,
,,7,-0.955,142,251,2293,3714,,,,,,,
,,1,-1.025,142,251,-1,3715,,,,,,,
,,1,-1.448,142,251,-1,3716,,,,,,,
,,1,-0.061,142,251,-1,3717,,,,,,,
,,1,-0.597,142,251,-1,3718,,,,,,,
,,1,0.037,142,251,-1,3719,,,,,,,
52.344726,4.9060029,1,-0.021,142,251,-1,3720,352,17,10,46,-71,22:22:19,127
,,1,0.094,142,251,-1,3721,,,,,,,
,,1,0.492,142,251,-1,3722,,,,,,,
,,1,0.301,142,251,-1,3723,,,,,,,
,,1,1.47,142,251,-1,3724,,,,,,,
,,7,1.422,131,252,2252,3725,,,,,,,
,,1,0.386,131,252,-1,3726,,,,,,,
,,1,1.063,131,252,-1,3727,,,,,,,
,,1,1.273,131,252,-1,3728,,,,,,,
,,1,1.195,131,252,-1,3729,,,,,,,
,,1,0.915,131,252,-1,3730,,,,,-71,22:22:19,276
,,1,0.726,131,252,-1,3731,,,,,,,
,,1,-0.263,131,252,-1,3732,,,,,,,
,,1,-0.327,131,252,-1,3733,,,,,,,
,,1,0.302,131,252,-1,3734,,,,,,,
,,1,-0.671,131,252,-1,3735,,,,,,,
,,1,-0.642,131,252,-1,3736,,,,,,,
,,7,-0.995,123,253,2232,3737,,,,,,,
,,1,-0.346,123,253,-1,3738,,,,,,,
,,1,-0.592,123,253,-1,3739,,,,,,,
,,1,-0.388,123,253,-1,3740,,,,,-71,22:22:19,492
,,1,-0.512,123,253,-1,3741,,,,,,,
,,1,-0.256,123,253,-1,3742,,,,,,,
,,1,0.596,123,253,-1,3743,,,,,,,
,,1,1.223,123,253,-1,3744,,,,,,,
,,1,0.605,123,253,-1,3745,,,,,,,
,,7,0.455,132,254,2252,3746,,,,,,,
,,1,0.467,132,254,-1,3747,,,,,,,
,,1,1.02,132,254,-1,3748,,,,,,,
,,1,1.638,132,254,-1,3749,,,,,,,
,,1,1.624,132,254,-1,3750,,,,,-71,22:22:19,682
,,1,1.303,132,254,-1,3751,,,,,,,
,,1,-0.489,132,254,-1,3752,,,,,,,
,,1,-0.324,132,254,-1,3753,,,,,,,
,,1,0.403,132,254,-1,3754,,,,,,,
,,1,-0.438,132,254,-1,3755,,,,,,,
,,1,-0.94,132,254,-1,3756,,,,,,,
,,7,-0.751,153,255,2272,3757,,,,,,,
,,1,-0.086,153,255,-1,3758,,,,,,,
,,1,-0.769,153,255,-1,3759,,,,,,,
,,1,-1.132,153,255,-1,3760,,,,,-71,22:22:19,917
,,1,-0.96,153,255,-1,3761,,,,,,,
,,1,-1.291,153,255,-1,3762,,,,,,,
,,1,-0.097,153,255,-1,3763,,,,,,,
,,1,1.409,153,255,-1,3764,,,,,,,
,,1,0.435,153,255,-1,3765,,,,,,,
,,1,1.014,153,255,-1,3766,,,,,,,
,,1,-0.02,153,255,-1,3767,,,,,,,
,,7,1.598,168,256,2293,3768,,,,,,,
,,1,2.086,168,256,-1,3769,,,,,,,
,,1,0.858,168,256,-1,3770,,,,,-71,22:22:20,087
,,1,0.631,168,256,-1,3771,,,,,,,
,,1,0.36,168,256,-1,3772,,,,,,,
,,1,0.871,168,256,-1,3773,,,,,,,
,,1,0.892,168,256,-1,3774,,,,,,,
,,1,0.271,168,256,-1,3775,,,,,,,
,,1,-0.291,168,256,-1,3776,,,,,,,
,,1,0.42,168,256,-1,3777,,,,,,,
,,1,0.003,168,256,-1,3778,,,,,,,
,,1,-1.188,168,256,-1,3779,,,,,,,
52.3447697,4.9059893,7,-1.131,189,257,2293,3780,350,16,10,46,-71,22:22:20,279
,,1,-0.597,189,257,-1,3781,,,,,,,
,,1,-0.523,189,257,-1,3782,,,,,,,
,,1,-0.266,189,257,-1,3783,,,,,,,
,,1,-0.162,189,257,-1,3784,,,,,,,
,,1,-0.543,189,257,-1,3785,,,,,,,
,,1,0.353,189,257,-1,3786,,,,,,,
,,1,0.25,189,257,-1,3787,,,,,,,
,,1,0.527,189,257,-1,3788,,,,,,,
,,1,0.642,189,257,-1,3789,,,,,,,
,,1,1.226,189,257,-1,3790,,,,,-71,22:22:20,482
,,7,0.756,210,258,2293,3791,,,,,,,
,,1,1.261,210,258,-1,3792,,,,,,,
,,1,0.757,210,258,-1,3793,,,,,,,
,,1,1.519,210,258,-1,3794,,,,,,,
,,1,1.126,210,258,-1,3795,,,,,,,
,,1,0.068,210,258,-1,3796,,,,,,,
,,1,0.559,210,258,-1,3797,,,,,,,
,,1,-0.09,210,258,-1,3798,,,,,,,
,,1,-0.398,210,258,-1,3799,,,,,,,
,,1,-0.234,210,258,-1,3800,,,,,-71,22:22:20,672
,,1,-0.834,210,258,-1,3801,,,,,,,
,,7,-0.033,204,259,2272,3802,,,,,,,
,,1,-1.511,204,259,-1,3803,,,,,,,
,,1,-1.016,204,259,-1,3804,,,,,,,
,,1,-0.982,204,259,-1,3805,,,,,,,
,,1,-0.025,204,259,-1,3806,,,,,,,
,,1,-0.331,204,259,-1,3807,,,,,,,
,,1,0.96,204,259,-1,3808,,,,,,,
,,1,-0.448,204,259,-1,3809,,,,,,,
,,1,0.873,204,259,-1,3810,,,,,-71,22:22:20,882
,,1,0.108,204,259,-1,3811,,,,,,,
,,1,1.244,204,259,-1,3812,,,,,,,
,,7,1.337,187,260,2232,3813,,,,,,,
,,1,1.036,187,260,-1,3814,,,,,,,
,,1,0.866,187,260,-1,3815,,,,,,,
,,1,1.17,187,260,-1,3816,,,,,,,
,,1,1.181,187,260,-1,3817,,,,,,,
,,1,0.083,187,260,-1,3818,,,,,,,
,,1,0.518,187,260,-1,3819,,,,,,,
52.3448141,4.9059715,1,0.277,187,260,-1,3820,346,18,10,46,-71,22:22:21,078
,,1,-0.179,187,260,-1,3821,,,,,,,
,,1,-1.14,187,260,-1,3822,,,,,,,
,,7,-0.604,196,261,2252,3823,,,,,,,
,,1,-0.513,196,261,-1,3824,,,,,,,
,,1,-1.728,196,261,-1,3825,,,,,,,
,,1,-0.919,196,261,-1,3826,,,,,,,
,,1,-0.783,196,261,-1,3827,,,,,,,
,,1,0.153,196,261,-1,3828,,,,,,,
,,1,-0.112,196,261,-1,3829,,,,,,,
,,1,0.427,196,261,-1,3830,,,,,-71,22:22:21,292
,,1,0.18,196,261,-1,3831,,,,,,,
,,1,0.06,196,261,-1,3832,,,,,,,
,,1,0.339,196,261,-1,3833,,,,,,,
,,1,1.047,196,261,-1,3834,,,,,,,
,,1,1.266,196,261,-1,3835,,,,,,,
,,7,0.632,193,262,2252,3836,,,,,,,
,,1,0.622,193,262,-1,3837,,,,,,,
,,1,0.808,193,262,-1,3838,,,,,,,
,,1,1.55,193,262,-1,3839,,,,,,,
,,1,1.264,193,262,-1,3840,,,,,-71,22:22:21,483
,,1,0.104,193,262,-1,3841,,,,,,,
,,1,-0.115,193,262,-1,3842,,,,,,,
,,1,0.102,193,262,-1,3843,,,,,,,
,,1,-0.177,193,262,-1,3844,,,,,,,
,,1,-1.104,193,262,-1,3845,,,,,,,
,,7,-0.897,170,263,2252,3846,,,,,,,
,,1,-0.465,170,263,-1,3847,,,,,,,
,,1,-0.442,170,263,-1,3848,,,,,,,
,,1,-0.729,170,263,-1,3849,,,,,,,
,,1,-0.897,170,263,-1,3850,,,,,-71,22:22:21,678
,,1,-0.27,170,263,-1,3851,,,,,,,
,,1,0.146,170,263,-1,3852,,,,,,,
,,1,1.209,170,263,-1,3853,,,,,,,
,,1,-0.085,170,263,-1,3854,,,,,,,
,,1,0.603,170,263,-1,3855,,,,,,,
,,1,0.541,170,263,-1,3856,,,,,,,
,,7,1.391,161,264,2272,3857,,,,,,,
,,1,1.319,161,264,-1,3858,,,,,,,
,,1,0.944,161,264,-1,3859,,,,,,,
,,1,0.982,161,264,-1,3860,,,,,-71,22:22:21,870
,,1,0.997,161,264,-1,3861,,,,,,,
,,1,0.911,161,264,-1,3862,,,,,,,
,,1,0.699,161,264,-1,3863,,,,,,,
,,1,0.235,161,264,-1,3864,,,,,,,
,,1,0.248,161,264,-1,3865,,,,,,,
,,1,-0.139,161,264,-1,3866,,,,,,,
,,1,-0.565,161,264,-1,3867,,,,,,,
,,7,-1.862,181,265,2272,3868,,,,,,,
,,1,0.239,181,265,-1,3869,,,,,,,
52.3448586,4.9059469,1,-0.697,181,265,-1,3870,341,17,10,46,-71,22:22:22,080
,,1,-1.447,181,265,-1,3871,,,,,,,
,,1,-1.938,181,265,-1,3872,,,,,,,
,,1,-0.27,181,265,-1,3873,,,,,,,
,,1,0.99,181,265,-1,3874,,,,,,,
,,1,0.277,181,265,-1,3875,,,,,,,
,,1,-0.976,181,265,-1,3876,,,,,,,
,,1,-0.297,181,265,-1,3877,,,,,,,
,,1,1.053,181,265,-1,3878,,,,,,,
,,1,1.677,181,265,-1,3879,,,,,,,
,,7,1.033,151,266,2232,3880,,,,,-71,22:22:22,276
,,1,0.604,151,266,-1,3881,,,,,,,
,,1,1.056,151,266,-1,3882,,,,,,,
,,1,1.138,151,266,-1,3883,,,,,,,
,,1,1.162,151,266,-1,3884,,,,,,,
,,1,0.414,151,266,-1,3885,,,,,,,
,,1,-0.069,151,266,-1,3886,,,,,,,
,,1,0.105,151,266,-1,3887,,,,,,,
,,1,0.11,151,266,-1,3888,,,,,,,
,,1,-0.657,151,266,-1,3889,,,,,,,
,,1,-1.065,151,266,-1,3890,,,,,-71,22:22:22,488
,,7,-0.849,137,267,2232,3891,,,,,,,
,,1,-0.453,137,267,-1,3892,,,,,,,
,,1,-0.351,137,267,-1,3893,,,,,,,
,,1,-0.595,137,267,-1,3894,,,,,,,
,,1,-1.172,137,267,-1,3895,,,,,,,
,,1,-0.884,137,267,-1,3896,,,,,,,
,,1,-0.767,137,267,-1,3897,,,,,,,
,,1,0.672,137,267,-1,3898,,,,,,,
,,1,0.608,137,267,-1,3899,,,,,,,
,,1,1.33,137,267,-1,3900,,,,,-75,22:22:22,685
,,7,1.076,125,268,2272,3901,,,,,,,
,,1,2.658,125,268,-1,3902,,,,,,,
,,1,0.238,125,268,-1,3903,,,,,,,
,,1,1.092,125,268,-1,3904,,,,,,,
,,1,1.302,125,268,-1,3905,,,,,,,
,,1,1.038,125,268,-1,3906,,,,,,,
,,1,0.523,125,268,-1,3907,,,,,,,
,,1,0.183,125,268,-1,3908,,,,,,,
,,1,0.578,125,268,-1,3909,,,,,,,
,,1,1.162,125,268,-1,3910,,,,,-75,22:22:22,879
,,1,0.402,125,268,-1,3911,,,,,,,
,,1,-0.764,125,268,-1,3912,,,,,,,
,,1,0.027,125,268,-1,3913,,,,,,,
,,1,-1.392,125,268,-1,3914,,,,,,,
,,7,-0.692,183,269,2212,3915,,,,,,,
,,1,0.424,183,269,-1,3916,,,,,,,
,,1,-2.488,183,269,-1,3917,,,,,,,
,,1,0.507,183,269,-1,3918,,,,,,,
,,1,-1.167,183,269,-1,3919,,,,,,,
,,1,1.037,183,269,-1,3920,,,,,-75,22:22:23,072
,,1,-0.495,183,269,-1,3921,,,,,,,
,,1,0.877,183,269,-1,3922,,,,,,,
,,1,0.904,183,269,-1,3923,,,,,,,
,,7,2.354,188,270,2192,3924,,,,,,,
,,1,0.43,188,270,-1,3925,,,,,,,
,,1,1.521,188,270,-1,3926,,,,,,,
,,1,-0.296,188,270,-1,3927,,,,,,,
,,1,1.609,188,270,-1,3928,,,,,,,
,,1,1.357,188,270,-1,3929,,,,,,,
52.3449077,4.9059284,1,-0.153,188,270,-1,3930,343,19,10,46,-75,22:22:23,285
,,1,-0.16,188,270,-1,3931,,,,,,,
,,1,0.019,188,270,-1,3932,,,,,,,
,,1,-0.091,188,270,-1,3933,,,,,,,
,,1,-0.489,188,270,-1,3934,,,,,,,
,,7,-0.884,177,271,2252,3935,,,,,,,
,,1,-0.253,177,271,-1,3936,,,,,,,
,,1,-1.223,177,271,-1,3937,,,,,,,
,,1,-1.131,177,271,-1,3938,,,,,,,
,,1,-1.215,177,271,-1,3939,,,,,,,
52.3449077,4.9059284,1,1.542,177,271,-1,3940,343,19,10,46,-75,22:22:23,476
,,1,1.596,177,271,-1,3941,,,,,,,
,,1,0.688,177,271,-1,3942,,,,,,,
,,1,-0.739,177,271,-1,3943,,,,,,,
,,7,3.036,232,272,2314,3944,,,,,,,
,,1,3.491,232,272,-1,3945,,,,,,,
,,1,-1.364,232,272,-1,3946,,,,,,,
,,1,-0.473,232,272,-1,3947,,,,,,,
,,1,0.827,232,272,-1,3948,,,,,,,
,,1,2.962,232,272,-1,3949,,,,,,,
,,1,1.362,232,272,-1,3950,,,,,-75,22:22:23,672
,,1,0.199,232,272,-1,3951,,,,,,,
,,1,0.194,232,272,-1,3952,,,,,,,
,,1,0.395,232,272,-1,3953,,,,,,,
,,1,0.547,232,272,-1,3954,,,,,,,
,,1,-0.325,232,272,-1,3955,,,,,,,
,,1,0.035,232,272,-1,3956,,,,,,,
,,1,-0.414,232,272,-1,3957,,,,,,,
,,1,-0.547,232,272,-1,3958,,,,,,,
,,7,-1.463,282,273,2252,3959,,,,,,,
,,1,-1.478,282,273,-1,3960,,,,,-75,22:22:23,898
,,1,-0.586,282,273,-1,3961,,,,,,,
,,1,-1.079,282,273,-1,3962,,,,,,,
,,1,-0.292,282,273,-1,3963,,,,,,,
,,1,-0.815,282,273,-1,3964,,,,,,,
,,1,-0.636,282,273,-1,3965,,,,,,,
,,1,0.773,282,273,-1,3966,,,,,,,
,,1,-0.033,282,273,-1,3967,,,,,,,
,,1,1.121,282,273,-1,3968,,,,,,,
,,1,0.518,282,273,-1,3969,,,,,,,
52.3449497,4.9059121,1,0.843,282,273,-1,3970,349,18,10,46,-75,22:22:24,077
,,1,0.647,282,273,-1,3971,,,,,,,
,,7,0.81,277,274,2173,3972,,,,,,,
,,1,2.089,277,274,-1,3973,,,,,,,
,,1,1.346,277,274,-1,3974,,,,,,,
,,1,0.899,277,274,-1,3975,,,,,,,
,,1,0.686,277,274,-1,3976,,,,,,,
,,1,0.084,277,274,-1,3977,,,,,,,
,,1,-0.314,277,274,-1,3978,,,,,,,
,,1,-0.438,277,274,-1,3979,,,,,,,
52.3449497,4.9059121,7,-0.881,243,275,2212,3980,349,18,10,46,-79,22:22:24,301
,,1,-0.755,243,275,-1,3981,,,,,,,
,,1,-0.188,243,275,-1,3982,,,,,,,
,,1,-0.76,243,275,-1,3983,,,,,,,
,,1,-1.511,243,275,-1,3984,,,,,,,
,,1,-1.023,243,275,-1,3985,,,,,,,
,,1,-0.948,243,275,-1,3986,,,,,,,
,,1,-0.281,243,275,-1,3987,,,,,,,
,,1,-0.278,243,275,-1,3988,,,,,,,
,,1,1.178,243,275,-1,3989,,,,,,,
,,1,0.945,243,275,-1,3990,,,,,-79,22:22:24,480
,,1,0.1,243,275,-1,3991,,,,,,,
,,1,0.718,243,275,-1,3992,,,,,,,
,,1,1.399,243,275,-1,3993,,,,,,,
,,7,1.922,210,276,2173,3994,,,,,,,
,,1,0.398,210,276,-1,3995,,,,,,,
,,1,0.598,210,276,-1,3996,,,,,,,
,,1,1.13,210,276,-1,3997,,,,,,,
,,1,0.242,210,276,-1,3998,,,,,,,
,,1,0.126,210,276,-1,3999,,,,,,,
52.3449497,4.9059121,1,0.109,210,276,-1,4000,349,18,10,46,-79,22:22:24,674
,,1,0.36,210,276,-1,4001,,,,,,,
,,1,-0.399,210,276,-1,4002,,,,,,,
,,1,-0.343,210,276,-1,4003,,,,,,,
,,7,-1.134,191,277,2100,4004,,,,,,,
,,1,-0.997,191,277,-1,4005,,,,,,,
,,1,-0.386,191,277,-1,4006,,,,,,,
,,1,-0.482,191,277,-1,4007,,,,,,,
,,1,-1.553,191,277,-1,4008,,,,,,,
,,1,-1.109,191,277,-1,4009,,,,,,,
,,1,-0.626,191,277,-1,4010,,,,,-79,22:22:24,917
,,1,-0.498,191,277,-1,4011,,,,,,,
,,1,0.895,191,277,-1,4012,,,,,,,
,,1,0.767,191,277,-1,4013,,,,,,,
,,1,0.884,191,277,-1,4014,,,,,,,
,,1,0.756,191,277,-1,4015,,,,,,,
,,7,0.733,141,278,2136,4016,,,,,,,
,,1,1.581,141,278,-1,4017,,,,,,,
,,1,0.996,141,278,-1,4018,,,,,,,
,,1,0.598,141,278,-1,4019,,,,,,,
52.3449954,4.9059025,1,1.24,141,278,-1,4020,351,17,10,46,-79,22:22:25,085
,,1,1.293,141,278,-1,4021,,,,,,,
,,1,0.592,141,278,-1,4022,,,,,,,
,,1,-0.088,141,278,-1,4023,,,,,,,
,,1,0.72,141,278,-1,4024,,,,,,,
,,1,-0.251,141,278,-1,4025,,,,,,,
,,1,-1.325,141,278,-1,4026,,,,,,,
,,7,-0.733,114,279,2232,4027,,,,,,,
,,1,-0.23,114,279,-1,4028,,,,,,,
,,1,-0.366,114,279,-1,4029,,,,,,,
,,1,-1.121,114,279,-1,4030,,,,,-79,22:22:25,281
,,1,-0.516,114,279,-1,4031,,,,,,,
,,1,-1.989,114,279,-1,4032,,,,,,,
,,1,0.614,114,279,-1,4033,,,,,,,
,,1,-0.419,114,279,-1,4034,,,,,,,
,,1,1.152,114,279,-1,4035,,,,,,,
,,1,-0.104,114,279,-1,4036,,,,,,,
,,1,0.71,114,279,-1,4037,,,,,,,
,,1,1.524,114,279,-1,4038,,,,,,,
,,7,0.896,121,280,2192,4039,,,,,,,
,,1,1.49,121,280,-1,4040,,,,,-79,22:22:25,470
,,1,0.559,121,280,-1,4041,,,,,,,
,,1,1.667,121,280,-1,4042,,,,,,,
,,1,1.12,121,280,-1,4043,,,,,,,
,,1,-0.15,121,280,-1,4044,,,,,,,
,,1,0.082,121,280,-1,4045,,,,,,,
,,1,0.065,121,280,-1,4046,,,,,,,
,,1,-0.394,121,280,-1,4047,,,,,,,
,,1,-1.1,121,280,-1,4048,,,,,,,
,,7,-1.005,117,281,2192,4049,,,,,,,
,,1,-0.915,117,281,-1,4050,,,,,-79,22:22:25,684
,,1,-0.481,117,281,-1,4051,,,,,,,
,,1,-1.015,117,281,-1,4052,,,,,,,
,,1,0.564,117,281,-1,4053,,,,,,,
,,1,-0.943,117,281,-1,4054,,,,,,,
,,1,0.745,117,281,-1,4055,,,,,,,
,,1,0.122,117,281,-1,4056,,,,,,,
,,1,-1.099,117,281,-1,4057,,,,,,,
,,1,3.422,117,281,-1,4058,,,,,,,
,,1,-4.037,117,281,-1,4059,,,,,,,
,,1,4.132,117,281,-1,4060,,,,,-79,22:22:25,891
,,1,0.635,117,281,-1,4061,,,,,,,
,,7,3.006,148,282,2212,4062,,,,,,,
,,1,2.867,148,282,-1,4063,,,,,,,
,,1,-1.256,148,282,-1,4064,,,,,,,
,,1,-0.483,148,282,-1,4065,,,,,,,
,,1,0.816,148,282,-1,4066,,,,,,,
,,1,-1.445,148,282,-1,4067,,,,,,,
,,1,1.481,148,282,-1,4068,,,,,,,
,,1,3.463,148,282,-1,4069,,,,,,,
52.345043,4.9058843,1,-4.878,148,282,-1,4070,348,17,10,46,-78,22:22:26,100
,,1,-0.172,148,282,-1,4071,,,,,,,
,,7,-4.998,139,283,2192,4072,,,,,,,
,,1,2.271,139,283,-1,4073,,,,,,,
,,1,-0.282,139,283,-1,4074,,,,,,,
,,1,-1.763,139,283,-1,4075,,,,,,,
,,1,0.224,139,283,-1,4076,,,,,,,
,,1,-0.846,139,283,-1,4077,,,,,,,
,,1,-2.08,139,283,-1,4078,,,,,,,
,,1,-1.234,139,283,-1,4079,,,,,,,
52.345043,4.9058843,1,2.155,139,283,-1,4080,348,17,10,46,-78,22:22:26,286
,,1,3.255,139,283,-1,4081,,,,,,,
,,7,-0.87,118,284,2252,4082,,,,,,,
,,1,1.084,118,284,-1,4083,,,,,,,
,,1,-2.096,118,284,-1,4084,,,,,,,
,,7,-5.49,8,285,2475,4085,,,,,,,
,,1,2.762,8,285,-1,4086,,,,,,,
,,1,1.897,8,285,-1,4087,,,,,,,
,,8,2.558,48,285,-1,4088,,,,,,,
,,1,-1.653,48,285,-1,4089,,,,,,,
,,1,0.757,48,285,-1,4090,,,,,-78,22:22:26,507
,,1,2.292,48,285,-1,4091,,,,,,,
,,1,-0.724,48,285,-1,4092,,,,,,,
,,1,-0.596,48,285,-1,4093,,,,,,,
,,6,-7.005,-32,285,-1,4094,,,,,,,
,,1,2.973,-32,285,-1,4095,,,,,,,
,,1,2.485,-32,285,-1,4096,,,,,,,
,,6,1.29,-49,286,-1,4097,,,,,,,
,,1,-3.491,-49,286,-1,4098,,,,,,,
,,1,-0.771,-49,286,-1,4099,,,,,,,
,,6,-1.072,-269,287,-1,4100,,,,,-78,22:22:26,715
,,1,2.841,-269,287,-1,4101,,,,,,,
,,1,0.006,-269,287,-1,4102,,,,,,,
,,6,1.686,-40,288,-1,4103,,,,,,,
,,1,0.519,-40,288,-1,4104,,,,,,,
,,1,0.783,-40,288,-1,4105,,,,,,,
,,1,2.877,-40,288,-1,4106,,,,,,,
,,1,-0.871,-40,288,-1,4107,,,,,,,
,,1,1.032,-40,288,-1,4108,,,,,,,
,,1,1.262,-40,288,-1,4109,,,,,,,
,,1,0.933,-40,288,-1,4110,,,,,-78,22:22:26,883
,,1,-0.931,-40,288,-1,4111,,,,,,,
,,1,-1.094,-40,288,-1,4112,,,,,,,
,,1,-0.353,-40,288,-1,4113,,,,,,,
,,1,-0.038,-40,288,-1,4114,,,,,,,
,,1,-0.974,-40,288,-1,4115,,,,,,,
,,6,-1.966,152,289,-1,4116,,,,,,,
,,1,0.138,152,289,-1,4117,,,,,,,
,,1,-1.011,152,289,-1,4118,,,,,,,
,,1,-0.164,152,289,-1,4119,,,,,,,
52.3450942,4.9058599,1,0.221,152,289,-1,4120,341,21,9,46,-78,22:22:27,076
,,1,-1.683,152,289,-1,4121,,,,,,,
,,1,1.173,152,289,-1,4122,,,,,,,
,,1,0.124,152,289,-1,4123,,,,,,,
,,1,2.372,152,289,-1,4124,,,,,,,
,,6,0.278,85,290,-1,4125,,,,,,,
,,1,-0.04,85,290,-1,4126,,,,,,,
,,1,1.217,85,290,-1,4127,,,,,,,
,,1,1.109,85,290,-1,4128,,,,,,,
,,1,1.489,85,290,-1,4129,,,,,,,
,,1,0.878,85,290,-1,4130,,,,,-78,22:22:27,275
,,1,0.503,85,290,-1,4131,,,,,,,
,,1,0.451,85,290,-1,4132,,,,,,,
,,1,0.359,85,290,-1,4133,,,,,,,
,,1,-0.426,85,290,-1,4134,,,,,,,
,,1,0.1,85,290,-1,4135,,,,,,,
,,1,-1.058,85,290,-1,4136,,,,,,,
,,1,-0.436,85,290,-1,4137,,,,,,,
,,6,-1.327,168,291,-1,4138,,,,,,,
,,1,-0.457,168,291,-1,4139,,,,,,,
,,1,-1.489,168,291,-1,4140,,,,,-78,22:22:27,479
,,1,-0.635,168,291,-1,4141,,,,,,,
,,1,-0.598,168,291,-1,4142,,,,,,,
,,1,-0.403,168,291,-1,4143,,,,,,,
,,1,-0.651,168,291,-1,4144,,,,,,,
,,1,0.579,168,291,-1,4145,,,,,,,
,,1,1.025,168,291,-1,4146,,,,,,,
,,1,0.813,168,291,-1,4147,,,,,,,
,,6,0.789,90,292,-1,4148,,,,,,,
,,1,1.11,90,292,-1,4149,,,,,,,
,,1,1.405,90,292,-1,4150,,,,,-78,22:22:27,688
,,1,0.198,90,292,-1,4151,,,,,,,
,,1,0.639,90,292,-1,4152,,,,,,,
,,1,1.273,90,292,-1,4153,,,,,,,
,,1,0.812,90,292,-1,4154,,,,,,,
,,1,0.455,90,292,-1,4155,,,,,,,
,,1,-0.969,90,292,-1,4156,,,,,,,
,,1,-0.409,90,292,-1,4157,,,,,,,
,,1,-0.332,90,292,-1,4158,,,,,,,
,,6,-0.999,197,293,-1,4159,,,,,,,
,,1,-0.728,197,293,-1,4160,,,,,-72,22:22:27,872
,,1,-0.389,197,293,-1,4161,,,,,,,
,,1,-1.605,197,293,-1,4162,,,,,,,
,,1,0.361,197,293,-1,4163,,,,,,,
,,1,-0.268,197,293,-1,4164,,,,,,,
,,1,-0.421,197,293,-1,4165,,,,,,,
,,1,-0.688,197,293,-1,4166,,,,,,,
,,1,0.012,197,293,-1,4167,,,,,,,
,,1,1.144,197,293,-1,4168,,,,,,,
,,1,1.146,197,293,-1,4169,,,,,,,
,,6,1.152,114,294,-1,4170,,,,,-72,22:22:28,080
,,1,0.962,114,294,-1,4171,,,,,,,
,,1,0.663,114,294,-1,4172,,,,,,,
,,1,1.423,114,294,-1,4173,,,,,,,
,,1,0.89,114,294,-1,4174,,,,,,,
,,1,0.128,114,294,-1,4175,,,,,,,
,,1,0.602,114,294,-1,4176,,,,,,,
,,1,0.49,114,294,-1,4177,,,,,,,
,,1,0.071,114,294,-1,4178,,,,,,,
,,1,-0.732,114,294,-1,4179,,,,,,,
52.3451388,4.905837,1,-0.509,114,294,-1,4180,343,18,9,46,-72,22:22:28,281
,,6,-0.536,128,295,-1,4181,,,,,,,
,,1,-1.062,128,295,-1,4182,,,,,,,
,,1,-1.098,128,295,-1,4183,,,,,,,
,,1,-0.908,128,295,-1,4184,,,,,,,
,,1,-0.037,128,295,-1,4185,,,,,,,
,,1,-0.534,128,295,-1,4186,,,,,,,
,,1,0.851,128,295,-1,4187,,,,,,,
,,1,0.196,128,295,-1,4188,,,,,,,
,,1,0.788,128,295,-1,4189,,,,,,,
,,1,0.771,128,295,-1,4190,,,,,-72,22:22:28,472
,,7,1.528,130,296,2293,4191,,,,,,,
,,1,1.306,130,296,-1,4192,,,,,,,
,,1,0.645,130,296,-1,4193,,,,,,,
,,1,1.583,130,296,-1,4194,,,,,,,
,,1,1.22,130,296,-1,4195,,,,,,,
,,1,0.816,130,296,-1,4196,,,,,,,
,,1,-0.097,130,296,-1,4197,,,,,,,
,,1,0.733,130,296,-1,4198,,,,,,,
,,1,-0.505,130,296,-1,4199,,,,,,,
,,1,-0.942,130,296,-1,4200,,,,,-72,22:22:28,709
,,1,-0.253,130,296,-1,4201,,,,,,,
,,7,-0.539,145,297,2336,4202,,,,,,,
,,1,-1.193,145,297,-1,4203,,,,,,,
,,1,-0.778,145,297,-1,4204,,,,,,,
,,1,-0.859,145,297,-1,4205,,,,,,,
,,1,-0.614,145,297,-1,4206,,,,,,,
,,1,0.355,145,297,-1,4207,,,,,,,
,,1,-0.904,145,297,-1,4208,,,,,,,
,,1,0.854,145,297,-1,4209,,,,,,,
,,1,-0.075,145,297,-1,4210,,,,,-72,22:22:28,879
,,1,1.814,145,297,-1,4211,,,,,,,
,,1,0.657,145,297,-1,4212,,,,,,,
,,7,1.218,171,298,2314,4213,,,,,,,
,,1,1.106,171,298,-1,4214,,,,,,,
,,1,1.223,171,298,-1,4215,,,,,,,
,,1,0.979,171,298,-1,4216,,,,,,,
,,1,1.732,171,298,-1,4217,,,,,,,
,,1,0.484,171,298,-1,4218,,,,,,,
,,1,0.163,171,298,-1,4219,,,,,,,
52.3451788,4.905817,1,-0.179,171,298,-1,4220,344,19,9,46,-72,22:22:29,090
,,1,-0.05,171,298,-1,4221,,,,,,,
,,1,0.027,171,298,-1,4222,,,,,,,
,,1,-0.45,171,298,-1,4223,,,,,,,
,,1,-1.148,171,298,-1,4224,,,,,,,
,,7,-1.871,178,299,2293,4225,,,,,,,
,,1,-0.69,178,299,-1,4226,,,,,,,
,,1,-0.724,178,299,-1,4227,,,,,,,
,,1,-0.671,178,299,-1,4228,,,,,,,
,,1,0.242,178,299,-1,4229,,,,,,,
,,1,0.045,178,299,-1,4230,,,,,-72,22:22:29,297
,,1,-1.107,178,299,-1,4231,,,,,,,
,,1,-0.076,178,299,-1,4232,,,,,,,
,,1,1.899,178,299,-1,4233,,,,,,,
,,1,1.308,178,299,-1,4234,,,,,,,
,,7,0.309,181,300,2293,4235,,,,,,,
,,1,0.706,181,300,-1,4236,,,,,,,
,,1,1.276,181,300,-1,4237,,,,,,,
,,1,1.093,181,300,-1,4238,,,,,,,
,,1,1.413,181,300,-1,4239,,,,,,,
,,1,1.231,181,300,-1,4240,,,,,-72,22:22:29,474
,,1,-0.34,181,300,-1,4241,,,,,,,
,,1,0.075,181,300,-1,4242,,,,,,,
,,1,0.258,181,300,-1,4243,,,,,,,
,,1,-0.243,181,300,-1,4244,,,,,,,
,,1,-1.07,181,300,-1,4245,,,,,,,
,,7,-1.565,182,301,2293,4246,,,,,,,
,,1,-0.888,182,301,-1,4247,,,,,,,
,,1,-0.379,182,301,-1,4248,,,,,,,
,,1,-1.008,182,301,-1,4249,,,,,,,
,,1,-0.929,182,301,-1,4250,,,,,-72,22:22:29,670
,,1,-0.788,182,301,-1,4251,,,,,,,
,,1,-0.826,182,301,-1,4252,,,,,,,
,,1,1.04,182,301,-1,4253,,,,,,,
,,1,0.324,182,301,-1,4254,,,,,,,
,,1,0.673,182,301,-1,4255,,,,,,,
,,1,0.146,182,301,-1,4256,,,,,,,
,,1,1.739,182,301,-1,4257,,,,,,,
,,7,1.024,153,302,2252,4258,,,,,,,
,,1,0.852,153,302,-1,4259,,,,,,,
,,1,1.251,153,302,-1,4260,,,,,-72,22:22:29,882
,,1,0.202,153,302,-1,4261,,,,,,,
,,1,0.021,153,302,-1,4262,,,,,,,
,,1,0.969,153,302,-1,4263,,,,,,,
,,1,0.154,153,302,-1,4264,,,,,,,
,,1,-0.909,153,302,-1,4265,,,,,,,
,,1,-0.557,153,302,-1,4266,,,,,,,
,,7,-0.604,119,303,2272,4267,,,,,,,
,,1,0.021,119,303,-1,4268,,,,,,,
,,1,-0.654,119,303,-1,4269,,,,,,,
52.3452226,4.9058004,1,-0.914,119,303,-1,4270,346,19,9,46,-72,22:22:30,077
,,1,-1.378,119,303,-1,4271,,,,,,,
,,1,-0.614,119,303,-1,4272,,,,,,,
,,1,-0.379,119,303,-1,4273,,,,,,,
,,1,-0.623,119,303,-1,4274,,,,,,,
,,1,0.89,119,303,-1,4275,,,,,,,
,,1,-0.304,119,303,-1,4276,,,,,,,
,,1,0.251,119,303,-1,4277,,,,,,,
,,1,0.117,119,303,-1,4278,,,,,,,
,,1,1.839,119,303,-1,4279,,,,,,,
,,7,2.627,99,304,2293,4280,,,,,-72,22:22:30,303
,,1,0.995,99,304,-1,4281,,,,,,,
,,1,0.67,99,304,-1,4282,,,,,,,
,,1,0.619,99,304,-1,4283,,,,,,,
,,1,1.1,99,304,-1,4284,,,,,,,
,,1,1.702,99,304,-1,4285,,,,,,,
,,1,-1.794,99,304,-1,4286,,,,,,,
,,1,-0.045,99,304,-1,4287,,,,,,,
,,1,1.043,99,304,-1,4288,,,,,,,
,,1,-0.806,99,304,-1,4289,,,,,,,
,,1,-1.074,99,304,-1,4290,,,,,-72,22:22:30,512
,,7,-1.366,99,305,2252,4291,,,,,,,
,,1,-0.146,99,305,-1,4292,,,,,,,
,,1,-1.077,99,305,-1,4293,,,,,,,
,,1,-0.972,99,305,-1,4294,,,,,,,
,,1,-0.486,99,305,-1,4295,,,,,,,
,,1,-0.277,99,305,-1,4296,,,,,,,
,,1,0.039,99,305,-1,4297,,,,,,,
,,1,0.648,99,305,-1,4298,,,,,,,
,,1,1.484,99,305,-1,4299,,,,,,,
,,7,1.432,99,306,2272,4300,,,,,-72,22:22:30,697
,,1,0.444,99,306,-1,4301,,,,,,,
,,1,1.222,99,306,-1,4302,,,,,,,
,,1,1.061,99,306,-1,4303,,,,,,,
,,1,0.677,99,306,-1,4304,,,,,,,
,,1,0.336,99,306,-1,4305,,,,,,,
,,1,0.3,99,306,-1,4306,,,,,,,
,,1,0.746,99,306,-1,4307,,,,,,,
,,1,-0.273,99,306,-1,4308,,,,,,,
,,1,-0.269,99,306,-1,4309,,,,,,,
,,1,-0.758,99,306,-1,4310,,,,,-72,22:22:30,940
,,1,-0.34,99,306,-1,4311,,,,,,,
,,7,-0.398,89,307,2314,4312,,,,,,,
,,1,-1.119,89,307,-1,4313,,,,,,,
,,1,-0.495,89,307,-1,4314,,,,,,,
,,1,-1.003,89,307,-1,4315,,,,,,,
,,1,-1.049,89,307,-1,4316,,,,,,,
,,1,-0.983,89,307,-1,4317,,,,,,,
,,1,0.554,89,307,-1,4318,,,,,,,
,,1,1.074,89,307,-1,4319,,,,,,,
52.3452569,4.9057769,1,-0.083,89,307,-1,4320,343,18,9,46,-72,22:22:31,097
,,1,0.844,89,307,-1,4321,,,,,,,
,,7,1.857,101,308,2293,4322,,,,,,,
,,1,1.886,101,308,-1,4323,,,,,,,
,,1,0.895,101,308,-1,4324,,,,,,,
,,1,0.404,101,308,-1,4325,,,,,,,
,,1,0.479,101,308,-1,4326,,,,,,,
,,1,0.216,101,308,-1,4327,,,,,,,
,,1,0.551,101,308,-1,4328,,,,,,,
,,1,-0.112,101,308,-1,4329,,,,,,,
,,1,-0.383,101,308,-1,4330,,,,,-73,22:22:31,290
,,1,-0.797,101,308,-1,4331,,,,,,,
,,7,-0.788,119,309,2336,4332,,,,,,,
,,1,-0.281,119,309,-1,4333,,,,,,,
,,1,-1.333,119,309,-1,4334,,,,,,,
,,1,-1.158,119,309,-1,4335,,,,,,,
,,1,-2.728,119,309,-1,4336,,,,,,,
,,1,2.137,119,309,-1,4337,,,,,,,
,,1,-3.707,119,309,-1,4338,,,,,,,
,,1,1.786,119,309,-1,4339,,,,,,,
52.3452569,4.9057769,1,-2.377,119,309,-1,4340,343,18,9,46,-73,22:22:31,471
,,1,2.914,119,309,-1,4341,,,,,,,
,,1,0.635,119,309,-1,4342,,,,,,,
,,7,0.775,81,310,2403,4343,,,,,,,
,,1,1.54,81,310,-1,4344,,,,,,,
,,1,0.047,81,310,-1,4345,,,,,,,
,,1,1.248,81,310,-1,4346,,,,,,,
,,1,0.708,81,310,-1,4347,,,,,,,
,,1,1.671,81,310,-1,4348,,,,,,,
,,1,0.077,81,310,-1,4349,,,,,,,
52.3452569,4.9057769,1,0.922,81,310,-1,4350,343,18,9,46,-73,22:22:31,756
,,1,0.096,81,310,-1,4351,,,,,,,
,,1,0.663,81,310,-1,4352,,,,,,,
,,1,-1.164,81,310,-1,4353,,,,,,,
,,1,-0.949,81,310,-1,4354,,,,,,,
,,7,-0.965,89,311,2336,4355,,,,,,,
,,1,-0.778,89,311,-1,4356,,,,,,,
,,1,0.163,89,311,-1,4357,,,,,,,
,,1,-0.761,89,311,-1,4358,,,,,,,
,,1,-0.073,89,311,-1,4359,,,,,,,
,,1,-1.047,89,311,-1,4360,,,,,-73,22:22:31,886
,,1,0.603,89,311,-1,4361,,,,,,,
,,1,0.671,89,311,-1,4362,,,,,,,
,,1,0.956,89,311,-1,4363,,,,,,,
,,1,-0.106,89,311,-1,4364,,,,,,,
,,7,1.791,112,312,2314,4365,,,,,,,
,,1,1.157,112,312,-1,4366,,,,,,,
,,1,0.746,112,312,-1,4367,,,,,,,
,,1,0.667,112,312,-1,4368,,,,,,,
,,1,0.683,112,312,-1,4369,,,,,,,
52.3452939,4.905761,1,1.178,112,312,-1,4370,347,17,9,46,-73,22:22:32,131
,,1,-0.153,112,312,-1,4371,,,,,,,
,,1,0.343,112,312,-1,4372,,,,,,,
,,1,0.104,112,312,-1,4373,,,,,,,
,,1,-0.412,112,312,-1,4374,,,,,,,
,,1,-0.552,112,312,-1,4375,,,,,,,
,,1,-0.797,112,312,-1,4376,,,,,,,
,,7,-0.951,105,313,2314,4377,,,,,,,
,,1,-1.082,105,313,-1,4378,,,,,,,
,,1,-0.303,105,313,-1,4379,,,,,,,
,,1,-0.326,105,313,-1,4380,,,,,-73,22:22:32,332
,,1,0.07,105,313,-1,4381,,,,,,,
,,1,-1.197,105,313,-1,4382,,,,,,,
,,1,-0.019,105,313,-1,4383,,,,,,,
,,1,0.307,105,313,-1,4384,,,,,,,
,,1,1.435,105,313,-1,4385,,,,,,,
,,1,0.711,105,313,-1,4386,,,,,,,
,,7,1.12,118,314,2272,4387,,,,,,,
,,1,0.798,118,314,-1,4388,,,,,,,
,,1,0.868,118,314,-1,4389,,,,,,,
,,1,1.427,118,314,-1,4390,,,,,-73,22:22:32,476
,,1,0.814,118,314,-1,4391,,,,,,,
,,1,0.244,118,314,-1,4392,,,,,,,
,,1,0.333,118,314,-1,4393,,,,,,,
,,1,0.934,118,314,-1,4394,,,,,,,
,,1,-0.492,118,314,-1,4395,,,,,,,
,,1,-0.041,118,314,-1,4396,,,,,,,
,,1,0.013,118,314,-1,4397,,,,,,,
,,1,-1.13,118,314,-1,4398,,,,,,,
,,1,-0.031,118,314,-1,4399,,,,,,,
,,7,-0.865,114,315,2232,4400,,,,,-73,22:22:32,702
,,1,-1.053,114,315,-1,4401,,,,,,,
,,1,-0.898,114,315,-1,4402,,,,,,,
,,1,0.027,114,315,-1,4403,,,,,,,
,,1,-0.409,114,315,-1,4404,,,,,,,
,,1,0.324,114,315,-1,4405,,,,,,,
,,1,-0.46,114,315,-1,4406,,,,,,,
,,1,0.171,114,315,-1,4407,,,,,,,
,,1,0.52,114,315,-1,4408,,,,,,,
,,1,0.71,114,315,-1,4409,,,,,,,
,,1,0.832,114,315,-1,4410,,,,,-77,22:22:32,895
,,7,1.562,177,316,2212,4411,,,,,,,
,,1,0.357,177,316,-1,4412,,,,,,,
,,1,0.041,177,316,-1,4413,,,,,,,
,,1,0.426,177,316,-1,4414,,,,,,,
,,1,1.14,177,316,-1,4415,,,,,,,
,,1,0.697,177,316,-1,4416,,,,,,,
,,1,-0.188,177,316,-1,4417,,,,,,,
,,1,-0.194,177,316,-1,4418,,,,,,,
,,1,-0.318,177,316,-1,4419,,,,,,,
52.3453391,4.9057486,7,-1.712,137,317,2252,4420,350,18,9,46,-77,22:22:33,105
,,1,-0.182,137,317,-1,4421,,,,,,,
,,1,-0.655,137,317,-1,4422,,,,,,,
,,1,-0.213,137,317,-1,4423,,,,,,,
,,1,-1.469,137,317,-1,4424,,,,,,,
,,1,-0.434,137,317,-1,4425,,,,,,,
,,1,-1.02,137,317,-1,4426,,,,,,,
,,1,1.419,137,317,-1,4427,,,,,,,
,,1,0.951,137,317,-1,4428,,,,,,,
,,1,0.137,137,317,-1,4429,,,,,,,
,,1,-0.222,137,317,-1,4430,,,,,-77,22:22:33,274
,,1,1.333,137,317,-1,4431,,,,,,,
,,7,1.498,124,318,2272,4432,,,,,,,
,,1,1.071,124,318,-1,4433,,,,,,,
,,1,0.628,124,318,-1,4434,,,,,,,
,,1,0.141,124,318,-1,4435,,,,,,,
,,1,0.875,124,318,-1,4436,,,,,,,
,,1,-0.2,124,318,-1,4437,,,,,,,
,,1,0.46,124,318,-1,4438,,,,,,,
,,1,-0.003,124,318,-1,4439,,,,,,,
,,1,-0.512,124,318,-1,4440,,,,,-77,22:22:33,490
,,1,-0.364,124,318,-1,4441,,,,,,,
,,7,-1.014,112,319,2272,4442,,,,,,,
,,1,-0.15,112,319,-1,4443,,,,,,,
,,1,-0.176,112,319,-1,4444,,,,,,,
,,1,-1.344,112,319,-1,4445,,,,,,,
,,1,-0.986,112,319,-1,4446,,,,,,,
,,1,-0.885,112,319,-1,4447,,,,,,,
,,1,0.505,112,319,-1,4448,,,,,,,
,,1,0.581,112,319,-1,4449,,,,,,,
,,1,0.482,112,319,-1,4450,,,,,-77,22:22:33,714
,,1,-0.542,112,319,-1,4451,,,,,,,
,,1,0.764,112,319,-1,4452,,,,,,,
,,1,1.66,112,319,-1,4453,,,,,,,
,,7,1.752,115,320,2293,4454,,,,,,,
,,1,0.49,115,320,-1,4455,,,,,,,
,,1,0.167,115,320,-1,4456,,,,,,,
,,1,0.434,115,320,-1,4457,,,,,,,
,,1,0.336,115,320,-1,4458,,,,,,,
,,1,1.249,115,320,-1,4459,,,,,,,
,,1,0.515,115,320,-1,4460,,,,,-77,22:22:33,887
,,1,-0.488,115,320,-1,4461,,,,,,,
,,1,-0.566,115,320,-1,4462,,,,,,,
,,1,-0.56,115,320,-1,4463,,,,,,,
,,7,-0.472,102,321,2336,4464,,,,,,,
,,1,-1.0,102,321,-1,4465,,,,,,,
,,1,-0.532,102,321,-1,4466,,,,,,,
,,1,-1.327,102,321,-1,4467,,,,,,,
,,1,-0.425,102,321,-1,4468,,,,,,,
,,1,-0.922,102,321,-1,4469,,,,,,,
,,1,0.74,102,321,-1,4470,,,,,-77,22:22:34,095
,,1,-0.154,102,321,-1,4471,,,,,,,
,,1,0.067,102,321,-1,4472,,,,,,,
,,1,-0.166,102,321,-1,4473,,,,,,,
,,1,0.851,102,321,-1,4474,,,,,,,
,,1,1.114,102,321,-1,4475,,,,,,,
,,7,2.203,80,322,2293,4476,,,,,,,
,,1,1.175,80,322,-1,4477,,,,,,,
,,1,-0.919,80,322,-1,4478,,,,,,,
,,1,0.846,80,322,-1,4479,,,,,,,
52.3453861,4.9057263,1,1.313,80,322,-1,4480,344,19,9,46,-77,22:22:34,280
,,1,0.556,80,322,-1,4481,,,,,,,
,,1,-0.489,80,322,-1,4482,,,,,,,
,,1,0.133,80,322,-1,4483,,,,,,,
,,1,-0.718,80,322,-1,4484,,,,,,,
,,1,-0.961,80,322,-1,4485,,,,,,,
,,7,-0.558,86,323,2272,4486,,,,,,,
,,1,-1.087,86,323,-1,4487,,,,,,,
,,1,-0.308,86,323,-1,4488,,,,,,,
,,1,-0.577,86,323,-1,4489,,,,,,,
,,1,-0.181,86,323,-1,4490,,,,,-77,22:22:34,472
,,1,0.015,86,323,-1,4491,,,,,,,
,,1,-1.228,86,323,-1,4492,,,,,,,
,,1,0.073,86,323,-1,4493,,,,,,,
,,1,0.162,86,323,-1,4494,,,,,,,
,,1,0.935,86,323,-1,4495,,,,,,,
,,1,0.445,86,323,-1,4496,,,,,,,
,,1,0.489,86,323,-1,4497,,,,,,,
,,1,0.759,86,323,-1,4498,,,,,,,
,,7,1.99,90,324,2252,4499,,,,,,,
,,1,1.041,90,324,-1,4500,,,,,-73,22:22:34,681
,,1,0.99,90,324,-1,4501,,,,,,,
,,1,1.003,90,324,-1,4502,,,,,,,
,,1,0.032,90,324,-1,4503,,,,,,,
,,1,-0.044,90,324,-1,4504,,,,,,,
,,1,0.14,90,324,-1,4505,,,,,,,
,,1,-0.344,90,324,-1,4506,,,,,,,
,,1,-0.846,90,324,-1,4507,,,,,,,
,,1,-0.158,90,324,-1,4508,,,,,,,
,,7,-1.104,92,325,2232,4509,,,,,,,
52.3453861,4.9057263,1,-1.262,92,325,-1,4510,344,19,9,46,-73,22:22:34,882
,,1,-1.392,92,325,-1,4511,,,,,,,
,,1,0.342,92,325,-1,4512,,,,,,,
,,1,-0.29,92,325,-1,4513,,,,,,,
,,1,-0.484,92,325,-1,4514,,,,,,,
,,1,-0.282,92,325,-1,4515,,,,,,,
,,1,0.529,92,325,-1,4516,,,,,,,
,,1,1.999,92,325,-1,4517,,,,,,,
,,7,0.25,78,326,2293,4518,,,,,,,
,,1,0.868,78,326,-1,4519,,,,,,,
,,1,0.987,78,326,-1,4520,,,,,-73,22:22:35,070
,,1,1.63,78,326,-1,4521,,,,,,,
,,1,1.087,78,326,-1,4522,,,,,,,
,,1,0.636,78,326,-1,4523,,,,,,,
,,1,0.908,78,326,-1,4524,,,,,,,
,,1,0.262,78,326,-1,4525,,,,,,,
,,1,0.399,78,326,-1,4526,,,,,,,
,,1,-0.55,78,326,-1,4527,,,,,,,
,,1,-0.621,78,326,-1,4528,,,,,,,
,,1,-0.377,78,326,-1,4529,,,,,,,
52.3454289,4.9057081,7,-0.905,111,327,2314,4530,347,18,9,46,-73,22:22:35,303
,,1,-0.896,111,327,-1,4531,,,,,,,
,,1,-2.168,111,327,-1,4532,,,,,,,
,,1,-0.555,111,327,-1,4533,,,,,,,
,,1,-1.038,111,327,-1,4534,,,,,,,
,,1,0.062,111,327,-1,4535,,,,,,,
,,1,-0.448,111,327,-1,4536,,,,,,,
,,1,-0.239,111,327,-1,4537,,,,,,,
,,1,-0.4,111,327,-1,4538,,,,,,,
,,1,0.435,111,327,-1,4539,,,,,,,
52.3454289,4.9057081,1,1.22,111,327,-1,4540,347,18,9,46,-73,22:22:35,476
,,1,0.071,111,327,-1,4541,,,,,,,
,,1,1.006,111,327,-1,4542,,,,,,,
,,7,1.623,85,328,2252,4543,,,,,,,
,,1,0.814,85,328,-1,4544,,,,,,,
,,1,0.55,85,328,-1,4545,,,,,,,
,,1,1.347,85,328,-1,4546,,,,,,,
,,1,0.671,85,328,-1,4547,,,,,,,
,,1,0.404,85,328,-1,4548,,,,,,,
,,1,0.286,85,328,-1,4549,,,,,,,
,,1,-0.174,85,328,-1,4550,,,,,-73,22:22:35,672
,,1,-1.053,85,328,-1,4551,,,,,,,
,,1,-1.261,85,328,-1,4552,,,,,,,
,,7,-0.672,91,329,2252,4553,,,,,,,
,,1,-0.81,91,329,-1,4554,,,,,,,
,,1,-4.527,91,329,-1,4555,,,,,,,
,,1,2.045,91,329,-1,4556,,,,,,,
,,1,0.762,91,329,-1,4557,,,,,,,
,,1,-1.247,91,329,-1,4558,,,,,,,
,,1,2.025,91,329,-1,4559,,,,,,,
52.3454289,4.9057081,1,-2.017,91,329,-1,4560,347,18,9,46,-73,22:22:35,881
,,1,1.307,91,329,-1,4561,,,,,,,
,,1,1.835,91,329,-1,4562,,,,,,,
,,7,1.682,78,330,2314,4563,,,,,,,
,,1,1.312,78,330,-1,4564,,,,,,,
,,1,-0.662,78,330,-1,4565,,,,,,,
,,1,0.416,78,330,-1,4566,,,,,,,
,,1,2.189,78,330,-1,4567,,,,,,,
,,1,2.704,78,330,-1,4568,,,,,,,
,,1,0.139,78,330,-1,4569,,,,,,,
52.3454679,4.9056952,1,0.351,78,330,-1,4570,348,16,9,46,-73,22:22:36,074
,,1,0.241,78,330,-1,4571,,,,,,,
,,1,0.562,78,330,-1,4572,,,,,,,
,,1,-0.302,78,330,-1,4573,,,,,,,
,,1,-0.932,78,330,-1,4574,,,,,,,
,,1,-1.043,78,330,-1,4575,,,,,,,
,,7,-0.2,137,331,2232,4576,,,,,,,
,,1,-1.017,137,331,-1,4577,,,,,,,
,,1,-0.705,137,331,-1,4578,,,,,,,
,,1,-1.016,137,331,-1,4579,,,,,,,
,,1,-0.494,137,331,-1,4580,,,,,-73,22:22:36,271
,,1,-0.086,137,331,-1,4581,,,,,,,
,,1,1.03,137,331,-1,4582,,,,,,,
,,1,-0.552,137,331,-1,4583,,,,,,,
,,1,1.048,137,331,-1,4584,,,,,,,
,,1,0.947,137,331,-1,4585,,,,,,,
,,7,1.729,148,332,2192,4586,,,,,,,
,,1,0.619,148,332,-1,4587,,,,,,,
,,1,0.472,148,332,-1,4588,,,,,,,
,,1,1.263,148,332,-1,4589,,,,,,,
,,1,1.125,148,332,-1,4590,,,,,-72,22:22:36,484
,,1,1.107,148,332,-1,4591,,,,,,,
,,1,0.285,148,332,-1,4592,,,,,,,
,,1,0.322,148,332,-1,4593,,,,,,,
,,1,0.148,148,332,-1,4594,,,,,,,
,,1,0.382,148,332,-1,4595,,,,,,,
,,1,-0.248,148,332,-1,4596,,,,,,,
,,1,-0.985,148,332,-1,4597,,,,,,,
,,1,0.224,148,332,-1,4598,,,,,,,
,,7,-1.03,147,333,2232,4599,,,,,,,
,,1,-1.73,147,333,-1,4600,,,,,-72,22:22:36,677
,,1,-1.022,147,333,-1,4601,,,,,,,
,,1,-0.588,147,333,-1,4602,,,,,,,
,,1,-0.172,147,333,-1,4603,,,,,,,
,,1,0.805,147,333,-1,4604,,,,,,,
,,1,-0.553,147,333,-1,4605,,,,,,,
,,1,0.892,147,333,-1,4606,,,,,,,
,,1,0.646,147,333,-1,4607,,,,,,,
,,1,1.25,147,333,-1,4608,,,,,,,
,,7,1.981,193,334,2232,4609,,,,,,,
,,1,0.915,193,334,-1,4610,,,,,-72,22:22:36,874
,,1,0.906,193,334,-1,4611,,,,,,,
,,1,1.303,193,334,-1,4612,,,,,,,
,,1,1.119,193,334,-1,4613,,,,,,,
,,1,0.272,193,334,-1,4614,,,,,,,
,,1,0.215,193,334,-1,4615,,,,,,,
,,1,0.357,193,334,-1,4616,,,,,,,
,,1,-0.39,193,334,-1,4617,,,,,,,
,,1,-0.669,193,334,-1,4618,,,,,,,
,,7,-1.273,227,335,2232,4619,,,,,,,
52.3455134,4.9056819,1,-0.176,227,335,-1,4620,348,18,9,46,-72,22:22:37,084
,,1,-0.296,227,335,-1,4621,,,,,,,
,,1,-0.982,227,335,-1,4622,,,,,,,
,,1,-1.487,227,335,-1,4623,,,,,,,
,,1,-0.523,227,335,-1,4624,,,,,,,
,,1,-0.505,227,335,-1,4625,,,,,,,
,,1,1.534,227,335,-1,4626,,,,,,,
,,1,1.234,227,335,-1,4627,,,,,,,
,,1,0.875,227,335,-1,4628,,,,,,,
,,7,0.06,235,336,2293,4629,,,,,,,
,,1,1.294,235,336,-1,4630,,,,,-72,22:22:37,277
,,1,1.012,235,336,-1,4631,,,,,,,
,,1,1.301,235,336,-1,4632,,,,,,,
,,1,1.227,235,336,-1,4633,,,,,,,
,,1,1.312,235,336,-1,4634,,,,,,,
,,1,0.587,235,336,-1,4635,,,,,,,
,,1,-0.399,235,336,-1,4636,,,,,,,
,,1,1.339,235,336,-1,4637,,,,,,,
,,1,0.611,235,336,-1,4638,,,,,,,
,,1,-1.055,235,336,-1,4639,,,,,,,
,,1,-0.604,235,336,-1,4640,,,,,-72,22:22:37,473
,,1,0.285,235,336,-1,4641,,,,,,,
,,7,-0.281,226,337,2293,4642,,,,,,,
,,1,-0.563,226,337,-1,4643,,,,,,,
,,1,-0.995,226,337,-1,4644,,,,,,,
,,1,-1.435,226,337,-1,4645,,,,,,,
,,1,-1.065,226,337,-1,4646,,,,,,,
,,1,-0.258,226,337,-1,4647,,,,,,,
,,1,0.563,226,337,-1,4648,,,,,,,
,,1,1.205,226,337,-1,4649,,,,,,,
,,1,0.109,226,337,-1,4650,,,,,-72,22:22:37,682
,,1,0.518,226,337,-1,4651,,,,,,,
,,1,1.037,226,337,-1,4652,,,,,,,
,,7,1.608,233,338,2272,4653,,,,,,,
,,1,0.437,233,338,-1,4654,,,,,,,
,,1,1.29,233,338,-1,4655,,,,,,,
,,1,1.063,233,338,-1,4656,,,,,,,
,,1,0.483,233,338,-1,4657,,,,,,,
,,1,0.548,233,338,-1,4658,,,,,,,
,,1,0.889,233,338,-1,4659,,,,,,,
,,1,-0.006,233,338,-1,4660,,,,,-72,22:22:37,882
,,1,0.009,233,338,-1,4661,,,,,,,
,,1,-0.187,233,338,-1,4662,,,,,,,
,,1,-0.416,233,338,-1,4663,,,,,,,
,,7,-1.734,229,339,2293,4664,,,,,,,
,,1,-0.267,229,339,-1,4665,,,,,,,
,,1,-0.427,229,339,-1,4666,,,,,,,
,,1,0.077,229,339,-1,4667,,,,,,,
,,1,-0.883,229,339,-1,4668,,,,,,,
,,1,-0.589,229,339,-1,4669,,,,,,,
52.3455613,4.9056675,1,-0.79,229,339,-1,4670,349,16,10,46,-72,22:22:38,088
,,1,0.28,229,339,-1,4671,,,,,,,
,,1,0.501,229,339,-1,4672,,,,,,,
,,1,1.552,229,339,-1,4673,,,,,,,
,,1,1.197,229,339,-1,4674,,,,,,,
,,7,0.85,228,340,2252,4675,,,,,,,
,,1,0.496,228,340,-1,4676,,,,,,,
,,1,0.99,228,340,-1,4677,,,,,,,
,,1,0.915,228,340,-1,4678,,,,,,,
,,1,1.039,228,340,-1,4679,,,,,,,
52.3455613,4.9056675,1,0.619,228,340,-1,4680,349,16,10,46,-72,22:22:38,282
,,1,0.952,228,340,-1,4681,,,,,,,
,,1,0.352,228,340,-1,4682,,,,,,,
,,1,0.449,228,340,-1,4683,,,,,,,
,,1,-0.428,228,340,-1,4684,,,,,,,
,,1,-0.611,228,340,-1,4685,,,,,,,
,,1,-0.351,228,340,-1,4686,,,,,,,
,,1,0.394,228,340,-1,4687,,,,,,,
,,1,0.153,228,340,-1,4688,,,,,,,
,,7,-1.806,209,341,2155,4689,,,,,,,
,,1,-2.389,209,341,-1,4690,,,,,-72,22:22:38,491
,,1,-1.297,209,341,-1,4691,,,,,,,
,,1,1.066,209,341,-1,4692,,,,,,,
,,1,0.346,209,341,-1,4693,,,,,,,
,,1,0.463,209,341,-1,4694,,,,,,,
,,1,-1.529,209,341,-1,4695,,,,,,,
,,1,1.594,209,341,-1,4696,,,,,,,
,,1,1.373,209,341,-1,4697,,,,,,,
,,7,1.875,215,342,2155,4698,,,,,,,
,,1,1.078,215,342,-1,4699,,,,,,,
52.3455613,4.9056675,1,-0.056,215,342,-1,4700,349,16,10,46,-72,22:22:38,670
,,1,0.209,215,342,-1,4701,,,,,,,
,,1,1.266,215,342,-1,4702,,,,,,,
,,1,2.033,215,342,-1,4703,,,,,,,
,,1,0.529,215,342,-1,4704,,,,,,,
,,1,-0.062,215,342,-1,4705,,,,,,,
,,1,0.92,215,342,-1,4706,,,,,,,
,,1,-0.026,215,342,-1,4707,,,,,,,
,,1,-1.563,215,342,-1,4708,,,,,,,
,,7,-1.079,214,343,2232,4709,,,,,,,
,,1,0.167,214,343,-1,4710,,,,,-72,22:22:38,882
,,1,-0.906,214,343,-1,4711,,,,,,,
,,1,-2.559,214,343,-1,4712,,,,,,,
,,1,-0.771,214,343,-1,4713,,,,,,,
,,1,-0.661,214,343,-1,4714,,,,,,,
,,1,1.031,214,343,-1,4715,,,,,,,
,,1,-0.296,214,343,-1,4716,,,,,,,
,,1,0.91,214,343,-1,4717,,,,,,,
,,1,-0.799,214,343,-1,4718,,,,,,,
,,1,1.219,214,343,-1,4719,,,,,,,
52.3456026,4.9056525,1,0.511,214,343,-1,4720,348,17,10,46,-72,22:22:39,075
,,7,1.93,177,344,2212,4721,,,,,,,
,,1,0.858,177,344,-1,4722,,,,,,,
,,1,0.855,177,344,-1,4723,,,,,,,
,,1,1.42,177,344,-1,4724,,,,,,,
,,1,1.202,177,344,-1,4725,,,,,,,
,,1,0.807,177,344,-1,4726,,,,,,,
,,1,0.633,177,344,-1,4727,,,,,,,
,,1,0.234,177,344,-1,4728,,,,,,,
,,1,-0.113,177,344,-1,4729,,,,,,,
,,1,-0.379,177,344,-1,4730,,,,,-72,22:22:39,276
,,1,-0.441,177,344,-1,4731,,,,,,,
,,7,-1.024,194,345,2192,4732,,,,,,,
,,1,0.063,194,345,-1,4733,,,,,,,
,,1,-0.777,194,345,-1,4734,,,,,,,
,,1,0.175,194,345,-1,4735,,,,,,,
,,1,-1.382,194,345,-1,4736,,,,,,,
,,1,-0.396,194,345,-1,4737,,,,,,,
,,1,-2.023,194,345,-1,4738,,,,,,,
,,1,0.178,194,345,-1,4739,,,,,,,
,,1,0.315,194,345,-1,4740,,,,,-72,22:22:39,508
,,1,1.42,194,345,-1,4741,,,,,,,
,,1,0.122,194,345,-1,4742,,,,,,,
,,1,1.234,194,345,-1,4743,,,,,,,
,,1,0.366,194,345,-1,4744,,,,,,,
,,7,0.761,183,346,2212,4745,,,,,,,
,,1,1.441,183,346,-1,4746,,,,,,,
,,1,0.523,183,346,-1,4747,,,,,,,
,,1,0.56,183,346,-1,4748,,,,,,,
,,1,0.676,183,346,-1,4749,,,,,,,
,,1,1.059,183,346,-1,4750,,,,,-72,22:22:39,680
,,1,-0.402,183,346,-1,4751,,,,,,,
,,1,0.408,183,346,-1,4752,,,,,,,
,,1,0.156,183,346,-1,4753,,,,,,,
,,1,-0.956,183,346,-1,4754,,,,,,,
,,1,-1.019,183,346,-1,4755,,,,,,,
,,7,-1.138,160,347,2192,4756,,,,,,,
,,1,-0.947,160,347,-1,4757,,,,,,,
,,1,0.16,160,347,-1,4758,,,,,,,
,,1,-0.89,160,347,-1,4759,,,,,,,
,,1,-0.361,160,347,-1,4760,,,,,-71,22:22:39,872
,,1,-1.107,160,347,-1,4761,,,,,,,
,,1,1.225,160,347,-1,4762,,,,,,,
,,1,1.278,160,347,-1,4763,,,,,,,
,,1,0.852,160,347,-1,4764,,,,,,,
,,7,-0.115,160,348,2192,4765,,,,,,,
,,1,0.62,160,348,-1,4766,,,,,,,
,,1,1.367,160,348,-1,4767,,,,,,,
,,1,1.85,160,348,-1,4768,,,,,,,
,,1,1.037,160,348,-1,4769,,,,,,,
52.3456389,4.905641,1,1.003,160,348,-1,4770,350,15,10,46,-71,22:22:40,078
,,1,0.164,160,348,-1,4771,,,,,,,
,,1,0.637,160,348,-1,4772,,,,,,,
,,1,-0.022,160,348,-1,4773,,,,,,,
,,1,-0.012,160,348,-1,4774,,,,,,,
,,1,-0.713,160,348,-1,4775,,,,,,,
,,1,-0.755,160,348,-1,4776,,,,,,,
,,7,-0.583,143,349,2232,4777,,,,,,,
,,1,-0.305,143,349,-1,4778,,,,,,,
,,1,-0.778,143,349,-1,4779,,,,,,,
,,1,-0.961,143,349,-1,4780,,,,,-71,22:22:40,289
,,1,-0.471,143,349,-1,4781,,,,,,,
,,1,-0.319,143,349,-1,4782,,,,,,,
,,1,0.25,143,349,-1,4783,,,,,,,
,,1,-0.513,143,349,-1,4784,,,,,,,
,,1,0.308,143,349,-1,4785,,,,,,,
,,1,-0.396,143,349,-1,4786,,,,,,,
,,1,1.434,143,349,-1,4787,,,,,,,
,,1,0.863,143,349,-1,4788,,,,,,,
,,7,0.921,163,350,2212,4789,,,,,,,
,,1,1.013,163,350,-1,4790,,,,,-71,22:22:40,486
,,1,1.128,163,350,-1,4791,,,,,,,
,,1,1.45,163,350,-1,4792,,,,,,,
,,1,0.731,163,350,-1,4793,,,,,,,
,,1,0.228,163,350,-1,4794,,,,,,,
,,1,-0.018,163,350,-1,4795,,,,,,,
,,1,1.224,163,350,-1,4796,,,,,,,
,,1,-0.962,163,350,-1,4797,,,,,,,
,,1,-0.485,163,350,-1,4798,,,,,,,
,,1,0.326,163,350,-1,4799,,,,,,,
,,1,-0.881,163,350,-1,4800,,,,,-71,22:22:40,727
,,1,0.104,163,350,-1,4801,,,,,,,
,,7,-1.809,129,351,2192,4802,,,,,,,
,,1,-0.043,129,351,-1,4803,,,,,,,
,,1,-1.943,129,351,-1,4804,,,,,,,
,,1,-0.22,129,351,-1,4805,,,,,,,
,,1,0.387,129,351,-1,4806,,,,,,,
,,1,-0.389,129,351,-1,4807,,,,,,,
,,1,-0.048,129,351,-1,4808,,,,,,,
,,1,-0.215,129,351,-1,4809,,,,,,,
,,1,1.063,129,351,-1,4810,,,,,-71,22:22:40,878
,,1,0.831,129,351,-1,4811,,,,,,,
,,7,0.834,128,352,2212,4812,,,,,,,
,,1,1.56,128,352,-1,4813,,,,,,,
,,1,0.76,128,352,-1,4814,,,,,,,
,,1,1.053,128,352,-1,4815,,,,,,,
,,1,0.479,128,352,-1,4816,,,,,,,
,,1,0.857,128,352,-1,4817,,,,,,,
,,1,0.793,128,352,-1,4818,,,,,,,
,,1,0.018,128,352,-1,4819,,,,,,,
,,1,-0.576,128,352,-1,4820,,,,,-71,22:22:41,074
,,1,-1.307,128,352,-1,4821,,,,,,,
,,7,-0.013,152,353,2212,4822,,,,,,,
,,1,-0.275,152,353,-1,4823,,,,,,,
,,1,0.087,152,353,-1,4824,,,,,,,
,,1,-1.537,152,353,-1,4825,,,,,,,
,,1,-1.395,152,353,-1,4826,,,,,,,
,,1,-1.091,152,353,-1,4827,,,,,,,
,,1,-0.172,152,353,-1,4828,,,,,,,
,,1,-0.211,152,353,-1,4829,,,,,,,
52.3456822,4.9056267,1,-0.376,152,353,-1,4830,348,17,10,46,-71,22:22:41,277
,,1,0.385,152,353,-1,4831,,,,,,,
,,1,0.408,152,353,-1,4832,,,,,,,
,,1,1.069,152,353,-1,4833,,,,,,,
,,1,0.923,152,353,-1,4834,,,,,,,
,,7,1.142,125,354,2173,4835,,,,,,,
,,1,0.161,125,354,-1,4836,,,,,,,
,,1,0.555,125,354,-1,4837,,,,,,,
,,1,1.733,125,354,-1,4838,,,,,,,
,,1,1.261,125,354,-1,4839,,,,,,,
,,1,0.794,125,354,-1,4840,,,,,-71,22:22:41,473
,,1,-0.561,125,354,-1,4841,,,,,,,
,,1,0.221,125,354,-1,4842,,,,,,,
,,1,0.26,125,354,-1,4843,,,,,,,
,,1,-0.541,125,354,-1,4844,,,,,,,
,,1,-0.546,125,354,-1,4845,,,,,,,
,,7,-0.629,112,355,2173,4846,,,,,,,
,,1,-0.25,112,355,-1,4847,,,,,,,
,,1,-0.813,112,355,-1,4848,,,,,,,
,,1,-1.183,112,355,-1,4849,,,,,,,
,,1,-0.804,112,355,-1,4850,,,,,-74,22:22:41,673
,,1,-0.775,112,355,-1,4851,,,,,,,
,,1,0.38,112,355,-1,4852,,,,,,,
,,1,-0.323,112,355,-1,4853,,,,,,,
,,1,0.456,112,355,-1,4854,,,,,,,
,,1,-0.433,112,355,-1,4855,,,,,,,
,,1,1.252,112,355,-1,4856,,,,,,,
,,1,0.78,112,355,-1,4857,,,,,,,
,,7,1.045,104,356,2212,4858,,,,,,,
,,1,0.48,104,356,-1,4859,,,,,,,
,,1,1.428,104,356,-1,4860,,,,,-74,22:22:41,883
,,1,1.64,104,356,-1,4861,,,,,,,
,,1,0.21,104,356,-1,4862,,,,,,,
,,1,0.056,104,356,-1,4863,,,,,,,
,,1,0.636,104,356,-1,4864,,,,,,,
,,1,0.542,104,356,-1,4865,,,,,,,
,,1,-0.524,104,356,-1,4866,,,,,,,
,,1,-0.697,104,356,-1,4867,,,,,,,
,,1,0.192,104,356,-1,4868,,,,,,,
,,7,-1.151,108,357,2212,4869,,,,,,,
52.3457258,4.9056123,1,-0.14,108,357,-1,4870,349,17,10,46,-74,22:22:42,076
,,1,-1.493,108,357,-1,4871,,,,,,,
,,1,-1.032,108,357,-1,4872,,,,,,,
,,1,-0.599,108,357,-1,4873,,,,,,,
,,1,-0.808,108,357,-1,4874,,,,,,,
,,1,-0.04,108,357,-1,4875,,,,,,,
,,1,-1.169,108,357,-1,4876,,,,,,,
,,1,0.685,108,357,-1,4877,,,,,,,
,,1,0.384,108,357,-1,4878,,,,,,,
,,1,1.347,108,357,-1,4879,,,,,,,
52.3457258,4.9056123,1,0.517,108,357,-1,4880,349,17,10,46,-74,22:22:42,292
,,7,0.716,88,358,2155,4881,,,,,,,
,,1,1.575,88,358,-1,4882,,,,,,,
,,1,1.186,88,358,-1,4883,,,,,,,
,,1,0.724,88,358,-1,4884,,,,,,,
,,1,0.783,88,358,-1,4885,,,,,,,
,,1,1.19,88,358,-1,4886,,,,,,,
,,1,0.491,88,358,-1,4887,,,,,,,
,,1,0.307,88,358,-1,4888,,,,,,,
,,1,0.513,88,358,-1,4889,,,,,,,
,,1,-0.684,88,358,-1,4890,,,,,-74,22:22:42,500
,,1,-0.973,88,358,-1,4891,,,,,,,
,,1,0.457,88,358,-1,4892,,,,,,,
,,7,-1.306,99,359,2136,4893,,,,,,,
,,1,-0.668,99,359,-1,4894,,,,,,,
,,1,-1.634,99,359,-1,4895,,,,,,,
,,1,0.001,99,359,-1,4896,,,,,,,
,,1,-0.344,99,359,-1,4897,,,,,,,
,,1,0.005,99,359,-1,4898,,,,,,,
,,1,-0.366,99,359,-1,4899,,,,,,,
,,1,-0.509,99,359,-1,4900,,,,,-74,22:22:42,694
,,1,0.6,99,359,-1,4901,,,,,,,
,,1,1.178,99,359,-1,4902,,,,,,,
,,1,0.822,99,359,-1,4903,,,,,,,
,,7,1.292,117,360,2155,4904,,,,,,,
,,1,1.034,117,360,-1,4905,,,,,,,
,,1,0.835,117,360,-1,4906,,,,,,,
,,1,0.986,117,360,-1,4907,,,,,,,
,,1,0.799,117,360,-1,4908,,,,,,,
,,1,-0.018,117,360,-1,4909,,,,,,,
,,1,-0.2,117,360,-1,4910,,,,,-74,22:22:42,872
,,1,-0.039,117,360,-1,4911,,,,,,,
,,1,-0.55,117,360,-1,4912,,,,,,,
,,1,-0.329,117,360,-1,4913,,,,,,,
,,7,-0.995,105,361,2192,4914,,,,,,,
,,1,-0.857,105,361,-1,4915,,,,,,,
,,1,-0.287,105,361,-1,4916,,,,,,,
,,1,0.223,105,361,-1,4917,,,,,,,
,,1,-1.029,105,361,-1,4918,,,,,,,
,,1,-1.424,105,361,-1,4919,,,,,,,
,,1,-0.376,105,361,-1,4920,,,,,-74,22:22:43,096
,,1,-0.021,105,361,-1,4921,,,,,,,
,,1,0.947,105,361,-1,4922,,,,,,,
,,1,0.655,105,361,-1,4923,,,,,,,
,,1,0.45,105,361,-1,4924,,,,,,,
,,1,0.378,105,361,-1,4925,,,,,,,
,,1,0.852,105,361,-1,4926,,,,,,,
,,7,1.479,119,362,2192,4927,,,,,,,
,,1,1.507,119,362,-1,4928,,,,,,,
,,1,1.14,119,362,-1,4929,,,,,,,
52.3457753,4.9055921,1,0.745,119,362,-1,4930,345,18,10,46,-74,22:22:43,279
,,1,0.193,119,362,-1,4931,,,,,,,
,,1,0.708,119,362,-1,4932,,,,,,,
,,1,0.505,119,362,-1,4933,,,,,,,
,,1,-0.618,119,362,-1,4934,,,,,,,
,,1,-0.532,119,362,-1,4935,,,,,,,
,,1,0.448,119,362,-1,4936,,,,,,,
,,1,-1.027,119,362,-1,4937,,,,,,,
,,7,-1.083,119,363,2173,4938,,,,,,,
,,1,-1.055,119,363,-1,4939,,,,,,,
,,1,-0.181,119,363,-1,4940,,,,,-74,22:22:43,471
,,1,-1.886,119,363,-1,4941,,,,,,,
,,1,-0.602,119,363,-1,4942,,,,,,,
,,1,-0.805,119,363,-1,4943,,,,,,,
,,1,0.74,119,363,-1,4944,,,,,,,
,,1,0.393,119,363,-1,4945,,,,,,,
,,1,-0.801,119,363,-1,4946,,,,,,,
,,1,-0.402,119,363,-1,4947,,,,,,,
,,1,0.58,119,363,-1,4948,,,,,,,
,,1,2.097,119,363,-1,4949,,,,,,,
,,7,1.97,114,364,2192,4950,,,,,-74,22:22:43,684
,,1,0.883,114,364,-1,4951,,,,,,,
,,1,0.287,114,364,-1,4952,,,,,,,
,,1,0.522,114,364,-1,4953,,,,,,,
,,1,1.364,114,364,-1,4954,,,,,,,
,,1,1.238,114,364,-1,4955,,,,,,,
,,1,0.705,114,364,-1,4956,,,,,,,
,,1,-0.939,114,364,-1,4957,,,,,,,
,,1,-0.074,114,364,-1,4958,,,,,,,
,,1,0.319,114,364,-1,4959,,,,,,,
,,1,-0.735,114,364,-1,4960,,,,,-74,22:22:43,879
,,1,-0.292,114,364,-1,4961,,,,,,,
,,7,-1.04,109,365,2173,4962,,,,,,,
,,1,-1.19,109,365,-1,4963,,,,,,,
,,1,-0.841,109,365,-1,4964,,,,,,,
,,1,-0.654,109,365,-1,4965,,,,,,,
,,1,-0.799,109,365,-1,4966,,,,,,,
,,1,0.594,109,365,-1,4967,,,,,,,
,,1,0.062,109,365,-1,4968,,,,,,,
,,1,0.581,109,365,-1,4969,,,,,,,
52.3458099,4.9055738,1,0.842,109,365,-1,4970,344,13,10,46,-74,22:22:44,071
,,1,0.353,109,365,-1,4971,,,,,,,
,,1,0.27,109,365,-1,4972,,,,,,,
,,1,0.641,109,365,-1,4973,,,,,,,
,,7,1.476,121,366,2118,4974,,,,,,,
,,1,1.721,121,366,-1,4975,,,,,,,
,,1,0.649,121,366,-1,4976,,,,,,,
,,1,0.697,121,366,-1,4977,,,,,,,
,,1,0.639,121,366,-1,4978,,,,,,,
,,1,1.207,121,366,-1,4979,,,,,,,
,,1,0.524,121,366,-1,4980,,,,,-74,22:22:44,301
,,1,-0.391,121,366,-1,4981,,,,,,,
,,1,-0.145,121,366,-1,4982,,,,,,,
,,1,0.204,121,366,-1,4983,,,,,,,
,,1,-0.974,121,366,-1,4984,,,,,,,
,,7,-1.398,143,367,2118,4985,,,,,,,
,,1,-1.579,143,367,-1,4986,,,,,,,
,,1,-0.089,143,367,-1,4987,,,,,,,
,,1,-0.898,143,367,-1,4988,,,,,,,
,,1,-0.611,143,367,-1,4989,,,,,,,
,,1,-0.718,143,367,-1,4990,,,,,-74,22:22:44,491
,,1,-0.875,143,367,-1,4991,,,,,,,
,,1,0.51,143,367,-1,4992,,,,,,,
,,1,0.146,143,367,-1,4993,,,,,,,
,,1,0.678,143,367,-1,4994,,,,,,,
,,1,0.497,143,367,-1,4995,,,,,,,
,,1,1.461,143,367,-1,4996,,,,,,,
,,7,1.245,117,368,2136,4997,,,,,,,
,,1,0.944,117,368,-1,4998,,,,,,,
,,1,1.299,117,368,-1,4999,,,,,,,
,,1,0.855,117,368,-1,5000,,,,,-74,22:22:44,688
,,1,0.719,117,368,-1,5001,,,,,,,
,,1,0.741,117,368,-1,5002,,,,,,,
,,1,0.279,117,368,-1,5003,,,,,,,
,,1,0.211,117,368,-1,5004,,,,,,,
,,1,-0.516,117,368,-1,5005,,,,,,,
,,1,-1.237,117,368,-1,5006,,,,,,,
,,7,-1.407,127,369,2155,5007,,,,,,,
,,1,-0.895,127,369,-1,5008,,,,,,,
,,1,-0.465,127,369,-1,5009,,,,,,,
,,1,-0.363,127,369,-1,5010,,,,,-74,22:22:44,881
,,1,-1.259,127,369,-1,5011,,,,,,,
,,1,-1.41,127,369,-1,5012,,,,,,,
,,1,-0.263,127,369,-1,5013,,,,,,,
,,1,-0.25,127,369,-1,5014,,,,,,,
,,1,-0.355,127,369,-1,5015,,,,,,,
,,1,-0.337,127,369,-1,5016,,,,,,,
,,1,0.566,127,369,-1,5017,,,,,,,
,,1,1.238,127,369,-1,5018,,,,,,,
,,1,0.866,127,369,-1,5019,,,,,,,
52.3458448,4.9055603,7,0.069,105,370,2173,5020,346,14,10,46,-74,22:22:45,090
,,1,2.921,105,370,-1,5021,,,,,,,
,,1,0.897,105,370,-1,5022,,,,,,,
,,1,-0.528,105,370,-1,5023,,,,,,,
,,1,3.02,105,370,-1,5024,,,,,,,
,,1,-0.096,105,370,-1,5025,,,,,,,
,,1,0.705,105,370,-1,5026,,,,,,,
,,1,-0.589,105,370,-1,5027,,,,,,,
,,1,-0.623,105,370,-1,5028,,,,,,,
,,1,0.603,105,370,-1,5029,,,,,,,
,,1,-0.815,105,370,-1,5030,,,,,-74,22:22:45,273
,,7,-1.673,108,371,2173,5031,,,,,,,
,,1,-0.668,108,371,-1,5032,,,,,,,
,,1,0.284,108,371,-1,5033,,,,,,,
,,1,-0.733,108,371,-1,5034,,,,,,,
,,1,-2.393,108,371,-1,5035,,,,,,,
,,1,-0.76,108,371,-1,5036,,,,,,,
,,1,0.385,108,371,-1,5037,,,,,,,
,,1,0.352,108,371,-1,5038,,,,,,,
,,1,0.45,108,371,-1,5039,,,,,,,
,,1,-0.465,108,371,-1,5040,,,,,-74,22:22:45,481
,,1,1.278,108,371,-1,5041,,,,,,,
,,1,1.712,108,371,-1,5042,,,,,,,
,,7,0.435,80,372,2173,5043,,,,,,,
,,1,1.895,80,372,-1,5044,,,,,,,
,,1,0.024,80,372,-1,5045,,,,,,,
,,1,1.056,80,372,-1,5046,,,,,,,
,,1,1.663,80,372,-1,5047,,,,,,,
,,1,0.975,80,372,-1,5048,,,,,,,
,,1,0.304,80,372,-1,5049,,,,,,,
,,1,0.099,80,372,-1,5050,,,,,-74,22:22:45,685
,,1,0.459,80,372,-1,5051,,,,,,,
,,1,-0.647,80,372,-1,5052,,,,,,,
,,1,-1.166,80,372,-1,5053,,,,,,,
,,7,-0.771,91,373,2173,5054,,,,,,,
,,1,-0.244,91,373,-1,5055,,,,,,,
,,1,-0.305,91,373,-1,5056,,,,,,,
,,1,-1.629,91,373,-1,5057,,,,,,,
,,1,-0.815,91,373,-1,5058,,,,,,,
,,1,-1.088,91,373,-1,5059,,,,,,,
,,1,-0.428,91,373,-1,5060,,,,,-74,22:22:45,873
,,1,-0.45,91,373,-1,5061,,,,,,,
,,1,-0.164,91,373,-1,5062,,,,,,,
,,1,0.037,91,373,-1,5063,,,,,,,
,,1,-0.135,91,373,-1,5064,,,,,,,
,,1,0.479,91,373,-1,5065,,,,,,,
,,1,1.763,91,373,-1,5066,,,,,,,
,,7,0.64,71,374,2136,5067,,,,,,,
,,1,1.042,71,374,-1,5068,,,,,,,
,,1,1.782,71,374,-1,5069,,,,,,,
52.3458901,4.9055473,1,1.094,71,374,-1,5070,348,18,10,46,-74,22:22:46,081
,,1,0.844,71,374,-1,5071,,,,,,,
,,1,0.814,71,374,-1,5072,,,,,,,
,,1,0.063,71,374,-1,5073,,,,,,,
,,1,-0.297,71,374,-1,5074,,,,,,,
,,1,-0.289,71,374,-1,5075,,,,,,,
,,1,-0.613,71,374,-1,5076,,,,,,,
,,1,-0.447,71,374,-1,5077,,,,,,,
,,7,-0.513,70,375,2118,5078,,,,,,,
,,1,-1.192,70,375,-1,5079,,,,,,,
,,1,-0.389,70,375,-1,5080,,,,,-74,22:22:46,280
,,1,-0.922,70,375,-1,5081,,,,,,,
,,1,-0.928,70,375,-1,5082,,,,,,,
,,1,-1.262,70,375,-1,5083,,,,,,,
,,1,0.104,70,375,-1,5084,,,,,,,
,,1,-0.264,70,375,-1,5085,,,,,,,
,,1,0.227,70,375,-1,5086,,,,,,,
,,1,0.487,70,375,-1,5087,,,,,,,
,,1,1.187,70,375,-1,5088,,,,,,,
,,7,0.836,91,376,2155,5089,,,,,,,
,,1,1.405,91,376,-1,5090,,,,,-74,22:22:46,501
,,1,1.079,91,376,-1,5091,,,,,,,
,,1,0.964,91,376,-1,5092,,,,,,,
,,1,1.364,91,376,-1,5093,,,,,,,
,,1,0.837,91,376,-1,5094,,,,,,,
,,1,0.652,91,376,-1,5095,,,,,,,
,,1,0.627,91,376,-1,5096,,,,,,,
,,1,1.178,91,376,-1,5097,,,,,,,
,,1,-0.188,91,376,-1,5098,,,,,,,
,,1,-0.846,91,376,-1,5099,,,,,,,
,,1,-0.969,91,376,-1,5100,,,,,-74,22:22:46,696
,,7,-0.692,114,377,2155,5101,,,,,,,
,,1,0.359,114,377,-1,5102,,,,,,,
,,1,-1.28,114,377,-1,5103,,,,,,,
,,1,-1.298,114,377,-1,5104,,,,,,,
,,1,-0.729,114,377,-1,5105,,,,,,,
,,1,-0.676,114,377,-1,5106,,,,,,,
,,1,-0.458,114,377,-1,5107,,,,,,,
,,1,-0.245,114,377,-1,5108,,,,,,,
,,1,-0.567,114,377,-1,5109,,,,,,,
,,1,0.252,114,377,-1,5110,,,,,-75,22:22:46,891
,,1,0.573,114,377,-1,5111,,,,,,,
,,1,0.832,114,377,-1,5112,,,,,,,
,,1,1.128,114,377,-1,5113,,,,,,,
,,7,1.056,104,378,2118,5114,,,,,,,
,,1,0.333,104,378,-1,5115,,,,,,,
,,1,1.36,104,378,-1,5116,,,,,,,
,,1,1.601,104,378,-1,5117,,,,,,,
,,1,0.481,104,378,-1,5118,,,,,,,
,,1,0.934,104,378,-1,5119,,,,,,,
52.3459328,4.9055376,1,0.458,104,378,-1,5120,353,16,10,46,-75,22:22:47,070
,,1,0.565,104,378,-1,5121,,,,,,,
,,1,0.329,104,378,-1,5122,,,,,,,
,,1,0.169,104,378,-1,5123,,,,,,,
,,1,0.117,104,378,-1,5124,,,,,,,
,,1,0.043,104,378,-1,5125,,,,,,,
,,1,-1.102,104,378,-1,5126,,,,,,,
,,7,-1.307,108,379,2083,5127,,,,,,,
,,1,-0.528,108,379,-1,5128,,,,,,,
,,1,-0.494,108,379,-1,5129,,,,,,,
,,1,-0.66,108,379,-1,5130,,,,,-75,22:22:47,286
,,1,-0.669,108,379,-1,5131,,,,,,,
,,1,-1.217,108,379,-1,5132,,,,,,,
,,1,-0.093,108,379,-1,5133,,,,,,,
,,1,-0.516,108,379,-1,5134,,,,,,,
,,1,0.872,108,379,-1,5135,,,,,,,
,,1,1.03,108,379,-1,5136,,,,,,,
,,1,-0.063,108,379,-1,5137,,,,,,,
,,1,-0.211,108,379,-1,5138,,,,,,,
,,1,1.62,108,379,-1,5139,,,,,,,
52.3459328,4.9055376,7,1.675,137,380,2000,5140,353,16,10,46,-75,22:22:47,493
,,1,1.459,137,380,-1,5141,,,,,,,
,,1,0.892,137,380,-1,5142,,,,,,,
,,1,0.948,137,380,-1,5143,,,,,,,
,,1,1.396,137,380,-1,5144,,,,,,,
,,1,0.724,137,380,-1,5145,,,,,,,
,,1,0.489,137,380,-1,5146,,,,,,,
,,1,-0.256,137,380,-1,5147,,,,,,,
,,1,-0.182,137,380,-1,5148,,,,,,,
,,1,0.153,137,380,-1,5149,,,,,,,
,,1,-0.486,137,380,-1,5150,,,,,-75,22:22:47,701
,,1,-1.217,137,380,-1,5151,,,,,,,
,,7,-0.7,150,381,1960,5152,,,,,,,
,,1,-1.233,150,381,-1,5153,,,,,,,
,,1,-0.823,150,381,-1,5154,,,,,,,
,,1,-1.11,150,381,-1,5155,,,,,,,
,,1,-1.135,150,381,-1,5156,,,,,,,
,,1,-0.478,150,381,-1,5157,,,,,,,
,,1,0.809,150,381,-1,5158,,,,,,,
,,1,-0.024,150,381,-1,5159,,,,,,,
,,1,-0.015,150,381,-1,5160,,,,,-75,22:22:47,881
,,1,-0.711,150,381,-1,5161,,,,,,,
,,1,0.546,150,381,-1,5162,,,,,,,
,,1,0.584,150,381,-1,5163,,,,,,,
,,1,1.551,150,381,-1,5164,,,,,,,
,,7,1.018,147,382,1960,5165,,,,,,,
,,1,0.402,147,382,-1,5166,,,,,,,
,,1,0.635,147,382,-1,5167,,,,,,,
,,1,1.079,147,382,-1,5168,,,,,,,
,,1,1.556,147,382,-1,5169,,,,,,,
52.3459691,4.905538,1,0.497,147,382,-1,5170,358,15,10,46,-75,22:22:48,080
,,1,0.291,147,382,-1,5171,,,,,,,
,,1,0.857,147,382,-1,5172,,,,,,,
,,1,0.879,147,382,-1,5173,,,,,,,
,,1,-1.173,147,382,-1,5174,,,,,,,
,,1,0.567,147,382,-1,5175,,,,,,,
,,1,-0.504,147,382,-1,5176,,,,,,,
,,1,-0.916,147,382,-1,5177,,,,,,,
,,7,-0.641,125,383,1960,5178,,,,,,,
,,1,-0.694,125,383,-1,5179,,,,,,,
,,1,-1.152,125,383,-1,5180,,,,,-75,22:22:48,276
,,1,0.013,125,383,-1,5181,,,,,,,
,,1,-0.984,125,383,-1,5182,,,,,,,
,,1,-0.43,125,383,-1,5183,,,,,,,
,,1,0.707,125,383,-1,5184,,,,,,,
,,1,-0.75,125,383,-1,5185,,,,,,,
,,1,-0.098,125,383,-1,5186,,,,,,,
,,1,0.175,125,383,-1,5187,,,,,,,
,,1,1.851,125,383,-1,5188,,,,,,,
,,7,0.947,139,384,2000,5189,,,,,,,
,,1,0.539,139,384,-1,5190,,,,,-75,22:22:48,481
,,1,-0.132,139,384,-1,5191,,,,,,,
,,1,1.454,139,384,-1,5192,,,,,,,
,,1,1.465,139,384,-1,5193,,,,,,,
,,1,1.712,139,384,-1,5194,,,,,,,
,,1,0.705,139,384,-1,5195,,,,,,,
,,1,0.188,139,384,-1,5196,,,,,,,
,,1,0.804,139,384,-1,5197,,,,,,,
,,1,0.39,139,384,-1,5198,,,,,,,
,,1,0.056,139,384,-1,5199,,,,,,,
,,1,-0.542,139,384,-1,5200,,,,,-74,22:22:48,678
,,1,-0.035,139,384,-1,5201,,,,,,,
,,1,0.511,139,384,-1,5202,,,,,,,
,,7,-2.842,147,385,2000,5203,,,,,,,
,,1,-0.082,147,385,-1,5204,,,,,,,
,,1,-0.794,147,385,-1,5205,,,,,,,
,,1,-0.443,147,385,-1,5206,,,,,,,
,,1,-0.492,147,385,-1,5207,,,,,,,
,,1,-0.728,147,385,-1,5208,,,,,,,
,,1,-1.525,147,385,-1,5209,,,,,,,
52.3459691,4.905538,1,0.975,147,385,-1,5210,358,15,10,46,-74,22:22:48,877
,,1,-0.625,147,385,-1,5211,,,,,,,
,,1,-0.105,147,385,-1,5212,,,,,,,
,,1,0.018,147,385,-1,5213,,,,,,,
,,1,2.244,147,385,-1,5214,,,,,,,
,,1,-0.895,147,385,-1,5215,,,,,,,
,,1,0.197,147,385,-1,5216,,,,,,,
,,1,1.608,147,385,-1,5217,,,,,,,
,,7,1.513,139,386,1923,5218,,,,,,,
,,1,1.963,139,386,-1,5219,,,,,,,
52.3460073,4.9055402,1,1.199,139,386,-1,5220,2,15,10,46,-74,22:22:49,085
,,1,0.567,139,386,-1,5221,,,,,,,
,,1,0.24,139,386,-1,5222,,,,,,,
,,1,1.027,139,386,-1,5223,,,,,,,
,,1,0.016,139,386,-1,5224,,,,,,,
,,1,0.741,139,386,-1,5225,,,,,,,
,,1,0.186,139,386,-1,5226,,,,,,,
,,1,-0.545,139,386,-1,5227,,,,,,,
,,1,-0.968,139,386,-1,5228,,,,,,,
,,7,-0.949,143,387,1923,5229,,,,,,,
,,1,-0.413,143,387,-1,5230,,,,,-74,22:22:49,294
,,1,-0.353,143,387,-1,5231,,,,,,,
,,1,-1.175,143,387,-1,5232,,,,,,,
,,1,-2.369,143,387,-1,5233,,,,,,,
,,1,1.527,143,387,-1,5234,,,,,,,
,,1,-3.475,143,387,-1,5235,,,,,,,
,,1,3.672,143,387,-1,5236,,,,,,,
,,1,-3.93,143,387,-1,5237,,,,,,,
,,1,3.834,143,387,-1,5238,,,,,,,
,,1,-4.484,143,387,-1,5239,,,,,,,
,,1,3.532,143,387,-1,5240,,,,,-74,22:22:49,501
,,1,0.806,143,387,-1,5241,,,,,,,
,,7,3.243,139,388,1923,5242,,,,,,,
,,1,0.564,139,388,-1,5243,,,,,,,
,,1,-0.527,139,388,-1,5244,,,,,,,
,,1,0.248,139,388,-1,5245,,,,,,,
,,1,1.277,139,388,-1,5246,,,,,,,
,,1,1.962,139,388,-1,5247,,,,,,,
,,1,1.11,139,388,-1,5248,,,,,,,
,,1,0.371,139,388,-1,5249,,,,,,,
,,1,-0.04,139,388,-1,5250,,,,,-74,22:22:49,683
,,1,0.982,139,388,-1,5251,,,,,,,
,,1,-0.557,139,388,-1,5252,,,,,,,
,,1,-0.93,139,388,-1,5253,,,,,,,
,,1,0.199,139,388,-1,5254,,,,,,,
,,1,-0.297,139,388,-1,5255,,,,,,,
,,7,-2.467,155,389,1886,5256,,,,,,,
,,1,-0.24,155,389,-1,5257,,,,,,,
,,1,0.485,155,389,-1,5258,,,,,,,
,,1,-1.917,155,389,-1,5259,,,,,,,
,,1,0.198,155,389,-1,5260,,,,,-74,22:22:49,918
,,1,-2.736,155,389,-1,5261,,,,,,,
,,1,0.753,155,389,-1,5262,,,,,,,
,,1,-1.451,155,389,-1,5263,,,,,,,
,,1,0.409,155,389,-1,5264,,,,,,,
,,1,-1.12,155,389,-1,5265,,,,,,,
,,1,0.632,155,389,-1,5266,,,,,,,
,,1,1.592,155,389,-1,5267,,,,,,,
,,1,0.282,155,389,-1,5268,,,,,,,
,,7,1.272,119,390,1923,5269,,,,,,,
52.346054,4.9055481,1,3.239,119,390,-1,5270,7,20,9,46,-74,22:22:50,117
,,1,-0.23,119,390,-1,5271,,,,,,,
,,1,-1.087,119,390,-1,5272,,,,,,,
,,1,2.739,119,390,-1,5273,,,,,,,
,,1,1.05,119,390,-1,5274,,,,,,,
,,1,0.873,119,390,-1,5275,,,,,,,
,,1,-0.49,119,390,-1,5276,,,,,,,
,,1,-1.284,119,390,-1,5277,,,,,,,
,,1,-0.537,119,390,-1,5278,,,,,,,
,,7,0.349,104,391,1980,5279,,,,,,,
,,1,-1.262,104,391,-1,5280,,,,,-75,22:22:50,294
,,1,-0.979,104,391,-1,5281,,,,,,,
,,1,-0.067,104,391,-1,5282,,,,,,,
,,1,-1.389,104,391,-1,5283,,,,,,,
,,1,-0.563,104,391,-1,5284,,,,,,,
,,1,-0.343,104,391,-1,5285,,,,,,,
,,1,-0.303,104,391,-1,5286,,,,,,,
,,1,-2.275,104,391,-1,5287,,,,,,,
,,1,-0.004,104,391,-1,5288,,,,,,,
,,1,-0.076,104,391,-1,5289,,,,,,,
,,1,-0.133,104,391,-1,5290,,,,,-75,22:22:50,513
,,1,0.041,104,391,-1,5291,,,,,,,
,,1,1.983,104,391,-1,5292,,,,,,,
,,1,0.628,104,391,-1,5293,,,,,,,
,,7,0.33,72,392,1960,5294,,,,,,,
,,1,0.595,72,392,-1,5295,,,,,,,
,,1,0.848,72,392,-1,5296,,,,,,,
,,1,2.151,72,392,-1,5297,,,,,,,
,,1,0.928,72,392,-1,5298,,,,,,,
,,1,0.424,72,392,-1,5299,,,,,,,
,,1,0.413,72,392,-1,5300,,,,,-75,22:22:50,673
,,1,0.577,72,392,-1,5301,,,,,,,
,,1,0.416,72,392,-1,5302,,,,,,,
,,1,-0.091,72,392,-1,5303,,,,,,,
,,1,-0.058,72,392,-1,5304,,,,,,,
,,1,0.052,72,392,-1,5305,,,,,,,
,,1,-1.327,72,392,-1,5306,,,,,,,
,,7,-1.563,62,393,1941,5307,,,,,,,
,,1,-1.021,62,393,-1,5308,,,,,,,
,,1,-0.396,62,393,-1,5309,,,,,,,
,,1,-0.585,62,393,-1,5310,,,,,-75,22:22:50,885
,,1,-0.766,62,393,-1,5311,,,,,,,
,,1,-1.109,62,393,-1,5312,,,,,,,
,,1,0.035,62,393,-1,5313,,,,,,,
,,1,0.704,62,393,-1,5314,,,,,,,
,,1,0.811,62,393,-1,5315,,,,,,,
,,1,0.085,62,393,-1,5316,,,,,,,
,,1,-0.971,62,393,-1,5317,,,,,,,
,,1,0.919,62,393,-1,5318,,,,,,,
,,1,1.328,62,393,-1,5319,,,,,,,
52.3460898,4.9055824,7,1.759,76,394,1960,5320,27,14,9,46,-75,22:22:51,077
,,1,1.042,76,394,-1,5321,,,,,,,
,,1,0.15,76,394,-1,5322,,,,,,,
,,1,0.579,76,394,-1,5323,,,,,,,
,,1,1.444,76,394,-1,5324,,,,,,,
,,1,1.184,76,394,-1,5325,,,,,,,
,,1,0.556,76,394,-1,5326,,,,,,,
,,1,0.652,76,394,-1,5327,,,,,,,
,,1,-0.17,76,394,-1,5328,,,,,,,
,,1,-0.571,76,394,-1,5329,,,,,,,
,,1,-0.971,76,394,-1,5330,,,,,-75,22:22:51,270
,,7,-1.996,60,395,1941,5331,,,,,,,
,,1,-0.8,60,395,-1,5332,,,,,,,
,,1,-1.021,60,395,-1,5333,,,,,,,
,,1,-0.649,60,395,-1,5334,,,,,,,
,,1,-0.06,60,395,-1,5335,,,,,,,
,,1,-0.484,60,395,-1,5336,,,,,,,
,,1,-0.247,60,395,-1,5337,,,,,,,
,,1,-1.116,60,395,-1,5338,,,,,,,
,,1,-0.658,60,395,-1,5339,,,,,,,
52.3460898,4.9055824,1,1.104,60,395,-1,5340,27,14,9,46,-75,22:22:51,483
,,1,1.479,60,395,-1,5341,,,,,,,
,,7,0.406,65,396,2000,5342,,,,,,,
,,1,-0.187,65,396,-1,5343,,,,,,,
,,1,1.048,65,396,-1,5344,,,,,,,
,,1,1.814,65,396,-1,5345,,,,,,,
,,1,1.378,65,396,-1,5346,,,,,,,
,,1,1.497,65,396,-1,5347,,,,,,,
,,1,0.73,65,396,-1,5348,,,,,,,
,,1,0.614,65,396,-1,5349,,,,,,,
,,1,0.797,65,396,-1,5350,,,,,-75,22:22:51,722
,,1,-0.294,65,396,-1,5351,,,,,,,
,,1,-0.111,65,396,-1,5352,,,,,,,
,,1,-0.113,65,396,-1,5353,,,,,,,
,,1,-0.161,65,396,-1,5354,,,,,,,
,,1,-0.222,65,396,-1,5355,,,,,,,
,,1,-1.103,65,396,-1,5356,,,,,,,
,,7,-1.647,73,397,1984,5357,,,,,,,
,,1,-0.918,73,397,-1,5358,,,,,,,
,,1,1.06,73,397,-1,5359,,,,,,,
,,1,-2.017,73,397,-1,5360,,,,,-75,22:22:51,874
,,1,-0.83,73,397,-1,5361,,,,,,,
,,1,-0.088,73,397,-1,5362,,,,,,,
,,1,0.709,73,397,-1,5363,,,,,,,
,,1,-0.109,73,397,-1,5364,,,,,,,
,,1,0.097,73,397,-1,5365,,,,,,,
,,1,0.683,73,397,-1,5366,,,,,,,
,,1,0.334,73,397,-1,5367,,,,,,,
,,1,1.246,73,397,-1,5368,,,,,,,
,,7,1.741,120,398,2000,5369,,,,,,,
52.3461302,4.905633,1,0.443,120,398,-1,5370,39,16,9,46,-74,22:22:52,080
,,1,1.465,120,398,-1,5371,,,,,,,
,,1,0.218,120,398,-1,5372,,,,,,,
,,1,-0.176,120,398,-1,5373,,,,,,,
,,1,0.02,120,398,-1,5374,,,,,,,
,,1,0.089,120,398,-1,5375,,,,,,,
,,1,0.951,120,398,-1,5376,,,,,,,
,,1,-1.93,120,398,-1,5377,,,,,,,
,,1,1.225,120,398,-1,5378,,,,,,,
,,1,-0.694,120,398,-1,5379,,,,,,,
,,1,-0.245,120,398,-1,5380,,,,,-74,22:22:52,277
,,7,-0.745,84,399,2032,5381,,,,,,,
,,1,-0.541,84,399,-1,5382,,,,,,,
,,1,-1.072,84,399,-1,5383,,,,,,,
,,1,-0.428,84,399,-1,5384,,,,,,,
,,1,-0.843,84,399,-1,5385,,,,,,,
,,1,-0.309,84,399,-1,5386,,,,,,,
,,1,-0.146,84,399,-1,5387,,,,,,,
,,1,-0.707,84,399,-1,5388,,,,,,,
,,1,0.644,84,399,-1,5389,,,,,,,
,,1,1.169,84,399,-1,5390,,,,,-74,22:22:52,473
,,1,1.064,84,399,-1,5391,,,,,,,
,,7,0.878,98,400,2000,5392,,,,,,,
,,1,0.804,98,400,-1,5393,,,,,,,
,,1,1.237,98,400,-1,5394,,,,,,,
,,1,2.046,98,400,-1,5395,,,,,,,
,,1,0.782,98,400,-1,5396,,,,,,,
,,1,-0.024,98,400,-1,5397,,,,,,,
,,1,-0.333,98,400,-1,5398,,,,,,,
,,1,0.316,98,400,-1,5399,,,,,,,
,,1,-0.023,98,400,-1,5400,,,,,-74,22:22:52,683
,,1,-0.727,98,400,-1,5401,,,,,,,
,,1,-0.728,98,400,-1,5402,,,,,,,
,,7,-0.45,83,401,2049,5403,,,,,,,
,,1,-1.311,83,401,-1,5404,,,,,,,
,,1,0.212,83,401,-1,5405,,,,,,,
,,1,-1.862,83,401,-1,5406,,,,,,,
,,1,-0.857,83,401,-1,5407,,,,,,,
,,1,-0.427,83,401,-1,5408,,,,,,,
,,1,0.526,83,401,-1,5409,,,,,,,
,,1,-1.358,83,401,-1,5410,,,,,-74,22:22:52,895
,,1,-0.583,83,401,-1,5411,,,,,,,
,,1,-0.258,83,401,-1,5412,,,,,,,
,,1,1.479,83,401,-1,5413,,,,,,,
,,1,0.788,83,401,-1,5414,,,,,,,
,,7,0.651,87,402,2100,5415,,,,,,,
,,1,0.621,87,402,-1,5416,,,,,,,
,,1,1.812,87,402,-1,5417,,,,,,,
,,1,1.621,87,402,-1,5418,,,,,,,
,,1,0.681,87,402,-1,5419,,,,,,,
52.3461548,4.9056984,1,0.156,87,402,-1,5420,65,16,9,46,-74,22:22:53,121
,,1,0.444,87,402,-1,5421,,,,,,,
,,1,1.561,87,402,-1,5422,,,,,,,
,,1,-0.251,87,402,-1,5423,,,,,,,
,,1,-0.148,87,402,-1,5424,,,,,,,
,,1,0.179,87,402,-1,5425,,,,,,,
,,1,-0.796,87,402,-1,5426,,,,,,,
,,1,-0.512,87,402,-1,5427,,,,,,,
,,7,-1.156,82,403,2136,5428,,,,,,,
,,1,-1.455,82,403,-1,5429,,,,,,,
,,1,-0.846,82,403,-1,5430,,,,,-74,22:22:53,282
,,1,-0.726,82,403,-1,5431,,,,,,,
,,1,-0.574,82,403,-1,5432,,,,,,,
,,1,0.42,82,403,-1,5433,,,,,,,
,,1,-1.107,82,403,-1,5434,,,,,,,
,,1,-0.27,82,403,-1,5435,,,,,,,
,,1,-0.039,82,403,-1,5436,,,,,,,
,,1,0.465,82,403,-1,5437,,,,,,,
,,1,1.373,82,403,-1,5438,,,,,,,
,,1,-0.449,82,403,-1,5439,,,,,,,
,,7,1.244,54,404,2118,5440,,,,,-74,22:22:53,509
,,1,2.843,54,404,-1,5441,,,,,,,
,,1,-0.648,54,404,-1,5442,,,,,,,
,,1,-0.142,54,404,-1,5443,,,,,,,
,,1,0.817,54,404,-1,5444,,,,,,,
,,1,1.442,54,404,-1,5445,,,,,,,
,,1,-0.183,54,404,-1,5446,,,,,,,
,,1,2.241,54,404,-1,5447,,,,,,,
,,1,-1.832,54,404,-1,5448,,,,,,,
,,1,-2.107,54,404,-1,5449,,,,,,,
,,7,-1.6,68,405,2136,5450,,,,,-74,22:22:53,691
,,1,0.924,68,405,-1,5451,,,,,,,
,,1,0.272,68,405,-1,5452,,,,,,,
,,1,-2.852,68,405,-1,5453,,,,,,,
,,1,-0.127,68,405,-1,5454,,,,,,,
,,1,0.038,68,405,-1,5455,,,,,,,
,,1,0.444,68,405,-1,5456,,,,,,,
,,1,-1.021,68,405,-1,5457,,,,,,,
,,1,-2.139,68,405,-1,5458,,,,,,,
,,1,0.896,68,405,-1,5459,,,,,,,
,,1,0.775,68,405,-1,5460,,,,,-77,22:22:53,884
,,1,2.095,68,405,-1,5461,,,,,,,
,,7,-0.07,39,406,2136,5462,,,,,,,
,,1,1.224,39,406,-1,5463,,,,,,,
,,1,1.217,39,406,-1,5464,,,,,,,
,,1,0.6,39,406,-1,5465,,,,,,,
,,1,0.579,39,406,-1,5466,,,,,,,
,,1,0.938,39,406,-1,5467,,,,,,,
,,1,1.658,39,406,-1,5468,,,,,,,
,,1,1.107,39,406,-1,5469,,,,,,,
52.3461715,4.9057408,1,0.7,39,406,-1,5470,66,10,9,46,-77,22:22:54,150
,,1,-0.348,39,406,-1,5471,,,,,,,
,,1,1.05,39,406,-1,5472,,,,,,,
,,1,-0.244,39,406,-1,5473,,,,,,,
,,1,-2.616,39,406,-1,5474,,,,,,,
,,7,-0.506,79,407,2100,5475,,,,,,,
,,1,-0.498,79,407,-1,5476,,,,,,,
,,1,-0.174,79,407,-1,5477,,,,,,,
,,1,-0.574,79,407,-1,5478,,,,,,,
,,1,-1.004,79,407,-1,5479,,,,,,,
,,1,-0.46,79,407,-1,5480,,,,,-77,22:22:54,274
,,1,1.592,79,407,-1,5481,,,,,,,
,,1,-0.101,79,407,-1,5482,,,,,,,
,,1,1.015,79,407,-1,5483,,,,,,,
,,1,-1.097,79,407,-1,5484,,,,,,,
,,1,1.494,79,407,-1,5485,,,,,,,
,,1,1.517,79,407,-1,5486,,,,,,,
,,7,1.534,138,408,2100,5487,,,,,,,
,,1,2.331,138,408,-1,5488,,,,,,,
,,1,-0.288,138,408,-1,5489,,,,,,,
,,1,0.865,138,408,-1,5490,,,,,-77,22:22:54,497
,,1,1.02,138,408,-1,5491,,,,,,,
,,1,1.448,138,408,-1,5492,,,,,,,
,,1,-1.429,138,408,-1,5493,,,,,,,
,,1,0.813,138,408,-1,5494,,,,,,,
,,1,1.71,138,408,-1,5495,,,,,,,
,,1,-2.146,138,408,-1,5496,,,,,,,
,,1,0.084,138,408,-1,5497,,,,,,,
,,7,-2.273,141,409,2136,5498,,,,,,,
,,1,0.224,141,409,-1,5499,,,,,,,
,,1,-0.899,141,409,-1,5500,,,,,-77,22:22:54,693
,,1,0.352,141,409,-1,5501,,,,,,,
,,1,-0.181,141,409,-1,5502,,,,,,,
,,1,0.073,141,409,-1,5503,,,,,,,
,,1,-2.963,141,409,-1,5504,,,,,,,
,,1,0.394,141,409,-1,5505,,,,,,,
,,1,0.544,141,409,-1,5506,,,,,,,
,,1,1.454,141,409,-1,5507,,,,,,,
,,1,0.161,141,409,-1,5508,,,,,,,
,,7,2.202,165,410,2136,5509,,,,,,,
,,1,0.372,165,410,-1,5510,,,,,-77,22:22:54,897
,,1,1.907,165,410,-1,5511,,,,,,,
,,1,-0.088,165,410,-1,5512,,,,,,,
,,1,1.971,165,410,-1,5513,,,,,,,
,,1,2.33,165,410,-1,5514,,,,,,,
,,1,0.365,165,410,-1,5515,,,,,,,
,,1,-0.861,165,410,-1,5516,,,,,,,
,,1,-0.783,165,410,-1,5517,,,,,,,
,,1,0.513,165,410,-1,5518,,,,,,,
,,1,0.614,165,410,-1,5519,,,,,,,
52.3461895,4.9058143,1,0.417,165,410,-1,5520,73,17,8,46,-77,22:22:55,129
,,1,-1.948,165,410,-1,5521,,,,,,,
,,7,-1.925,202,411,2100,5522,,,,,,,
,,1,-1.15,202,411,-1,5523,,,,,,,
,,1,-0.709,202,411,-1,5524,,,,,,,
,,1,0.727,202,411,-1,5525,,,,,,,
,,1,-0.841,202,411,-1,5526,,,,,,,
,,1,-0.458,202,411,-1,5527,,,,,,,
,,1,-0.359,202,411,-1,5528,,,,,,,
,,1,0.573,202,411,-1,5529,,,,,,,
,,1,1.557,202,411,-1,5530,,,,,-77,22:22:55,368
,,1,0.859,202,411,-1,5531,,,,,,,
,,7,1.372,232,412,2136,5532,,,,,,,
,,1,1.297,232,412,-1,5533,,,,,,,
,,1,1.082,232,412,-1,5534,,,,,,,
,,1,0.413,232,412,-1,5535,,,,,,,
,,1,0.397,232,412,-1,5536,,,,,,,
,,1,1.661,232,412,-1,5537,,,,,,,
,,1,1.457,232,412,-1,5538,,,,,,,
,,1,0.396,232,412,-1,5539,,,,,,,
52.3461895,4.9058143,1,-0.776,232,412,-1,5540,73,17,8,46,-79,22:22:55,562
,,1,0.382,232,412,-1,5541,,,,,,,
,,1,-0.472,232,412,-1,5542,,,,,,,
,,1,-0.816,232,412,-1,5543,,,,,,,
,,7,-1.647,221,413,2192,5544,,,,,,,
,,1,-0.704,221,413,-1,5545,,,,,,,
,,1,-0.536,221,413,-1,5546,,,,,,,
,,1,-0.051,221,413,-1,5547,,,,,,,
,,1,-0.794,221,413,-1,5548,,,,,,,
,,1,0.035,221,413,-1,5549,,,,,,,
,,1,-0.659,221,413,-1,5550,,,,,-79,22:22:55,713
,,1,0.538,221,413,-1,5551,,,,,,,
,,1,0.287,221,413,-1,5552,,,,,,,
,,1,0.751,221,413,-1,5553,,,,,,,
,,1,0.692,221,413,-1,5554,,,,,,,
,,1,1.245,221,413,-1,5555,,,,,,,
,,7,0.44,206,414,2173,5556,,,,,,,
,,1,1.713,206,414,-1,5557,,,,,,,
,,1,1.891,206,414,-1,5558,,,,,,,
,,1,0.675,206,414,-1,5559,,,,,,,
,,1,0.525,206,414,-1,5560,,,,,-79,22:22:55,879
,,1,0.103,206,414,-1,5561,,,,,,,
,,1,0.631,206,414,-1,5562,,,,,,,
,,1,0.968,206,414,-1,5563,,,,,,,
,,1,-0.723,206,414,-1,5564,,,,,,,
,,1,-2.036,206,414,-1,5565,,,,,,,
,,7,1.036,203,415,2173,5566,,,,,,,
,,1,0.626,203,415,-1,5567,,,,,,,
,,1,-0.823,203,415,-1,5568,,,,,,,
,,1,-3.191,203,415,-1,5569,,,,,,,
52.3462051,4.9058807,1,-1.36,203,415,-1,5570,75,17,8,46,-79,22:22:56,108
,,1,1.135,203,415,-1,5571,,,,,,,
,,1,1.719,203,415,-1,5572,,,,,,,
,,1,-0.548,203,415,-1,5573,,,,,,,
,,1,0.025,203,415,-1,5574,,,,,,,
,,1,0.041,203,415,-1,5575,,,,,,,
,,1,2.46,203,415,-1,5576,,,,,,,
,,1,-0.149,203,415,-1,5577,,,,,,,
,,7,1.811,236,416,2212,5578,,,,,,,
,,1,1.179,236,416,-1,5579,,,,,,,
,,1,0.351,236,416,-1,5580,,,,,-79,22:22:56,284
,,1,0.37,236,416,-1,5581,,,,,,,
,,1,1.311,236,416,-1,5582,,,,,,,
,,1,1.768,236,416,-1,5583,,,,,,,
,,1,0.308,236,416,-1,5584,,,,,,,
,,1,-0.21,236,416,-1,5585,,,,,,,
,,1,1.33,236,416,-1,5586,,,,,,,
,,1,-1.294,236,416,-1,5587,,,,,,,
,,1,-0.551,236,416,-1,5588,,,,,,,
,,7,-0.42,233,417,2212,5589,,,,,,,
,,1,-1.8,233,417,-1,5590,,,,,-79,22:22:56,479
,,1,-0.271,233,417,-1,5591,,,,,,,
,,1,-2.3,233,417,-1,5592,,,,,,,
,,1,0.313,233,417,-1,5593,,,,,,,
,,1,-0.932,233,417,-1,5594,,,,,,,
,,1,0.631,233,417,-1,5595,,,,,,,
,,1,-0.317,233,417,-1,5596,,,,,,,
,,1,1.999,233,417,-1,5597,,,,,,,
,,1,0.021,233,417,-1,5598,,,,,,,
,,1,-0.946,233,417,-1,5599,,,,,,,
,,7,4.37,226,418,2212,5600,,,,,-79,22:22:56,689
,,1,6.493,226,418,-1,5601,,,,,,,
,,1,1.744,226,418,-1,5602,,,,,,,
,,1,7.228,226,418,-1,5603,,,,,,,
,,1,-0.376,226,418,-1,5604,,,,,,,
,,1,-1.676,226,418,-1,5605,,,,,,,
,,1,1.897,226,418,-1,5606,,,,,,,
,,1,1.873,226,418,-1,5607,,,,,,,
,,1,-0.729,226,418,-1,5608,,,,,,,
,,1,-2.588,226,418,-1,5609,,,,,,,
52.3462051,4.9058807,7,-0.511,404,419,2272,5610,75,17,8,46,-79,22:22:56,901
,,1,1.557,404,419,-1,5611,,,,,,,
,,1,0.768,404,419,-1,5612,,,,,,,
,,1,-4.132,404,419,-1,5613,,,,,,,
,,1,0.225,404,419,-1,5614,,,,,,,
,,1,-1.286,404,419,-1,5615,,,,,,,
,,1,-0.236,404,419,-1,5616,,,,,,,
,,1,-0.55,404,419,-1,5617,,,,,,,
,,1,-0.487,404,419,-1,5618,,,,,,,
,,1,0.994,404,419,-1,5619,,,,,,,
52.3462154,4.9059549,1,0.698,404,419,-1,5620,75,18,8,46,-79,22:22:57,109
,,1,0.887,404,419,-1,5621,,,,,,,
,,1,-0.188,404,419,-1,5622,,,,,,,
,,1,0.891,404,419,-1,5623,,,,,,,
,,1,1.347,404,419,-1,5624,,,,,,,
,,7,1.682,388,420,2212,5625,,,,,,,
,,1,-0.019,388,420,-1,5626,,,,,,,
,,1,0.315,388,420,-1,5627,,,,,,,
,,1,0.86,388,420,-1,5628,,,,,,,
,,1,0.708,388,420,-1,5629,,,,,,,
,,1,0.465,388,420,-1,5630,,,,,-78,22:22:57,275
,,1,-1.221,388,420,-1,5631,,,,,,,
,,1,-0.257,388,420,-1,5632,,,,,,,
,,7,-1.833,353,421,2192,5633,,,,,,,
,,1,0.025,353,421,-1,5634,,,,,,,
,,1,-0.521,353,421,-1,5635,,,,,,,
,,1,-0.991,353,421,-1,5636,,,,,,,
,,1,0.162,353,421,-1,5637,,,,,,,
,,1,-1.605,353,421,-1,5638,,,,,,,
,,1,-0.394,353,421,-1,5639,,,,,,,
,,1,0.268,353,421,-1,5640,,,,,-78,22:22:57,482
,,1,0.098,353,421,-1,5641,,,,,,,
,,1,0.102,353,421,-1,5642,,,,,,,
,,1,-1.068,353,421,-1,5643,,,,,,,
,,1,2.459,353,421,-1,5644,,,,,,,
,,1,1.521,353,421,-1,5645,,,,,,,
,,7,0.787,310,422,2232,5646,,,,,,,
,,1,1.745,310,422,-1,5647,,,,,,,
,,1,0.717,310,422,-1,5648,,,,,,,
,,1,1.104,310,422,-1,5649,,,,,,,
,,1,0.256,310,422,-1,5650,,,,,-78,22:22:57,676
,,1,-0.034,310,422,-1,5651,,,,,,,
,,1,0.686,310,422,-1,5652,,,,,,,
,,1,0.372,310,422,-1,5653,,,,,,,
,,1,-0.606,310,422,-1,5654,,,,,,,
,,7,-1.626,305,423,2232,5655,,,,,,,
,,1,-0.789,305,423,-1,5656,,,,,,,
,,1,-1.321,305,423,-1,5657,,,,,,,
,,1,0.093,305,423,-1,5658,,,,,,,
,,1,-1.239,305,423,-1,5659,,,,,,,
,,1,-2.63,305,423,-1,5660,,,,,-78,22:22:57,874
,,1,-0.808,305,423,-1,5661,,,,,,,
,,1,0.88,305,423,-1,5662,,,,,,,
,,1,0.621,305,423,-1,5663,,,,,,,
,,1,-0.915,305,423,-1,5664,,,,,,,
,,1,-0.061,305,423,-1,5665,,,,,,,
,,1,0.605,305,423,-1,5666,,,,,,,
,,1,1.166,305,423,-1,5667,,,,,,,
,,1,1.726,305,423,-1,5668,,,,,,,
,,7,1.036,262,424,2192,5669,,,,,,,
52.3462273,4.9060265,1,0.742,262,424,-1,5670,76,18,7,46,-78,22:22:58,084
,,1,0.288,262,424,-1,5671,,,,,,,
,,1,1.274,262,424,-1,5672,,,,,,,
,,1,0.895,262,424,-1,5673,,,,,,,
,,1,0.783,262,424,-1,5674,,,,,,,
,,1,-0.446,262,424,-1,5675,,,,,,,
,,1,0.48,262,424,-1,5676,,,,,,,
,,1,-0.122,262,424,-1,5677,,,,,,,
,,1,-1.793,262,424,-1,5678,,,,,,,
,,7,0.63,68,425,2212,5679,,,,,,,
,,1,0.132,68,425,-1,5680,,,,,-78,22:22:58,307
,,1,-2.551,68,425,-1,5681,,,,,,,
,,1,-1.231,68,425,-1,5682,,,,,,,
,,1,-1.142,68,425,-1,5683,,,,,,,
,,1,-0.306,68,425,-1,5684,,,,,,,
,,1,0.588,68,425,-1,5685,,,,,,,
,,1,0.403,68,425,-1,5686,,,,,,,
,,1,-0.354,68,425,-1,5687,,,,,,,
,,1,-0.81,68,425,-1,5688,,,,,,,
,,1,0.957,68,425,-1,5689,,,,,,,
,,1,1.815,68,425,-1,5690,,,,,-78,22:22:58,468
,,7,1.239,42,426,2232,5691,,,,,,,
,,1,0.899,42,426,-1,5692,,,,,,,
,,1,-0.578,42,426,-1,5693,,,,,,,
,,1,1.168,42,426,-1,5694,,,,,,,
,,1,2.761,42,426,-1,5695,,,,,,,
,,1,-0.14,42,426,-1,5696,,,,,,,
,,1,-0.224,42,426,-1,5697,,,,,,,
,,1,-0.341,42,426,-1,5698,,,,,,,
,,1,1.522,42,426,-1,5699,,,,,,,
52.3462273,4.9060265,1,-1.25,42,426,-1,5700,76,18,7,46,-78,22:22:58,681
,,1,0.31,42,426,-1,5701,,,,,,,
,,1,-0.435,42,426,-1,5702,,,,,,,
,,1,-1.456,42,426,-1,5703,,,,,,,
,,7,-1.344,65,427,2155,5704,,,,,,,
,,1,-1.649,65,427,-1,5705,,,,,,,
,,1,1.427,65,427,-1,5706,,,,,,,
,,1,0.03,65,427,-1,5707,,,,,,,
,,1,-3.559,65,427,-1,5708,,,,,,,
,,1,0.117,65,427,-1,5709,,,,,,,
,,1,-0.723,65,427,-1,5710,,,,,-76,22:22:58,889
,,1,2.291,65,427,-1,5711,,,,,,,
,,1,-0.688,65,427,-1,5712,,,,,,,
,,1,1.385,65,427,-1,5713,,,,,,,
,,7,1.992,55,428,2136,5714,,,,,,,
,,1,1.441,55,428,-1,5715,,,,,,,
,,1,1.117,55,428,-1,5716,,,,,,,
,,1,-0.005,55,428,-1,5717,,,,,,,
,,1,1.083,55,428,-1,5718,,,,,,,
,,1,0.596,55,428,-1,5719,,,,,,,
,,1,0.302,55,428,-1,5720,,,,,-76,22:22:59,075
,,1,0.104,55,428,-1,5721,,,,,,,
,,1,-0.035,55,428,-1,5722,,,,,,,
,,1,-0.644,55,428,-1,5723,,,,,,,
,,1,0.499,55,428,-1,5724,,,,,,,
,,1,-0.428,55,428,-1,5725,,,,,,,
,,7,-2.645,55,429,2155,5726,,,,,,,
,,1,1.124,55,429,-1,5727,,,,,,,
,,1,-0.421,55,429,-1,5728,,,,,,,
,,1,0.01,55,429,-1,5729,,,,,,,
52.3462292,4.9060934,1,-1.834,55,429,-1,5730,82,15,7,46,-76,22:22:59,281
,,1,-2.393,55,429,-1,5731,,,,,,,
,,1,3.091,55,429,-1,5732,,,,,,,
,,1,0.382,55,429,-1,5733,,,,,,,
,,7,0.688,99,430,2232,5734,,,,,,,
,,1,-1.666,99,430,-1,5735,,,,,,,
,,1,-0.059,99,430,-1,5736,,,,,,,
,,1,1.945,99,430,-1,5737,,,,,,,
,,1,1.156,99,430,-1,5738,,,,,,,
,,1,1.11,99,430,-1,5739,,,,,,,
,,1,0.639,99,430,-1,5740,,,,,-76,22:22:59,477
,,1,1.876,99,430,-1,5741,,,,,,,
,,1,-0.422,99,430,-1,5742,,,,,,,
,,1,0.287,99,430,-1,5743,,,,,,,
,,1,-0.293,99,430,-1,5744,,,,,,,
,,1,-0.15,99,430,-1,5745,,,,,,,
,,1,-0.297,99,430,-1,5746,,,,,,,
,,1,-0.214,99,430,-1,5747,,,,,,,
,,1,0.402,99,430,-1,5748,,,,,,,
,,7,-1.917,85,431,2212,5749,,,,,,,
,,1,-0.514,85,431,-1,5750,,,,,-76,22:22:59,688
,,1,-1.271,85,431,-1,5751,,,,,,,
,,1,-1.356,85,431,-1,5752,,,,,,,
,,1,-0.915,85,431,-1,5753,,,,,,,
,,1,-0.033,85,431,-1,5754,,,,,,,
,,1,-0.229,85,431,-1,5755,,,,,,,
,,1,0.369,85,431,-1,5756,,,,,,,
,,1,0.513,85,431,-1,5757,,,,,,,
,,1,0.933,85,431,-1,5758,,,,,,,
,,7,1.005,79,432,2212,5759,,,,,,,
,,1,0.521,79,432,-1,5760,,,,,-76,22:22:59,888
,,1,1.488,79,432,-1,5761,,,,,,,
,,1,1.046,79,432,-1,5762,,,,,,,
,,1,1.414,79,432,-1,5763,,,,,,,
,,1,0.024,79,432,-1,5764,,,,,,,
,,1,0.273,79,432,-1,5765,,,,,,,
,,1,-0.634,79,432,-1,5766,,,,,,,
,,1,-0.198,79,432,-1,5767,,,,,,,
,,1,0.124,79,432,-1,5768,,,,,,,
,,1,-0.303,79,432,-1,5769,,,,,,,
52.346234,4.9061332,1,-1.248,79,432,-1,5770,77,13,7,46,-76,22:23:00,080
,,7,-0.361,73,433,2232,5771,,,,,,,
,,1,0.059,73,433,-1,5772,,,,,,,
,,1,-1.423,73,433,-1,5773,,,,,,,
,,1,-0.535,73,433,-1,5774,,,,,,,
,,1,-0.927,73,433,-1,5775,,,,,,,
,,1,-0.985,73,433,-1,5776,,,,,,,
,,1,-1.112,73,433,-1,5777,,,,,,,
,,1,-0.031,73,433,-1,5778,,,,,,,
,,1,1.087,73,433,-1,5779,,,,,,,
,,1,0.083,73,433,-1,5780,,,,,-76,22:23:00,271
,,1,0.998,73,433,-1,5781,,,,,,,
,,7,1.157,66,434,2212,5782,,,,,,,
,,1,0.863,66,434,-1,5783,,,,,,,
,,1,0.804,66,434,-1,5784,,,,,,,
,,1,0.327,66,434,-1,5785,,,,,,,
,,1,1.329,66,434,-1,5786,,,,,,,
,,1,0.362,66,434,-1,5787,,,,,,,
,,1,-0.962,66,434,-1,5788,,,,,,,
,,1,-0.098,66,434,-1,5789,,,,,,,
52.346234,4.9061332,1,0.42,66,434,-1,5790,77,13,7,46,-76,22:23:00,481
,,1,0.21,66,434,-1,5791,,,,,,,
,,1,-0.34,66,434,-1,5792,,,,,,,
,,1,-1.561,66,434,-1,5793,,,,,,,
,,7,-0.64,29,435,2155,5794,,,,,,,
,,1,-0.886,29,435,-1,5795,,,,,,,
,,1,0.129,29,435,-1,5796,,,,,,,
,,1,-0.717,29,435,-1,5797,,,,,,,
,,1,0.486,29,435,-1,5798,,,,,,,
,,1,-1.244,29,435,-1,5799,,,,,,,
,,1,-0.849,29,435,-1,5800,,,,,-76,22:23:00,752
,,1,-1.434,29,435,-1,5801,,,,,,,
,,1,1.341,29,435,-1,5802,,,,,,,
,,1,1.011,29,435,-1,5803,,,,,,,
,,7,1.462,11,436,2173,5804,,,,,,,
,,1,0.069,11,436,-1,5805,,,,,,,
,,1,1.025,11,436,-1,5806,,,,,,,
,,1,1.664,11,436,-1,5807,,,,,,,
,,1,0.728,11,436,-1,5808,,,,,,,
,,1,0.52,11,436,-1,5809,,,,,,,
52.346234,4.9061332,1,1.095,11,436,-1,5810,77,13,7,46,-76,22:23:00,873
,,1,0.808,11,436,-1,5811,,,,,,,
,,1,-0.13,11,436,-1,5812,,,,,,,
,,1,-0.606,11,436,-1,5813,,,,,,,
,,1,-0.154,11,436,-1,5814,,,,,,,
,,1,-1.75,11,436,-1,5815,,,,,,,
,,7,-0.611,28,437,2232,5816,,,,,,,
,,1,-0.482,28,437,-1,5817,,,,,,,
,,1,-0.884,28,437,-1,5818,,,,,,,
,,1,-0.731,28,437,-1,5819,,,,,,,
52.346245,4.906197,1,-1.033,28,437,-1,5820,71,14,7,46,-76,22:23:01,080
,,1,-1.027,28,437,-1,5821,,,,,,,
,,1,-0.076,28,437,-1,5822,,,,,,,
,,1,-0.525,28,437,-1,5823,,,,,,,
,,1,1.161,28,437,-1,5824,,,,,,,
,,1,-0.123,28,437,-1,5825,,,,,,,
,,1,0.301,28,437,-1,5826,,,,,,,
,,1,-0.189,28,437,-1,5827,,,,,,,
,,1,1.607,28,437,-1,5828,,,,,,,
,,7,1.259,28,438,2173,5829,,,,,,,
,,1,2.121,28,438,-1,5830,,,,,-76,22:23:01,280
,,1,1.619,28,438,-1,5831,,,,,,,
,,1,-0.219,28,438,-1,5832,,,,,,,
,,1,0.918,28,438,-1,5833,,,,,,,
,,1,1.088,28,438,-1,5834,,,,,,,
,,1,1.127,28,438,-1,5835,,,,,,,
,,1,-1.03,28,438,-1,5836,,,,,,,
,,1,0.005,28,438,-1,5837,,,,,,,
,,1,-0.11,28,438,-1,5838,,,,,,,
,,1,-1.103,28,438,-1,5839,,,,,,,
,,7,-2.133,58,439,2155,5840,,,,,-76,22:23:01,477
,,1,-0.941,58,439,-1,5841,,,,,,,
,,1,0.806,58,439,-1,5842,,,,,,,
,,1,-0.034,58,439,-1,5843,,,,,,,
,,1,-2.258,58,439,-1,5844,,,,,,,
,,1,-1.098,58,439,-1,5845,,,,,,,
,,1,-1.076,58,439,-1,5846,,,,,,,
,,1,1.201,58,439,-1,5847,,,,,,,
,,1,-0.604,58,439,-1,5848,,,,,,,
,,1,-0.504,58,439,-1,5849,,,,,,,
,,1,0.244,58,439,-1,5850,,,,,-76,22:23:01,712
,,1,1.351,58,439,-1,5851,,,,,,,
,,1,0.589,58,439,-1,5852,,,,,,,
,,7,1.205,43,440,2136,5853,,,,,,,
,,1,1.11,43,440,-1,5854,,,,,,,
,,1,0.71,43,440,-1,5855,,,,,,,
,,1,1.045,43,440,-1,5856,,,,,,,
,,1,0.702,43,440,-1,5857,,,,,,,
,,1,0.379,43,440,-1,5858,,,,,,,
,,1,-0.551,43,440,-1,5859,,,,,,,
,,1,-0.021,43,440,-1,5860,,,,,-76,22:23:01,877
,,1,-1.113,43,440,-1,5861,,,,,,,
,,1,0.088,43,440,-1,5862,,,,,,,
,,7,-1.191,49,441,2118,5863,,,,,,,
,,1,-0.151,49,441,-1,5864,,,,,,,
,,1,-1.701,49,441,-1,5865,,,,,,,
,,1,-1.187,49,441,-1,5866,,,,,,,
,,1,-1.391,49,441,-1,5867,,,,,,,
,,1,0.297,49,441,-1,5868,,,,,,,
,,1,0.699,49,441,-1,5869,,,,,,,
52.3462715,4.9062685,1,0.039,49,441,-1,5870,63,17,6,46,-76,22:23:02,088
,,1,0.05,49,441,-1,5871,,,,,,,
,,1,-0.609,49,441,-1,5872,,,,,,,
,,1,0.713,49,441,-1,5873,,,,,,,
,,1,0.422,49,441,-1,5874,,,,,,,
,,1,1.478,49,441,-1,5875,,,,,,,
,,7,1.276,55,442,2100,5876,,,,,,,
,,1,0.657,55,442,-1,5877,,,,,,,
,,1,0.468,55,442,-1,5878,,,,,,,
,,1,0.266,55,442,-1,5879,,,,,,,
,,1,1.123,55,442,-1,5880,,,,,-76,22:23:02,265
,,1,0.943,55,442,-1,5881,,,,,,,
,,1,0.798,55,442,-1,5882,,,,,,,
,,1,-1.05,55,442,-1,5883,,,,,,,
,,1,-0.695,55,442,-1,5884,,,,,,,
,,1,0.643,55,442,-1,5885,,,,,,,
,,1,-0.271,55,442,-1,5886,,,,,,,
,,1,-0.852,55,442,-1,5887,,,,,,,
,,7,-1.341,32,443,2100,5888,,,,,,,
,,1,-0.978,32,443,-1,5889,,,,,,,
,,1,-0.688,32,443,-1,5890,,,,,-74,22:23:02,478
,,1,-0.279,32,443,-1,5891,,,,,,,
,,1,-0.33,32,443,-1,5892,,,,,,,
,,1,-0.316,32,443,-1,5893,,,,,,,
,,1,-0.748,32,443,-1,5894,,,,,,,
,,1,0.223,32,443,-1,5895,,,,,,,
,,1,0.525,32,443,-1,5896,,,,,,,
,,1,0.101,32,443,-1,5897,,,,,,,
,,1,0.135,32,443,-1,5898,,,,,,,
,,1,0.955,32,443,-1,5899,,,,,,,
,,7,1.95,47,444,2100,5900,,,,,-74,22:23:02,685
,,1,1.201,47,444,-1,5901,,,,,,,
,,1,1.594,47,444,-1,5902,,,,,,,
,,1,0.538,47,444,-1,5903,,,,,,,
,,1,-0.181,47,444,-1,5904,,,,,,,
,,1,0.246,47,444,-1,5905,,,,,,,
,,1,0.902,47,444,-1,5906,,,,,,,
,,1,-1.037,47,444,-1,5907,,,,,,,
,,1,-0.236,47,444,-1,5908,,,,,,,
,,1,-0.287,47,444,-1,5909,,,,,,,
,,7,-1.701,22,445,2136,5910,,,,,-74,22:23:02,914
,,1,-1.011,22,445,-1,5911,,,,,,,
,,1,-0.267,22,445,-1,5912,,,,,,,
,,1,-0.34,22,445,-1,5913,,,,,,,
,,1,-1.245,22,445,-1,5914,,,,,,,
,,1,-2.38,22,445,-1,5915,,,,,,,
,,1,-0.596,22,445,-1,5916,,,,,,,
,,1,0.926,22,445,-1,5917,,,,,,,
,,1,1.436,22,445,-1,5918,,,,,,,
,,1,0.155,22,445,-1,5919,,,,,,,
,,1,0.221,22,445,-1,5920,,,,,-74,22:23:03,077
,,1,0.829,22,445,-1,5921,,,,,,,
,,7,1.69,36,446,2155,5922,,,,,,,
,,1,1.413,36,446,-1,5923,,,,,,,
,,1,1.093,36,446,-1,5924,,,,,,,
,,1,1.494,36,446,-1,5925,,,,,,,
,,1,0.756,36,446,-1,5926,,,,,,,
,,1,1.092,36,446,-1,5927,,,,,,,
,,1,0.143,36,446,-1,5928,,,,,,,
,,1,-0.001,36,446,-1,5929,,,,,,,
52.3462962,4.9063423,1,-0.087,36,446,-1,5930,64,17,6,46,-74,22:23:03,277
,,1,-0.639,36,446,-1,5931,,,,,,,
,,1,0.296,36,446,-1,5932,,,,,,,
,,1,0.14,36,446,-1,5933,,,,,,,
,,1,-0.583,36,446,-1,5934,,,,,,,
,,1,-0.683,36,446,-1,5935,,,,,,,
,,7,-1.178,73,447,2100,5936,,,,,,,
,,1,-1.27,73,447,-1,5937,,,,,,,
,,1,-0.567,73,447,-1,5938,,,,,,,
,,1,0.344,73,447,-1,5939,,,,,,,
,,1,-0.802,73,447,-1,5940,,,,,-74,22:23:03,483
,,1,-0.247,73,447,-1,5941,,,,,,,
,,1,0.8,73,447,-1,5942,,,,,,,
,,1,1.686,73,447,-1,5943,,,,,,,
,,1,-0.26,73,447,-1,5944,,,,,,,
,,7,0.811,97,448,2136,5945,,,,,,,
,,1,1.458,97,448,-1,5946,,,,,,,
,,1,1.497,97,448,-1,5947,,,,,,,
,,1,0.485,97,448,-1,5948,,,,,,,
,,1,0.822,97,448,-1,5949,,,,,,,
52.3462962,4.9063423,1,1.603,97,448,-1,5950,64,17,6,46,-74,22:23:03,678
,,1,0.478,97,448,-1,5951,,,,,,,
,,1,-0.599,97,448,-1,5952,,,,,,,
,,1,-0.375,97,448,-1,5953,,,,,,,
,,1,0.217,97,448,-1,5954,,,,,,,
,,1,-1.063,97,448,-1,5955,,,,,,,
,,7,-0.751,123,449,2212,5956,,,,,,,
,,1,-0.252,123,449,-1,5957,,,,,,,
,,1,-0.16,123,449,-1,5958,,,,,,,
,,1,-1.304,123,449,-1,5959,,,,,,,
,,1,-0.848,123,449,-1,5960,,,,,-74,22:23:03,875
,,1,-0.837,123,449,-1,5961,,,,,,,
,,1,-0.253,123,449,-1,5962,,,,,,,
,,1,0.341,123,449,-1,5963,,,,,,,
,,1,-1.329,123,449,-1,5964,,,,,,,
,,1,-0.074,123,449,-1,5965,,,,,,,
,,1,1.334,123,449,-1,5966,,,,,,,
,,1,1.781,123,449,-1,5967,,,,,,,
,,7,0.721,113,450,2192,5968,,,,,,,
,,1,0.313,113,450,-1,5969,,,,,,,
,,1,0.732,113,450,-1,5970,,,,,-74,22:23:04,075
,,1,1.427,113,450,-1,5971,,,,,,,
,,1,1.997,113,450,-1,5972,,,,,,,
,,1,0.104,113,450,-1,5973,,,,,,,
,,1,0.13,113,450,-1,5974,,,,,,,
,,1,0.655,113,450,-1,5975,,,,,,,
,,1,0.938,113,450,-1,5976,,,,,,,
,,1,-1.757,113,450,-1,5977,,,,,,,
,,1,-0.286,113,450,-1,5978,,,,,,,
,,1,0.889,113,450,-1,5979,,,,,,,
52.3463133,4.9064083,1,-1.408,113,450,-1,5980,67,17,6,46,-76,22:23:04,280
,,7,-1.452,124,451,2136,5981,,,,,,,
,,1,-1.12,124,451,-1,5982,,,,,,,
,,1,1.318,124,451,-1,5983,,,,,,,
,,1,-0.623,124,451,-1,5984,,,,,,,
,,1,-0.681,124,451,-1,5985,,,,,,,
,,1,-2.632,124,451,-1,5986,,,,,,,
,,1,-0.761,124,451,-1,5987,,,,,,,
,,1,-1.041,124,451,-1,5988,,,,,,,
,,1,0.775,124,451,-1,5989,,,,,,,
,,1,0.654,124,451,-1,5990,,,,,-76,22:23:04,477
,,1,1.395,124,451,-1,5991,,,,,,,
,,1,-0.643,124,451,-1,5992,,,,,,,
,,1,0.677,124,451,-1,5993,,,,,,,
,,1,0.928,124,451,-1,5994,,,,,,,
,,7,1.994,125,452,2118,5995,,,,,,,
,,1,1.166,125,452,-1,5996,,,,,,,
,,1,0.24,125,452,-1,5997,,,,,,,
,,1,1.313,125,452,-1,5998,,,,,,,
,,1,1.44,125,452,-1,5999,,,,,,,
,,1,-0.285,125,452,-1,6000,,,,,-76,22:23:04,681
,,1,0.631,125,452,-1,6001,,,,,,,
,,1,-0.463,125,452,-1,6002,,,,,,,
,,1,-1.315,125,452,-1,6003,,,,,,,
,,1,-0.062,125,452,-1,6004,,,,,,,
,,7,0.27,112,453,2100,6005,,,,,,,
,,1,-0.657,112,453,-1,6006,,,,,,,
,,1,-2.274,112,453,-1,6007,,,,,,,
,,1,-1.692,112,453,-1,6008,,,,,,,
,,1,-1.167,112,453,-1,6009,,,,,,,
,,1,0.57,112,453,-1,6010,,,,,-76,22:23:04,893
,,1,0.628,112,453,-1,6011,,,,,,,
,,1,-0.422,112,453,-1,6012,,,,,,,
,,1,-1.223,112,453,-1,6013,,,,,,,
,,1,-0.298,112,453,-1,6014,,,,,,,
,,1,0.354,112,453,-1,6015,,,,,,,
,,1,1.786,112,453,-1,6016,,,,,,,
,,7,1.448,62,454,2066,6017,,,,,,,
,,1,0.106,62,454,-1,6018,,,,,,,
,,1,0.752,62,454,-1,6019,,,,,,,
52.3463306,4.9064719,1,1.634,62,454,-1,6020,65,17,6,46,-76,22:23:05,079
,,1,1.427,62,454,-1,6021,,,,,,,
,,1,0.474,62,454,-1,6022,,,,,,,
,,1,0.376,62,454,-1,6023,,,,,,,
,,1,1.065,62,454,-1,6024,,,,,,,
,,1,1.331,62,454,-1,6025,,,,,,,
,,1,-1.027,62,454,-1,6026,,,,,,,
,,1,-0.154,62,454,-1,6027,,,,,,,
,,1,0.658,62,454,-1,6028,,,,,,,
,,1,-0.258,62,454,-1,6029,,,,,,,
,,1,-1.751,62,454,-1,6030,,,,,-76,22:23:05,269
,,7,-1.46,81,455,2016,6031,,,,,,,
,,1,-0.848,81,455,-1,6032,,,,,,,
,,1,0.706,81,455,-1,6033,,,,,,,
,,1,-0.129,81,455,-1,6034,,,,,,,
,,1,-0.216,81,455,-1,6035,,,,,,,
,,1,-1.936,81,455,-1,6036,,,,,,,
,,1,-0.226,81,455,-1,6037,,,,,,,
,,1,-0.329,81,455,-1,6038,,,,,,,
,,1,0.939,81,455,-1,6039,,,,,,,
,,1,0.916,81,455,-1,6040,,,,,-76,22:23:05,477
,,1,0.137,81,455,-1,6041,,,,,,,
,,1,0.748,81,455,-1,6042,,,,,,,
,,7,1.481,96,456,2000,6043,,,,,,,
,,1,1.435,96,456,-1,6044,,,,,,,
,,1,1.546,96,456,-1,6045,,,,,,,
,,1,0.92,96,456,-1,6046,,,,,,,
,,1,0.495,96,456,-1,6047,,,,,,,
,,1,0.534,96,456,-1,6048,,,,,,,
,,1,0.603,96,456,-1,6049,,,,,,,
,,1,0.45,96,456,-1,6050,,,,,-76,22:23:05,674
,,1,-0.282,96,456,-1,6051,,,,,,,
,,1,0.349,96,456,-1,6052,,,,,,,
,,1,-0.111,96,456,-1,6053,,,,,,,
,,1,-1.379,96,456,-1,6054,,,,,,,
,,7,-2.115,108,457,2049,6055,,,,,,,
,,1,-1.264,108,457,-1,6056,,,,,,,
,,1,0.458,108,457,-1,6057,,,,,,,
,,1,0.429,108,457,-1,6058,,,,,,,
,,1,-0.407,108,457,-1,6059,,,,,,,
,,1,-1.491,108,457,-1,6060,,,,,-80,22:23:05,914
,,1,0.109,108,457,-1,6061,,,,,,,
,,1,0.942,108,457,-1,6062,,,,,,,
,,1,0.776,108,457,-1,6063,,,,,,,
,,1,0.017,108,457,-1,6064,,,,,,,
,,1,0.319,108,457,-1,6065,,,,,,,
,,1,0.969,108,457,-1,6066,,,,,,,
,,7,2.23,140,458,2000,6067,,,,,,,
,,1,1.819,140,458,-1,6068,,,,,,,
,,1,0.625,140,458,-1,6069,,,,,,,
52.3463425,4.9065306,1,0.892,140,458,-1,6070,70,15,6,46,-80,22:23:06,077
,,1,0.175,140,458,-1,6071,,,,,,,
,,1,0.006,140,458,-1,6072,,,,,,,
,,1,0.101,140,458,-1,6073,,,,,,,
,,1,-0.199,140,458,-1,6074,,,,,,,
,,1,-1.037,140,458,-1,6075,,,,,,,
,,1,0.279,140,458,-1,6076,,,,,,,
,,7,-1.214,136,459,2049,6077,,,,,,,
,,1,-1.694,136,459,-1,6078,,,,,,,
,,1,-0.907,136,459,-1,6079,,,,,,,
,,1,-0.718,136,459,-1,6080,,,,,-80,22:23:06,294
,,1,0.739,136,459,-1,6081,,,,,,,
,,1,-2.16,136,459,-1,6082,,,,,,,
,,1,-0.299,136,459,-1,6083,,,,,,,
,,1,-1.905,136,459,-1,6084,,,,,,,
,,1,0.579,136,459,-1,6085,,,,,,,
,,1,0.897,136,459,-1,6086,,,,,,,
,,1,0.016,136,459,-1,6087,,,,,,,
,,1,0.868,136,459,-1,6088,,,,,,,
,,1,0.726,136,459,-1,6089,,,,,,,
,,7,0.867,129,460,2100,6090,,,,,-80,22:23:06,467
,,1,1.003,129,460,-1,6091,,,,,,,
,,1,1.328,129,460,-1,6092,,,,,,,
,,1,1.009,129,460,-1,6093,,,,,,,
,,1,0.354,129,460,-1,6094,,,,,,,
,,1,0.476,129,460,-1,6095,,,,,,,
,,1,0.585,129,460,-1,6096,,,,,,,
,,1,-0.069,129,460,-1,6097,,,,,,,
,,1,-0.279,129,460,-1,6098,,,,,,,
,,1,-0.612,129,460,-1,6099,,,,,,,
52.3463425,4.9065306,7,-1.813,102,461,2155,6100,70,15,6,46,-80,22:23:06,678
,,1,0.242,102,461,-1,6101,,,,,,,
,,1,-1.229,102,461,-1,6102,,,,,,,
,,1,-0.148,102,461,-1,6103,,,,,,,
,,1,-1.883,102,461,-1,6104,,,,,,,
,,1,-0.397,102,461,-1,6105,,,,,,,
,,1,-1.338,102,461,-1,6106,,,,,,,
,,1,0.845,102,461,-1,6107,,,,,,,
,,1,0.203,102,461,-1,6108,,,,,,,
,,1,0.126,102,461,-1,6109,,,,,,,
,,1,-0.62,102,461,-1,6110,,,,,-80,22:23:06,874
,,1,0.633,102,461,-1,6111,,,,,,,
,,1,0.792,102,461,-1,6112,,,,,,,
,,1,0.837,102,461,-1,6113,,,,,,,
,,7,1.673,79,462,2155,6114,,,,,,,
,,1,1.648,79,462,-1,6115,,,,,,,
,,1,0.384,79,462,-1,6116,,,,,,,
,,1,0.898,79,462,-1,6117,,,,,,,
,,1,0.254,79,462,-1,6118,,,,,,,
,,1,1.009,79,462,-1,6119,,,,,,,
52.3463552,4.9065912,1,-0.88,79,462,-1,6120,71,16,6,46,-80,22:23:07,066
,,1,-0.816,79,462,-1,6121,,,,,,,
,,1,0.652,79,462,-1,6122,,,,,,,
,,1,-0.213,79,462,-1,6123,,,,,,,
,,1,-1.388,79,462,-1,6124,,,,,,,
,,7,-1.56,43,463,2136,6125,,,,,,,
,,1,-0.534,43,463,-1,6126,,,,,,,
,,1,-0.69,43,463,-1,6127,,,,,,,
,,1,-0.843,43,463,-1,6128,,,,,,,
,,1,-1.061,43,463,-1,6129,,,,,,,
,,1,-1.419,43,463,-1,6130,,,,,-80,22:23:07,291
,,1,0.522,43,463,-1,6131,,,,,,,
,,1,0.685,43,463,-1,6132,,,,,,,
,,1,1.615,43,463,-1,6133,,,,,,,
,,1,-0.021,43,463,-1,6134,,,,,,,
,,7,-0.186,8,464,2155,6135,,,,,,,
,,1,1.67,8,464,-1,6136,,,,,,,
,,1,2.483,8,464,-1,6137,,,,,,,
,,1,0.43,8,464,-1,6138,,,,,,,
,,1,0.649,8,464,-1,6139,,,,,,,
,,1,0.79,8,464,-1,6140,,,,,-80,22:23:07,469
,,1,1.383,8,464,-1,6141,,,,,,,
,,1,0.628,8,464,-1,6142,,,,,,,
,,1,0.77,8,464,-1,6143,,,,,,,
,,1,1.225,8,464,-1,6144,,,,,,,
,,1,-0.355,8,464,-1,6145,,,,,,,
,,1,-1.559,8,464,-1,6146,,,,,,,
,,1,-0.599,8,464,-1,6147,,,,,,,
,,1,1.136,8,464,-1,6148,,,,,,,
,,1,-0.711,8,464,-1,6149,,,,,,,
,,1,-1.41,8,464,-1,6150,,,,,-77,22:23:07,682
,,7,-2.25,39,465,2100,6151,,,,,,,
,,1,-0.67,39,465,-1,6152,,,,,,,
,,1,-0.545,39,465,-1,6153,,,,,,,
,,1,1.278,39,465,-1,6154,,,,,,,
,,1,0.457,39,465,-1,6155,,,,,,,
,,1,-0.109,39,465,-1,6156,,,,,,,
,,1,-0.771,39,465,-1,6157,,,,,,,
,,1,0.644,39,465,-1,6158,,,,,,,
,,1,2.014,39,465,-1,6159,,,,,,,
,,7,0.788,98,466,2066,6160,,,,,,22:23:07,876
,,1,0.801,98,466,-1,6161,,,,,,,
,,1,1.178,98,466,-1,6162,,,,,,,
,,1,0.658,98,466,-1,6163,,,,,,,
,,1,1.279,98,466,-1,6164,,,,,,,
,,1,0.904,98,466,-1,6165,,,,,,,
,,1,0.082,98,466,-1,6166,,,,,,,
,,1,-0.838,98,466,-1,6167,,,,,,,
,,1,0.365,98,466,-1,6168,,,,,,,
,,1,-0.725,98,466,-1,6169,,,,,,,
52.3463724,4.9066633,1,-0.823,98,466,-1,6170,71,17,6,46,,22:23:08,134
,,7,-0.932,98,467,2136,6171,,,,,,,
,,1,-0.631,98,467,-1,6172,,,,,,,
,,1,-0.052,98,467,-1,6173,,,,,,,
,,1,-1.249,98,467,-1,6174,,,,,,,
,,1,-1.113,98,467,-1,6175,,,,,,,
,,1,0.509,98,467,-1,6176,,,,,,,
,,1,0.221,98,467,-1,6177,,,,,,,
,,1,-0.476,98,467,-1,6178,,,,,,,
,,1,0.871,98,467,-1,6179,,,,,,,
52.3463724,4.9066633,1,1.25,98,467,-1,6180,71,17,6,46,,22:23:08,265
,,7,0.574,125,468,2212,6181,,,,,,,
,,1,-0.254,125,468,-1,6182,,,,,,,
,,1,0.965,125,468,-1,6183,,,,,,,
,,1,2.382,125,468,-1,6184,,,,,,,
,,1,0.72,125,468,-1,6185,,,,,,,
,,1,1.994,125,468,-1,6186,,,,,,,
,,1,0.776,125,468,-1,6187,,,,,,,
,,1,0.428,125,468,-1,6188,,,,,,,
,,1,-0.62,125,468,-1,6189,,,,,,,
,,1,-0.066,125,468,-1,6190,,,,,,22:23:08,479
,,1,-0.124,125,468,-1,6191,,,,,,,
,,1,-0.71,125,468,-1,6192,,,,,,,
,,1,-0.354,125,468,-1,6193,,,,,,,
,,7,-0.87,158,469,2173,6194,,,,,,,
,,1,-0.822,158,469,-1,6195,,,,,,,
,,1,0.364,158,469,-1,6196,,,,,,,
,,1,-0.865,158,469,-1,6197,,,,,,,
,,1,-1.938,158,469,-1,6198,,,,,,,
,,1,-1.658,158,469,-1,6199,,,,,,,
,,1,0.56,158,469,-1,6200,,,,,,22:23:08,688
,,1,-0.166,158,469,-1,6201,,,,,,,
,,1,1.653,158,469,-1,6202,,,,,,,
,,1,-0.923,158,469,-1,6203,,,,,,,
,,1,0.895,158,469,-1,6204,,,,,,,
,,1,0.6,158,469,-1,6205,,,,,,,
,,7,1.965,164,470,2192,6206,,,,,,,
,,1,1.463,164,470,-1,6207,,,,,,,
,,1,1.3,164,470,-1,6208,,,,,,,
,,1,0.814,164,470,-1,6209,,,,,,,
,,1,1.003,164,470,-1,6210,,,,,,22:23:08,884
,,1,-0.04,164,470,-1,6211,,,,,,,
,,1,1.16,164,470,-1,6212,,,,,,,
,,1,0.343,164,470,-1,6213,,,,,,,
,,1,-0.231,164,470,-1,6214,,,,,,,
,,1,-0.156,164,470,-1,6215,,,,,,,
,,1,-0.454,164,470,-1,6216,,,,,,,
,,1,-0.917,164,470,-1,6217,,,,,,,
,,7,-0.768,167,471,2212,6218,,,,,,,
,,1,-0.938,167,471,-1,6219,,,,,,,
52.3463911,4.9067353,1,0.203,167,471,-1,6220,69,17,6,46,,22:23:09,092
,,1,-1.884,167,471,-1,6221,,,,,,,
,,1,0.48,167,471,-1,6222,,,,,,,
,,1,-1.4,167,471,-1,6223,,,,,,,
,,1,0.65,167,471,-1,6224,,,,,,,
,,1,-0.305,167,471,-1,6225,,,,,,,
,,1,1.032,167,471,-1,6226,,,,,,,
,,1,0.466,167,471,-1,6227,,,,,,,
,,1,0.407,167,471,-1,6228,,,,,,,
,,1,1.21,167,471,-1,6229,,,,,,,
52.3463911,4.9067353,7,1.556,154,472,2136,6230,69,17,6,46,,22:23:09,290
,,1,0.639,154,472,-1,6231,,,,,,,
,,1,0.073,154,472,-1,6232,,,,,,,
,,1,1.01,154,472,-1,6233,,,,,,,
,,1,1.072,154,472,-1,6234,,,,,,,
,,1,0.896,154,472,-1,6235,,,,,,,
,,1,-0.226,154,472,-1,6236,,,,,,,
,,1,0.149,154,472,-1,6237,,,,,,,
,,1,-0.358,154,472,-1,6238,,,,,,,
,,1,-1.413,154,472,-1,6239,,,,,,,
,,7,-0.629,149,473,2118,6240,,,,,-79,22:23:09,467
,,1,0.739,149,473,-1,6241,,,,,,,
,,1,0.363,149,473,-1,6242,,,,,,,
,,1,-2.192,149,473,-1,6243,,,,,,,
,,1,-1.272,149,473,-1,6244,,,,,,,
,,1,0.182,149,473,-1,6245,,,,,,,
,,1,1.263,149,473,-1,6246,,,,,,,
,,1,-0.644,149,473,-1,6247,,,,,,,
,,1,-1.253,149,473,-1,6248,,,,,,,
,,1,0.537,149,473,-1,6249,,,,,,,
,,1,2.979,149,473,-1,6250,,,,,-79,22:23:09,683
,,7,1.222,158,474,2155,6251,,,,,,,
,,1,0.304,158,474,-1,6252,,,,,,,
,,1,-0.633,158,474,-1,6253,,,,,,,
,,1,0.859,158,474,-1,6254,,,,,,,
,,1,2.403,158,474,-1,6255,,,,,,,
,,1,1.275,158,474,-1,6256,,,,,,,
,,1,-0.174,158,474,-1,6257,,,,,,,
,,1,0.052,158,474,-1,6258,,,,,,,
,,1,0.938,158,474,-1,6259,,,,,,,
52.3463911,4.9067353,1,-1.37,158,474,-1,6260,69,17,6,46,-79,22:23:09,877
,,1,0.043,158,474,-1,6261,,,,,,,
,,7,-1.423,156,475,2212,6262,,,,,,,
,,1,0.938,156,475,-1,6263,,,,,,,
,,1,-1.164,156,475,-1,6264,,,,,,,
,,1,0.673,156,475,-1,6265,,,,,,,
,,1,-1.724,156,475,-1,6266,,,,,,,
,,1,-0.091,156,475,-1,6267,,,,,,,
,,1,-1.247,156,475,-1,6268,,,,,,,
,,1,0.558,156,475,-1,6269,,,,,,,
52.3464066,4.9068007,1,-0.561,156,475,-1,6270,69,19,7,46,-79,22:23:10,066
,,1,0.14,156,475,-1,6271,,,,,,,
,,1,0.335,156,475,-1,6272,,,,,,,
,,1,1.076,156,475,-1,6273,,,,,,,
,,1,1.264,156,475,-1,6274,,,,,,,
,,7,1.355,179,476,2212,6275,,,,,,,
,,1,0.713,179,476,-1,6276,,,,,,,
,,1,1.802,179,476,-1,6277,,,,,,,
,,1,1.071,179,476,-1,6278,,,,,,,
,,1,1.146,179,476,-1,6279,,,,,,,
,,1,1.408,179,476,-1,6280,,,,,-79,22:23:10,277
,,1,-0.022,179,476,-1,6281,,,,,,,
,,1,-0.195,179,476,-1,6282,,,,,,,
,,1,1.371,179,476,-1,6283,,,,,,,
,,1,-0.989,179,476,-1,6284,,,,,,,
,,1,-1.284,179,476,-1,6285,,,,,,,
,,7,-0.756,195,477,2212,6286,,,,,,,
,,1,-0.111,195,477,-1,6287,,,,,,,
,,1,-0.651,195,477,-1,6288,,,,,,,
,,1,-0.887,195,477,-1,6289,,,,,,,
,,1,-0.627,195,477,-1,6290,,,,,-79,22:23:10,471
,,1,-0.129,195,477,-1,6291,,,,,,,
,,1,0.168,195,477,-1,6292,,,,,,,
,,1,-0.17,195,477,-1,6293,,,,,,,
,,1,-0.13,195,477,-1,6294,,,,,,,
,,1,-0.124,195,477,-1,6295,,,,,,,
,,1,1.502,195,477,-1,6296,,,,,,,
,,1,-0.04,195,477,-1,6297,,,,,,,
,,1,1.456,195,477,-1,6298,,,,,,,
,,1,0.278,195,477,-1,6299,,,,,,,
,,7,0.139,198,478,2155,6300,,,,,-79,22:23:10,671
,,1,1.899,198,478,-1,6301,,,,,,,
,,1,1.313,198,478,-1,6302,,,,,,,
,,1,1.422,198,478,-1,6303,,,,,,,
,,1,0.841,198,478,-1,6304,,,,,,,
,,1,-0.241,198,478,-1,6305,,,,,,,
,,1,1.194,198,478,-1,6306,,,,,,,
,,1,0.335,198,478,-1,6307,,,,,,,
,,1,-1.401,198,478,-1,6308,,,,,,,
,,1,-1.557,198,478,-1,6309,,,,,,,
52.3464066,4.9068007,7,1.463,215,479,2100,6310,69,19,7,46,-79,22:23:10,877
,,1,-1.866,215,479,-1,6311,,,,,,,
,,1,-0.294,215,479,-1,6312,,,,,,,
,,1,0.183,215,479,-1,6313,,,,,,,
,,1,0.912,215,479,-1,6314,,,,,,,
,,1,-2.307,215,479,-1,6315,,,,,,,
,,1,-0.438,215,479,-1,6316,,,,,,,
,,1,0.177,215,479,-1,6317,,,,,,,
,,1,1.619,215,479,-1,6318,,,,,,,
,,1,0.535,215,479,-1,6319,,,,,,,
52.3464238,4.9068736,1,-0.606,215,479,-1,6320,70,17,7,46,-76,22:23:11,085
,,1,0.076,215,479,-1,6321,,,,,,,
,,1,1.69,215,479,-1,6322,,,,,,,
,,7,1.383,225,480,2083,6323,,,,,,,
,,1,1.098,225,480,-1,6324,,,,,,,
,,1,0.161,225,480,-1,6325,,,,,,,
,,1,-0.31,225,480,-1,6326,,,,,,,
,,1,0.176,225,480,-1,6327,,,,,,,
,,1,1.071,225,480,-1,6328,,,,,,,
,,1,-0.001,225,480,-1,6329,,,,,,,
52.3464238,4.9068736,1,-1.289,225,480,-1,6330,70,17,7,46,-76,22:23:11,267
,,7,-0.951,192,481,2136,6331,,,,,,,
,,1,1.031,192,481,-1,6332,,,,,,,
,,1,-0.274,192,481,-1,6333,,,,,,,
,,1,-1.865,192,481,-1,6334,,,,,,,
,,1,-2.043,192,481,-1,6335,,,,,,,
,,1,1.11,192,481,-1,6336,,,,,,,
,,1,-1.3,192,481,-1,6337,,,,,,,
,,1,-0.222,192,481,-1,6338,,,,,,,
,,1,-0.035,192,481,-1,6339,,,,,,,
,,1,-1.061,192,481,-1,6340,,,,,-76,22:23:11,476
,,1,0.576,192,481,-1,6341,,,,,,,
,,1,-0.653,192,481,-1,6342,,,,,,,
,,1,0.766,192,481,-1,6343,,,,,,,
,,1,1.131,192,481,-1,6344,,,,,,,
,,7,1.698,150,482,2173,6345,,,,,,,
,,1,1.525,150,482,-1,6346,,,,,,,
,,1,0.288,150,482,-1,6347,,,,,,,
,,1,0.354,150,482,-1,6348,,,,,,,
,,1,1.043,150,482,-1,6349,,,,,,,
,,1,2.276,150,482,-1,6350,,,,,-76,22:23:11,670
,,1,1.126,150,482,-1,6351,,,,,,,
,,1,0.377,150,482,-1,6352,,,,,,,
,,1,0.577,150,482,-1,6353,,,,,,,
,,1,-0.484,150,482,-1,6354,,,,,,,
,,1,-0.937,150,482,-1,6355,,,,,,,
,,1,-0.312,150,482,-1,6356,,,,,,,
,,7,-0.679,154,483,2155,6357,,,,,,,
,,1,-1.245,154,483,-1,6358,,,,,,,
,,1,-0.989,154,483,-1,6359,,,,,,,
,,1,-1.241,154,483,-1,6360,,,,,-76,22:23:11,866
,,1,-0.351,154,483,-1,6361,,,,,,,
,,1,-0.282,154,483,-1,6362,,,,,,,
,,1,0.426,154,483,-1,6363,,,,,,,
,,1,0.188,154,483,-1,6364,,,,,,,
,,1,-0.362,154,483,-1,6365,,,,,,,
,,1,0.915,154,483,-1,6366,,,,,,,
,,1,1.237,154,483,-1,6367,,,,,,,
,,7,0.927,132,484,2173,6368,,,,,,,
,,1,0.865,132,484,-1,6369,,,,,,,
,,1,1.019,132,484,-1,6370,,,,,-76,22:23:12,078
,,1,0.566,132,484,-1,6371,,,,,,,
,,1,1.343,132,484,-1,6372,,,,,,,
,,1,0.784,132,484,-1,6373,,,,,,,
,,1,0.303,132,484,-1,6374,,,,,,,
,,1,-0.084,132,484,-1,6375,,,,,,,
,,1,0.95,132,484,-1,6376,,,,,,,
,,1,-0.084,132,484,-1,6377,,,,,,,
,,1,-1.193,132,484,-1,6378,,,,,,,
,,1,-1.043,132,484,-1,6379,,,,,,,
52.3464352,4.906931,7,0.209,129,485,2173,6380,74,14,7,46,-76,22:23:12,290
,,1,0.15,129,485,-1,6381,,,,,,,
,,1,-1.339,129,485,-1,6382,,,,,,,
,,1,-1.354,129,485,-1,6383,,,,,,,
,,1,-1.312,129,485,-1,6384,,,,,,,
,,1,0.021,129,485,-1,6385,,,,,,,
,,1,0.35,129,485,-1,6386,,,,,,,
,,1,0.658,129,485,-1,6387,,,,,,,
,,1,-0.082,129,485,-1,6388,,,,,,,
,,1,0.564,129,485,-1,6389,,,,,,,
,,1,1.129,129,485,-1,6390,,,,,-76,22:23:12,466
,,7,0.937,108,486,2136,6391,,,,,,,
,,1,1.27,108,486,-1,6392,,,,,,,
,,1,1.371,108,486,-1,6393,,,,,,,
,,1,1.001,108,486,-1,6394,,,,,,,
,,1,0.409,108,486,-1,6395,,,,,,,
,,1,0.408,108,486,-1,6396,,,,,,,
,,1,0.274,108,486,-1,6397,,,,,,,
,,1,-0.096,108,486,-1,6398,,,,,,,
,,1,-0.168,108,486,-1,6399,,,,,,,
,,1,0.0,108,486,-1,6400,,,,,-76,22:23:12,679
,,1,-1.441,108,486,-1,6401,,,,,,,
,,7,-0.602,132,487,2136,6402,,,,,,,
,,1,-0.733,132,487,-1,6403,,,,,,,
,,1,-1.408,132,487,-1,6404,,,,,,,
,,1,-1.574,132,487,-1,6405,,,,,,,
,,1,0.163,132,487,-1,6406,,,,,,,
,,1,0.021,132,487,-1,6407,,,,,,,
,,1,0.191,132,487,-1,6408,,,,,,,
,,1,0.197,132,487,-1,6409,,,,,,,
52.3464352,4.906931,1,-0.075,132,487,-1,6410,74,14,7,46,-77,22:23:12,891
,,1,0.886,132,487,-1,6411,,,,,,,
,,1,1.026,132,487,-1,6412,,,,,,,
,,7,0.642,156,488,2212,6413,,,,,,,
,,1,1.618,156,488,-1,6414,,,,,,,
,,1,0.626,156,488,-1,6415,,,,,,,
,,1,1.485,156,488,-1,6416,,,,,,,
,,1,2.121,156,488,-1,6417,,,,,,,
,,1,1.291,156,488,-1,6418,,,,,,,
,,1,-0.352,156,488,-1,6419,,,,,,,
52.3464459,4.9069942,1,-0.046,156,488,-1,6420,74,15,7,46,-77,22:23:13,082
,,1,1.177,156,488,-1,6421,,,,,,,
,,1,1.459,156,488,-1,6422,,,,,,,
,,1,-0.837,156,488,-1,6423,,,,,,,
,,1,-0.664,156,488,-1,6424,,,,,,,
,,1,-0.218,156,488,-1,6425,,,,,,,
,,7,-0.783,167,489,2192,6426,,,,,,,
,,1,-1.521,167,489,-1,6427,,,,,,,
,,1,-1.063,167,489,-1,6428,,,,,,,
,,1,-2.01,167,489,-1,6429,,,,,,,
,,1,-0.204,167,489,-1,6430,,,,,-77,22:23:13,281
,,1,1.2,167,489,-1,6431,,,,,,,
,,1,0.79,167,489,-1,6432,,,,,,,
,,1,-1.968,167,489,-1,6433,,,,,,,
,,1,-0.109,167,489,-1,6434,,,,,,,
,,1,0.954,167,489,-1,6435,,,,,,,
,,1,3.464,167,489,-1,6436,,,,,,,
,,7,0.521,167,490,2173,6437,,,,,,,
,,1,0.129,167,490,-1,6438,,,,,,,
,,1,-0.008,167,490,-1,6439,,,,,,,
,,1,0.474,167,490,-1,6440,,,,,-77,22:23:13,474
,,1,2.023,167,490,-1,6441,,,,,,,
,,1,2.764,167,490,-1,6442,,,,,,,
,,1,0.953,167,490,-1,6443,,,,,,,
,,1,-1.689,167,490,-1,6444,,,,,,,
,,1,0.249,167,490,-1,6445,,,,,,,
,,1,0.489,167,490,-1,6446,,,,,,,
,,1,-1.247,167,490,-1,6447,,,,,,,
,,1,-0.842,167,490,-1,6448,,,,,,,
,,7,-0.667,175,491,2173,6449,,,,,,,
,,1,-1.268,175,491,-1,6450,,,,,-77,22:23:13,670
,,1,-1.017,175,491,-1,6451,,,,,,,
,,1,-1.01,175,491,-1,6452,,,,,,,
,,1,1.363,175,491,-1,6453,,,,,,,
,,1,0.019,175,491,-1,6454,,,,,,,
,,1,-2.327,175,491,-1,6455,,,,,,,
,,1,-1.396,175,491,-1,6456,,,,,,,
,,1,1.181,175,491,-1,6457,,,,,,,
,,1,2.39,175,491,-1,6458,,,,,,,
,,7,0.891,148,492,2173,6459,,,,,,,
,,1,0.809,148,492,-1,6460,,,,,-77,22:23:13,894
,,1,0.388,148,492,-1,6461,,,,,,,
,,1,0.965,148,492,-1,6462,,,,,,,
,,1,2.005,148,492,-1,6463,,,,,,,
,,1,1.44,148,492,-1,6464,,,,,,,
,,1,0.779,148,492,-1,6465,,,,,,,
,,1,0.024,148,492,-1,6466,,,,,,,
,,1,0.933,148,492,-1,6467,,,,,,,
,,1,0.415,148,492,-1,6468,,,,,,,
,,1,-0.982,148,492,-1,6469,,,,,,,
52.3464565,4.9070644,1,-0.72,148,492,-1,6470,77,18,7,46,-77,22:23:14,076
,,7,-0.545,193,493,2173,6471,,,,,,,
,,1,-1.141,193,493,-1,6472,,,,,,,
,,1,-0.198,193,493,-1,6473,,,,,,,
,,1,-1.336,193,493,-1,6474,,,,,,,
,,1,-0.306,193,493,-1,6475,,,,,,,
,,1,-1.309,193,493,-1,6476,,,,,,,
,,1,1.213,193,493,-1,6477,,,,,,,
,,1,0.325,193,493,-1,6478,,,,,,,
,,1,1.746,193,493,-1,6479,,,,,,,
,,1,-0.905,193,493,-1,6480,,,,,-77,22:23:14,268
,,1,0.663,193,493,-1,6481,,,,,,,
,,1,0.207,193,493,-1,6482,,,,,,,
,,7,2.3,211,494,2173,6483,,,,,,,
,,1,0.474,211,494,-1,6484,,,,,,,
,,1,0.745,211,494,-1,6485,,,,,,,
,,1,1.286,211,494,-1,6486,,,,,,,
,,1,1.57,211,494,-1,6487,,,,,,,
,,1,1.919,211,494,-1,6488,,,,,,,
,,1,-0.278,211,494,-1,6489,,,,,,,
,,1,-0.405,211,494,-1,6490,,,,,-77,22:23:14,512
,,1,0.97,211,494,-1,6491,,,,,,,
,,1,0.241,211,494,-1,6492,,,,,,,
,,1,-1.503,211,494,-1,6493,,,,,,,
,,7,-0.779,196,495,2192,6494,,,,,,,
,,1,0.233,196,495,-1,6495,,,,,,,
,,1,-1.701,196,495,-1,6496,,,,,,,
,,1,-0.69,196,495,-1,6497,,,,,,,
,,1,-1.979,196,495,-1,6498,,,,,,,
,,1,0.929,196,495,-1,6499,,,,,,,
,,1,-4.269,196,495,-1,6500,,,,,-80,22:23:14,671
,,1,-10.178,196,495,-1,6501,,,,,,,
,,1,-6.709,196,495,-1,6502,,,,,,,
,,1,13.384,196,495,-1,6503,,,,,,,
,,1,0.827,196,495,-1,6504,,,,,,,
,,1,-2.123,196,495,-1,6505,,,,,,,
,,7,6.502,203,495,-1,6506,,,,,,,
,,1,-7.103,203,495,-1,6507,,,,,,,
,,1,-1.753,203,495,-1,6508,,,,,,,
,,1,-1.954,203,495,-1,6509,,,,,,,
,,1,2.359,203,495,-1,6510,,,,,-80,22:23:14,882
,,1,0.369,203,495,-1,6511,,,,,,,
,,1,3.557,203,495,-1,6512,,,,,,,
,,1,-0.186,203,495,-1,6513,,,,,,,
,,1,-9.1,203,495,-1,6514,,,,,,,
,,1,2.078,203,495,-1,6515,,,,,,,
,,1,2.968,203,495,-1,6516,,,,,,,
,,7,0.014,227,495,-1,6517,,,,,,,
,,1,-0.047,227,495,-1,6518,,,,,,,
,,1,-0.022,227,495,-1,6519,,,,,,,
52.3464667,4.9071343,1,-0.028,227,495,-1,6520,77,0,7,46,-80,22:23:15,123
,,1,0.024,227,495,-1,6521,,,,,,,
,,1,0.018,227,495,-1,6522,,,,,,,
,,1,0.039,227,495,-1,6523,,,,,,,
,,1,-0.041,227,495,-1,6524,,,,,,,
,,1,-0.008,227,495,-1,6525,,,,,,,
,,1,-0.047,227,495,-1,6526,,,,,,,
,,1,-0.028,227,495,-1,6527,,,,,,,
,,1,0.001,227,495,-1,6528,,,,,,,
,,1,-0.047,227,495,-1,6529,,,,,,,
,,7,-0.030,233,495,-1,6530,,,,,-80,22:23:15,275
,,1,0.015,233,495,-1,6531,,,,,,,
,,1,0.004,233,495,-1,6532,,,,,,,
,,1,-0.028,233,495,-1,6533,,,,,,,
,,1,0.009,233,495,-1,6534,,,,,,,
,,1,0.031,233,495,-1,6535,,,,,,,
,,1,-0.049,233,495,-1,6536,,,,,,,
,,1,0.031,233,495,-1,6537,,,,,,,
,,1,0.020,233,495,-1,6538,,,,,,,
,,1,-0.016,233,495,-1,6539,,,,,,,
,,7,-0.034,180,495,-1,6540,,,,,-80,22:23:15,481
,,1,0.046,180,495,-1,6541,,,,,,,
,,1,-0.016,180,495,-1,6542,,,,,,,
,,1,-0.041,180,495,-1,6543,,,,,,,
,,1,-0.040,180,495,-1,6544,,,,,,,
,,1,0.035,180,495,-1,6545,,,,,,,
,,1,0.010,180,495,-1,6546,,,,,,,
,,1,0.031,180,495,-1,6547,,,,,,,
,,1,0.023,180,495,-1,6548,,,,,,,
,,1,0.004,180,495,-1,6549,,,,,,,
,,1,0.047,180,495,-1,6550,,,,,-80,22:23:15,708
,,7,-0.012,151,495,-1,6551,,,,,,,
,,1,0.005,151,495,-1,6552,,,,,,,
,,1,0.033,151,495,-1,6553,,,,,,,
,,1,0.012,151,495,-1,6554,,,,,,,
,,1,0.036,151,495,-1,6555,,,,,,,
,,1,0.008,151,495,-1,6556,,,,,,,
,,1,0.020,151,495,-1,6557,,,,,,,
,,1,-0.045,151,495,-1,6558,,,,,,,
,,1,-0.027,151,495,-1,6559,,,,,,,
,,1,-0.021,151,495,-1,6560,,,,,-80,22:23:15,871
,,1,-0.042,151,495,-1,6561,,,,,,,
,,7,-0.027,129,495,-1,6562,,,,,,,
,,1,-0.040,129,495,-1,6563,,,,,,,
,,1,-0.022,129,495,-1,6564,,,,,,,
,,1,0.014,129,495,-1,6565,,,,,,,
,,1,-0.014,129,495,-1,6566,,,,,,,
,,1,-0.013,129,495,-1,6567,,,,,,,
,,1,-0.029,129,495,-1,6568,,,,,,,
,,1,-0.023,129,495,-1,6569,,,,,,,
52.3464768,4.9072108,1,0.044,129,495,-1,6570,77,0,7,46,-80,22:23:16,129
,,1,0.015,129,495,-1,6571,,,,,,,
,,1,0.011,129,495,-1,6572,,,,,,,
,,1,-0.033,129,495,-1,6573,,,,,,,
,,7,0.023,86,495,-1,6574,,,,,,,
,,1,-0.034,86,495,-1,6575,,,,,,,
,,1,-0.012,86,495,-1,6576,,,,,,,
,,1,0.049,86,495,-1,6577,,,,,,,
,,1,0.014,86,495,-1,6578,,,,,,,
,,1,0.006,86,495,-1,6579,,,,,,,
,,1,0.018,86,495,-1,6580,,,,,-78,22:23:16,276
,,1,0.034,86,495,-1,6581,,,,,,,
,,1,0.028,86,495,-1,6582,,,,,,,
,,1,-0.027,86,495,-1,6583,,,,,,,
,,7,-0.047,48,495,-1,6584,,,,,,,
,,1,-0.018,48,495,-1,6585,,,,,,,
,,1,-0.023,48,495,-1,6586,,,,,,,
,,1,-0.029,48,495,-1,6587,,,,,,,
,,1,0.044,48,495,-1,6588,,,,,,,
,,1,0.038,48,495,-1,6589,,,,,,,
,,1,-0.019,48,495,-1,6590,,,,,-78,22:23:16,486
,,1,0.016,48,495,-1,6591,,,,,,,
,,1,-0.010,48,495,-1,6592,,,,,,,
,,1,0.041,48,495,-1,6593,,,,,,,
,,1,-0.004,48,495,-1,6594,,,,,,,
,,7,-0.024,43,495,-1,6595,,,,,,,
,,1,-0.025,43,495,-1,6596,,,,,,,
,,1,0.006,43,495,-1,6597,,,,,,,
,,1,-0.024,43,495,-1,6598,,,,,,,
,,1,0.008,43,495,-1,6599,,,,,,,
52.3464768,4.9072108,1,0.040,43,495,-1,6600,77,0,7,46,-78,22:23:16,666
,,1,-0.010,43,495,-1,6601,,,,,,,
,,1,-0.028,43,495,-1,6602,,,,,,,
,,1,0.050,43,495,-1,6603,,,,,,,
,,1,0.001,43,495,-1,6604,,,,,,,
,,1,-0.041,43,495,-1,6605,,,,,,,
,,1,-0.045,43,495,-1,6606,,,,,,,
,,1,-0.289,43,495,-1,6607,,,,,,,
,,7,-1.392,69,495,-1,6608,,,,,,,
,,1,-0.974,69,495,-1,6609,,,,,,,
,,1,-1.043,69,495,-1,6610,,,,,-78,22:23:16,883
,,1,0.443,69,495,-1,6611,,,,,,,
,,1,-0.304,69,495,-1,6612,,,,,,,
,,1,-0.151,69,495,-1,6613,,,,,,,
,,1,-0.946,69,495,-1,6614,,,,,,,
,,1,0.639,69,495,-1,6615,,,,,,,
,,1,1.352,69,495,-1,6616,,,,,,,
,,7,2.234,85,495,-1,6617,,,,,,,
,,1,1.561,85,495,-1,6618,,,,,,,
,,1,0.069,85,495,-1,6619,,,,,,,
52.3464856,4.9072823,1,1.271,85,495,-1,6620,77,0,7,46,-78,22:23:17,072
,,1,0.543,85,495,-1,6621,,,,,,,
,,1,1.21,85,495,-1,6622,,,,,,,
,,1,0.867,85,495,-1,6623,,,,,,,
,,1,0.035,85,495,-1,6624,,,,,,,
,,1,-0.123,85,495,-1,6625,,,,,,,
,,1,-0.6,85,495,-1,6626,,,,,,,
,,1,-0.59,85,495,-1,6627,,,,,,,
,,1,-0.128,85,495,-1,6628,,,,,,,
,,7,-2.023,91,495,-1,6629,,,,,,,
,,1,-1.475,91,495,-1,6630,,,,,-78,22:23:17,285
,,1,-1.61,91,495,-1,6631,,,,,,,
,,1,-0.859,91,495,-1,6632,,,,,,,
,,1,-0.036,91,495,-1,6633,,,,,,,
,,1,-0.082,91,495,-1,6634,,,,,,,
,,1,-1.476,91,495,-1,6635,,,,,,,
,,1,0.157,91,495,-1,6636,,,,,,,
,,1,1.66,91,495,-1,6637,,,,,,,
,,1,1.027,91,495,-1,6638,,,,,,,
,,7,0.949,96,495,-1,6639,,,,,,,
,,1,0.043,96,495,-1,6640,,,,,-78,22:23:17,491
,,1,1.536,96,495,-1,6641,,,,,,,
,,1,2.279,96,495,-1,6642,,,,,,,
,,1,0.75,96,495,-1,6643,,,,,,,
,,1,0.596,96,495,-1,6644,,,,,,,
,,1,0.527,96,495,-1,6645,,,,,,,
,,1,0.986,96,495,-1,6646,,,,,,,
,,1,-0.627,96,495,-1,6647,,,,,,,
,,1,-0.707,96,495,-1,6648,,,,,,,
,,1,-0.12,96,495,-1,6649,,,,,,,
,,7,-1.163,118,495,-1,6650,,,,,-78,22:23:17,687
,,1,-0.001,118,495,-1,6651,,,,,,,
,,1,-0.356,118,495,-1,6652,,,,,,,
,,1,0.16,118,495,-1,6653,,,,,,,
,,1,-1.362,118,495,-1,6654,,,,,,,
,,1,-1.229,118,495,-1,6655,,,,,,,
,,1,-0.557,118,495,-1,6656,,,,,,,
,,1,2.348,118,495,-1,6657,,,,,,,
,,1,0.361,118,495,-1,6658,,,,,,,
,,1,0.092,118,495,-1,6659,,,,,,,
,,1,-0.436,118,495,-1,6660,,,,,-78,22:23:17,913
,,1,1.466,118,495,-1,6661,,,,,,,
,,7,2.377,160,495,-1,6662,,,,,,,
,,1,1.357,160,495,-1,6663,,,,,,,
,,1,-0.468,160,495,-1,6664,,,,,,,
,,1,0.589,160,495,-1,6665,,,,,,,
,,1,1.261,160,495,-1,6666,,,,,,,
,,1,1.202,160,495,-1,6667,,,,,,,
,,1,-0.554,160,495,-1,6668,,,,,,,
,,1,0.16,160,495,-1,6669,,,,,,,
52.3464972,4.9073613,1,0.213,160,495,-1,6670,74,0,7,46,-80,22:23:18,092
,,1,-0.521,160,495,-1,6671,,,,,,,
,,1,-0.691,160,495,-1,6672,,,,,,,
,,7,-0.604,155,495,-1,6673,,,,,,,
,,1,-0.697,155,495,-1,6674,,,,,,,
,,1,-1.395,155,495,-1,6675,,,,,,,
,,1,-1.61,155,495,-1,6676,,,,,,,
,,1,-0.671,155,495,-1,6677,,,,,,,
,,1,0.677,155,495,-1,6678,,,,,,,
,,1,1.495,155,495,-1,6679,,,,,,,
,,1,-1.141,155,495,-1,6680,,,,,-80,22:23:18,286
,,1,1.372,155,495,-1,6681,,,,,,,
,,1,0.828,155,495,-1,6682,,,,,,,
,,7,0.91,158,495,-1,6683,,,,,,,
,,1,0.553,158,495,-1,6684,,,,,,,
,,1,1.197,158,495,-1,6685,,,,,,,
,,1,1.809,158,495,-1,6686,,,,,,,
,,1,0.839,158,495,-1,6687,,,,,,,
,,1,0.59,158,495,-1,6688,,,,,,,
,,1,-0.314,158,495,-1,6689,,,,,,,
,,1,0.393,158,495,-1,6690,,,,,-80,22:23:18,466
,,1,-0.634,158,495,-1,6691,,,,,,,
,,1,-0.413,158,495,-1,6692,,,,,,,
,,7,-0.838,147,495,-1,6693,,,,,,,
,,1,-1.104,147,495,-1,6694,,,,,,,
,,1,-0.866,147,495,-1,6695,,,,,,,
,,1,-0.612,147,495,-1,6696,,,,,,,
,,1,-1.252,147,495,-1,6697,,,,,,,
,,1,0.223,147,495,-1,6698,,,,,,,
,,1,-0.091,147,495,-1,6699,,,,,,,
,,1,-0.866,147,495,-1,6700,,,,,-80,22:23:18,708
,,1,1.047,147,495,-1,6701,,,,,,,
,,1,1.011,147,495,-1,6702,,,,,,,
,,1,0.302,147,495,-1,6703,,,,,,,
,,1,0.467,147,495,-1,6704,,,,,,,
,,1,0.472,147,495,-1,6705,,,,,,,
,,7,2.187,187,495,-1,6706,,,,,,,
,,1,1.259,187,495,-1,6707,,,,,,,
,,1,0.602,187,495,-1,6708,,,,,,,
,,1,-0.984,187,495,-1,6709,,,,,,,
52.3464972,4.9073613,1,0.756,187,495,-1,6710,74,0,7,46,-80,22:23:18,871
,,1,0.924,187,495,-1,6711,,,,,,,
,,1,-1.238,187,495,-1,6712,,,,,,,
,,1,-0.067,187,495,-1,6713,,,,,,,
,,7,-0.536,142,495,-1,6714,,,,,,,
,,1,0.305,142,495,-1,6715,,,,,,,
,,1,-1.494,142,495,-1,6716,,,,,,,
,,1,-0.601,142,495,-1,6717,,,,,,,
,,1,-1.752,142,495,-1,6718,,,,,,,
,,1,-0.219,142,495,-1,6719,,,,,,,
52.3464972,4.9073613,1,-1.322,142,495,-1,6720,74,0,7,46,-80,22:23:19,067
,,1,1.072,142,495,-1,6721,,,,,,,
,,1,-0.568,142,495,-1,6722,,,,,,,
,,1,1.33,142,495,-1,6723,,,,,,,
,,1,1.287,142,495,-1,6724,,,,,,,
,,7,1.02,107,495,-1,6725,,,,,,,
,,1,1.229,107,495,-1,6726,,,,,,,
,,1,0.083,107,495,-1,6727,,,,,,,
,,1,0.594,107,495,-1,6728,,,,,,,
,,1,0.446,107,495,-1,6729,,,,,,,
52.346508,4.9074368,1,1.569,107,495,-1,6730,76,0,7,46,-80,22:23:19,279
,,1,1.735,107,495,-1,6731,,,,,,,
,,1,-1.216,107,495,-1,6732,,,,,,,
,,1,-0.002,107,495,-1,6733,,,,,,,
,,1,1.159,107,495,-1,6734,,,,,,,
,,1,-0.308,107,495,-1,6735,,,,,,,
,,1,-1.496,107,495,-1,6736,,,,,,,
,,7,-1.588,112,495,-1,6737,,,,,,,
,,1,-0.233,112,495,-1,6738,,,,,,,
,,1,-0.409,112,495,-1,6739,,,,,,,
,,1,-1.788,112,495,-1,6740,,,,,-80,22:23:19,472
,,1,-0.588,112,495,-1,6741,,,,,,,
,,1,-0.228,112,495,-1,6742,,,,,,,
,,1,1.292,112,495,-1,6743,,,,,,,
,,1,-0.007,112,495,-1,6744,,,,,,,
,,1,0.77,112,517,-1,6745,,,,,,,
,,1,0.849,112,517,-1,6746,,,,,,,
,,7,1.687,110,518,2314,6747,,,,,,,
,,1,1.211,110,518,-1,6748,,,,,,,
,,1,0.738,110,518,-1,6749,,,,,,,
,,1,-0.475,110,518,-1,6750,,,,,-80,22:23:19,673
,,1,0.557,110,518,-1,6751,,,,,,,
,,1,1.446,110,518,-1,6752,,,,,,,
,,1,0.444,110,518,-1,6753,,,,,,,
,,1,-0.947,110,518,-1,6754,,,,,,,
,,1,0.654,110,518,-1,6755,,,,,,,
,,1,0.565,110,518,-1,6756,,,,,,,
,,1,-2.067,110,518,-1,6757,,,,,,,
,,7,-1.466,97,519,2358,6758,,,,,,,
,,1,-0.101,97,519,-1,6759,,,,,,,
,,1,0.389,97,519,-1,6760,,,,,-79,22:23:19,884
,,1,-1.062,97,519,-1,6761,,,,,,,
,,1,-0.282,97,519,-1,6762,,,,,,,
,,1,-1.578,97,519,-1,6763,,,,,,,
,,1,0.941,97,519,-1,6764,,,,,,,
,,1,0.487,97,519,-1,6765,,,,,,,
,,1,0.37,97,519,-1,6766,,,,,,,
,,1,0.076,97,519,-1,6767,,,,,,,
,,1,0.353,97,519,-1,6768,,,,,,,
,,1,1.636,97,519,-1,6769,,,,,,,
52.3465169,4.9075103,7,0.769,107,520,2314,6770,77,19,7,46,-79,22:23:20,089
,,1,0.611,107,520,-1,6771,,,,,,,
,,1,0.425,107,520,-1,6772,,,,,,,
,,1,1.423,107,520,-1,6773,,,,,,,
,,1,0.061,107,520,-1,6774,,,,,,,
,,1,-0.32,107,520,-1,6775,,,,,,,
,,1,0.419,107,520,-1,6776,,,,,,,
,,1,-0.743,107,520,-1,6777,,,,,,,
,,1,0.021,107,520,-1,6778,,,,,,,
,,1,-0.743,107,520,-1,6779,,,,,,,
52.3465169,4.9075103,7,-1.122,96,521,2252,6780,77,19,7,46,-79,22:23:20,265
,,1,-2.089,96,521,-1,6781,,,,,,,
,,1,-0.233,96,521,-1,6782,,,,,,,
,,1,-0.868,96,521,-1,6783,,,,,,,
,,1,0.524,96,521,-1,6784,,,,,,,
,,1,-1.621,96,521,-1,6785,,,,,,,
,,1,-0.115,96,521,-1,6786,,,,,,,
,,1,-0.54,96,521,-1,6787,,,,,,,
,,1,1.851,96,521,-1,6788,,,,,,,
,,1,0.818,96,521,-1,6789,,,,,,,
52.3465169,4.9075103,7,0.884,82,522,2314,6790,77,19,7,46,-79,22:23:20,505
,,1,0.038,82,522,-1,6791,,,,,,,
,,1,1.546,82,522,-1,6792,,,,,,,
,,1,2.175,82,522,-1,6793,,,,,,,
,,1,1.303,82,522,-1,6794,,,,,,,
,,1,0.936,82,522,-1,6795,,,,,,,
,,1,-0.849,82,522,-1,6796,,,,,,,
,,1,-0.044,82,522,-1,6797,,,,,,,
,,1,0.12,82,522,-1,6798,,,,,,,
,,1,-0.557,82,522,-1,6799,,,,,,,
,,1,0.348,82,522,-1,6800,,,,,-79,22:23:20,701
,,1,-0.793,82,522,-1,6801,,,,,,,
,,1,-1.093,82,522,-1,6802,,,,,,,
,,7,-1.023,69,523,2293,6803,,,,,,,
,,1,-0.719,69,523,-1,6804,,,,,,,
,,1,-0.211,69,523,-1,6805,,,,,,,
,,1,-0.549,69,523,-1,6806,,,,,,,
,,1,-1.057,69,523,-1,6807,,,,,,,
,,1,0.612,69,523,-1,6808,,,,,,,
,,1,0.958,69,523,-1,6809,,,,,,,
,,1,1.693,69,523,-1,6810,,,,,-79,22:23:20,867
,,7,0.904,84,524,2293,6811,,,,,,,
,,1,0.098,84,524,-1,6812,,,,,,,
,,1,0.169,84,524,-1,6813,,,,,,,
,,1,0.229,84,524,-1,6814,,,,,,,
,,1,1.599,84,524,-1,6815,,,,,,,
,,1,2.138,84,524,-1,6816,,,,,,,
,,1,0.591,84,524,-1,6817,,,,,,,
,,1,-2.21,84,524,-1,6818,,,,,,,
,,1,1.644,84,524,-1,6819,,,,,,,
52.3465286,4.907589,1,0.751,84,524,-1,6820,76,19,7,46,-79,22:23:21,109
,,1,-1.174,84,524,-1,6821,,,,,,,
,,1,-2.436,84,524,-1,6822,,,,,,,
,,7,-0.311,82,525,2358,6823,,,,,,,
,,1,0.206,82,525,-1,6824,,,,,,,
,,1,-0.231,82,525,-1,6825,,,,,,,
,,1,-0.677,82,525,-1,6826,,,,,,,
,,1,-0.209,82,525,-1,6827,,,,,,,
,,1,-1.207,82,525,-1,6828,,,,,,,
,,1,-0.157,82,525,-1,6829,,,,,,,
,,1,-1.102,82,525,-1,6830,,,,,-79,22:23:21,271
,,1,2.262,82,525,-1,6831,,,,,,,
,,1,0.23,82,525,-1,6832,,,,,,,
,,1,0.359,82,525,-1,6833,,,,,,,
,,1,0.218,82,525,-1,6834,,,,,,,
,,7,1.685,77,526,2314,6835,,,,,,,
,,1,1.372,77,526,-1,6836,,,,,,,
,,1,0.64,77,526,-1,6837,,,,,,,
,,1,0.482,77,526,-1,6838,,,,,,,
,,1,-0.174,77,526,-1,6839,,,,,,,
,,1,0.129,77,526,-1,6840,,,,,-80,22:23:21,481
,,1,0.129,77,526,-1,6841,,,,,,,
,,1,-0.967,77,526,-1,6842,,,,,,,
,,1,-1.004,77,526,-1,6843,,,,,,,
,,7,0.23,78,527,2293,6844,,,,,,,
,,1,-1.488,78,527,-1,6845,,,,,,,
,,1,-0.49,78,527,-1,6846,,,,,,,
,,1,-1.734,78,527,-1,6847,,,,,,,
,,1,0.064,78,527,-1,6848,,,,,,,
,,1,0.666,78,527,-1,6849,,,,,,,
52.3465286,4.907589,1,-0.03,78,527,-1,6850,76,19,7,46,-80,22:23:21,692
,,1,-0.67,78,527,-1,6851,,,,,,,
,,1,0.216,78,527,-1,6852,,,,,,,
,,1,0.396,78,527,-1,6853,,,,,,,
,,1,1.444,78,527,-1,6854,,,,,,,
,,7,2.274,102,528,2358,6855,,,,,,,
,,1,0.855,102,528,-1,6856,,,,,,,
,,1,0.242,102,528,-1,6857,,,,,,,
,,1,0.388,102,528,-1,6858,,,,,,,
,,1,0.751,102,528,-1,6859,,,,,,,
,,1,1.706,102,528,-1,6860,,,,,-80,22:23:21,872
,,1,-0.708,102,528,-1,6861,,,,,,,
,,1,-0.341,102,528,-1,6862,,,,,,,
,,1,0.33,102,528,-1,6863,,,,,,,
,,1,-1.352,102,528,-1,6864,,,,,,,
,,7,-1.495,103,529,2358,6865,,,,,,,
,,1,-0.324,103,529,-1,6866,,,,,,,
,,1,-0.607,103,529,-1,6867,,,,,,,
,,1,-0.182,103,529,-1,6868,,,,,,,
,,1,-0.801,103,529,-1,6869,,,,,,,
52.3465381,4.9076662,1,-1.044,103,529,-1,6870,77,19,7,46,-80,22:23:22,069
,,1,-1.261,103,529,-1,6871,,,,,,,
,,1,1.587,103,529,-1,6872,,,,,,,
,,1,1.349,103,529,-1,6873,,,,,,,
,,1,0.436,103,529,-1,6874,,,,,,,
,,1,-0.592,103,529,-1,6875,,,,,,,
,,1,1.135,103,529,-1,6876,,,,,,,
,,7,1.398,87,530,2314,6877,,,,,,,
,,1,2.121,87,530,-1,6878,,,,,,,
,,1,1.211,87,530,-1,6879,,,,,,,
52.3465381,4.9076662,1,0.618,87,530,-1,6880,77,19,7,46,-80,22:23:22,276
,,1,-0.761,87,530,-1,6881,,,,,,,
,,1,1.192,87,530,-1,6882,,,,,,,
,,1,-0.277,87,530,-1,6883,,,,,,,
,,1,-0.786,87,530,-1,6884,,,,,,,
,,1,-1.042,87,530,-1,6885,,,,,,,
,,7,0.067,91,531,2380,6886,,,,,,,
,,1,0.638,91,531,-1,6887,,,,,,,
,,1,-1.774,91,531,-1,6888,,,,,,,
,,1,-0.447,91,531,-1,6889,,,,,,,
,,1,-1.193,91,531,-1,6890,,,,,-80,22:23:22,472
,,1,0.398,91,531,-1,6891,,,,,,,
,,1,0.116,91,531,-1,6892,,,,,,,
,,1,0.828,91,531,-1,6893,,,,,,,
,,1,-1.527,91,531,-1,6894,,,,,,,
,,1,0.312,91,531,-1,6895,,,,,,,
,,1,0.984,91,531,-1,6896,,,,,,,
,,1,1.586,91,531,-1,6897,,,,,,,
,,7,1.219,99,532,2380,6898,,,,,,,
,,1,0.941,99,532,-1,6899,,,,,,,
,,1,1.673,99,532,-1,6900,,,,,-80,22:23:22,672
,,1,0.597,99,532,-1,6901,,,,,,,
,,1,-0.151,99,532,-1,6902,,,,,,,
,,1,1.608,99,532,-1,6903,,,,,,,
,,1,0.34,99,532,-1,6904,,,,,,,
,,1,-0.025,99,532,-1,6905,,,,,,,
,,1,-0.276,99,532,-1,6906,,,,,,,
,,1,-0.518,99,532,-1,6907,,,,,,,
,,1,0.354,99,532,-1,6908,,,,,,,
,,1,-1.303,99,532,-1,6909,,,,,,,
52.3465381,4.9076662,7,-2.058,135,533,2293,6910,77,19,7,46,-80,22:23:22,894
,,1,-1.515,135,533,-1,6911,,,,,,,
,,1,0.608,135,533,-1,6912,,,,,,,
,,1,1.039,135,533,-1,6913,,,,,,,
,,1,-0.889,135,533,-1,6914,,,,,,,
,,1,0.479,135,533,-1,6915,,,,,,,
,,1,0.097,135,533,-1,6916,,,,,,,
,,1,1.371,135,533,-1,6917,,,,,,,
,,1,0.573,135,533,-1,6918,,,,,,,
,,7,1.048,164,534,2293,6919,,,,,,,
52.3465473,4.9077384,1,1.702,164,534,-1,6920,77,18,7,46,-80,22:23:23,072
,,1,0.997,164,534,-1,6921,,,,,,,
,,1,1.271,164,534,-1,6922,,,,,,,
,,1,0.779,164,534,-1,6923,,,,,,,
,,1,1.285,164,534,-1,6924,,,,,,,
,,1,1.034,164,534,-1,6925,,,,,,,
,,1,-0.482,164,534,-1,6926,,,,,,,
,,1,-0.555,164,534,-1,6927,,,,,,,
,,1,0.605,164,534,-1,6928,,,,,,,
,,1,-0.501,164,534,-1,6929,,,,,,,
,,1,-1.396,164,534,-1,6930,,,,,-79,22:23:23,311
,,7,-0.661,191,535,2314,6931,,,,,,,
,,1,-0.283,191,535,-1,6932,,,,,,,
,,1,-0.841,191,535,-1,6933,,,,,,,
,,1,-0.221,191,535,-1,6934,,,,,,,
,,1,-0.911,191,535,-1,6935,,,,,,,
,,1,-0.553,191,535,-1,6936,,,,,,,
,,1,-0.363,191,535,-1,6937,,,,,,,
,,1,0.699,191,535,-1,6938,,,,,,,
,,1,1.577,191,535,-1,6939,,,,,,,
,,1,0.522,191,535,-1,6940,,,,,-79,22:23:23,475
,,7,0.628,200,536,2293,6941,,,,,,,
,,1,0.752,200,536,-1,6942,,,,,,,
,,1,0.749,200,536,-1,6943,,,,,,,
,,1,1.075,200,536,-1,6944,,,,,,,
,,1,0.502,200,536,-1,6945,,,,,,,
,,1,2.589,200,536,-1,6946,,,,,,,
,,1,0.716,200,536,-1,6947,,,,,,,
,,1,-1.535,200,536,-1,6948,,,,,,,
,,1,0.998,200,536,-1,6949,,,,,,,
,,1,2.392,200,536,-1,6950,,,,,-79,22:23:23,670
,,1,-2.474,200,536,-1,6951,,,,,,,
,,1,-2.848,200,536,-1,6952,,,,,,,
,,7,-0.433,211,537,2272,6953,,,,,,,
,,1,-1.084,211,537,-1,6954,,,,,,,
,,1,0.991,211,537,-1,6955,,,,,,,
,,1,-0.927,211,537,-1,6956,,,,,,,
,,1,-0.576,211,537,-1,6957,,,,,,,
,,1,-1.929,211,537,-1,6958,,,,,,,
,,1,0.539,211,537,-1,6959,,,,,,,
,,1,-0.573,211,537,-1,6960,,,,,-79,22:23:23,869
,,1,1.144,211,537,-1,6961,,,,,,,
,,1,0.219,211,537,-1,6962,,,,,,,
,,1,0.532,211,537,-1,6963,,,,,,,
,,1,1.74,211,537,-1,6964,,,,,,,
,,7,0.38,184,538,2272,6965,,,,,,,
,,1,1.146,184,538,-1,6966,,,,,,,
,,1,0.826,184,538,-1,6967,,,,,,,
,,1,1.494,184,538,-1,6968,,,,,,,
,,1,1.097,184,538,-1,6969,,,,,,,
52.3465577,4.9078142,1,0.104,184,538,-1,6970,78,18,7,46,-79,22:23:24,077
,,1,-0.19,184,538,-1,6971,,,,,,,
,,1,-0.33,184,538,-1,6972,,,,,,,
,,1,-0.144,184,538,-1,6973,,,,,,,
,,7,-2.035,184,539,2272,6974,,,,,,,
,,1,0.456,184,539,-1,6975,,,,,,,
,,1,-0.121,184,539,-1,6976,,,,,,,
,,1,-0.901,184,539,-1,6977,,,,,,,
,,1,-2.018,184,539,-1,6978,,,,,,,
,,1,-0.874,184,539,-1,6979,,,,,,,
,,1,0.29,184,539,-1,6980,,,,,-79,22:23:24,272
,,1,0.977,184,539,-1,6981,,,,,,,
,,1,0.663,184,539,-1,6982,,,,,,,
,,1,0.678,184,539,-1,6983,,,,,,,
,,1,0.394,184,539,-1,6984,,,,,,,
,,1,0.519,184,539,-1,6985,,,,,,,
,,7,1.416,163,540,2272,6986,,,,,,,
,,1,1.214,163,540,-1,6987,,,,,,,
,,1,1.053,163,540,-1,6988,,,,,,,
,,1,0.729,163,540,-1,6989,,,,,,,
52.3465577,4.9078142,1,0.903,163,540,-1,6990,78,18,7,46,-79,22:23:24,469
,,1,0.002,163,540,-1,6991,,,,,,,
,,1,0.827,163,540,-1,6992,,,,,,,
,,1,0.619,163,540,-1,6993,,,,,,,
,,1,-0.458,163,540,-1,6994,,,,,,,
,,1,-0.315,163,540,-1,6995,,,,,,,
,,1,0.104,163,540,-1,6996,,,,,,,
,,1,-0.999,163,540,-1,6997,,,,,,,
,,1,0.062,163,540,-1,6998,,,,,,,
,,7,-1.948,135,541,2212,6999,,,,,,,
,,1,-0.29,135,541,-1,7000,,,,,-79,22:23:24,678
,,1,-0.992,135,541,-1,7001,,,,,,,
,,1,0.966,135,541,-1,7002,,,,,,,
,,1,-0.986,135,541,-1,7003,,,,,,,
,,1,-0.843,135,541,-1,7004,,,,,,,
,,1,-0.664,135,541,-1,7005,,,,,,,
,,1,1.507,135,541,-1,7006,,,,,,,
,,1,1.192,135,541,-1,7007,,,,,,,
,,1,-0.371,135,541,-1,7008,,,,,,,
,,1,-0.118,135,541,-1,7009,,,,,,,
52.3465577,4.9078142,1,1.737,135,541,-1,7010,78,18,7,46,-79,22:23:24,889
,,7,1.934,146,542,2155,7011,,,,,,,
,,1,-0.088,146,542,-1,7012,,,,,,,
,,1,-0.629,146,542,-1,7013,,,,,,,
,,1,0.597,146,542,-1,7014,,,,,,,
,,1,-0.012,146,542,-1,7015,,,,,,,
,,1,-0.585,146,542,-1,7016,,,,,,,
,,1,-0.176,146,542,-1,7017,,,,,,,
,,7,-1.169,87,543,2252,7018,,,,,,,
,,1,0.249,87,543,-1,7019,,,,,,,
,,1,-1.737,87,543,-1,7020,,,,,-81,22:23:25,067
,,1,0.921,87,543,-1,7021,,,,,,,
,,1,-0.288,87,543,-1,7022,,,,,,,
,,1,-0.604,87,543,-1,7023,,,,,,,
,,1,-2.392,87,543,-1,7024,,,,,,,
,,1,-0.557,87,543,-1,7025,,,,,,,
,,1,0.638,87,543,-1,7026,,,,,,,
,,1,1.201,87,543,-1,7027,,,,,,,
,,1,0.459,87,543,-1,7028,,,,,,,
,,1,0.528,87,543,-1,7029,,,,,,,
52.3465689,4.9078876,7,1.183,93,544,2293,7030,76,18,8,46,-81,22:23:25,283
,,1,2.188,93,544,-1,7031,,,,,,,
,,1,0.978,93,544,-1,7032,,,,,,,
,,1,1.534,93,544,-1,7033,,,,,,,
,,1,-0.49,93,544,-1,7034,,,,,,,
,,1,0.131,93,544,-1,7035,,,,,,,
,,1,1.557,93,544,-1,7036,,,,,,,
,,1,0.167,93,544,-1,7037,,,,,,,
,,1,-0.717,93,544,-1,7038,,,,,,,
,,1,0.126,93,544,-1,7039,,,,,,,
52.3465689,4.9078876,1,0.62,93,544,-1,7040,76,18,8,46,-81,22:23:25,472
,,1,-1.034,93,544,-1,7041,,,,,,,
,,1,-0.45,93,544,-1,7042,,,,,,,
,,7,-0.721,106,545,2212,7043,,,,,,,
,,1,-0.468,106,545,-1,7044,,,,,,,
,,1,0.262,106,545,-1,7045,,,,,,,
,,1,-0.661,106,545,-1,7046,,,,,,,
,,1,-1.096,106,545,-1,7047,,,,,,,
,,1,0.677,106,545,-1,7048,,,,,,,
,,1,0.534,106,545,-1,7049,,,,,,,
52.3465689,4.9078876,1,1.501,106,545,-1,7050,76,18,8,46,-81,22:23:25,673
,,1,0.136,106,545,-1,7051,,,,,,,
,,7,0.992,134,546,2272,7052,,,,,,,
,,1,0.91,134,546,-1,7053,,,,,,,
,,1,1.262,134,546,-1,7054,,,,,,,
,,1,2.607,134,546,-1,7055,,,,,,,
,,1,1.057,134,546,-1,7056,,,,,,,
,,1,0.324,134,546,-1,7057,,,,,,,
,,1,-0.354,134,546,-1,7058,,,,,,,
,,1,-0.17,134,546,-1,7059,,,,,,,
52.3465689,4.9078876,1,-0.393,134,546,-1,7060,76,18,8,46,-81,22:23:25,883
,,1,0.391,134,546,-1,7061,,,,,,,
,,1,-0.866,134,546,-1,7062,,,,,,,
,,7,-1.756,152,547,2380,7063,,,,,,,
,,1,-1.258,152,547,-1,7064,,,,,,,
,,1,-0.235,152,547,-1,7065,,,,,,,
,,1,-0.326,152,547,-1,7066,,,,,,,
,,1,-0.984,152,547,-1,7067,,,,,,,
,,1,-1.121,152,547,-1,7068,,,,,,,
,,1,-0.05,152,547,-1,7069,,,,,,,
52.3465816,4.9079729,1,0.595,152,547,-1,7070,76,18,8,46,-81,22:23:26,072
,,1,0.988,152,547,-1,7071,,,,,,,
,,1,1.287,152,547,-1,7072,,,,,,,
,,7,0.5,116,548,2336,7073,,,,,,,
,,1,0.267,116,548,-1,7074,,,,,,,
,,1,0.896,116,548,-1,7075,,,,,,,
,,1,1.366,116,548,-1,7076,,,,,,,
,,1,1.403,116,548,-1,7077,,,,,,,
,,1,0.576,116,548,-1,7078,,,,,,,
,,1,1.088,116,548,-1,7079,,,,,,,
52.3465816,4.9079729,1,0.851,116,548,-1,7080,76,18,8,46,-81,22:23:26,271
,,1,0.907,116,548,-1,7081,,,,,,,
,,1,0.156,116,548,-1,7082,,,,,,,
,,1,-0.32,116,548,-1,7083,,,,,,,
,,1,-0.678,116,548,-1,7084,,,,,,,
,,1,0.188,116,548,-1,7085,,,,,,,
,,1,-0.33,116,548,-1,7086,,,,,,,
,,1,-0.991,116,548,-1,7087,,,,,,,
,,7,-1.798,183,549,2212,7088,,,,,,,
,,1,0.031,183,549,-1,7089,,,,,,,
,,1,-0.22,183,549,-1,7090,,,,,-81,22:23:26,492
,,1,-0.484,183,549,-1,7091,,,,,,,
,,1,-1.494,183,549,-1,7092,,,,,,,
,,1,0.557,183,549,-1,7093,,,,,,,
,,1,-0.032,183,549,-1,7094,,,,,,,
,,1,1.558,183,549,-1,7095,,,,,,,
,,1,0.313,183,549,-1,7096,,,,,,,
,,7,1.328,204,550,2232,7097,,,,,,,
,,1,0.506,204,550,-1,7098,,,,,,,
,,1,1.131,204,550,-1,7099,,,,,,,
,,1,1.552,204,550,-1,7100,,,,,-79,22:23:26,670
,,1,1.25,204,550,-1,7101,,,,,,,
,,1,1.106,204,550,-1,7102,,,,,,,
,,1,-0.267,204,550,-1,7103,,,,,,,
,,1,0.163,204,550,-1,7104,,,,,,,
,,1,0.261,204,550,-1,7105,,,,,,,
,,1,-0.127,204,550,-1,7106,,,,,,,
,,1,-0.473,204,550,-1,7107,,,,,,,
,,7,-1.089,215,551,2272,7108,,,,,,,
,,1,-1.572,215,551,-1,7109,,,,,,,
,,1,-1.102,215,551,-1,7110,,,,,-79,22:23:26,886
,,1,-0.488,215,551,-1,7111,,,,,,,
,,1,-2.238,215,551,-1,7112,,,,,,,
,,1,-0.178,215,551,-1,7113,,,,,,,
,,1,0.032,215,551,-1,7114,,,,,,,
,,1,0.79,215,551,-1,7115,,,,,,,
,,1,0.196,215,551,-1,7116,,,,,,,
,,1,-0.657,215,551,-1,7117,,,,,,,
,,1,0.07,215,551,-1,7118,,,,,,,
,,1,1.369,215,551,-1,7119,,,,,,,
52.3465894,4.9080339,1,1.198,215,551,-1,7120,78,17,8,46,-79,22:23:27,094
,,7,1.154,143,552,2192,7121,,,,,,,
,,1,0.816,143,552,-1,7122,,,,,,,
,,1,-0.1,143,552,-1,7123,,,,,,,
,,1,1.45,143,552,-1,7124,,,,,,,
,,1,1.584,143,552,-1,7125,,,,,,,
,,1,0.411,143,552,-1,7126,,,,,,,
,,1,-0.715,143,552,-1,7127,,,,,,,
,,1,0.71,143,552,-1,7128,,,,,,,
,,1,0.137,143,552,-1,7129,,,,,,,
52.3465894,4.9080339,1,-0.598,143,552,-1,7130,78,17,8,46,-79,22:23:27,271
,,1,-1.708,143,552,-1,7131,,,,,,,
,,7,-0.761,123,553,2136,7132,,,,,,,
,,1,0.147,123,553,-1,7133,,,,,,,
,,1,-0.322,123,553,-1,7134,,,,,,,
,,1,-1.977,123,553,-1,7135,,,,,,,
,,1,-0.519,123,553,-1,7136,,,,,,,
,,1,-1.43,123,553,-1,7137,,,,,,,
,,1,0.39,123,553,-1,7138,,,,,,,
,,1,0.095,123,553,-1,7139,,,,,,,
,,1,0.239,123,553,-1,7140,,,,,-79,22:23:27,473
,,1,0.313,123,553,-1,7141,,,,,,,
,,1,0.52,123,553,-1,7142,,,,,,,
,,1,1.567,123,553,-1,7143,,,,,,,
,,7,1.071,124,554,2173,7144,,,,,,,
,,1,0.718,124,554,-1,7145,,,,,,,
,,1,1.039,124,554,-1,7146,,,,,,,
,,1,1.162,124,554,-1,7147,,,,,,,
,,1,1.164,124,554,-1,7148,,,,,,,
,,1,0.544,124,554,-1,7149,,,,,,,
,,1,0.181,124,554,-1,7150,,,,,-79,22:23:27,683
,,1,-0.068,124,554,-1,7151,,,,,,,
,,1,-0.727,124,554,-1,7152,,,,,,,
,,1,-0.271,124,554,-1,7153,,,,,,,
,,7,-1.125,111,555,2212,7154,,,,,,,
,,1,-0.427,111,555,-1,7155,,,,,,,
,,1,0.085,111,555,-1,7156,,,,,,,
,,1,0.434,111,555,-1,7157,,,,,,,
,,1,-2.024,111,555,-1,7158,,,,,,,
,,1,-0.6,111,555,-1,7159,,,,,,,
,,1,-1.352,111,555,-1,7160,,,,,-79,22:23:27,873
,,1,1.537,111,555,-1,7161,,,,,,,
,,1,-0.228,111,555,-1,7162,,,,,,,
,,1,1.57,111,555,-1,7163,,,,,,,
,,1,-1.545,111,555,-1,7164,,,,,,,
,,1,0.565,111,555,-1,7165,,,,,,,
,,1,0.969,111,555,-1,7166,,,,,,,
,,7,1.862,102,556,2155,7167,,,,,,,
,,1,0.696,102,556,-1,7168,,,,,,,
,,1,1.22,102,556,-1,7169,,,,,,,
52.3465965,4.9080996,1,0.262,102,556,-1,7170,80,14,8,46,-79,22:23:28,066
,,1,0.61,102,556,-1,7171,,,,,,,
,,1,0.546,102,556,-1,7172,,,,,,,
,,1,1.268,102,556,-1,7173,,,,,,,
,,1,0.044,102,556,-1,7174,,,,,,,
,,1,-0.646,102,556,-1,7175,,,,,,,
,,1,0.436,102,556,-1,7176,,,,,,,
,,1,0.021,102,556,-1,7177,,,,,,,
,,1,-0.877,102,556,-1,7178,,,,,,,
,,7,-1.831,87,557,2136,7179,,,,,,,
,,1,-0.642,87,557,-1,7180,,,,,-79,22:23:28,280
,,1,-0.946,87,557,-1,7181,,,,,,,
,,1,-0.259,87,557,-1,7182,,,,,,,
,,1,-0.705,87,557,-1,7183,,,,,,,
,,1,-0.527,87,557,-1,7184,,,,,,,
,,1,-0.565,87,557,-1,7185,,,,,,,
,,1,-0.138,87,557,-1,7186,,,,,,,
,,1,0.705,87,557,-1,7187,,,,,,,
,,1,0.596,87,557,-1,7188,,,,,,,
,,1,0.847,87,557,-1,7189,,,,,,,
,,1,0.203,87,557,-1,7190,,,,,-76,22:23:28,470
,,7,1.631,103,558,2136,7191,,,,,,,
,,1,0.236,103,558,-1,7192,,,,,,,
,,1,1.959,103,558,-1,7193,,,,,,,
,,1,-0.151,103,558,-1,7194,,,,,,,
,,1,0.945,103,558,-1,7195,,,,,,,
,,1,1.588,103,558,-1,7196,,,,,,,
,,1,0.506,103,558,-1,7197,,,,,,,
,,1,0.569,103,558,-1,7198,,,,,,,
,,1,-0.146,103,558,-1,7199,,,,,,,
,,1,-0.359,103,558,-1,7200,,,,,-76,22:23:28,689
,,7,-4.488,122,559,2155,7201,,,,,,,
,,1,-0.225,122,559,-1,7202,,,,,,,
,,1,3.216,122,559,-1,7203,,,,,,,
,,1,-5.251,122,559,-1,7204,,,,,,,
,,1,1.241,122,559,-1,7205,,,,,,,
,,1,-0.91,122,559,-1,7206,,,,,,,
,,1,-3.583,122,559,-1,7207,,,,,,,
,,1,0.763,122,559,-1,7208,,,,,,,
,,1,-0.066,122,559,-1,7209,,,,,,,
,,1,0.112,122,559,-1,7210,,,,,-76,22:23:28,878
,,1,-2.4,122,559,-1,7211,,,,,,,
,,1,1.045,122,559,-1,7212,,,,,,,
,,1,0.784,122,559,-1,7213,,,,,,,
,,1,2.744,122,559,-1,7214,,,,,,,
,,7,1.354,58,560,2118,7215,,,,,,,
,,1,-1.464,58,560,-1,7216,,,,,,,
,,1,-0.764,58,560,-1,7217,,,,,,,
,,1,2.5,58,560,-1,7218,,,,,,,
,,1,2.093,58,560,-1,7219,,,,,,,
52.3466039,4.9081633,1,1.041,58,560,-1,7220,79,15,8,46,-76,22:23:29,071
,,1,-0.273,58,560,-1,7221,,,,,,,
,,1,0.815,58,560,-1,7222,,,,,,,
,,1,0.371,58,560,-1,7223,,,,,,,
,,1,1.898,58,560,-1,7224,,,,,,,
,,1,-1.509,58,560,-1,7225,,,,,,,
,,1,1.231,58,560,-1,7226,,,,,,,
,,1,-0.41,58,560,-1,7227,,,,,,,
,,1,0.75,58,560,-1,7228,,,,,,,
,,1,-0.811,58,560,-1,7229,,,,,,,
52.3466039,4.9081633,1,-1.416,58,560,-1,7230,79,15,8,46,-76,22:23:29,287
,,7,-0.138,81,561,2000,7231,,,,,,,
,,1,-1.269,81,561,-1,7232,,,,,,,
,,1,-0.293,81,561,-1,7233,,,,,,,
,,1,-0.999,81,561,-1,7234,,,,,,,
,,1,-0.243,81,561,-1,7235,,,,,,,
,,1,0.086,81,561,-1,7236,,,,,,,
,,1,0.118,81,561,-1,7237,,,,,,,
,,1,0.14,81,561,-1,7238,,,,,,,
,,1,1.434,81,561,-1,7239,,,,,,,
52.3466039,4.9081633,1,-0.577,81,561,-1,7240,79,15,8,46,-76,22:23:29,492
,,1,0.772,81,561,-1,7241,,,,,,,
,,7,2.289,90,562,1941,7242,,,,,,,
,,1,0.248,90,562,-1,7243,,,,,,,
,,1,1.835,90,562,-1,7244,,,,,,,
,,1,0.895,90,562,-1,7245,,,,,,,
,,1,1.174,90,562,-1,7246,,,,,,,
,,1,0.892,90,562,-1,7247,,,,,,,
,,1,2.769,90,562,-1,7248,,,,,,,
,,1,-0.867,90,562,-1,7249,,,,,,,
52.3466039,4.9081633,1,1.08,90,562,-1,7250,79,15,8,46,-76,22:23:29,672
,,1,0.671,90,562,-1,7251,,,,,,,
,,1,0.206,90,562,-1,7252,,,,,,,
,,1,-1.667,90,562,-1,7253,,,,,,,
,,1,1.188,90,562,-1,7254,,,,,,,
,,1,-0.147,90,562,-1,7255,,,,,,,
,,1,-2.342,90,562,-1,7256,,,,,,,
,,7,1.045,139,563,1869,7257,,,,,,,
,,1,2.538,139,563,-1,7258,,,,,,,
,,1,-6.3,139,563,-1,7259,,,,,,,
,,1,3.973,139,563,-1,7260,,,,,-76,22:23:29,867
,,1,-2.896,139,563,-1,7261,,,,,,,
,,1,1.205,139,563,-1,7262,,,,,,,
,,1,-4.141,139,563,-1,7263,,,,,,,
,,1,1.465,139,563,-1,7264,,,,,,,
,,1,-0.536,139,563,-1,7265,,,,,,,
,,1,1.873,139,563,-1,7266,,,,,,,
,,1,-0.517,139,563,-1,7267,,,,,,,
,,1,0.283,139,563,-1,7268,,,,,,,
,,1,0.839,139,563,-1,7269,,,,,,,
52.346606,4.9082149,1,1.498,139,563,-1,7270,80,14,8,46,-76,22:23:30,077
,,7,1.688,155,564,1785,7271,,,,,,,
,,1,-0.654,155,564,-1,7272,,,,,,,
,,1,1.943,155,564,-1,7273,,,,,,,
,,1,1.271,155,564,-1,7274,,,,,,,
,,1,0.912,155,564,-1,7275,,,,,,,
,,1,0.97,155,564,-1,7276,,,,,,,
,,1,-0.01,155,564,-1,7277,,,,,,,
,,1,1.236,155,564,-1,7278,,,,,,,
,,1,-0.046,155,564,-1,7279,,,,,,,
,,1,-0.306,155,564,-1,7280,,,,,-79,22:23:30,273
,,1,0.18,155,564,-1,7281,,,,,,,
,,1,0.685,155,564,-1,7282,,,,,,,
,,1,-0.736,155,564,-1,7283,,,,,,,
,,7,-2.243,170,565,1834,7284,,,,,,,
,,1,2.223,170,565,-1,7285,,,,,,,
,,1,-3.18,170,565,-1,7286,,,,,,,
,,1,-0.603,170,565,-1,7287,,,,,,,
,,1,-1.433,170,565,-1,7288,,,,,,,
,,1,0.353,170,565,-1,7289,,,,,,,
,,1,-1.669,170,565,-1,7290,,,,,-79,22:23:30,468
,,1,2.379,170,565,-1,7291,,,,,,,
,,1,-2.817,170,565,-1,7292,,,,,,,
,,1,3.625,170,565,-1,7293,,,,,,,
,,1,1.806,170,565,-1,7294,,,,,,,
,,1,-4.061,170,565,-1,7295,,,,,,,
,,1,0.608,170,565,-1,7296,,,,,,,
,,1,-1.286,170,565,-1,7297,,,,,,,
,,1,2.177,170,565,-1,7298,,,,,,,
,,1,-1.943,170,565,-1,7299,,,,,,,
,,1,2.483,170,565,-1,7300,,,,,-79,22:23:30,694
,,1,-0.452,170,565,-1,7301,,,,,,,
,,7,1.552,210,566,1769,7302,,,,,,,
,,1,0.548,210,566,-1,7303,,,,,,,
,,1,1.982,210,566,-1,7304,,,,,,,
,,1,1.192,210,566,-1,7305,,,,,,,
,,1,1.394,210,566,-1,7306,,,,,,,
,,1,0.559,210,566,-1,7307,,,,,,,
,,1,0.991,210,566,-1,7308,,,,,,,
,,1,1.194,210,566,-1,7309,,,,,,,
52.346606,4.9082149,1,0.96,210,566,-1,7310,80,14,8,46,-79,22:23:30,888
,,1,-0.479,210,566,-1,7311,,,,,,,
,,1,-0.056,210,566,-1,7312,,,,,,,
,,1,-0.723,210,566,-1,7313,,,,,,,
,,1,1.506,210,566,-1,7314,,,,,,,
,,1,-1.7,210,566,-1,7315,,,,,,,
,,7,-1.469,232,567,1680,7316,,,,,,,
,,1,1.891,232,567,-1,7317,,,,,,,
,,1,0.076,232,567,-1,7318,,,,,,,
,,1,-2.961,232,567,-1,7319,,,,,,,
52.3466121,4.9082566,1,-0.787,232,567,-1,7320,73,11,7,46,-79,22:23:31,081
,,1,-2.232,232,567,-1,7321,,,,,,,
,,1,-0.065,232,567,-1,7322,,,,,,,
,,1,-0.769,232,567,-1,7323,,,,,,,
,,1,-1.24,232,567,-1,7324,,,,,,,
,,1,-1.954,232,567,-1,7325,,,,,,,
,,1,0.687,232,567,-1,7326,,,,,,,
,,1,-0.237,232,567,-1,7327,,,,,,,
,,1,2.224,232,567,-1,7328,,,,,,,
,,1,-1.592,232,567,-1,7329,,,,,,,
,,1,-0.42,232,567,-1,7330,,,,,-79,22:23:31,296
,,1,1.075,232,567,-1,7331,,,,,,,
,,1,2.785,232,567,-1,7332,,,,,,,
,,7,-0.785,156,568,1652,7333,,,,,,,
,,1,1.095,156,568,-1,7334,,,,,,,
,,1,-1.296,156,568,-1,7335,,,,,,,
,,1,2.313,156,568,-1,7336,,,,,,,
,,1,1.205,156,568,-1,7337,,,,,,,
,,1,2.46,156,568,-1,7338,,,,,,,
,,1,0.391,156,568,-1,7339,,,,,,,
,,1,1.136,156,568,-1,7340,,,,,-79,22:23:31,474
,,1,1.021,156,568,-1,7341,,,,,,,
,,1,1.623,156,568,-1,7342,,,,,,,
,,1,0.612,156,568,-1,7343,,,,,,,
,,1,0.04,156,568,-1,7344,,,,,,,
,,1,0.23,156,568,-1,7345,,,,,,,
,,1,0.157,156,568,-1,7346,,,,,,,
,,1,2.105,156,568,-1,7347,,,,,,,
,,1,0.546,156,568,-1,7348,,,,,,,
,,1,-0.993,156,568,-1,7349,,,,,,,
52.3466121,4.9082566,1,0.783,156,568,-1,7350,73,11,7,46,-79,22:23:31,668
,,1,0.493,156,568,-1,7351,,,,,,,
,,1,-0.759,156,568,-1,7352,,,,,,,
,,1,-1.266,156,568,-1,7353,,,,,,,
,,7,-0.148,189,569,1485,7354,,,,,,,
,,1,-0.479,189,569,-1,7355,,,,,,,
,,1,-0.12,189,569,-1,7356,,,,,,,
,,1,-2.025,189,569,-1,7357,,,,,,,
,,1,-0.414,189,569,-1,7358,,,,,,,
,,1,1.273,189,569,-1,7359,,,,,,,
,,1,-1.815,189,569,-1,7360,,,,,-73,22:23:31,909
,,1,-3.633,189,569,-1,7361,,,,,,,
,,1,-0.624,189,569,-1,7362,,,,,,,
,,1,0.66,189,569,-1,7363,,,,,,,
,,1,0.248,189,569,-1,7364,,,,,,,
,,1,-0.533,189,569,-1,7365,,,,,,,
,,1,0.104,189,569,-1,7366,,,,,,,
,,1,0.775,189,569,-1,7367,,,,,,,
,,1,2.075,189,569,-1,7368,,,,,,,
,,1,-6.188,189,569,-1,7369,,,,,,,
52.3466149,4.9082626,1,3.9,189,569,-1,7370,0,1,7,46,-73,22:23:32,072
,,1,-0.049,189,569,-1,7371,,,,,,,
,,7,4.287,119,570,1388,7372,,,,,,,
,,1,-2.73,119,570,-1,7373,,,,,,,
,,1,-2.022,119,570,-1,7374,,,,,,,
,,8,-1.155,55,570,-1,7375,,,,,,,
,,1,2.015,55,570,-1,7376,,,,,,,
,,1,2.547,55,570,-1,7377,,,,,,,
,,1,-2.401,55,570,-1,7378,,,,,,,
,,1,0.688,55,570,-1,7379,,,,,,,
,,1,1.704,55,570,-1,7380,,,,,-73,22:23:32,306
,,6,1.461,133,570,-1,7381,,,,,,,
,,1,1.835,133,570,-1,7382,,,,,,,
,,1,0.354,133,570,-1,7383,,,,,,,
,,1,-0.362,133,570,-1,7384,,,,,,,
,,1,0.053,133,570,-1,7385,,,,,,,
,,1,1.191,133,570,-1,7386,,,,,,,
,,1,-0.754,133,570,-1,7387,,,,,,,
,,1,-0.841,133,570,-1,7388,,,,,,,
,,1,-0.021,133,570,-1,7389,,,,,,,
,,6,-0.799,66,571,-1,7390,,,,,-73,22:23:32,476
,,1,-0.989,66,571,-1,7391,,,,,,,
,,1,-0.747,66,571,-1,7392,,,,,,,
,,1,-0.246,66,571,-1,7393,,,,,,,
,,1,-2.151,66,571,-1,7394,,,,,,,
,,1,-0.404,66,571,-1,7395,,,,,,,
,,1,-1.554,66,571,-1,7396,,,,,,,
,,1,-0.332,66,571,-1,7397,,,,,,,
,,1,-1.013,66,571,-1,7398,,,,,,,
,,1,-1.361,66,571,-1,7399,,,,,,,
,,1,-1.098,66,571,-1,7400,,,,,-73,22:23:32,672
,,1,-1.045,66,571,-1,7401,,,,,,,
,,1,-0.647,66,571,-1,7402,,,,,,,
,,1,-0.371,66,571,-1,7403,,,,,,,
,,1,0.015,66,571,-1,7404,,,,,,,
,,1,-0.67,66,571,-1,7405,,,,,,,
,,1,-0.223,66,571,-1,7406,,,,,,,
,,1,0.867,66,571,-1,7407,,,,,,,
,,1,1.988,66,571,-1,7408,,,,,,,
,,6,0.321,0,572,-1,7409,,,,,,,
,,1,-0.387,0,572,-1,7410,,,,,-73,22:23:32,872
,,1,1.059,0,572,-1,7411,,,,,,,
,,1,1.887,0,572,-1,7412,,,,,,,
,,1,1.075,0,572,-1,7413,,,,,,,
,,1,0.673,0,572,-1,7414,,,,,,,
,,1,0.644,0,572,-1,7415,,,,,,,
,,1,1.161,0,572,-1,7416,,,,,,,
,,1,1.548,0,572,-1,7417,,,,,,,
,,1,0.867,0,572,-1,7418,,,,,,,
,,1,0.931,0,572,-1,7419,,,,,,,
52.3466345,4.9082891,1,1.37,0,572,-1,7420,12,9,7,46,-73,22:23:33,076
,,1,0.591,0,572,-1,7421,,,,,,,
,,1,0.684,0,572,-1,7422,,,,,,,
,,1,-0.018,0,572,-1,7423,,,,,,,
,,1,1.064,0,572,-1,7424,,,,,,,
,,1,-0.299,0,572,-1,7425,,,,,,,
,,1,0.134,0,572,-1,7426,,,,,,,
,,1,0.238,0,572,-1,7427,,,,,,,
,,1,-0.318,0,572,-1,7428,,,,,,,
,,1,-0.641,0,572,-1,7429,,,,,,,
,,1,-0.276,0,572,-1,7430,,,,,-73,22:23:33,292
,,1,-0.668,0,572,-1,7431,,,,,,,
,,6,-0.884,-8,573,-1,7432,,,,,,,
,,1,-0.89,-8,573,-1,7433,,,,,,,
,,1,-0.749,-8,573,-1,7434,,,,,,,
,,1,-1.578,-8,573,-1,7435,,,,,,,
,,1,-1.655,-8,573,-1,7436,,,,,,,
,,1,-1.125,-8,573,-1,7437,,,,,,,
,,1,-0.191,-8,573,-1,7438,,,,,,,
,,1,-0.768,-8,573,-1,7439,,,,,,,
,,1,-1.493,-8,573,-1,7440,,,,,-73,22:23:33,469
,,1,-1.194,-8,573,-1,7441,,,,,,,
,,1,-1.338,-8,573,-1,7442,,,,,,,
,,1,-0.521,-8,573,-1,7443,,,,,,,
,,1,-0.322,-8,573,-1,7444,,,,,,,
,,1,0.016,-8,573,-1,7445,,,,,,,
,,1,-0.464,-8,573,-1,7446,,,,,,,
,,1,-0.313,-8,573,-1,7447,,,,,,,
,,1,0.071,-8,573,-1,7448,,,,,,,
,,1,0.415,-8,573,-1,7449,,,,,,,
,,1,0.851,-8,573,-1,7450,,,,,-81,22:23:33,691
,,1,0.603,-8,573,-1,7451,,,,,,,
,,6,-0.022,-75,574,-1,7452,,,,,,,
,,1,0.492,-75,574,-1,7453,,,,,,,
,,1,0.452,-75,574,-1,7454,,,,,,,
,,1,1.401,-75,574,-1,7455,,,,,,,
,,1,1.029,-75,574,-1,7456,,,,,,,
,,1,0.766,-75,574,-1,7457,,,,,,,
,,1,-0.008,-75,574,-1,7458,,,,,,,
,,1,0.421,-75,574,-1,7459,,,,,,,
,,1,1.872,-75,574,-1,7460,,,,,-81,22:23:33,873
,,1,0.807,-75,574,-1,7461,,,,,,,
,,1,2.131,-75,574,-1,7462,,,,,,,
,,1,0.64,-75,574,-1,7463,,,,,,,
,,1,0.64,-75,574,-1,7464,,,,,,,
,,1,0.938,-75,574,-1,7465,,,,,,,
,,1,1.113,-75,574,-1,7466,,,,,,,
,,1,1.143,-75,574,-1,7467,,,,,,,
,,1,0.435,-75,574,-1,7468,,,,,,,
,,1,0.261,-75,574,-1,7469,,,,,,,
52.3466455,4.9083139,1,0.902,-75,574,-1,7470,29,6,7,46,-81,22:23:34,068
,,1,1.255,-75,574,-1,7471,,,,,,,
,,1,0.77,-75,574,-1,7472,,,,,,,
,,1,0.28,-75,574,-1,7473,,,,,,,
,,1,0.487,-75,574,-1,7474,,,,,,,
,,1,0.359,-75,574,-1,7475,,,,,,,
,,1,0.012,-75,574,-1,7476,,,,,,,
,,1,-0.039,-75,574,-1,7477,,,,,,,
,,1,0.482,-75,574,-1,7478,,,,,,,
,,1,-1.07,-75,574,-1,7479,,,,,,,
,,1,-0.004,-75,574,-1,7480,,,,,-81,22:23:34,277
,,1,0.416,-75,574,-1,7481,,,,,,,
,,1,-1.011,-75,574,-1,7482,,,,,,,
,,1,-0.295,-75,574,-1,7483,,,,,,,
,,1,-0.485,-75,574,-1,7484,,,,,,,
,,1,-0.249,-75,574,-1,7485,,,,,,,
,,1,-0.589,-75,574,-1,7486,,,,,,,
,,7,-1.052,51,575,1071,7487,,,,,,,
,,1,-1.401,51,575,-1,7488,,,,,,,
,,1,-0.008,51,575,-1,7489,,,,,,,
,,1,-1.235,51,575,-1,7490,,,,,-81,22:23:34,517
,,1,-0.35,51,575,-1,7491,,,,,,,
,,1,-1.734,51,575,-1,7492,,,,,,,
,,1,-0.606,51,575,-1,7493,,,,,,,
,,1,-0.655,51,575,-1,7494,,,,,,,
,,1,-0.601,51,575,-1,7495,,,,,,,
,,1,-1.501,51,575,-1,7496,,,,,,,
,,1,-0.561,51,575,-1,7497,,,,,,,
,,1,-0.473,51,575,-1,7498,,,,,,,
,,1,-1.361,51,575,-1,7499,,,,,,,
,,1,-2.482,51,575,-1,7500,,,,,-81,22:23:34,668
,,1,-0.714,51,575,-1,7501,,,,,,,
,,1,-1.16,51,575,-1,7502,,,,,,,
,,1,0.251,51,575,-1,7503,,,,,,,
,,1,-0.535,51,575,-1,7504,,,,,,,
,,1,-0.81,51,575,-1,7505,,,,,,,
,,1,-1.124,51,575,-1,7506,,,,,,,
,,1,-0.639,51,575,-1,7507,,,,,,,
,,1,-0.436,51,575,-1,7508,,,,,,,
,,1,0.168,51,575,-1,7509,,,,,,,
,,1,-0.492,51,575,-1,7510,,,,,-81,22:23:34,877
,,1,-0.389,51,575,-1,7511,,,,,,,
,,1,-0.818,51,575,-1,7512,,,,,,,
,,1,0.258,51,575,-1,7513,,,,,,,
,,1,0.323,51,575,-1,7514,,,,,,,
,,1,0.565,51,575,-1,7515,,,,,,,
,,1,-0.175,51,575,-1,7516,,,,,,,
,,1,-0.467,51,575,-1,7517,,,,,,,
,,1,0.081,51,575,-1,7518,,,,,,,
,,1,0.5,51,575,-1,7519,,,,,,,
52.3466554,4.9083103,1,0.694,51,575,-1,7520,0,3,7,46,-81,22:23:35,073
,,1,-0.012,51,575,-1,7521,,,,,,,
,,1,0.46,51,575,-1,7522,,,,,,,
,,1,0.426,51,575,-1,7523,,,,,,,
,,7,1.089,51,576,787,7524,,,,,,,
,,1,0.646,51,576,-1,7525,,,,,,,
,,1,0.579,51,576,-1,7526,,,,,,,
,,1,0.587,51,576,-1,7527,,,,,,,
,,1,0.759,51,576,-1,7528,,,,,,,
,,1,1.01,51,576,-1,7529,,,,,,,
,,1,0.618,51,576,-1,7530,,,,,-81,22:23:35,292
,,1,1.216,51,576,-1,7531,,,,,,,
,,1,0.756,51,576,-1,7532,,,,,,,
,,1,1.193,51,576,-1,7533,,,,,,,
,,1,1.188,51,576,-1,7534,,,,,,,
,,1,1.02,51,576,-1,7535,,,,,,,
,,1,1.104,51,576,-1,7536,,,,,,,
,,1,0.802,51,576,-1,7537,,,,,,,
,,1,0.767,51,576,-1,7538,,,,,,,
,,1,1.045,51,576,-1,7539,,,,,,,
,,1,0.81,51,576,-1,7540,,,,,-82,22:23:35,477
,,1,1.015,51,576,-1,7541,,,,,,,
,,1,0.869,51,576,-1,7542,,,,,,,
,,1,0.967,51,576,-1,7543,,,,,,,
,,1,0.455,51,576,-1,7544,,,,,,,
,,1,1.119,51,576,-1,7545,,,,,,,
,,1,0.601,51,576,-1,7546,,,,,,,
,,1,1.351,51,576,-1,7547,,,,,,,
,,1,0.554,51,576,-1,7548,,,,,,,
,,1,0.748,51,576,-1,7549,,,,,,,
,,1,0.675,51,576,-1,7550,,,,,-82,22:23:35,671
,,1,0.634,51,576,-1,7551,,,,,,,
,,1,0.837,51,576,-1,7552,,,,,,,
,,1,0.421,51,576,-1,7553,,,,,,,
,,1,0.392,51,576,-1,7554,,,,,,,
,,1,0.527,51,576,-1,7555,,,,,,,
,,1,0.628,51,576,-1,7556,,,,,,,
,,1,0.387,51,576,-1,7557,,,,,,,
,,1,0.026,51,576,-1,7558,,,,,,,
,,1,0.611,51,576,-1,7559,,,,,,,
,,1,0.032,51,576,-1,7560,,,,,-82,22:23:35,869
,,1,0.112,51,576,-1,7561,,,,,,,
,,1,0.185,51,576,-1,7562,,,,,,,
,,1,0.076,51,576,-1,7563,,,,,,,
,,1,-0.043,51,576,-1,7564,,,,,,,
,,1,0.0,51,576,-1,7565,,,,,,,
,,1,0.222,51,576,-1,7566,,,,,,,
,,1,-0.142,51,576,-1,7567,,,,,,,
,,1,-0.246,51,576,-1,7568,,,,,,,
,,1,-0.129,51,576,-1,7569,,,,,,,
,,1,-0.318,51,576,-1,7570,,,,,-82,22:23:36,098
,,1,-0.266,51,576,-1,7571,,,,,,,
,,1,-0.431,51,576,-1,7572,,,,,,,
,,1,-0.463,51,576,-1,7573,,,,,,,
,,7,-0.419,51,577,628,7574,,,,,,,
,,1,-0.695,51,577,-1,7575,,,,,,,
,,1,-0.847,51,577,-1,7576,,,,,,,
,,1,-0.723,51,577,-1,7577,,,,,,,
,,1,-0.341,51,577,-1,7578,,,,,,,
,,1,-0.413,51,577,-1,7579,,,,,,,
52.3466632,4.9083027,1,-1.129,51,577,-1,7580,340,4,6,46,-82,22:23:36,274
,,1,-0.872,51,577,-1,7581,,,,,,,
,,1,-0.425,51,577,-1,7582,,,,,,,
,,1,-0.866,51,577,-1,7583,,,,,,,
,,1,-0.74,51,577,-1,7584,,,,,,,
,,1,-0.977,51,577,-1,7585,,,,,,,
,,1,-0.888,51,577,-1,7586,,,,,,,
,,1,-0.739,51,577,-1,7587,,,,,,,
,,1,-0.839,51,577,-1,7588,,,,,,,
,,1,-1.031,51,577,-1,7589,,,,,,,
,,1,-0.59,51,577,-1,7590,,,,,-82,22:23:36,471
,,1,-0.79,51,577,-1,7591,,,,,,,
,,1,-0.956,51,577,-1,7592,,,,,,,
,,1,-1.106,51,577,-1,7593,,,,,,,
,,1,-1.071,51,577,-1,7594,,,,,,,
,,1,-1.178,51,577,-1,7595,,,,,,,
,,1,-0.492,51,577,-1,7596,,,,,,,
,,1,-1.355,51,577,-1,7597,,,,,,,
,,1,-2.269,51,577,-1,7598,,,,,,,
,,1,-0.499,51,577,-1,7599,,,,,,,
,,1,-1.438,51,577,-1,7600,,,,,-82,22:23:36,678
,,1,-0.972,51,577,-1,7601,,,,,,,
,,1,-0.595,51,577,-1,7602,,,,,,,
,,1,-0.837,51,577,-1,7603,,,,,,,
,,1,-0.697,51,577,-1,7604,,,,,,,
,,1,-0.838,51,577,-1,7605,,,,,,,
,,1,-0.892,51,577,-1,7606,,,,,,,
,,1,-0.797,51,577,-1,7607,,,,,,,
,,1,-0.536,51,577,-1,7608,,,,,,,
,,1,-0.826,51,577,-1,7609,,,,,,,
,,1,-0.791,51,577,-1,7610,,,,,-82,22:23:36,872
,,1,-0.812,51,577,-1,7611,,,,,,,
,,1,-0.96,51,577,-1,7612,,,,,,,
,,1,-0.45,51,577,-1,7613,,,,,,,
,,1,-0.861,51,577,-1,7614,,,,,,,
,,1,-0.381,51,577,-1,7615,,,,,,,
,,1,-0.55,51,577,-1,7616,,,,,,,
,,1,-0.166,51,577,-1,7617,,,,,,,
,,1,0.101,51,577,-1,7618,,,,,,,
,,1,0.17,51,577,-1,7619,,,,,,,
52.3466749,4.9083068,1,-0.019,51,577,-1,7620,351,4,6,46,-80,22:23:37,065
,,1,-0.339,51,577,-1,7621,,,,,,,
,,1,-0.389,51,577,-1,7622,,,,,,,
,,1,0.182,51,577,-1,7623,,,,,,,
,,1,0.65,51,577,-1,7624,,,,,,,
,,1,0.27,51,577,-1,7625,,,,,,,
,,1,0.288,51,577,-1,7626,,,,,,,
,,1,0.432,51,577,-1,7627,,,,,,,
,,1,0.361,51,577,-1,7628,,,,,,,
,,1,0.69,51,577,-1,7629,,,,,,,
,,7,0.811,51,578,471,7630,,,,,-80,22:23:37,278
,,1,0.61,51,578,-1,7631,,,,,,,
,,1,0.981,51,578,-1,7632,,,,,,,
,,1,0.29,51,578,-1,7633,,,,,,,
,,1,1.055,51,578,-1,7634,,,,,,,
,,1,0.827,51,578,-1,7635,,,,,,,
,,1,1.116,51,578,-1,7636,,,,,,,
,,1,0.969,51,578,-1,7637,,,,,,,
,,1,1.104,51,578,-1,7638,,,,,,,
,,1,0.32,51,578,-1,7639,,,,,,,
,,1,1.608,51,578,-1,7640,,,,,-80,22:23:37,533
,,1,1.266,51,578,-1,7641,,,,,,,
,,1,1.107,51,578,-1,7642,,,,,,,
,,1,0.886,51,578,-1,7643,,,,,,,
,,1,0.885,51,578,-1,7644,,,,,,,
,,1,0.701,51,578,-1,7645,,,,,,,
,,1,0.885,51,578,-1,7646,,,,,,,
,,1,0.384,51,578,-1,7647,,,,,,,
,,1,0.71,51,578,-1,7648,,,,,,,
,,1,0.639,51,578,-1,7649,,,,,,,
,,1,0.313,51,578,-1,7650,,,,,-80,22:23:37,681
,,1,-0.166,51,578,-1,7651,,,,,,,
,,1,0.265,51,578,-1,7652,,,,,,,
,,1,1.222,51,578,-1,7653,,,,,,,
,,1,-0.964,51,578,-1,7654,,,,,,,
,,1,0.389,51,578,-1,7655,,,,,,,
,,1,0.158,51,578,-1,7656,,,,,,,
,,1,-0.348,51,578,-1,7657,,,,,,,
,,1,0.012,51,578,-1,7658,,,,,,,
,,1,-0.359,51,578,-1,7659,,,,,,,
,,1,-0.617,51,578,-1,7660,,,,,-80,22:23:37,878
,,1,-0.225,51,578,-1,7661,,,,,,,
,,1,-0.33,51,578,-1,7662,,,,,,,
,,7,-1.341,51,579,512,7663,,,,,,,
,,1,-1.014,51,579,-1,7664,,,,,,,
,,1,-1.085,51,579,-1,7665,,,,,,,
,,1,0.003,51,579,-1,7666,,,,,,,
,,1,-0.842,51,579,-1,7667,,,,,,,
,,1,-1.501,51,579,-1,7668,,,,,,,
,,1,-1.394,51,579,-1,7669,,,,,,,
52.3466893,4.9083053,1,-0.012,51,579,-1,7670,0,6,6,46,-80,22:23:38,072
,,1,-1.291,51,579,-1,7671,,,,,,,
,,1,-1.268,51,579,-1,7672,,,,,,,
,,1,-1.346,51,579,-1,7673,,,,,,,
,,1,-0.592,51,579,-1,7674,,,,,,,
,,1,-0.718,51,579,-1,7675,,,,,,,
,,1,-0.375,51,579,-1,7676,,,,,,,
,,1,-1.611,51,579,-1,7677,,,,,,,
,,1,-0.601,51,579,-1,7678,,,,,,,
,,1,-0.719,51,579,-1,7679,,,,,,,
,,1,-0.619,51,579,-1,7680,,,,,-80,22:23:38,328
,,1,-0.608,51,579,-1,7681,,,,,,,
,,1,-0.665,51,579,-1,7682,,,,,,,
,,1,0.194,51,579,-1,7683,,,,,,,
,,1,0.92,51,579,-1,7684,,,,,,,
,,1,0.118,51,579,-1,7685,,,,,,,
,,1,-0.646,51,579,-1,7686,,,,,,,
,,1,0.121,51,579,-1,7687,,,,,,,
,,1,0.788,51,579,-1,7688,,,,,,,
,,1,0.757,51,579,-1,7689,,,,,,,
52.3466893,4.9083053,1,0.225,51,579,-1,7690,0,6,6,46,-80,22:23:38,480
,,1,0.179,51,579,-1,7691,,,,,,,
,,1,0.997,51,579,-1,7692,,,,,,,
,,7,1.301,51,580,657,7693,,,,,,,
,,1,1.117,51,580,-1,7694,,,,,,,
,,1,0.947,51,580,-1,7695,,,,,,,
,,1,0.834,51,580,-1,7696,,,,,,,
,,1,0.846,51,580,-1,7697,,,,,,,
,,1,1.206,51,580,-1,7698,,,,,,,
,,1,1.38,51,580,-1,7699,,,,,,,
,,1,0.924,51,580,-1,7700,,,,,-80,22:23:38,672
,,1,0.517,51,580,-1,7701,,,,,,,
,,1,0.775,51,580,-1,7702,,,,,,,
,,1,0.469,51,580,-1,7703,,,,,,,
,,1,1.19,51,580,-1,7704,,,,,,,
,,1,0.834,51,580,-1,7705,,,,,,,
,,1,0.557,51,580,-1,7706,,,,,,,
,,1,-0.274,51,580,-1,7707,,,,,,,
,,1,0.632,51,580,-1,7708,,,,,,,
,,1,0.271,51,580,-1,7709,,,,,,,
52.3466893,4.9083053,1,0.155,51,580,-1,7710,0,6,6,46,-78,22:23:38,867
,,1,0.117,51,580,-1,7711,,,,,,,
,,1,0.092,51,580,-1,7712,,,,,,,
,,1,-0.218,51,580,-1,7713,,,,,,,
,,1,-1.02,51,580,-1,7714,,,,,,,
,,7,-0.931,51,581,869,7715,,,,,,,
,,1,-0.562,51,581,-1,7716,,,,,,,
,,1,-0.874,51,581,-1,7717,,,,,,,
,,1,-0.7,51,581,-1,7718,,,,,,,
,,1,-1.082,51,581,-1,7719,,,,,,,
52.3467123,4.9083028,1,-1.4,51,581,-1,7720,355,9,7,46,-78,22:23:39,081
,,1,-1.158,51,581,-1,7721,,,,,,,
,,1,-0.732,51,581,-1,7722,,,,,,,
,,1,-0.729,51,581,-1,7723,,,,,,,
,,1,-0.612,51,581,-1,7724,,,,,,,
,,1,-0.993,51,581,-1,7725,,,,,,,
,,1,-1.36,51,581,-1,7726,,,,,,,
,,1,-1.039,51,581,-1,7727,,,,,,,
,,1,-0.39,51,581,-1,7728,,,,,,,
,,1,-0.511,51,581,-1,7729,,,,,,,
,,1,-0.015,51,581,-1,7730,,,,,-78,22:23:39,274
,,1,-0.793,51,581,-1,7731,,,,,,,
,,1,0.254,51,581,-1,7732,,,,,,,
,,1,0.022,51,581,-1,7733,,,,,,,
,,1,0.282,51,581,-1,7734,,,,,,,
,,1,0.019,51,581,-1,7735,,,,,,,
,,1,0.642,51,581,-1,7736,,,,,,,
,,1,0.294,51,581,-1,7737,,,,,,,
,,1,0.607,51,581,-1,7738,,,,,,,
,,7,0.933,51,582,931,7739,,,,,,,
,,1,0.833,51,582,-1,7740,,,,,-78,22:23:39,470
,,1,1.037,51,582,-1,7741,,,,,,,
,,1,1.196,51,582,-1,7742,,,,,,,
,,1,0.873,51,582,-1,7743,,,,,,,
,,1,1.496,51,582,-1,7744,,,,,,,
,,1,0.641,51,582,-1,7745,,,,,,,
,,1,0.913,51,582,-1,7746,,,,,,,
,,1,0.773,51,582,-1,7747,,,,,,,
,,1,1.271,51,582,-1,7748,,,,,,,
,,1,0.209,51,582,-1,7749,,,,,,,
,,1,0.255,51,582,-1,7750,,,,,-78,22:23:39,677
,,1,0.706,51,582,-1,7751,,,,,,,
,,1,-0.647,51,582,-1,7752,,,,,,,
,,1,3.127,51,582,-1,7753,,,,,,,
,,1,1.633,51,582,-1,7754,,,,,,,
,,1,-1.544,51,582,-1,7755,,,,,,,
,,1,0.38,51,582,-1,7756,,,,,,,
,,1,4.971,51,582,-1,7757,,,,,,,
,,1,-2.438,51,582,-1,7758,,,,,,,
,,1,2.386,51,582,-1,7759,,,,,,,
,,1,-1.918,51,582,-1,7760,,,,,-78,22:23:39,888
,,1,0.064,51,582,-1,7761,,,,,,,
,,1,-0.407,51,582,-1,7762,,,,,,,
,,7,-1.939,51,583,1027,7763,,,,,,,
,,1,-0.768,51,583,-1,7764,,,,,,,
,,1,-0.438,51,583,-1,7765,,,,,,,
,,1,-2.259,51,583,-1,7766,,,,,,,
,,1,0.367,51,583,-1,7767,,,,,,,
,,1,-2.17,51,583,-1,7768,,,,,,,
,,1,0.785,51,583,-1,7769,,,,,,,
52.3467381,4.9082975,1,-0.693,51,583,-1,7770,355,10,7,46,-78,22:23:40,067
,,1,-0.604,51,583,-1,7771,,,,,,,
,,1,-1.673,51,583,-1,7772,,,,,,,
,,1,-0.825,51,583,-1,7773,,,,,,,
,,1,4.174,51,583,-1,7774,,,,,,,
,,1,-0.597,51,583,-1,7775,,,,,,,
,,7,1.277,81,584,1145,7776,,,,,,,
,,1,-1.054,81,584,-1,7777,,,,,,,
,,1,0.826,81,584,-1,7778,,,,,,,
,,1,-0.786,81,584,-1,7779,,,,,,,
,,1,3.701,81,584,-1,7780,,,,,-78,22:23:40,278
,,1,-1.406,81,584,-1,7781,,,,,,,
,,1,-1.317,81,584,-1,7782,,,,,,,
,,1,4.711,81,584,-1,7783,,,,,,,
,,1,-0.045,81,584,-1,7784,,,,,,,
,,1,-0.482,81,584,-1,7785,,,,,,,
,,1,2.665,81,584,-1,7786,,,,,,,
,,1,2.188,81,584,-1,7787,,,,,,,
,,1,-0.336,81,584,-1,7788,,,,,,,
,,1,-0.019,81,584,-1,7789,,,,,,,
,,1,1.537,81,584,-1,7790,,,,,-75,22:23:40,517
,,1,0.405,81,584,-1,7791,,,,,,,
,,1,0.361,81,584,-1,7792,,,,,,,
,,1,0.282,81,584,-1,7793,,,,,,,
,,1,0.021,81,584,-1,7794,,,,,,,
,,1,0.358,81,584,-1,7795,,,,,,,
,,1,0.102,81,584,-1,7796,,,,,,,
,,1,-1.116,81,584,-1,7797,,,,,,,
,,1,-0.638,81,584,-1,7798,,,,,,,
,,7,-0.228,184,585,1239,7799,,,,,,,
,,1,0.102,184,585,-1,7800,,,,,-75,22:23:40,667
,,1,-1.14,184,585,-1,7801,,,,,,,
,,1,-0.071,184,585,-1,7802,,,,,,,
,,1,-2.927,184,585,-1,7803,,,,,,,
,,1,-0.043,184,585,-1,7804,,,,,,,
,,1,-0.68,184,585,-1,7805,,,,,,,
,,1,-0.363,184,585,-1,7806,,,,,,,
,,1,0.287,184,585,-1,7807,,,,,,,
,,1,-1.677,184,585,-1,7808,,,,,,,
,,1,1.18,184,585,-1,7809,,,,,,,
,,1,-1.094,184,585,-1,7810,,,,,-75,22:23:40,880
,,1,-0.688,184,585,-1,7811,,,,,,,
,,1,-1.382,184,585,-1,7812,,,,,,,
,,1,0.918,184,585,-1,7813,,,,,,,
,,1,-0.7,184,585,-1,7814,,,,,,,
,,1,0.371,184,585,-1,7815,,,,,,,
,,1,-1.688,184,585,-1,7816,,,,,,,
,,1,0.86,184,585,-1,7817,,,,,,,
,,1,0.728,184,585,-1,7818,,,,,,,
,,1,1.1,184,585,-1,7819,,,,,,,
52.3467641,4.9083003,7,1.514,50,586,1282,7820,5,10,7,46,-75,22:23:41,071
,,1,1.221,50,586,-1,7821,,,,,,,
,,1,-1.228,50,586,-1,7822,,,,,,,
,,1,3.043,50,586,-1,7823,,,,,,,
,,1,0.204,50,586,-1,7824,,,,,,,
,,1,0.4,50,586,-1,7825,,,,,,,
,,1,0.76,50,586,-1,7826,,,,,,,
,,1,0.952,50,586,-1,7827,,,,,,,
,,1,2.007,50,586,-1,7828,,,,,,,
,,1,0.835,50,586,-1,7829,,,,,,,
,,1,0.646,50,586,-1,7830,,,,,-75,22:23:41,270
,,1,0.87,50,586,-1,7831,,,,,,,
,,1,0.712,50,586,-1,7832,,,,,,,
,,1,0.804,50,586,-1,7833,,,,,,,
,,1,0.113,50,586,-1,7834,,,,,,,
,,1,-0.137,50,586,-1,7835,,,,,,,
,,1,0.369,50,586,-1,7836,,,,,,,
,,1,0.511,50,586,-1,7837,,,,,,,
,,1,-0.217,50,586,-1,7838,,,,,,,
,,1,-0.441,50,586,-1,7839,,,,,,,
,,1,-0.975,50,586,-1,7840,,,,,-75,22:23:41,489
,,1,0.034,50,586,-1,7841,,,,,,,
,,1,0.053,50,586,-1,7842,,,,,,,
,,1,-0.126,50,586,-1,7843,,,,,,,
,,1,-1.414,50,586,-1,7844,,,,,,,
,,7,-0.568,215,587,1190,7845,,,,,,,
,,1,-1.566,215,587,-1,7846,,,,,,,
,,1,0.652,215,587,-1,7847,,,,,,,
,,1,-1.387,215,587,-1,7848,,,,,,,
,,1,0.305,215,587,-1,7849,,,,,,,
,,1,-2.752,215,587,-1,7850,,,,,-75,22:23:41,691
,,1,0.514,215,587,-1,7851,,,,,,,
,,1,-1.399,215,587,-1,7852,,,,,,,
,,1,0.203,215,587,-1,7853,,,,,,,
,,1,-1.967,215,587,-1,7854,,,,,,,
,,1,-0.331,215,587,-1,7855,,,,,,,
,,1,0.22,215,587,-1,7856,,,,,,,
,,1,-2.145,215,587,-1,7857,,,,,,,
,,1,2.873,215,587,-1,7858,,,,,,,
,,1,-1.958,215,587,-1,7859,,,,,,,
,,1,2.33,215,587,-1,7860,,,,,-75,22:23:41,866
,,1,-1.24,215,587,-1,7861,,,,,,,
,,1,1.939,215,587,-1,7862,,,,,,,
,,1,0.168,215,587,-1,7863,,,,,,,
,,1,0.188,215,587,-1,7864,,,,,,,
,,1,1.104,215,587,-1,7865,,,,,,,
,,1,0.585,215,587,-1,7866,,,,,,,
,,7,1.542,66,588,1094,7867,,,,,,,
,,1,0.59,66,588,-1,7868,,,,,,,
,,1,0.261,66,588,-1,7869,,,,,,,
,,1,1.151,66,588,-1,7870,,,,,-75,22:23:42,091
,,1,1.014,66,588,-1,7871,,,,,,,
,,1,1.34,66,588,-1,7872,,,,,,,
,,1,0.898,66,588,-1,7873,,,,,,,
,,1,1.423,66,588,-1,7874,,,,,,,
,,1,-0.743,66,588,-1,7875,,,,,,,
,,1,0.077,66,588,-1,7876,,,,,,,
,,1,1.443,66,588,-1,7877,,,,,,,
,,1,-0.085,66,588,-1,7878,,,,,,,
,,1,-0.856,66,588,-1,7879,,,,,,,
52.3467907,4.9083044,1,0.638,66,588,-1,7880,2,10,7,46,-79,22:23:42,273
,,1,-0.22,66,588,-1,7881,,,,,,,
,,1,-1.046,66,588,-1,7882,,,,,,,
,,7,-0.946,162,589,1145,7883,,,,,,,
,,1,-0.221,162,589,-1,7884,,,,,,,
,,1,-0.062,162,589,-1,7885,,,,,,,
,,1,-1.485,162,589,-1,7886,,,,,,,
,,1,-1.133,162,589,-1,7887,,,,,,,
,,1,-0.837,162,589,-1,7888,,,,,,,
,,1,-0.991,162,589,-1,7889,,,,,,,
,,1,-0.771,162,589,-1,7890,,,,,-79,22:23:42,468
,,1,-0.789,162,589,-1,7891,,,,,,,
,,1,-0.992,162,589,-1,7892,,,,,,,
,,1,-0.764,162,589,-1,7893,,,,,,,
,,1,-0.878,162,589,-1,7894,,,,,,,
,,1,-0.107,162,589,-1,7895,,,,,,,
,,1,-0.602,162,589,-1,7896,,,,,,,
,,1,-1.029,162,589,-1,7897,,,,,,,
,,1,0.308,162,589,-1,7898,,,,,,,
,,1,-1.076,162,589,-1,7899,,,,,,,
,,1,0.635,162,589,-1,7900,,,,,-79,22:23:42,691
,,1,-0.186,162,589,-1,7901,,,,,,,
,,1,0.599,162,589,-1,7902,,,,,,,
,,1,0.245,162,589,-1,7903,,,,,,,
,,1,2.179,162,589,-1,7904,,,,,,,
,,7,-0.499,-7,590,1219,7905,,,,,,,
,,1,0.454,-7,590,-1,7906,,,,,,,
,,1,1.657,-7,590,-1,7907,,,,,,,
,,1,0.598,-7,590,-1,7908,,,,,,,
,,1,0.744,-7,590,-1,7909,,,,,,,
,,1,0.905,-7,590,-1,7910,,,,,-79,22:23:42,923
,,1,1.747,-7,590,-1,7911,,,,,,,
,,1,0.969,-7,590,-1,7912,,,,,,,
,,1,-0.136,-7,590,-1,7913,,,,,,,
,,1,1.941,-7,590,-1,7914,,,,,,,
,,1,0.295,-7,590,-1,7915,,,,,,,
,,1,0.749,-7,590,-1,7916,,,,,,,
,,1,1.394,-7,590,-1,7917,,,,,,,
,,1,-0.535,-7,590,-1,7918,,,,,,,
,,1,0.195,-7,590,-1,7919,,,,,,,
,,1,0.415,-7,590,-1,7920,,,,,-79,22:23:43,066
,,1,-1.188,-7,590,-1,7921,,,,,,,
,,1,-0.423,-7,590,-1,7922,,,,,,,
,,1,0.178,-7,590,-1,7923,,,,,,,
,,1,0.727,-7,590,-1,7924,,,,,,,
,,1,-2.798,-7,590,-1,7925,,,,,,,
,,7,-0.932,95,591,1260,7926,,,,,,,
,,1,-1.27,95,591,-1,7927,,,,,,,
,,1,-0.08,95,591,-1,7928,,,,,,,
,,1,-1.225,95,591,-1,7929,,,,,,,
52.3468166,4.9083052,1,-0.15,95,591,-1,7930,359,10,8,46,-79,22:23:43,296
,,1,-1.496,95,591,-1,7931,,,,,,,
,,1,-0.592,95,591,-1,7932,,,,,,,
,,1,-0.553,95,591,-1,7933,,,,,,,
,,1,-0.37,95,591,-1,7934,,,,,,,
,,1,-1.211,95,591,-1,7935,,,,,,,
,,1,-0.186,95,591,-1,7936,,,,,,,
,,1,-0.984,95,591,-1,7937,,,,,,,
,,1,0.702,95,591,-1,7938,,,,,,,
,,1,-0.378,95,591,-1,7939,,,,,,,
,,1,1.081,95,591,-1,7940,,,,,-79,22:23:43,475
,,1,-0.773,95,591,-1,7941,,,,,,,
,,1,1.664,95,591,-1,7942,,,,,,,
,,1,0.953,95,591,-1,7943,,,,,,,
,,7,0.697,-67,592,1250,7944,,,,,,,
,,1,0.078,-67,592,-1,7945,,,,,,,
,,1,0.651,-67,592,-1,7946,,,,,,,
,,1,0.904,-67,592,-1,7947,,,,,,,
,,1,1.317,-67,592,-1,7948,,,,,,,
,,1,1.187,-67,592,-1,7949,,,,,,,
,,1,0.706,-67,592,-1,7950,,,,,-79,22:23:43,668
,,1,0.62,-67,592,-1,7951,,,,,,,
,,1,1.109,-67,592,-1,7952,,,,,,,
,,1,0.908,-67,592,-1,7953,,,,,,,
,,1,0.825,-67,592,-1,7954,,,,,,,
,,1,0.538,-67,592,-1,7955,,,,,,,
,,1,-0.124,-67,592,-1,7956,,,,,,,
,,1,1.188,-67,592,-1,7957,,,,,,,
,,1,0.451,-67,592,-1,7958,,,,,,,
,,1,-0.19,-67,592,-1,7959,,,,,,,
,,1,0.162,-67,592,-1,7960,,,,,-79,22:23:43,880
,,1,-0.039,-67,592,-1,7961,,,,,,,
,,1,-0.31,-67,592,-1,7962,,,,,,,
,,1,-0.448,-67,592,-1,7963,,,,,,,
,,1,-0.315,-67,592,-1,7964,,,,,,,
,,1,-0.63,-67,592,-1,7965,,,,,,,
,,1,-0.932,-67,592,-1,7966,,,,,,,
,,7,-0.577,103,593,1219,7967,,,,,,,
,,1,-0.985,103,593,-1,7968,,,,,,,
,,1,-1.083,103,593,-1,7969,,,,,,,
52.3468434,4.9082985,1,-0.699,103,593,-1,7970,349,10,7,46,-66,22:23:44,086
,,1,-0.649,103,593,-1,7971,,,,,,,
,,1,-1.809,103,593,-1,7972,,,,,,,
,,1,-0.312,103,593,-1,7973,,,,,,,
,,1,-1.238,103,593,-1,7974,,,,,,,
,,1,-0.354,103,593,-1,7975,,,,,,,
,,1,-1.011,103,593,-1,7976,,,,,,,
,,1,1.276,103,593,-1,7977,,,,,,,
,,1,-1.433,103,593,-1,7978,,,,,,,
,,1,0.609,103,593,-1,7979,,,,,,,
,,1,-0.077,103,593,-1,7980,,,,,-66,22:23:44,273
,,1,1.162,103,593,-1,7981,,,,,,,
,,1,1.023,103,593,-1,7982,,,,,,,
,,7,0.846,-67,594,1260,7983,,,,,,,
,,1,0.475,-67,594,-1,7984,,,,,,,
,,1,0.502,-67,594,-1,7985,,,,,,,
,,1,1.582,-67,594,-1,7986,,,,,,,
,,1,1.635,-67,594,-1,7987,,,,,,,
,,1,0.203,-67,594,-1,7988,,,,,,,
,,1,0.087,-67,594,-1,7989,,,,,,,
,,1,1.112,-67,594,-1,7990,,,,,-66,22:23:44,476
,,1,1.278,-67,594,-1,7991,,,,,,,
,,1,0.959,-67,594,-1,7992,,,,,,,
,,1,0.333,-67,594,-1,7993,,,,,,,
,,1,0.989,-67,594,-1,7994,,,,,,,
,,1,0.659,-67,594,-1,7995,,,,,,,
,,1,0.732,-67,594,-1,7996,,,,,,,
,,1,-0.088,-67,594,-1,7997,,,,,,,
,,1,-0.052,-67,594,-1,7998,,,,,,,
,,1,-0.14,-67,594,-1,7999,,,,,,,
,,1,0.37,-67,594,-1,8000,,,,,-66,22:23:44,674
,,1,-1.33,-67,594,-1,8001,,,,,,,
,,1,-0.503,-67,594,-1,8002,,,,,,,
,,1,0.23,-67,594,-1,8003,,,,,,,
,,1,-0.22,-67,594,-1,8004,,,,,,,
,,7,-2.183,154,595,1271,8005,,,,,,,
,,1,0.449,154,595,-1,8006,,,,,,,
,,1,-1.849,154,595,-1,8007,,,,,,,
,,1,-0.771,154,595,-1,8008,,,,,,,
,,1,-2.261,154,595,-1,8009,,,,,,,
,,1,-0.633,154,595,-1,8010,,,,,-66,22:23:44,883
,,1,-0.156,154,595,-1,8011,,,,,,,
,,1,-2.01,154,595,-1,8012,,,,,,,
,,1,2.143,154,595,-1,8013,,,,,,,
,,1,-1.32,154,595,-1,8014,,,,,,,
,,1,2.018,154,595,-1,8015,,,,,,,
,,1,-5.455,154,595,-1,8016,,,,,,,
,,1,4.616,154,595,-1,8017,,,,,,,
,,1,-4.349,154,595,-1,8018,,,,,,,
,,1,2.903,154,595,-1,8019,,,,,,,
52.3468688,4.9082902,1,-0.984,154,595,-1,8020,348,10,7,46,-66,22:23:45,113
,,1,2.69,154,595,-1,8021,,,,,,,
,,1,-0.969,154,595,-1,8022,,,,,,,
,,1,0.276,154,595,-1,8023,,,,,,,
,,1,-0.751,154,595,-1,8024,,,,,,,
,,1,2.373,154,595,-1,8025,,,,,,,
,,7,1.413,-27,596,1250,8026,,,,,,,
,,1,-1.323,-27,596,-1,8027,,,,,,,
,,1,2.347,-27,596,-1,8028,,,,,,,
,,1,1.038,-27,596,-1,8029,,,,,,,
,,1,1.51,-27,596,-1,8030,,,,,-66,22:23:45,287
,,1,0.221,-27,596,-1,8031,,,,,,,
,,1,1.257,-27,596,-1,8032,,,,,,,
,,1,0.182,-27,596,-1,8033,,,,,,,
,,1,1.226,-27,596,-1,8034,,,,,,,
,,1,-0.53,-27,596,-1,8035,,,,,,,
,,1,-0.806,-27,596,-1,8036,,,,,,,
,,1,0.455,-27,596,-1,8037,,,,,,,
,,1,-1.231,-27,596,-1,8038,,,,,,,
,,1,-0.688,-27,596,-1,8039,,,,,,,
,,7,-1.46,142,597,1293,8040,,,,,-66,22:23:45,468
,,1,0.5,142,597,-1,8041,,,,,,,
,,1,-0.548,142,597,-1,8042,,,,,,,
,,1,-1.888,142,597,-1,8043,,,,,,,
,,1,-1.046,142,597,-1,8044,,,,,,,
,,1,-0.901,142,597,-1,8045,,,,,,,
,,1,0.842,142,597,-1,8046,,,,,,,
,,1,-1.062,142,597,-1,8047,,,,,,,
,,1,-0.315,142,597,-1,8048,,,,,,,
,,1,-1.462,142,597,-1,8049,,,,,,,
,,1,1.069,142,597,-1,8050,,,,,-79,22:23:45,705
,,1,-0.182,142,597,-1,8051,,,,,,,
,,1,-0.349,142,597,-1,8052,,,,,,,
,,1,-0.369,142,597,-1,8053,,,,,,,
,,1,-0.335,142,597,-1,8054,,,,,,,
,,1,-0.269,142,597,-1,8055,,,,,,,
,,1,1.181,142,597,-1,8056,,,,,,,
,,1,-0.88,142,597,-1,8057,,,,,,,
,,1,0.489,142,597,-1,8058,,,,,,,
,,1,0.615,142,597,-1,8059,,,,,,,
,,1,-0.188,142,597,-1,8060,,,,,-79,22:23:45,950
,,1,2.244,142,597,-1,8061,,,,,,,
,,7,0.343,-60,598,1315,8062,,,,,,,
,,1,-0.03,-60,598,-1,8063,,,,,,,
,,1,0.989,-60,598,-1,8064,,,,,,,
,,1,1.553,-60,598,-1,8065,,,,,,,
,,1,0.49,-60,598,-1,8066,,,,,,,
,,1,1.56,-60,598,-1,8067,,,,,,,
,,1,0.607,-60,598,-1,8068,,,,,,,
,,1,0.182,-60,598,-1,8069,,,,,,,
52.3468974,4.9082823,1,1.331,-60,598,-1,8070,349,11,7,46,-79,22:23:46,067
,,1,0.521,-60,598,-1,8071,,,,,,,
,,1,-0.39,-60,598,-1,8072,,,,,,,
,,1,0.183,-60,598,-1,8073,,,,,,,
,,1,0.414,-60,598,-1,8074,,,,,,,
,,1,-0.848,-60,598,-1,8075,,,,,,,
,,1,-0.682,-60,598,-1,8076,,,,,,,
,,1,0.0,-60,598,-1,8077,,,,,,,
,,1,-0.679,-60,598,-1,8078,,,,,,,
,,7,-1.24,123,599,1363,8079,,,,,,,
,,1,-2.336,123,599,-1,8080,,,,,-79,22:23:46,297
,,1,-0.507,123,599,-1,8081,,,,,,,
,,1,-2.847,123,599,-1,8082,,,,,,,
,,1,0.119,123,599,-1,8083,,,,,,,
,,1,-2.672,123,599,-1,8084,,,,,,,
,,1,-0.645,123,599,-1,8085,,,,,,,
,,1,-0.425,123,599,-1,8086,,,,,,,
,,1,-0.734,123,599,-1,8087,,,,,,,
,,1,-0.325,123,599,-1,8088,,,,,,,
,,1,-1.462,123,599,-1,8089,,,,,,,
,,1,-0.346,123,599,-1,8090,,,,,-79,22:23:46,503
,,1,-0.024,123,599,-1,8091,,,,,,,
,,1,0.626,123,599,-1,8092,,,,,,,
,,1,-0.689,123,599,-1,8093,,,,,,,
,,1,-0.057,123,599,-1,8094,,,,,,,
,,1,0.123,123,599,-1,8095,,,,,,,
,,1,-0.784,123,599,-1,8096,,,,,,,
,,1,1.115,123,599,-1,8097,,,,,,,
,,1,0.522,123,599,-1,8098,,,,,,,
,,7,2.224,-145,600,1339,8099,,,,,,,
,,1,-0.396,-145,600,-1,8100,,,,,-79,22:23:46,667
,,1,1.221,-145,600,-1,8101,,,,,,,
,,1,1.561,-145,600,-1,8102,,,,,,,
,,1,2.367,-145,600,-1,8103,,,,,,,
,,1,1.684,-145,600,-1,8104,,,,,,,
,,1,0.192,-145,600,-1,8105,,,,,,,
,,1,0.646,-145,600,-1,8106,,,,,,,
,,1,0.218,-145,600,-1,8107,,,,,,,
,,1,1.207,-145,600,-1,8108,,,,,,,
,,1,-0.361,-145,600,-1,8109,,,,,,,
,,1,-0.157,-145,600,-1,8110,,,,,-79,22:23:46,879
,,1,0.281,-145,600,-1,8111,,,,,,,
,,1,-0.276,-145,600,-1,8112,,,,,,,
,,1,-0.811,-145,600,-1,8113,,,,,,,
,,1,-1.272,-145,600,-1,8114,,,,,,,
,,1,0.831,-145,600,-1,8115,,,,,,,
,,7,-2.19,48,601,1327,8116,,,,,,,
,,1,1.012,48,601,-1,8117,,,,,,,
,,1,-2.292,48,601,-1,8118,,,,,,,
,,1,-0.593,48,601,-1,8119,,,,,,,
52.3469288,4.9082718,1,-2.062,48,601,-1,8120,350,12,7,46,-79,22:23:47,073
,,1,-1.399,48,601,-1,8121,,,,,,,
,,1,0.104,48,601,-1,8122,,,,,,,
,,1,-1.279,48,601,-1,8123,,,,,,,
,,1,0.029,48,601,-1,8124,,,,,,,
,,1,-2.729,48,601,-1,8125,,,,,,,
,,1,-1.915,48,601,-1,8126,,,,,,,
,,1,2.425,48,601,-1,8127,,,,,,,
,,1,-0.898,48,601,-1,8128,,,,,,,
,,1,2.114,48,601,-1,8129,,,,,,,
,,1,-2.146,48,601,-1,8130,,,,,-79,22:23:47,270
,,1,1.238,48,601,-1,8131,,,,,,,
,,1,-0.244,48,601,-1,8132,,,,,,,
,,1,1.573,48,601,-1,8133,,,,,,,
,,1,0.258,48,601,-1,8134,,,,,,,
,,7,1.421,-135,602,1363,8135,,,,,,,
,,1,-0.185,-135,602,-1,8136,,,,,,,
,,1,0.958,-135,602,-1,8137,,,,,,,
,,1,0.936,-135,602,-1,8138,,,,,,,
,,1,0.468,-135,602,-1,8139,,,,,,,
,,1,1.854,-135,602,-1,8140,,,,,-80,22:23:47,506
,,1,-0.227,-135,602,-1,8141,,,,,,,
,,1,-0.111,-135,602,-1,8142,,,,,,,
,,1,-0.976,-135,602,-1,8143,,,,,,,
,,1,1.779,-135,602,-1,8144,,,,,,,
,,1,-1.219,-135,602,-1,8145,,,,,,,
,,1,0.021,-135,602,-1,8146,,,,,,,
,,1,0.936,-135,602,-1,8147,,,,,,,
,,1,-0.837,-135,602,-1,8148,,,,,,,
,,1,-0.919,-135,602,-1,8149,,,,,,,
,,7,-1.934,-9,603,1401,8150,,,,,-80,22:23:47,674
,,1,0.662,-9,603,-1,8151,,,,,,,
,,1,-0.653,-9,603,-1,8152,,,,,,,
,,1,-0.446,-9,603,-1,8153,,,,,,,
,,1,-3.913,-9,603,-1,8154,,,,,,,
,,1,1.039,-9,603,-1,8155,,,,,,,
,,1,-2.448,-9,603,-1,8156,,,,,,,
,,1,1.803,-9,603,-1,8157,,,,,,,
,,1,-4.169,-9,603,-1,8158,,,,,,,
,,1,0.729,-9,603,-1,8159,,,,,,,
,,1,-1.241,-9,603,-1,8160,,,,,-80,22:23:47,873
,,1,-0.148,-9,603,-1,8161,,,,,,,
,,1,0.532,-9,603,-1,8162,,,,,,,
,,1,-0.33,-9,603,-1,8163,,,,,,,
,,1,1.393,-9,603,-1,8164,,,,,,,
,,1,-0.5,-9,603,-1,8165,,,,,,,
,,1,0.564,-9,603,-1,8166,,,,,,,
,,1,0.238,-9,603,-1,8167,,,,,,,
,,7,2.433,-157,604,1456,8168,,,,,,,
,,1,2.285,-157,604,-1,8169,,,,,,,
52.3469583,4.9082637,1,-1.272,-157,604,-1,8170,350,11,7,46,-80,22:23:48,077
,,1,2.167,-157,604,-1,8171,,,,,,,
,,1,2.348,-157,604,-1,8172,,,,,,,
,,1,0.434,-157,604,-1,8173,,,,,,,
,,1,0.058,-157,604,-1,8174,,,,,,,
,,1,-0.225,-157,604,-1,8175,,,,,,,
,,1,1.704,-157,604,-1,8176,,,,,,,
,,1,0.206,-157,604,-1,8177,,,,,,,
,,1,-1.535,-157,604,-1,8178,,,,,,,
,,1,-0.227,-157,604,-1,8179,,,,,,,
,,1,-0.152,-157,604,-1,8180,,,,,-80,22:23:48,272
,,1,0.117,-157,604,-1,8181,,,,,,,
,,1,-2.19,-157,604,-1,8182,,,,,,,
,,7,-0.502,-57,605,1500,8183,,,,,,,
,,1,-1.332,-57,605,-1,8184,,,,,,,
,,1,-0.011,-57,605,-1,8185,,,,,,,
,,1,-1.889,-57,605,-1,8186,,,,,,,
,,1,1.214,-57,605,-1,8187,,,,,,,
,,1,-1.688,-57,605,-1,8188,,,,,,,
,,1,-0.303,-57,605,-1,8189,,,,,,,
,,1,0.743,-57,605,-1,8190,,,,,-80,22:23:48,469
,,1,-1.355,-57,605,-1,8191,,,,,,,
,,1,0.597,-57,605,-1,8192,,,,,,,
,,1,-2.231,-57,605,-1,8193,,,,,,,
,,1,2.837,-57,605,-1,8194,,,,,,,
,,1,-2.3,-57,605,-1,8195,,,,,,,
,,1,2.646,-57,605,-1,8196,,,,,,,
,,1,0.583,-57,605,-1,8197,,,,,,,
,,7,1.221,-22,606,1538,8198,,,,,,,
,,1,0.48,-22,606,-1,8199,,,,,,,
,,1,1.051,-22,606,-1,8200,,,,,-80,22:23:48,678
,,1,-0.222,-22,606,-1,8201,,,,,,,
,,1,2.807,-22,606,-1,8202,,,,,,,
,,1,1.099,-22,606,-1,8203,,,,,,,
,,1,2.164,-22,606,-1,8204,,,,,,,
,,1,0.426,-22,606,-1,8205,,,,,,,
,,1,0.34,-22,606,-1,8206,,,,,,,
,,1,0.305,-22,606,-1,8207,,,,,,,
,,1,0.374,-22,606,-1,8208,,,,,,,
,,1,0.03,-22,606,-1,8209,,,,,,,
,,1,-0.996,-22,606,-1,8210,,,,,-80,22:23:48,875
,,1,-0.394,-22,606,-1,8211,,,,,,,
,,1,0.989,-22,606,-1,8212,,,,,,,
,,1,-2.388,-22,606,-1,8213,,,,,,,
,,7,-0.39,-21,607,1574,8214,,,,,,,
,,1,-0.396,-21,607,-1,8215,,,,,,,
,,1,-2.997,-21,607,-1,8216,,,,,,,
,,1,0.633,-21,607,-1,8217,,,,,,,
,,1,-3.182,-21,607,-1,8218,,,,,,,
,,1,-0.37,-21,607,-1,8219,,,,,,,
,,1,-1.016,-21,607,-1,8220,,,,,-80,22:23:49,066
,,1,1.082,-21,607,-1,8221,,,,,,,
,,1,-1.718,-21,607,-1,8222,,,,,,,
,,1,1.604,-21,607,-1,8223,,,,,,,
,,1,-2.212,-21,607,-1,8224,,,,,,,
,,1,2.37,-21,607,-1,8225,,,,,,,
,,1,-0.534,-21,607,-1,8226,,,,,,,
,,7,2.843,-9,608,1626,8227,,,,,,,
,,1,-1.245,-9,608,-1,8228,,,,,,,
,,1,-0.457,-9,608,-1,8229,,,,,,,
52.3469873,4.9082547,1,0.813,-9,608,-1,8230,347,12,8,46,-65,22:23:49,281
,,1,2.271,-9,608,-1,8231,,,,,,,
,,1,2.797,-9,608,-1,8232,,,,,,,
,,1,-0.043,-9,608,-1,8233,,,,,,,
,,1,-0.462,-9,608,-1,8234,,,,,,,
,,1,0.803,-9,608,-1,8235,,,,,,,
,,1,0.883,-9,608,-1,8236,,,,,,,
,,1,1.318,-9,608,-1,8237,,,,,,,
,,1,-1.264,-9,608,-1,8238,,,,,,,
,,1,0.03,-9,608,-1,8239,,,,,,,
,,1,-0.466,-9,608,-1,8240,,,,,-65,22:23:49,478
,,1,0.738,-9,608,-1,8241,,,,,,,
,,1,-0.88,-9,608,-1,8242,,,,,,,
,,1,-0.698,-9,608,-1,8243,,,,,,,
,,7,-1.023,17,609,1666,8244,,,,,,,
,,1,-0.327,17,609,-1,8245,,,,,,,
,,1,-2.519,17,609,-1,8246,,,,,,,
,,1,-0.693,17,609,-1,8247,,,,,,,
,,1,-0.842,17,609,-1,8248,,,,,,,
,,1,2.093,17,609,-1,8249,,,,,,,
,,1,-0.455,17,609,-1,8250,,,,,-65,22:23:49,665
,,1,-0.917,17,609,-1,8251,,,,,,,
,,1,-0.858,17,609,-1,8252,,,,,,,
,,1,-1.304,17,609,-1,8253,,,,,,,
,,1,0.347,17,609,-1,8254,,,,,,,
,,1,-0.625,17,609,-1,8255,,,,,,,
,,1,2.218,17,609,-1,8256,,,,,,,
,,1,-1.411,17,609,-1,8257,,,,,,,
,,1,1.885,17,609,-1,8258,,,,,,,
,,1,-0.834,17,609,-1,8259,,,,,,,
,,7,3.439,62,610,1626,8260,,,,,-65,22:23:49,892
,,1,1.034,62,610,-1,8261,,,,,,,
,,1,1.219,62,610,-1,8262,,,,,,,
,,1,0.793,62,610,-1,8263,,,,,,,
,,1,0.295,62,610,-1,8264,,,,,,,
,,1,2.816,62,610,-1,8265,,,,,,,
,,1,1.535,62,610,-1,8266,,,,,,,
,,1,-0.059,62,610,-1,8267,,,,,,,
,,1,0.504,62,610,-1,8268,,,,,,,
,,1,-0.085,62,610,-1,8269,,,,,,,
52.3470175,4.9082453,1,0.959,62,610,-1,8270,346,12,8,46,-65,22:23:50,071
,,1,0.458,62,610,-1,8271,,,,,,,
,,1,0.0,62,610,-1,8272,,,,,,,
,,1,0.64,62,610,-1,8273,,,,,,,
,,1,-1.474,62,610,-1,8274,,,,,,,
,,1,-0.877,62,610,-1,8275,,,,,,,
,,7,-0.695,105,611,1612,8276,,,,,,,
,,1,-0.136,105,611,-1,8277,,,,,,,
,,1,-1.271,105,611,-1,8278,,,,,,,
,,1,-1.701,105,611,-1,8279,,,,,,,
,,1,-1.44,105,611,-1,8280,,,,,-65,22:23:50,269
,,1,-0.803,105,611,-1,8281,,,,,,,
,,1,-1.282,105,611,-1,8282,,,,,,,
,,1,0.126,105,611,-1,8283,,,,,,,
,,1,0.125,105,611,-1,8284,,,,,,,
,,1,1.372,105,611,-1,8285,,,,,,,
,,1,-1.594,105,611,-1,8286,,,,,,,
,,1,3.013,105,611,-1,8287,,,,,,,
,,1,-3.604,105,611,-1,8288,,,,,,,
,,1,3.23,105,611,-1,8289,,,,,,,
,,1,-0.104,105,611,-1,8290,,,,,-65,22:23:50,493
,,7,3.394,100,612,1587,8291,,,,,,,
,,1,-1.274,100,612,-1,8292,,,,,,,
,,1,0.514,100,612,-1,8293,,,,,,,
,,1,-0.149,100,612,-1,8294,,,,,,,
,,1,3.201,100,612,-1,8295,,,,,,,
,,1,0.568,100,612,-1,8296,,,,,,,
,,1,0.601,100,612,-1,8297,,,,,,,
,,1,-1.069,100,612,-1,8298,,,,,,,
,,1,0.714,100,612,-1,8299,,,,,,,
,,1,1.87,100,612,-1,8300,,,,,-65,22:23:50,672
,,1,0.023,100,612,-1,8301,,,,,,,
,,1,-0.596,100,612,-1,8302,,,,,,,
,,1,1.339,100,612,-1,8303,,,,,,,
,,1,-0.336,100,612,-1,8304,,,,,,,
,,1,-1.013,100,612,-1,8305,,,,,,,
,,1,0.211,100,612,-1,8306,,,,,,,
,,1,-0.314,100,612,-1,8307,,,,,,,
,,7,-1.183,83,613,1562,8308,,,,,,,
,,1,-2.72,83,613,-1,8309,,,,,,,
,,1,0.186,83,613,-1,8310,,,,,-75,22:23:50,882
,,1,-3.28,83,613,-1,8311,,,,,,,
,,1,2.066,83,613,-1,8312,,,,,,,
,,1,-2.499,83,613,-1,8313,,,,,,,
,,1,1.113,83,613,-1,8314,,,,,,,
,,1,-2.383,83,613,-1,8315,,,,,,,
,,1,1.157,83,613,-1,8316,,,,,,,
,,1,0.969,83,613,-1,8317,,,,,,,
,,1,-0.151,83,613,-1,8318,,,,,,,
,,1,0.31,83,613,-1,8319,,,,,,,
52.3470434,4.9082365,1,-0.828,83,613,-1,8320,345,10,8,46,-75,22:23:51,075
,,1,1.396,83,613,-1,8321,,,,,,,
,,1,0.312,83,613,-1,8322,,,,,,,
,,1,0.118,83,613,-1,8323,,,,,,,
,,1,0.837,83,613,-1,8324,,,,,,,
,,1,0.187,83,613,-1,8325,,,,,,,
,,7,2.222,114,614,1538,8326,,,,,,,
,,1,1.103,114,614,-1,8327,,,,,,,
,,1,-0.441,114,614,-1,8328,,,,,,,
,,1,1.708,114,614,-1,8329,,,,,,,
,,1,-0.391,114,614,-1,8330,,,,,-75,22:23:51,275
,,1,1.767,114,614,-1,8331,,,,,,,
,,1,0.848,114,614,-1,8332,,,,,,,
,,1,0.853,114,614,-1,8333,,,,,,,
,,1,1.398,114,614,-1,8334,,,,,,,
,,1,-1.045,114,614,-1,8335,,,,,,,
,,1,-0.222,114,614,-1,8336,,,,,,,
,,1,1.278,114,614,-1,8337,,,,,,,
,,1,-0.396,114,614,-1,8338,,,,,,,
,,1,-1.766,114,614,-1,8339,,,,,,,
,,7,-1.448,125,615,1538,8340,,,,,-75,22:23:51,467
,,1,-1.107,125,615,-1,8341,,,,,,,
,,1,-0.223,125,615,-1,8342,,,,,,,
,,1,0.945,125,615,-1,8343,,,,,,,
,,1,-3.521,125,615,-1,8344,,,,,,,
,,1,0.843,125,615,-1,8345,,,,,,,
,,1,-3.235,125,615,-1,8346,,,,,,,
,,1,0.059,125,615,-1,8347,,,,,,,
,,1,-0.483,125,615,-1,8348,,,,,,,
,,1,1.186,125,615,-1,8349,,,,,,,
,,1,-1.742,125,615,-1,8350,,,,,-75,22:23:51,677
,,1,0.179,125,615,-1,8351,,,,,,,
,,1,-0.461,125,615,-1,8352,,,,,,,
,,1,-0.311,125,615,-1,8353,,,,,,,
,,1,0.064,125,615,-1,8354,,,,,,,
,,1,0.812,125,615,-1,8355,,,,,,,
,,1,2.641,125,615,-1,8356,,,,,,,
,,7,-0.775,89,616,1538,8357,,,,,,,
,,1,0.411,89,616,-1,8358,,,,,,,
,,1,1.441,89,616,-1,8359,,,,,,,
,,1,0.575,89,616,-1,8360,,,,,-75,22:23:51,874
,,1,2.215,89,616,-1,8361,,,,,,,
,,1,0.969,89,616,-1,8362,,,,,,,
,,1,0.656,89,616,-1,8363,,,,,,,
,,1,0.78,89,616,-1,8364,,,,,,,
,,1,1.067,89,616,-1,8365,,,,,,,
,,1,0.231,89,616,-1,8366,,,,,,,
,,1,0.464,89,616,-1,8367,,,,,,,
,,1,-0.366,89,616,-1,8368,,,,,,,
,,1,-0.096,89,616,-1,8369,,,,,,,
52.3470678,4.9082299,1,-0.296,89,616,-1,8370,354,6,8,46,-75,22:23:52,068
,,1,-0.405,89,616,-1,8371,,,,,,,
,,1,1.027,89,616,-1,8372,,,,,,,
,,7,-4.218,60,617,1526,8373,,,,,,,
,,1,-0.323,60,617,-1,8374,,,,,,,
,,1,1.423,60,617,-1,8375,,,,,,,
,,1,-3.214,60,617,-1,8376,,,,,,,
,,1,2.401,60,617,-1,8377,,,,,,,
,,1,-3.469,60,617,-1,8378,,,,,,,
,,1,0.655,60,617,-1,8379,,,,,,,
,,1,-1.521,60,617,-1,8380,,,,,-75,22:23:52,297
,,1,-1.269,60,617,-1,8381,,,,,,,
,,1,-0.943,60,617,-1,8382,,,,,,,
,,1,1.257,60,617,-1,8383,,,,,,,
,,1,-0.153,60,617,-1,8384,,,,,,,
,,1,0.249,60,617,-1,8385,,,,,,,
,,1,-1.569,60,617,-1,8386,,,,,,,
,,1,1.664,60,617,-1,8387,,,,,,,
,,1,0.417,60,617,-1,8388,,,,,,,
,,7,1.237,36,618,1562,8389,,,,,,,
,,1,-0.023,36,618,-1,8390,,,,,-75,22:23:52,490
,,1,1.77,36,618,-1,8391,,,,,,,
,,1,0.662,36,618,-1,8392,,,,,,,
,,1,2.899,36,618,-1,8393,,,,,,,
,,1,-0.539,36,618,-1,8394,,,,,,,
,,1,1.708,36,618,-1,8395,,,,,,,
,,1,0.131,36,618,-1,8396,,,,,,,
,,1,1.601,36,618,-1,8397,,,,,,,
,,1,0.339,36,618,-1,8398,,,,,,,
,,1,0.311,36,618,-1,8399,,,,,,,
,,1,-0.175,36,618,-1,8400,,,,,-77,22:23:52,665
,,1,0.475,36,618,-1,8401,,,,,,,
,,1,0.192,36,618,-1,8402,,,,,,,
,,1,-0.47,36,618,-1,8403,,,,,,,
,,1,-2.439,36,618,-1,8404,,,,,,,
,,7,1.434,57,619,1562,8405,,,,,,,
,,1,-2.946,57,619,-1,8406,,,,,,,
,,1,-0.188,57,619,-1,8407,,,,,,,
,,1,-1.156,57,619,-1,8408,,,,,,,
,,1,0.267,57,619,-1,8409,,,,,,,
,,1,-3.845,57,619,-1,8410,,,,,-77,22:23:52,910
,,1,1.439,57,619,-1,8411,,,,,,,
,,1,-1.479,57,619,-1,8412,,,,,,,
,,1,1.08,57,619,-1,8413,,,,,,,
,,1,-0.927,57,619,-1,8414,,,,,,,
,,1,0.188,57,619,-1,8415,,,,,,,
,,1,-0.231,57,619,-1,8416,,,,,,,
,,1,1.084,57,619,-1,8417,,,,,,,
,,1,-0.118,57,619,-1,8418,,,,,,,
,,1,1.221,57,619,-1,8419,,,,,,,
52.3471014,4.9082191,1,0.211,57,619,-1,8420,350,13,8,46,-77,22:23:53,072
,,7,0.734,41,620,1550,8421,,,,,,,
,,1,1.704,41,620,-1,8422,,,,,,,
,,1,1.389,41,620,-1,8423,,,,,,,
,,1,-0.401,41,620,-1,8424,,,,,,,
,,1,2.586,41,620,-1,8425,,,,,,,
,,1,0.122,41,620,-1,8426,,,,,,,
,,1,1.276,41,620,-1,8427,,,,,,,
,,1,1.492,41,620,-1,8428,,,,,,,
,,1,0.628,41,620,-1,8429,,,,,,,
,,1,0.581,41,620,-1,8430,,,,,-77,22:23:53,268
,,1,0.285,41,620,-1,8431,,,,,,,
,,1,0.038,41,620,-1,8432,,,,,,,
,,1,-0.826,41,620,-1,8433,,,,,,,
,,1,0.507,41,620,-1,8434,,,,,,,
,,7,-2.448,65,621,1587,8435,,,,,,,
,,1,-1.229,65,621,-1,8436,,,,,,,
,,1,-2.091,65,621,-1,8437,,,,,,,
,,1,0.461,65,621,-1,8438,,,,,,,
,,1,-1.851,65,621,-1,8439,,,,,,,
52.3471014,4.9082191,1,-1.717,65,621,-1,8440,350,13,8,46,-77,22:23:53,492
,,1,-1.321,65,621,-1,8441,,,,,,,
,,1,-0.371,65,621,-1,8442,,,,,,,
,,1,1.573,65,621,-1,8443,,,,,,,
,,1,-0.798,65,621,-1,8444,,,,,,,
,,1,-1.317,65,621,-1,8445,,,,,,,
,,1,-0.099,65,621,-1,8446,,,,,,,
,,1,3.248,65,621,-1,8447,,,,,,,
,,7,-0.027,61,622,1652,8448,,,,,,,
,,1,1.983,61,622,-1,8449,,,,,,,
,,1,-0.068,61,622,-1,8450,,,,,-77,22:23:53,672
,,1,-0.873,61,622,-1,8451,,,,,,,
,,1,3.577,61,622,-1,8452,,,,,,,
,,1,1.153,61,622,-1,8453,,,,,,,
,,1,-0.368,61,622,-1,8454,,,,,,,
,,1,2.926,61,622,-1,8455,,,,,,,
,,1,-0.637,61,622,-1,8456,,,,,,,
,,1,-0.355,61,622,-1,8457,,,,,,,
,,1,-0.162,61,622,-1,8458,,,,,,,
,,1,1.046,61,622,-1,8459,,,,,,,
,,1,0.146,61,622,-1,8460,,,,,-77,22:23:53,873
,,1,-0.282,61,622,-1,8461,,,,,,,
,,1,-1.734,61,622,-1,8462,,,,,,,
,,7,-0.381,64,623,1709,8463,,,,,,,
,,1,-0.565,64,623,-1,8464,,,,,,,
,,1,-1.781,64,623,-1,8465,,,,,,,
,,1,-2.597,64,623,-1,8466,,,,,,,
,,1,-0.487,64,623,-1,8467,,,,,,,
,,1,0.375,64,623,-1,8468,,,,,,,
,,1,-0.87,64,623,-1,8469,,,,,,,
,,1,-0.206,64,623,-1,8470,,,,,-77,22:23:54,099
,,1,-1.861,64,623,-1,8471,,,,,,,
,,1,-1.12,64,623,-1,8472,,,,,,,
,,1,-1.179,64,623,-1,8473,,,,,,,
,,1,0.604,64,623,-1,8474,,,,,,,
,,1,0.166,64,623,-1,8475,,,,,,,
,,1,0.479,64,623,-1,8476,,,,,,,
,,1,-0.533,64,623,-1,8477,,,,,,,
,,1,2.463,64,623,-1,8478,,,,,,,
,,7,0.881,43,624,1724,8479,,,,,,,
52.3471404,4.9082061,1,1.817,43,624,-1,8480,351,12,9,46,-77,22:23:54,271
,,1,1.123,43,624,-1,8481,,,,,,,
,,1,-0.567,43,624,-1,8482,,,,,,,
,,1,2.146,43,624,-1,8483,,,,,,,
,,1,1.662,43,624,-1,8484,,,,,,,
,,1,0.205,43,624,-1,8485,,,,,,,
,,1,1.344,43,624,-1,8486,,,,,,,
,,1,0.171,43,624,-1,8487,,,,,,,
,,1,0.173,43,624,-1,8488,,,,,,,
,,1,0.669,43,624,-1,8489,,,,,,,
,,1,-0.979,43,624,-1,8490,,,,,-78,22:23:54,472
,,1,-0.785,43,624,-1,8491,,,,,,,
,,1,-0.029,43,624,-1,8492,,,,,,,
,,7,-2.033,36,625,1724,8493,,,,,,,
,,1,-0.482,36,625,-1,8494,,,,,,,
,,1,-0.057,36,625,-1,8495,,,,,,,
,,1,-2.671,36,625,-1,8496,,,,,,,
,,1,1.151,36,625,-1,8497,,,,,,,
,,1,-0.067,36,625,-1,8498,,,,,,,
,,1,-2.892,36,625,-1,8499,,,,,,,
,,1,-0.267,36,625,-1,8500,,,,,-78,22:23:54,676
,,1,-2.896,36,625,-1,8501,,,,,,,
,,1,3.249,36,625,-1,8502,,,,,,,
,,1,-0.866,36,625,-1,8503,,,,,,,
,,1,2.034,36,625,-1,8504,,,,,,,
,,1,-2.218,36,625,-1,8505,,,,,,,
,,1,0.43,36,625,-1,8506,,,,,,,
,,1,1.179,36,625,-1,8507,,,,,,,
,,1,0.617,36,625,-1,8508,,,,,,,
,,7,1.917,36,626,1680,8509,,,,,,,
,,1,-0.099,36,626,-1,8510,,,,,-78,22:23:54,877
,,1,0.35,36,626,-1,8511,,,,,,,
,,1,0.912,36,626,-1,8512,,,,,,,
,,1,0.152,36,626,-1,8513,,,,,,,
,,1,-0.265,36,626,-1,8514,,,,,,,
,,1,1.542,36,626,-1,8515,,,,,,,
,,1,0.263,36,626,-1,8516,,,,,,,
,,1,1.635,36,626,-1,8517,,,,,,,
,,1,-0.485,36,626,-1,8518,,,,,,,
,,1,-0.068,36,626,-1,8519,,,,,,,
,,1,0.118,36,626,-1,8520,,,,,-78,22:23:55,070
,,1,0.185,36,626,-1,8521,,,,,,,
,,1,-0.829,36,626,-1,8522,,,,,,,
,,7,-2.19,-13,627,1652,8523,,,,,,,
,,1,-0.965,-13,627,-1,8524,,,,,,,
,,1,-0.001,-13,627,-1,8525,,,,,,,
,,1,-2.258,-13,627,-1,8526,,,,,,,
,,1,-2.421,-13,627,-1,8527,,,,,,,
,,1,0.789,-13,627,-1,8528,,,,,,,
,,1,-1.219,-13,627,-1,8529,,,,,,,
52.3471404,4.9082061,1,1.26,-13,627,-1,8530,351,12,9,46,-78,22:23:55,309
,,1,-1.8,-13,627,-1,8531,,,,,,,
,,1,1.612,-13,627,-1,8532,,,,,,,
,,1,-0.94,-13,627,-1,8533,,,,,,,
,,1,2.546,-13,627,-1,8534,,,,,,,
,,7,0.367,11,628,1724,8535,,,,,,,
,,1,0.626,11,628,-1,8536,,,,,,,
,,1,-0.499,11,628,-1,8537,,,,,,,
,,1,1.408,11,628,-1,8538,,,,,,,
,,1,0.213,11,628,-1,8539,,,,,,,
,,1,0.845,11,628,-1,8540,,,,,-78,22:23:55,511
,,1,0.146,11,628,-1,8541,,,,,,,
,,1,2.414,11,628,-1,8542,,,,,,,
,,1,0.307,11,628,-1,8543,,,,,,,
,,1,2.753,11,628,-1,8544,,,,,,,
,,1,-0.089,11,628,-1,8545,,,,,,,
,,1,0.313,11,628,-1,8546,,,,,,,
,,1,-0.142,11,628,-1,8547,,,,,,,
,,1,1.475,11,628,-1,8548,,,,,,,
,,1,-0.635,11,628,-1,8549,,,,,,,
,,1,-1.947,11,628,-1,8550,,,,,-78,22:23:55,667
,,7,-0.369,22,629,1754,8551,,,,,,,
,,1,-0.683,22,629,-1,8552,,,,,,,
,,1,1.712,22,629,-1,8553,,,,,,,
,,1,-2.426,22,629,-1,8554,,,,,,,
,,1,-0.276,22,629,-1,8555,,,,,,,
,,1,-2.692,22,629,-1,8556,,,,,,,
,,1,1.519,22,629,-1,8557,,,,,,,
,,1,-2.48,22,629,-1,8558,,,,,,,
,,1,1.588,22,629,-1,8559,,,,,,,
,,1,-1.842,22,629,-1,8560,,,,,-78,22:23:55,894
,,1,0.983,22,629,-1,8561,,,,,,,
,,1,-0.442,22,629,-1,8562,,,,,,,
,,1,1.332,22,629,-1,8563,,,,,,,
,,1,-0.149,22,629,-1,8564,,,,,,,
,,1,0.814,22,629,-1,8565,,,,,,,
,,1,-0.238,22,629,-1,8566,,,,,,,
,,7,3.317,85,630,1724,8567,,,,,,,
,,1,0.788,85,630,-1,8568,,,,,,,
,,1,-1.48,85,630,-1,8569,,,,,,,
52.3472002,4.9081861,1,0.148,85,630,-1,8570,344,13,9,46,-77,22:23:56,100
,,1,1.688,85,630,-1,8571,,,,,,,
,,1,2.062,85,630,-1,8572,,,,,,,
,,1,1.866,85,630,-1,8573,,,,,,,
,,1,0.068,85,630,-1,8574,,,,,,,
,,1,-1.72,85,630,-1,8575,,,,,,,
,,1,1.863,85,630,-1,8576,,,,,,,
,,1,0.861,85,630,-1,8577,,,,,,,
,,1,0.33,85,630,-1,8578,,,,,,,
,,1,-0.482,85,630,-1,8579,,,,,,,
,,1,-2.071,85,630,-1,8580,,,,,-77,22:23:56,268
,,7,-2.954,68,631,1724,8581,,,,,,,
,,1,-2.404,68,631,-1,8582,,,,,,,
,,1,-0.36,68,631,-1,8583,,,,,,,
,,1,0.287,68,631,-1,8584,,,,,,,
,,1,0.569,68,631,-1,8585,,,,,,,
,,1,-2.126,68,631,-1,8586,,,,,,,
,,1,-2.012,68,631,-1,8587,,,,,,,
,,1,0.493,68,631,-1,8588,,,,,,,
,,1,0.137,68,631,-1,8589,,,,,,,
,,1,0.598,68,631,-1,8590,,,,,-77,22:23:56,477
,,1,-0.359,68,631,-1,8591,,,,,,,
,,1,-0.509,68,631,-1,8592,,,,,,,
,,1,0.834,68,631,-1,8593,,,,,,,
,,1,1.383,68,631,-1,8594,,,,,,,
,,7,0.719,48,632,1694,8595,,,,,,,
,,1,3.678,48,632,-1,8596,,,,,,,
,,1,2.806,48,632,-1,8597,,,,,,,
,,1,-3.579,48,632,-1,8598,,,,,,,
,,1,2.625,48,632,-1,8599,,,,,,,
,,1,0.333,48,632,-1,8600,,,,,-77,22:23:56,673
,,1,0.644,48,632,-1,8601,,,,,,,
,,1,1.307,48,632,-1,8602,,,,,,,
,,1,0.596,48,632,-1,8603,,,,,,,
,,1,-0.112,48,632,-1,8604,,,,,,,
,,1,0.119,48,632,-1,8605,,,,,,,
,,1,0.198,48,632,-1,8606,,,,,,,
,,1,-1.108,48,632,-1,8607,,,,,,,
,,1,-1.249,48,632,-1,8608,,,,,,,
,,7,-0.705,84,633,1694,8609,,,,,,,
,,1,-0.722,84,633,-1,8610,,,,,-77,22:23:56,869
,,1,-1.226,84,633,-1,8611,,,,,,,
,,1,-2.793,84,633,-1,8612,,,,,,,
,,1,0.015,84,633,-1,8613,,,,,,,
,,1,-3.725,84,633,-1,8614,,,,,,,
,,1,2.327,84,633,-1,8615,,,,,,,
,,1,-3.514,84,633,-1,8616,,,,,,,
,,1,2.062,84,633,-1,8617,,,,,,,
,,1,-4.095,84,633,-1,8618,,,,,,,
,,1,3.162,84,633,-1,8619,,,,,,,
52.3472303,4.9081813,1,-2.627,84,633,-1,8620,355,10,10,46,-77,22:23:57,078
,,1,3.31,84,633,-1,8621,,,,,,,
,,1,-2.848,84,633,-1,8622,,,,,,,
,,1,3.176,84,633,-1,8623,,,,,,,
,,1,-0.471,84,633,-1,8624,,,,,,,
,,7,1.775,47,634,1724,8625,,,,,,,
,,1,0.03,47,634,-1,8626,,,,,,,
,,1,0.569,47,634,-1,8627,,,,,,,
,,1,0.66,47,634,-1,8628,,,,,,,
,,1,1.771,47,634,-1,8629,,,,,,,
,,1,1.919,47,634,-1,8630,,,,,-77,22:23:57,273
,,1,1.08,47,634,-1,8631,,,,,,,
,,1,-0.323,47,634,-1,8632,,,,,,,
,,1,1.602,47,634,-1,8633,,,,,,,
,,1,0.391,47,634,-1,8634,,,,,,,
,,1,-0.251,47,634,-1,8635,,,,,,,
,,1,-1.086,47,634,-1,8636,,,,,,,
,,1,1.31,47,634,-1,8637,,,,,,,
,,1,0.082,47,634,-1,8638,,,,,,,
,,1,-1.946,47,634,-1,8639,,,,,,,
,,7,-0.428,34,635,1709,8640,,,,,-77,22:23:57,466
,,1,-3.529,34,635,-1,8641,,,,,,,
,,1,0.594,34,635,-1,8642,,,,,,,
,,1,-1.094,34,635,-1,8643,,,,,,,
,,1,0.153,34,635,-1,8644,,,,,,,
,,1,-1.282,34,635,-1,8645,,,,,,,
,,1,-0.082,34,635,-1,8646,,,,,,,
,,1,-1.924,34,635,-1,8647,,,,,,,
,,1,1.384,34,635,-1,8648,,,,,,,
,,1,-0.875,34,635,-1,8649,,,,,,,
,,1,0.52,34,635,-1,8650,,,,,-77,22:23:57,678
,,1,-1.883,34,635,-1,8651,,,,,,,
,,1,1.611,34,635,-1,8652,,,,,,,
,,7,3.905,-2,636,1709,8653,,,,,,,
,,1,-1.001,-2,636,-1,8654,,,,,,,
,,1,-2.672,-2,636,-1,8655,,,,,,,
,,1,5.506,-2,636,-1,8656,,,,,,,
,,1,0.263,-2,636,-1,8657,,,,,,,
,,1,3.008,-2,636,-1,8658,,,,,,,
,,1,0.656,-2,636,-1,8659,,,,,,,
,,1,-0.728,-2,636,-1,8660,,,,,-68,22:23:57,875
,,1,1.396,-2,636,-1,8661,,,,,,,
,,1,1.237,-2,636,-1,8662,,,,,,,
,,1,-0.465,-2,636,-1,8663,,,,,,,
,,1,0.533,-2,636,-1,8664,,,,,,,
,,1,0.514,-2,636,-1,8665,,,,,,,
,,1,-0.317,-2,636,-1,8666,,,,,,,
,,1,-2.248,-2,636,-1,8667,,,,,,,
,,7,-0.264,32,637,1709,8668,,,,,,,
,,1,-0.271,32,637,-1,8669,,,,,,,
52.3472642,4.908171,1,0.136,32,637,-1,8670,352,12,10,46,-68,22:23:58,069
,,1,-1.353,32,637,-1,8671,,,,,,,
,,1,-2.833,32,637,-1,8672,,,,,,,
,,1,1.549,32,637,-1,8673,,,,,,,
,,1,-0.31,32,637,-1,8674,,,,,,,
,,1,-1.483,32,637,-1,8675,,,,,,,
,,1,-1.036,32,637,-1,8676,,,,,,,
,,1,-0.939,32,637,-1,8677,,,,,,,
,,1,1.466,32,637,-1,8678,,,,,,,
,,1,-0.647,32,637,-1,8679,,,,,,,
,,1,2.13,32,637,-1,8680,,,,,-68,22:23:58,283
,,1,-1.245,32,637,-1,8681,,,,,,,
,,1,1.289,32,637,-1,8682,,,,,,,
,,1,-0.245,32,637,-1,8683,,,,,,,
,,1,0.949,32,637,-1,8684,,,,,,,
,,1,0.357,32,637,-1,8685,,,,,,,
,,1,-0.307,32,637,-1,8686,,,,,,,
,,7,2.627,75,638,1652,8687,,,,,,,
,,1,0.04,75,638,-1,8688,,,,,,,
,,1,1.878,75,638,-1,8689,,,,,,,
,,1,-0.774,75,638,-1,8690,,,,,-68,22:23:58,476
,,1,0.021,75,638,-1,8691,,,,,,,
,,1,-0.658,75,638,-1,8692,,,,,,,
,,1,1.779,75,638,-1,8693,,,,,,,
,,1,-1.483,75,638,-1,8694,,,,,,,
,,1,-1.107,75,638,-1,8695,,,,,,,
,,1,1.333,75,638,-1,8696,,,,,,,
,,1,1.758,75,638,-1,8697,,,,,,,
,,1,-2.489,75,638,-1,8698,,,,,,,
,,7,-2.111,12,639,1652,8699,,,,,,,
,,1,-1.815,12,639,-1,8700,,,,,-68,22:23:58,669
,,1,0.714,12,639,-1,8701,,,,,,,
,,1,-1.837,12,639,-1,8702,,,,,,,
,,1,-0.06,12,639,-1,8703,,,,,,,
,,1,-4.316,12,639,-1,8704,,,,,,,
,,1,2.685,12,639,-1,8705,,,,,,,
,,1,-2.692,12,639,-1,8706,,,,,,,
,,1,2.473,12,639,-1,8707,,,,,,,
,,1,-4.078,12,639,-1,8708,,,,,,,
,,1,3.599,12,639,-1,8709,,,,,,,
52.3472642,4.908171,1,-2.032,12,639,-1,8710,352,12,10,46,-68,22:23:58,896
,,7,3.158,25,640,1709,8711,,,,,,,
,,1,-2.451,25,640,-1,8712,,,,,,,
,,1,1.737,25,640,-1,8713,,,,,,,
,,1,1.612,25,640,-1,8714,,,,,,,
,,1,2.474,25,640,-1,8715,,,,,,,
,,1,0.767,25,640,-1,8716,,,,,,,
,,1,-0.371,25,640,-1,8717,,,,,,,
,,1,1.959,25,640,-1,8718,,,,,,,
,,1,-0.868,25,640,-1,8719,,,,,,,
52.347296,4.9081614,1,2.546,25,640,-1,8720,352,11,10,46,-68,22:23:59,072
,,1,0.313,25,640,-1,8721,,,,,,,
,,1,-0.408,25,640,-1,8722,,,,,,,
,,1,-0.697,25,640,-1,8723,,,,,,,
,,1,1.276,25,640,-1,8724,,,,,,,
,,1,-0.393,25,640,-1,8725,,,,,,,
,,1,-1.277,25,640,-1,8726,,,,,,,
,,1,-0.744,25,640,-1,8727,,,,,,,
,,7,-2.193,15,641,1694,8728,,,,,,,
,,1,1.555,15,641,-1,8729,,,,,,,
,,1,-3.489,15,641,-1,8730,,,,,-68,22:23:59,268
,,1,1.564,15,641,-1,8731,,,,,,,
,,1,-1.165,15,641,-1,8732,,,,,,,
,,1,-1.505,15,641,-1,8733,,,,,,,
,,1,-1.868,15,641,-1,8734,,,,,,,
,,1,0.874,15,641,-1,8735,,,,,,,
,,1,2.052,15,641,-1,8736,,,,,,,
,,1,-3.171,15,641,-1,8737,,,,,,,
,,1,1.504,15,641,-1,8738,,,,,,,
,,1,-1.84,15,641,-1,8739,,,,,,,
,,1,2.71,15,641,-1,8740,,,,,-68,22:23:59,475
,,1,-0.688,15,641,-1,8741,,,,,,,
,,7,2.23,33,642,1739,8742,,,,,,,
,,1,0.313,33,642,-1,8743,,,,,,,
,,1,0.294,33,642,-1,8744,,,,,,,
,,1,2.134,33,642,-1,8745,,,,,,,
,,1,0.74,33,642,-1,8746,,,,,,,
,,1,1.533,33,642,-1,8747,,,,,,,
,,1,0.113,33,642,-1,8748,,,,,,,
,,1,1.433,33,642,-1,8749,,,,,,,
,,1,0.952,33,642,-1,8750,,,,,-78,22:23:59,691
,,1,0.018,33,642,-1,8751,,,,,,,
,,1,0.158,33,642,-1,8752,,,,,,,
,,1,1.024,33,642,-1,8753,,,,,,,
,,1,-0.237,33,642,-1,8754,,,,,,,
,,1,-1.164,33,642,-1,8755,,,,,,,
,,1,-1.642,33,642,-1,8756,,,,,,,
,,7,1.094,16,643,1769,8757,,,,,,,
,,1,0.02,16,643,-1,8758,,,,,,,
,,1,-1.771,16,643,-1,8759,,,,,,,
,,1,-0.121,16,643,-1,8760,,,,,-78,22:23:59,887
,,1,-1.79,16,643,-1,8761,,,,,,,
,,1,-1.308,16,643,-1,8762,,,,,,,
,,1,-0.334,16,643,-1,8763,,,,,,,
,,1,0.059,16,643,-1,8764,,,,,,,
,,1,-2.015,16,643,-1,8765,,,,,,,
,,1,0.776,16,643,-1,8766,,,,,,,
,,1,-0.352,16,643,-1,8767,,,,,,,
,,1,0.933,16,643,-1,8768,,,,,,,
,,1,-1.656,16,643,-1,8769,,,,,,,
52.3473277,4.9081526,1,2.083,16,643,-1,8770,351,12,10,46,-78,22:24:00,094
,,1,-1.352,16,643,-1,8771,,,,,,,
,,7,3.462,-9,644,1680,8772,,,,,,,
,,1,-0.161,-9,644,-1,8773,,,,,,,
,,1,2.134,-9,644,-1,8774,,,,,,,
,,1,0.531,-9,644,-1,8775,,,,,,,
,,1,0.179,-9,644,-1,8776,,,,,,,
,,1,0.569,-9,644,-1,8777,,,,,,,
,,1,0.803,-9,644,-1,8778,,,,,,,
,,1,-1.086,-9,644,-1,8779,,,,,,,
,,1,1.825,-9,644,-1,8780,,,,,-78,22:24:00,274
,,1,-0.513,-9,644,-1,8781,,,,,,,
,,1,0.334,-9,644,-1,8782,,,,,,,
,,1,0.811,-9,644,-1,8783,,,,,,,
,,1,-0.241,-9,644,-1,8784,,,,,,,
,,1,-0.777,-9,644,-1,8785,,,,,,,
,,1,-1.557,-9,644,-1,8786,,,,,,,
,,7,0.369,31,645,1666,8787,,,,,,,
,,1,-0.227,31,645,-1,8788,,,,,,,
,,1,0.41,31,645,-1,8789,,,,,,,
,,1,-1.32,31,645,-1,8790,,,,,-78,22:24:00,470
,,1,-1.741,31,645,-1,8791,,,,,,,
,,1,0.333,31,645,-1,8792,,,,,,,
,,1,-1.443,31,645,-1,8793,,,,,,,
,,1,0.571,31,645,-1,8794,,,,,,,
,,1,-1.283,31,645,-1,8795,,,,,,,
,,1,0.285,31,645,-1,8796,,,,,,,
,,1,-2.077,31,645,-1,8797,,,,,,,
,,1,2.334,31,645,-1,8798,,,,,,,
,,1,-0.429,31,645,-1,8799,,,,,,,
,,7,2.905,74,646,1709,8800,,,,,-78,22:24:00,677
,,1,0.637,74,646,-1,8801,,,,,,,
,,1,1.652,74,646,-1,8802,,,,,,,
,,1,0.044,74,646,-1,8803,,,,,,,
,,1,-0.076,74,646,-1,8804,,,,,,,
,,1,1.052,74,646,-1,8805,,,,,,,
,,1,0.596,74,646,-1,8806,,,,,,,
,,1,1.646,74,646,-1,8807,,,,,,,
,,1,0.886,74,646,-1,8808,,,,,,,
,,1,0.424,74,646,-1,8809,,,,,,,
,,1,-0.535,74,646,-1,8810,,,,,-78,22:24:00,873
,,1,1.164,74,646,-1,8811,,,,,,,
,,1,-0.632,74,646,-1,8812,,,,,,,
,,1,0.51,74,646,-1,8813,,,,,,,
,,1,-0.518,74,646,-1,8814,,,,,,,
,,1,-0.08,74,646,-1,8815,,,,,,,
,,7,-1.959,89,647,1709,8816,,,,,,,
,,1,-1.466,89,647,-1,8817,,,,,,,
,,1,0.723,89,647,-1,8818,,,,,,,
,,1,0.392,89,647,-1,8819,,,,,,,
52.3473612,4.9081549,1,-4.916,89,647,-1,8820,7,12,10,46,-78,22:24:01,113
,,1,-0.986,89,647,-1,8821,,,,,,,
,,1,-0.235,89,647,-1,8822,,,,,,,
,,1,-0.846,89,647,-1,8823,,,,,,,
,,1,-0.339,89,647,-1,8824,,,,,,,
,,1,0.129,89,647,-1,8825,,,,,,,
,,1,0.449,89,647,-1,8826,,,,,,,
,,1,-1.004,89,647,-1,8827,,,,,,,
,,1,0.596,89,647,-1,8828,,,,,,,
,,1,-1.461,89,647,-1,8829,,,,,,,
,,1,2.903,89,647,-1,8830,,,,,-79,22:24:01,276
,,1,-0.794,89,647,-1,8831,,,,,,,
,,7,1.68,57,648,1680,8832,,,,,,,
,,1,-0.363,57,648,-1,8833,,,,,,,
,,1,2.879,57,648,-1,8834,,,,,,,
,,1,2.224,57,648,-1,8835,,,,,,,
,,1,-0.769,57,648,-1,8836,,,,,,,
,,1,0.786,57,648,-1,8837,,,,,,,
,,1,1.616,57,648,-1,8838,,,,,,,
,,1,-0.505,57,648,-1,8839,,,,,,,
,,1,0.662,57,648,-1,8840,,,,,-79,22:24:01,473
,,1,-0.245,57,648,-1,8841,,,,,,,
,,1,1.272,57,648,-1,8842,,,,,,,
,,1,-1.477,57,648,-1,8843,,,,,,,
,,1,-0.229,57,648,-1,8844,,,,,,,
,,1,-0.138,57,648,-1,8845,,,,,,,
,,1,-0.904,57,648,-1,8846,,,,,,,
,,7,-1.481,31,649,1666,8847,,,,,,,
,,1,0.553,31,649,-1,8848,,,,,,,
,,1,0.599,31,649,-1,8849,,,,,,,
,,1,-1.341,31,649,-1,8850,,,,,-79,22:24:01,686
,,1,0.923,31,649,-1,8851,,,,,,,
,,1,-1.297,31,649,-1,8852,,,,,,,
,,1,-3.347,31,649,-1,8853,,,,,,,
,,1,-0.536,31,649,-1,8854,,,,,,,
,,1,0.182,31,649,-1,8855,,,,,,,
,,1,1.73,31,649,-1,8856,,,,,,,
,,1,-0.168,31,649,-1,8857,,,,,,,
,,1,-0.661,31,649,-1,8858,,,,,,,
,,1,-1.206,31,649,-1,8859,,,,,,,
,,1,1.08,31,649,-1,8860,,,,,-79,22:24:01,879
,,1,1.575,31,649,-1,8861,,,,,,,
,,7,1.309,49,650,1639,8862,,,,,,,
,,1,0.376,49,650,-1,8863,,,,,,,
,,1,0.144,49,650,-1,8864,,,,,,,
,,1,3.03,49,650,-1,8865,,,,,,,
,,1,-0.263,49,650,-1,8866,,,,,,,
,,1,-0.039,49,650,-1,8867,,,,,,,
,,1,1.215,49,650,-1,8868,,,,,,,
,,1,1.101,49,650,-1,8869,,,,,,,
52.34739,4.9081761,1,0.247,49,650,-1,8870,24,14,10,46,-79,22:24:02,075
,,1,0.336,49,650,-1,8871,,,,,,,
,,1,-0.583,49,650,-1,8872,,,,,,,
,,1,0.897,49,650,-1,8873,,,,,,,
,,1,-1.793,49,650,-1,8874,,,,,,,
,,1,-0.318,49,650,-1,8875,,,,,,,
,,1,0.901,49,650,-1,8876,,,,,,,
,,1,-0.262,49,650,-1,8877,,,,,,,
,,1,-1.822,49,650,-1,8878,,,,,,,
,,7,-0.974,45,651,1600,8879,,,,,,,
,,1,-1.24,45,651,-1,8880,,,,,-79,22:24:02,268
,,1,-1.077,45,651,-1,8881,,,,,,,
,,1,-2.334,45,651,-1,8882,,,,,,,
,,1,2.003,45,651,-1,8883,,,,,,,
,,1,-2.038,45,651,-1,8884,,,,,,,
,,1,-2.367,45,651,-1,8885,,,,,,,
,,1,-0.195,45,651,-1,8886,,,,,,,
,,1,-0.083,45,651,-1,8887,,,,,,,
,,1,1.889,45,651,-1,8888,,,,,,,
,,1,-0.777,45,651,-1,8889,,,,,,,
,,1,0.21,45,651,-1,8890,,,,,-79,22:24:02,477
,,1,0.25,45,651,-1,8891,,,,,,,
,,1,1.105,45,651,-1,8892,,,,,,,
,,7,2.322,22,652,1612,8893,,,,,,,
,,1,1.656,22,652,-1,8894,,,,,,,
,,1,0.295,22,652,-1,8895,,,,,,,
,,1,-1.292,22,652,-1,8896,,,,,,,
,,1,2.364,22,652,-1,8897,,,,,,,
,,1,1.167,22,652,-1,8898,,,,,,,
,,1,1.921,22,652,-1,8899,,,,,,,
,,1,-0.396,22,652,-1,8900,,,,,-79,22:24:02,671
,,1,0.203,22,652,-1,8901,,,,,,,
,,1,0.378,22,652,-1,8902,,,,,,,
,,1,-0.024,22,652,-1,8903,,,,,,,
,,1,-0.324,22,652,-1,8904,,,,,,,
,,1,-0.563,22,652,-1,8905,,,,,,,
,,1,0.169,22,652,-1,8906,,,,,,,
,,1,-1.57,22,652,-1,8907,,,,,,,
,,1,0.558,22,652,-1,8908,,,,,,,
,,7,-2.368,0,653,1626,8909,,,,,,,
,,1,2.625,0,653,-1,8910,,,,,-79,22:24:02,868
,,1,-4.058,0,653,-1,8911,,,,,,,
,,1,0.368,0,653,-1,8912,,,,,,,
,,1,-3.899,0,653,-1,8913,,,,,,,
,,1,2.769,0,653,-1,8914,,,,,,,
,,1,-0.859,0,653,-1,8915,,,,,,,
,,1,2.472,0,653,-1,8916,,,,,,,
,,1,-3.153,0,653,-1,8917,,,,,,,
,,1,1.292,0,653,-1,8918,,,,,,,
,,1,0.319,0,653,-1,8919,,,,,,,
52.3474108,4.9082162,7,1.841,50,654,1666,8920,54,12,10,46,-67,22:24:03,076
,,1,0.307,50,654,-1,8921,,,,,,,
,,1,0.513,50,654,-1,8922,,,,,,,
,,1,-3.217,50,654,-1,8923,,,,,,,
,,1,2.715,50,654,-1,8924,,,,,,,
,,1,2.91,50,654,-1,8925,,,,,,,
,,1,0.72,50,654,-1,8926,,,,,,,
,,1,0.281,50,654,-1,8927,,,,,,,
,,1,-0.25,50,654,-1,8928,,,,,,,
,,1,0.613,50,654,-1,8929,,,,,,,
52.3474108,4.9082162,1,0.049,50,654,-1,8930,54,12,10,46,-67,22:24:03,276
,,1,-0.219,50,654,-1,8931,,,,,,,
,,1,0.943,50,654,-1,8932,,,,,,,
,,1,-0.885,50,654,-1,8933,,,,,,,
,,1,-1.094,50,654,-1,8934,,,,,,,
,,7,-1.646,36,655,1754,8935,,,,,,,
,,1,0.909,36,655,-1,8936,,,,,,,
,,1,-1.793,36,655,-1,8937,,,,,,,
,,1,-0.595,36,655,-1,8938,,,,,,,
,,1,-1.791,36,655,-1,8939,,,,,,,
,,1,1.107,36,655,-1,8940,,,,,-67,22:24:03,469
,,1,-2.345,36,655,-1,8941,,,,,,,
,,1,-0.269,36,655,-1,8942,,,,,,,
,,1,-1.499,36,655,-1,8943,,,,,,,
,,1,0.376,36,655,-1,8944,,,,,,,
,,1,1.096,36,655,-1,8945,,,,,,,
,,1,0.042,36,655,-1,8946,,,,,,,
,,1,-1.582,36,655,-1,8947,,,,,,,
,,1,0.607,36,655,-1,8948,,,,,,,
,,1,-0.023,36,655,-1,8949,,,,,,,
,,7,3.385,5,656,1769,8950,,,,,-67,22:24:03,677
,,1,0.485,5,656,-1,8951,,,,,,,
,,1,1.343,5,656,-1,8952,,,,,,,
,,1,-0.742,5,656,-1,8953,,,,,,,
,,1,2.462,5,656,-1,8954,,,,,,,
,,1,0.365,5,656,-1,8955,,,,,,,
,,1,2.479,5,656,-1,8956,,,,,,,
,,1,-0.991,5,656,-1,8957,,,,,,,
,,1,2.672,5,656,-1,8958,,,,,,,
,,1,-1.211,5,656,-1,8959,,,,,,,
,,1,0.769,5,656,-1,8960,,,,,-67,22:24:03,875
,,1,0.66,5,656,-1,8961,,,,,,,
,,1,-0.063,5,656,-1,8962,,,,,,,
,,1,1.123,5,656,-1,8963,,,,,,,
,,1,-0.599,5,656,-1,8964,,,,,,,
,,1,-1.311,5,656,-1,8965,,,,,,,
,,7,-1.119,59,657,1754,8966,,,,,,,
,,1,-1.163,59,657,-1,8967,,,,,,,
,,1,-0.503,59,657,-1,8968,,,,,,,
,,1,-0.071,59,657,-1,8969,,,,,,,
52.347422,4.9082695,1,-1.795,59,657,-1,8970,73,13,9,46,-67,22:24:04,068
,,1,-0.688,59,657,-1,8971,,,,,,,
,,1,-1.108,59,657,-1,8972,,,,,,,
,,1,-0.223,59,657,-1,8973,,,,,,,
,,1,-0.937,59,657,-1,8974,,,,,,,
,,1,2.124,59,657,-1,8975,,,,,,,
,,1,1.669,59,657,-1,8976,,,,,,,
,,7,-0.2,76,658,1754,8977,,,,,,,
,,1,-0.637,76,658,-1,8978,,,,,,,
,,1,0.87,76,658,-1,8979,,,,,,,
,,1,0.878,76,658,-1,8980,,,,,-67,22:24:04,279
,,1,3.549,76,658,-1,8981,,,,,,,
,,1,-0.667,76,658,-1,8982,,,,,,,
,,1,0.043,76,658,-1,8983,,,,,,,
,,1,1.78,76,658,-1,8984,,,,,,,
,,1,-0.091,76,658,-1,8985,,,,,,,
,,1,1.315,76,658,-1,8986,,,,,,,
,,1,-0.306,76,658,-1,8987,,,,,,,
,,1,0.757,76,658,-1,8988,,,,,,,
,,1,0.288,76,658,-1,8989,,,,,,,
,,1,1.037,76,658,-1,8990,,,,,-67,22:24:04,476
,,1,-0.436,76,658,-1,8991,,,,,,,
,,1,-0.866,76,658,-1,8992,,,,,,,
,,1,-0.384,76,658,-1,8993,,,,,,,
,,7,-0.477,94,659,1724,8994,,,,,,,
,,1,-0.145,94,659,-1,8995,,,,,,,
,,1,0.238,94,659,-1,8996,,,,,,,
,,1,-2.669,94,659,-1,8997,,,,,,,
,,1,2.211,94,659,-1,8998,,,,,,,
,,1,-3.38,94,659,-1,8999,,,,,,,
,,1,1.419,94,659,-1,9000,,,,,-67,22:24:04,671
,,1,-4.768,94,659,-1,9001,,,,,,,
,,1,2.932,94,659,-1,9002,,,,,,,
,,1,-4.181,94,659,-1,9003,,,,,,,
,,1,2.922,94,659,-1,9004,,,,,,,
,,1,-3.41,94,659,-1,9005,,,,,,,
,,1,2.318,94,659,-1,9006,,,,,,,
,,1,-0.455,94,659,-1,9007,,,,,,,
,,1,2.117,94,659,-1,9008,,,,,,,
,,1,-0.485,94,659,-1,9009,,,,,,,
,,7,2.016,67,660,1680,9010,,,,,-77,22:24:04,957
,,1,0.487,67,660,-1,9011,,,,,,,
,,1,-1.183,67,660,-1,9012,,,,,,,
,,1,2.164,67,660,-1,9013,,,,,,,
,,1,1.367,67,660,-1,9014,,,,,,,
,,1,1.955,67,660,-1,9015,,,,,,,
,,1,-0.354,67,660,-1,9016,,,,,,,
,,1,0.955,67,660,-1,9017,,,,,,,
,,1,-1.107,67,660,-1,9018,,,,,,,
,,1,1.485,67,660,-1,9019,,,,,,,
52.3474341,4.9083165,1,0.602,67,660,-1,9020,77,11,9,46,-77,22:24:05,072
,,1,-1.965,67,660,-1,9021,,,,,,,
,,1,-0.015,67,660,-1,9022,,,,,,,
,,7,-2.145,78,661,1709,9023,,,,,,,
,,1,0.532,78,661,-1,9024,,,,,,,
,,1,0.027,78,661,-1,9025,,,,,,,
,,1,-1.744,78,661,-1,9026,,,,,,,
,,1,-2.5,78,661,-1,9027,,,,,,,
,,1,0.943,78,661,-1,9028,,,,,,,
,,1,-2.857,78,661,-1,9029,,,,,,,
,,1,0.1,78,661,-1,9030,,,,,-77,22:24:05,266
,,1,-0.387,78,661,-1,9031,,,,,,,
,,1,0.226,78,661,-1,9032,,,,,,,
,,1,1.376,78,661,-1,9033,,,,,,,
,,1,-1.22,78,661,-1,9034,,,,,,,
,,1,0.499,78,661,-1,9035,,,,,,,
,,1,1.159,78,661,-1,9036,,,,,,,
,,1,0.627,78,661,-1,9037,,,,,,,
,,7,1.475,94,662,1694,9038,,,,,,,
,,1,1.754,94,662,-1,9039,,,,,,,
,,1,3.177,94,662,-1,9040,,,,,-77,22:24:05,462
,,1,-0.073,94,662,-1,9041,,,,,,,
,,1,0.683,94,662,-1,9042,,,,,,,
,,1,0.966,94,662,-1,9043,,,,,,,
,,1,0.223,94,662,-1,9044,,,,,,,
,,1,0.116,94,662,-1,9045,,,,,,,
,,1,-0.69,94,662,-1,9046,,,,,,,
,,1,0.177,94,662,-1,9047,,,,,,,
,,1,0.922,94,662,-1,9048,,,,,,,
,,1,0.591,94,662,-1,9049,,,,,,,
,,1,-1.849,94,662,-1,9050,,,,,-77,22:24:05,688
,,1,-0.483,94,662,-1,9051,,,,,,,
,,7,-1.314,63,663,1680,9052,,,,,,,
,,1,-0.804,63,663,-1,9053,,,,,,,
,,1,0.653,63,663,-1,9054,,,,,,,
,,1,1.327,63,663,-1,9055,,,,,,,
,,1,-2.298,63,663,-1,9056,,,,,,,
,,1,-1.151,63,663,-1,9057,,,,,,,
,,1,-0.478,63,663,-1,9058,,,,,,,
,,1,0.458,63,663,-1,9059,,,,,,,
52.3474341,4.9083165,1,-0.862,63,663,-1,9060,77,11,9,46,-77,22:24:05,869
,,1,-0.313,63,663,-1,9061,,,,,,,
,,1,-0.696,63,663,-1,9062,,,,,,,
,,1,-0.432,63,663,-1,9063,,,,,,,
,,1,0.719,63,663,-1,9064,,,,,,,
,,1,1.425,63,663,-1,9065,,,,,,,
,,7,1.735,71,664,1754,9066,,,,,,,
,,1,0.271,71,664,-1,9067,,,,,,,
,,1,3.392,71,664,-1,9068,,,,,,,
,,1,1.182,71,664,-1,9069,,,,,,,
52.3474411,4.9083839,1,1.396,71,664,-1,9070,74,16,9,46,-77,22:24:06,079
,,1,0.712,71,664,-1,9071,,,,,,,
,,1,0.911,71,664,-1,9072,,,,,,,
,,1,-0.47,71,664,-1,9073,,,,,,,
,,1,1.139,71,664,-1,9074,,,,,,,
,,1,1.015,71,664,-1,9075,,,,,,,
,,1,0.048,71,664,-1,9076,,,,,,,
,,1,-0.731,71,664,-1,9077,,,,,,,
,,1,0.616,71,664,-1,9078,,,,,,,
,,1,-0.118,71,664,-1,9079,,,,,,,
,,1,-1.472,71,664,-1,9080,,,,,-77,22:24:06,275
,,7,-1.374,99,665,1754,9081,,,,,,,
,,1,-2.168,99,665,-1,9082,,,,,,,
,,1,0.45,99,665,-1,9083,,,,,,,
,,1,-0.606,99,665,-1,9084,,,,,,,
,,1,0.682,99,665,-1,9085,,,,,,,
,,1,-2.26,99,665,-1,9086,,,,,,,
,,1,2.629,99,665,-1,9087,,,,,,,
,,1,-3.305,99,665,-1,9088,,,,,,,
,,1,2.282,99,665,-1,9089,,,,,,,
,,1,-3.015,99,665,-1,9090,,,,,-70,22:24:06,466
,,1,3.203,99,665,-1,9091,,,,,,,
,,1,-1.512,99,665,-1,9092,,,,,,,
,,1,1.852,99,665,-1,9093,,,,,,,
,,7,1.78,125,666,1754,9094,,,,,,,
,,1,0.766,125,666,-1,9095,,,,,,,
,,1,2.219,125,666,-1,9096,,,,,,,
,,1,-0.326,125,666,-1,9097,,,,,,,
,,1,0.078,125,666,-1,9098,,,,,,,
,,1,2.237,125,666,-1,9099,,,,,,,
,,1,0.84,125,666,-1,9100,,,,,-70,22:24:06,661
,,1,1.548,125,666,-1,9101,,,,,,,
,,1,-1.663,125,666,-1,9102,,,,,,,
,,1,0.687,125,666,-1,9103,,,,,,,
,,1,0.131,125,666,-1,9104,,,,,,,
,,1,-1.357,125,666,-1,9105,,,,,,,
,,1,0.834,125,666,-1,9106,,,,,,,
,,7,-1.769,143,667,1801,9107,,,,,,,
,,1,1.988,143,667,-1,9108,,,,,,,
,,1,-5.59,143,667,-1,9109,,,,,,,
,,1,2.472,143,667,-1,9110,,,,,-70,22:24:06,874
,,1,-1.765,143,667,-1,9111,,,,,,,
,,1,3.935,143,667,-1,9112,,,,,,,
,,1,-3.782,143,667,-1,9113,,,,,,,
,,1,0.432,143,667,-1,9114,,,,,,,
,,1,-1.235,143,667,-1,9115,,,,,,,
,,1,0.935,143,667,-1,9116,,,,,,,
,,1,-0.363,143,667,-1,9117,,,,,,,
,,1,-0.354,143,667,-1,9118,,,,,,,
,,1,1.46,143,667,-1,9119,,,,,,,
52.3474484,4.9084489,1,0.429,143,667,-1,9120,79,14,9,46,-70,22:24:07,083
,,7,1.904,180,668,1818,9121,,,,,,,
,,1,-0.522,180,668,-1,9122,,,,,,,
,,1,2.263,180,668,-1,9123,,,,,,,
,,1,1.506,180,668,-1,9124,,,,,,,
,,1,0.187,180,668,-1,9125,,,,,,,
,,1,1.822,180,668,-1,9126,,,,,,,
,,1,0.355,180,668,-1,9127,,,,,,,
,,1,1.566,180,668,-1,9128,,,,,,,
,,1,2.788,180,668,-1,9129,,,,,,,
,,1,-0.606,180,668,-1,9130,,,,,-70,22:24:07,264
,,1,-0.096,180,668,-1,9131,,,,,,,
,,1,0.822,180,668,-1,9132,,,,,,,
,,1,-1.8,180,668,-1,9133,,,,,,,
,,1,0.944,180,668,-1,9134,,,,,,,
,,1,2.879,180,668,-1,9135,,,,,,,
,,1,0.52,180,668,-1,9136,,,,,,,
,,1,-7.27,180,668,-1,9137,,,,,,,
,,7,1.861,217,669,1785,9138,,,,,,,
,,1,-2.687,217,669,-1,9139,,,,,,,
,,1,4.504,217,669,-1,9140,,,,,-70,22:24:07,472
,,1,-3.86,217,669,-1,9141,,,,,,,
,,1,1.356,217,669,-1,9142,,,,,,,
,,1,-3.71,217,669,-1,9143,,,,,,,
,,1,3.389,217,669,-1,9144,,,,,,,
,,1,-0.734,217,669,-1,9145,,,,,,,
,,1,-1.074,217,669,-1,9146,,,,,,,
,,1,-1.246,217,669,-1,9147,,,,,,,
,,1,0.84,217,669,-1,9148,,,,,,,
,,1,2.509,217,669,-1,9149,,,,,,,
,,7,2.145,233,670,1769,9150,,,,,-70,22:24:07,668
,,1,-1.79,233,670,-1,9151,,,,,,,
,,1,2.684,233,670,-1,9152,,,,,,,
,,1,-1.014,233,670,-1,9153,,,,,,,
,,1,2.402,233,670,-1,9154,,,,,,,
,,1,1.077,233,670,-1,9155,,,,,,,
,,1,4.267,233,670,-1,9156,,,,,,,
,,1,0.265,233,670,-1,9157,,,,,,,
,,1,1.961,233,670,-1,9158,,,,,,,
,,1,-2.038,233,670,-1,9159,,,,,,,
,,1,-1.297,233,670,-1,9160,,,,,-70,22:24:07,869
,,7,-2.887,235,671,1818,9161,,,,,,,
,,1,1.97,235,671,-1,9162,,,,,,,
,,1,0.01,235,671,-1,9163,,,,,,,
,,1,-2.747,235,671,-1,9164,,,,,,,
,,1,0.857,235,671,-1,9165,,,,,,,
,,1,-2.998,235,671,-1,9166,,,,,,,
,,1,0.163,235,671,-1,9167,,,,,,,
,,1,0.459,235,671,-1,9168,,,,,,,
,,1,-1.326,235,671,-1,9169,,,,,,,
52.3474565,4.9085025,1,0.473,235,671,-1,9170,77,14,8,46,-70,22:24:08,090
,,1,-0.635,235,671,-1,9171,,,,,,,
,,1,0.874,235,671,-1,9172,,,,,,,
,,1,-1.732,235,671,-1,9173,,,,,,,
,,1,0.143,235,671,-1,9174,,,,,,,
,,1,-0.287,235,671,-1,9175,,,,,,,
,,1,-0.06,235,671,-1,9176,,,,,,,
,,1,2.437,235,671,-1,9177,,,,,,,
,,1,0.511,235,671,-1,9178,,,,,,,
,,7,0.388,201,672,1785,9179,,,,,,,
,,1,-0.673,201,672,-1,9180,,,,,-75,22:24:08,267
,,1,1.073,201,672,-1,9181,,,,,,,
,,1,2.267,201,672,-1,9182,,,,,,,
,,1,0.204,201,672,-1,9183,,,,,,,
,,1,0.956,201,672,-1,9184,,,,,,,
,,1,1.544,201,672,-1,9185,,,,,,,
,,1,1.246,201,672,-1,9186,,,,,,,
,,1,0.28,201,672,-1,9187,,,,,,,
,,1,-0.352,201,672,-1,9188,,,,,,,
,,1,0.373,201,672,-1,9189,,,,,,,
,,1,-1.062,201,672,-1,9190,,,,,,22:24:08,463
,,1,1.81,201,672,-1,9191,,,,,,,
,,1,-0.263,201,672,-1,9192,,,,,,,
,,1,-2.891,201,672,-1,9193,,,,,,,
,,7,-1.157,188,673,1754,9194,,,,,,,
,,1,-1.648,188,673,-1,9195,,,,,,,
,,1,1.757,188,673,-1,9196,,,,,,,
,,1,-2.569,188,673,-1,9197,,,,,,,
,,1,1.826,188,673,-1,9198,,,,,,,
,,1,-5.241,188,673,-1,9199,,,,,,,
,,1,1.854,188,673,-1,9200,,,,,,22:24:08,671
,,1,-2.886,188,673,-1,9201,,,,,,,
,,1,1.732,188,673,-1,9202,,,,,,,
,,1,-1.092,188,673,-1,9203,,,,,,,
,,1,0.955,188,673,-1,9204,,,,,,,
,,1,-1.144,188,673,-1,9205,,,,,,,
,,1,0.997,188,673,-1,9206,,,,,,,
,,1,1.158,188,673,-1,9207,,,,,,,
,,1,0.707,188,673,-1,9208,,,,,,,
,,1,-0.874,188,673,-1,9209,,,,,,,
,,1,1.477,188,673,-1,9210,,,,,,22:24:08,867
,,7,2.533,148,674,1709,9211,,,,,,,
,,1,2.285,148,674,-1,9212,,,,,,,
,,1,-0.453,148,674,-1,9213,,,,,,,
,,1,-2.041,148,674,-1,9214,,,,,,,
,,1,2.042,148,674,-1,9215,,,,,,,
,,1,1.254,148,674,-1,9216,,,,,,,
,,1,-1.997,148,674,-1,9217,,,,,,,
,,1,-0.877,148,674,-1,9218,,,,,,,
,,7,-0.591,67,675,1680,9219,,,,,,,
52.3474648,4.9085736,1,0.889,67,675,-1,9220,81,15,8,46,,22:24:09,072
,,1,-2.206,67,675,-1,9221,,,,,,,
,,1,-0.168,67,675,-1,9222,,,,,,,
,,1,-0.721,67,675,-1,9223,,,,,,,
,,1,0.026,67,675,-1,9224,,,,,,,
,,1,-1.18,67,675,-1,9225,,,,,,,
,,1,0.495,67,675,-1,9226,,,,,,,
,,1,-0.592,67,675,-1,9227,,,,,,,
,,1,0.05,67,675,-1,9228,,,,,,,
,,1,-1.294,67,675,-1,9229,,,,,,,
52.3474648,4.9085736,1,0.278,67,675,-1,9230,81,15,8,46,,22:24:09,272
,,1,-0.648,67,675,-1,9231,,,,,,,
,,1,0.45,67,675,-1,9232,,,,,,,
,,1,1.2,67,675,-1,9233,,,,,,,
,,7,1.8,50,676,1769,9234,,,,,,,
,,1,0.024,50,676,-1,9235,,,,,,,
,,1,-0.474,50,676,-1,9236,,,,,,,
,,1,1.523,50,676,-1,9237,,,,,,,
,,1,2.838,50,676,-1,9238,,,,,,,
,,1,1.881,50,676,-1,9239,,,,,,,
52.3474648,4.9085736,1,3.064,50,676,-1,9240,81,15,8,46,,22:24:09,472
,,1,-1.739,50,676,-1,9241,,,,,,,
,,1,-0.684,50,676,-1,9242,,,,,,,
,,1,0.815,50,676,-1,9243,,,,,,,
,,1,0.606,50,676,-1,9244,,,,,,,
,,1,-0.961,50,676,-1,9245,,,,,,,
,,1,0.641,50,676,-1,9246,,,,,,,
,,1,-0.813,50,676,-1,9247,,,,,,,
,,7,-1.982,35,677,1834,9248,,,,,,,
,,1,-0.605,35,677,-1,9249,,,,,,,
,,1,-0.311,35,677,-1,9250,,,,,,22:24:09,662
,,1,-3.409,35,677,-1,9251,,,,,,,
,,1,0.732,35,677,-1,9252,,,,,,,
,,1,-2.938,35,677,-1,9253,,,,,,,
,,1,-1.228,35,677,-1,9254,,,,,,,
,,1,1.428,35,677,-1,9255,,,,,,,
,,1,-0.26,35,677,-1,9256,,,,,,,
,,1,0.413,35,677,-1,9257,,,,,,,
,,1,-0.536,35,677,-1,9258,,,,,,,
,,1,0.429,35,677,-1,9259,,,,,,,
52.3474648,4.9085736,1,1.384,35,677,-1,9260,81,15,8,46,,22:24:09,873
,,7,2.238,19,678,1923,9261,,,,,,,
,,1,0.337,19,678,-1,9262,,,,,,,
,,1,-0.224,19,678,-1,9263,,,,,,,
,,1,0.718,19,678,-1,9264,,,,,,,
,,1,2.395,19,678,-1,9265,,,,,,,
,,1,-0.857,19,678,-1,9266,,,,,,,
,,1,3.025,19,678,-1,9267,,,,,,,
,,1,-1.308,19,678,-1,9268,,,,,,,
,,1,1.156,19,678,-1,9269,,,,,,,
52.3474713,4.9086305,1,0.513,19,678,-1,9270,75,13,8,46,-70,22:24:10,066
,,1,-0.185,19,678,-1,9271,,,,,,,
,,1,0.468,19,678,-1,9272,,,,,,,
,,1,-0.595,19,678,-1,9273,,,,,,,
,,1,1.191,19,678,-1,9274,,,,,,,
,,1,-1.936,19,678,-1,9275,,,,,,,
,,1,-0.354,19,678,-1,9276,,,,,,,
,,7,-2.355,21,679,1851,9277,,,,,,,
,,1,1.159,21,679,-1,9278,,,,,,,
,,1,-3.236,21,679,-1,9279,,,,,,,
52.3474713,4.9086305,1,0.223,21,679,-1,9280,75,13,8,46,-70,22:24:10,266
,,1,-0.876,21,679,-1,9281,,,,,,,
,,1,0.723,21,679,-1,9282,,,,,,,
,,1,0.618,21,679,-1,9283,,,,,,,
,,1,0.619,21,679,-1,9284,,,,,,,
,,1,0.924,21,679,-1,9285,,,,,,,
,,1,-0.892,21,679,-1,9286,,,,,,,
,,1,1.279,21,679,-1,9287,,,,,,,
,,7,1.27,68,680,1785,9288,,,,,,,
,,1,1.367,68,680,-1,9289,,,,,,,
,,1,0.771,68,680,-1,9290,,,,,-70,22:24:10,472
,,1,2.401,68,680,-1,9291,,,,,,,
,,1,1.365,68,680,-1,9292,,,,,,,
,,1,0.586,68,680,-1,9293,,,,,,,
,,1,0.525,68,680,-1,9294,,,,,,,
,,1,-0.036,68,680,-1,9295,,,,,,,
,,1,0.568,68,680,-1,9296,,,,,,,
,,1,1.691,68,680,-1,9297,,,,,,,
,,1,0.142,68,680,-1,9298,,,,,,,
,,1,-0.638,68,680,-1,9299,,,,,,,
,,1,-0.568,68,680,-1,9300,,,,,-70,22:24:10,666
,,1,-0.425,68,680,-1,9301,,,,,,,
,,1,0.197,68,680,-1,9302,,,,,,,
,,7,-2.475,130,681,1834,9303,,,,,,,
,,1,0.365,130,681,-1,9304,,,,,,,
,,1,-4.118,130,681,-1,9305,,,,,,,
,,1,1.194,130,681,-1,9306,,,,,,,
,,1,-2.647,130,681,-1,9307,,,,,,,
,,1,1.941,130,681,-1,9308,,,,,,,
,,1,-3.306,130,681,-1,9309,,,,,,,
,,1,2.873,130,681,-1,9310,,,,,-70,22:24:10,886
,,1,-2.402,130,681,-1,9311,,,,,,,
,,1,1.685,130,681,-1,9312,,,,,,,
,,1,-0.735,130,681,-1,9313,,,,,,,
,,1,2.989,130,681,-1,9314,,,,,,,
,,7,-0.104,123,682,1834,9315,,,,,,,
,,1,2.205,123,682,-1,9316,,,,,,,
,,1,-1.209,123,682,-1,9317,,,,,,,
,,1,1.123,123,682,-1,9318,,,,,,,
,,1,2.425,123,682,-1,9319,,,,,,,
,,1,1.772,123,682,-1,9320,,,,,-70,22:24:11,078
,,1,2.679,123,682,-1,9321,,,,,,,
,,1,0.581,123,682,-1,9322,,,,,,,
,,1,-0.519,123,682,-1,9323,,,,,,,
,,1,-0.076,123,682,-1,9324,,,,,,,
,,1,0.199,123,682,-1,9325,,,,,,,
,,1,2.033,123,682,-1,9326,,,,,,,
,,1,-0.59,123,682,-1,9327,,,,,,,
,,1,0.25,123,682,-1,9328,,,,,,,
,,1,-1.075,123,682,-1,9329,,,,,,,
52.3474798,4.9086759,1,1.732,123,682,-1,9330,72,11,8,46,-70,22:24:11,271
,,1,-2.168,123,682,-1,9331,,,,,,,
,,1,-0.058,123,682,-1,9332,,,,,,,
,,7,-0.951,146,683,1818,9333,,,,,,,
,,1,-2.32,146,683,-1,9334,,,,,,,
,,1,0.366,146,683,-1,9335,,,,,,,
,,1,-0.565,146,683,-1,9336,,,,,,,
,,1,0.552,146,683,-1,9337,,,,,,,
,,1,-0.625,146,683,-1,9338,,,,,,,
,,1,0.597,146,683,-1,9339,,,,,,,
,,1,0.073,146,683,-1,9340,,,,,-70,22:24:11,472
,,1,0.724,146,683,-1,9341,,,,,,,
,,1,0.846,146,683,-1,9342,,,,,,,
,,7,1.091,217,684,1801,9343,,,,,,,
,,1,0.436,217,684,-1,9344,,,,,,,
,,1,0.522,217,684,-1,9345,,,,,,,
,,1,2.067,217,684,-1,9346,,,,,,,
,,1,1.097,217,684,-1,9347,,,,,,,
,,1,0.915,217,684,-1,9348,,,,,,,
,,1,1.556,217,684,-1,9349,,,,,,,
,,1,0.51,217,684,-1,9350,,,,,-70,22:24:11,688
,,1,0.352,217,684,-1,9351,,,,,,,
,,1,0.084,217,684,-1,9352,,,,,,,
,,1,0.214,217,684,-1,9353,,,,,,,
,,1,0.292,217,684,-1,9354,,,,,,,
,,1,-0.477,217,684,-1,9355,,,,,,,
,,1,-0.418,217,684,-1,9356,,,,,,,
,,7,-2.325,239,685,1834,9357,,,,,,,
,,1,1.336,239,685,-1,9358,,,,,,,
,,1,-1.331,239,685,-1,9359,,,,,,,
,,1,0.338,239,685,-1,9360,,,,,-75,22:24:11,869
,,1,-2.512,239,685,-1,9361,,,,,,,
,,1,2.139,239,685,-1,9362,,,,,,,
,,1,-2.601,239,685,-1,9363,,,,,,,
,,1,-0.227,239,685,-1,9364,,,,,,,
,,1,-0.248,239,685,-1,9365,,,,,,,
,,1,-1.153,239,685,-1,9366,,,,,,,
,,1,0.508,239,685,-1,9367,,,,,,,
,,1,0.503,239,685,-1,9368,,,,,,,
,,1,0.547,239,685,-1,9369,,,,,,,
52.3474912,4.9087321,1,0.054,239,685,-1,9370,75,13,8,46,-75,22:24:12,063
,,1,0.771,239,685,-1,9371,,,,,,,
,,1,0.293,239,685,-1,9372,,,,,,,
,,1,1.5,239,685,-1,9373,,,,,,,
,,7,1.806,215,686,1769,9374,,,,,,,
,,1,1.615,215,686,-1,9375,,,,,,,
,,1,0.357,215,686,-1,9376,,,,,,,
,,1,0.607,215,686,-1,9377,,,,,,,
,,1,0.536,215,686,-1,9378,,,,,,,
,,1,0.211,215,686,-1,9379,,,,,,,
,,1,0.663,215,686,-1,9380,,,,,-75,22:24:12,292
,,1,0.989,215,686,-1,9381,,,,,,,
,,1,0.289,215,686,-1,9382,,,,,,,
,,1,0.353,215,686,-1,9383,,,,,,,
,,1,1.018,215,686,-1,9384,,,,,,,
,,1,-2.108,215,686,-1,9385,,,,,,,
,,1,-0.488,215,686,-1,9386,,,,,,,
,,7,-6.406,184,687,1769,9387,,,,,,,
,,1,4.092,184,687,-1,9388,,,,,,,
,,1,-4.969,184,687,-1,9389,,,,,,,
52.3474912,4.9087321,1,4.428,184,687,-1,9390,75,13,8,46,-75,22:24:12,469
,,1,-3.521,184,687,-1,9391,,,,,,,
,,1,2.268,184,687,-1,9392,,,,,,,
,,1,-2.98,184,687,-1,9393,,,,,,,
,,1,2.521,184,687,-1,9394,,,,,,,
,,1,-0.812,184,687,-1,9395,,,,,,,
,,1,1.387,184,687,-1,9396,,,,,,,
,,1,0.264,184,687,-1,9397,,,,,,,
,,7,1.492,214,688,1834,9398,,,,,,,
,,1,-1.154,214,688,-1,9399,,,,,,,
,,1,1.831,214,688,-1,9400,,,,,-75,22:24:12,685
,,1,2.367,214,688,-1,9401,,,,,,,
,,1,0.5,214,688,-1,9402,,,,,,,
,,1,-0.056,214,688,-1,9403,,,,,,,
,,1,0.378,214,688,-1,9404,,,,,,,
,,1,1.559,214,688,-1,9405,,,,,,,
,,1,0.646,214,688,-1,9406,,,,,,,
,,1,1.232,214,688,-1,9407,,,,,,,
,,1,-1.175,214,688,-1,9408,,,,,,,
,,7,-4.897,178,689,1869,9409,,,,,,,
,,1,1.423,178,689,-1,9410,,,,,-75,22:24:12,873
,,1,0.532,178,689,-1,9411,,,,,,,
,,1,-1.807,178,689,-1,9412,,,,,,,
,,1,-2.725,178,689,-1,9413,,,,,,,
,,1,-2.405,178,689,-1,9414,,,,,,,
,,1,4.573,178,689,-1,9415,,,,,,,
,,1,-5.105,178,689,-1,9416,,,,,,,
,,1,0.247,178,689,-1,9417,,,,,,,
,,1,-3.309,178,689,-1,9418,,,,,,,
,,1,-0.176,178,689,-1,9419,,,,,,,
52.3475001,4.9087883,1,-1.94,178,689,-1,9420,74,14,8,46,-75,22:24:13,076
,,1,1.236,178,689,-1,9421,,,,,,,
,,1,-0.728,178,689,-1,9422,,,,,,,
,,1,-0.793,178,689,-1,9423,,,,,,,
,,1,0.896,178,689,-1,9424,,,,,,,
,,1,1.589,178,689,-1,9425,,,,,,,
,,1,0.643,178,689,-1,9426,,,,,,,
,,7,1.23,33,690,1904,9427,,,,,,,
,,1,0.023,33,690,-1,9428,,,,,,,
,,1,1.478,33,690,-1,9429,,,,,,,
,,1,1.295,33,690,-1,9430,,,,,-75,22:24:13,266
,,1,-0.244,33,690,-1,9431,,,,,,,
,,1,-0.134,33,690,-1,9432,,,,,,,
,,1,1.738,33,690,-1,9433,,,,,,,
,,1,-0.48,33,690,-1,9434,,,,,,,
,,1,-0.815,33,690,-1,9435,,,,,,,
,,1,-0.187,33,690,-1,9436,,,,,,,
,,1,0.3,33,690,-1,9437,,,,,,,
,,1,-0.326,33,690,-1,9438,,,,,,,
,,1,-1.042,33,690,-1,9439,,,,,,,
,,7,-1.475,-24,691,1886,9440,,,,,-72,22:24:13,471
,,1,-0.013,-24,691,-1,9441,,,,,,,
,,1,0.368,-24,691,-1,9442,,,,,,,
,,1,-3.573,-24,691,-1,9443,,,,,,,
,,1,0.598,-24,691,-1,9444,,,,,,,
,,1,-1.893,-24,691,-1,9445,,,,,,,
,,1,1.166,-24,691,-1,9446,,,,,,,
,,1,-0.808,-24,691,-1,9447,,,,,,,
,,1,1.543,-24,691,-1,9448,,,,,,,
,,1,-0.862,-24,691,-1,9449,,,,,,,
,,1,0.149,-24,691,-1,9450,,,,,-72,22:24:13,668
,,1,0.759,-24,691,-1,9451,,,,,,,
,,7,2.423,-44,692,1869,9452,,,,,,,
,,1,0.781,-44,692,-1,9453,,,,,,,
,,1,0.64,-44,692,-1,9454,,,,,,,
,,1,0.575,-44,692,-1,9455,,,,,,,
,,1,0.497,-44,692,-1,9456,,,,,,,
,,1,1.513,-44,692,-1,9457,,,,,,,
,,1,-0.36,-44,692,-1,9458,,,,,,,
,,1,0.92,-44,692,-1,9459,,,,,,,
52.3475001,4.9087883,1,0.255,-44,692,-1,9460,74,14,8,46,-72,22:24:13,863
,,1,0.532,-44,692,-1,9461,,,,,,,
,,1,0.899,-44,692,-1,9462,,,,,,,
,,1,0.392,-44,692,-1,9463,,,,,,,
,,1,-0.688,-44,692,-1,9464,,,,,,,
,,1,-0.402,-44,692,-1,9465,,,,,,,
,,1,0.076,-44,692,-1,9466,,,,,,,
,,1,-1.444,-44,692,-1,9467,,,,,,,
,,7,-0.641,-30,693,1769,9468,,,,,,,
,,1,-0.911,-30,693,-1,9469,,,,,,,
52.347508,4.9088396,1,-1.032,-30,693,-1,9470,76,13,8,46,-72,22:24:14,074
,,1,-1.144,-30,693,-1,9471,,,,,,,
,,1,-0.991,-30,693,-1,9472,,,,,,,
,,1,-0.589,-30,693,-1,9473,,,,,,,
,,1,2.277,-30,693,-1,9474,,,,,,,
,,1,-6.674,-30,693,-1,9475,,,,,,,
,,1,5.332,-30,693,-1,9476,,,,,,,
,,1,2.762,-30,693,-1,9477,,,,,,,
,,7,3.443,-36,694,1818,9478,,,,,,,
,,1,0.206,-36,694,-1,9479,,,,,,,
,,1,-1.792,-36,694,-1,9480,,,,,-72,22:24:14,269
,,1,0.402,-36,694,-1,9481,,,,,,,
,,1,1.369,-36,694,-1,9482,,,,,,,
,,1,3.08,-36,694,-1,9483,,,,,,,
,,1,2.434,-36,694,-1,9484,,,,,,,
,,1,-0.225,-36,694,-1,9485,,,,,,,
,,1,-1.276,-36,694,-1,9486,,,,,,,
,,1,2.4,-36,694,-1,9487,,,,,,,
,,1,1.492,-36,694,-1,9488,,,,,,,
,,1,-0.355,-36,694,-1,9489,,,,,,,
52.347508,4.9088396,1,-1.328,-36,694,-1,9490,76,13,8,46,-72,22:24:14,464
,,1,1.826,-36,694,-1,9491,,,,,,,
,,1,0.971,-36,694,-1,9492,,,,,,,
,,1,-3.128,-36,694,-1,9493,,,,,,,
,,7,-2.742,27,695,1904,9494,,,,,,,
,,1,2.075,27,695,-1,9495,,,,,,,
,,1,2.083,27,695,-1,9496,,,,,,,
,,1,-0.687,27,695,-1,9497,,,,,,,
,,1,-2.689,27,695,-1,9498,,,,,,,
,,1,0.598,27,695,-1,9499,,,,,,,
52.347508,4.9088396,1,0.679,27,695,-1,9500,76,13,8,46,-72,22:24:14,674
,,1,-0.869,27,695,-1,9501,,,,,,,
,,1,-0.465,27,695,-1,9502,,,,,,,
,,1,-2.593,27,695,-1,9503,,,,,,,
,,1,1.794,27,695,-1,9504,,,,,,,
,,1,-0.444,27,695,-1,9505,,,,,,,
,,1,2.444,27,695,-1,9506,,,,,,,
,,7,0.356,154,696,1834,9507,,,,,,,
,,1,0.089,154,696,-1,9508,,,,,,,
,,1,2.037,154,696,-1,9509,,,,,,,
,,1,0.026,154,696,-1,9510,,,,,-72,22:24:14,868
,,1,1.695,154,696,-1,9511,,,,,,,
,,1,4.276,154,696,-1,9512,,,,,,,
,,1,-0.851,154,696,-1,9513,,,,,,,
,,1,0.768,154,696,-1,9514,,,,,,,
,,1,-1.676,154,696,-1,9515,,,,,,,
,,1,1.443,154,696,-1,9516,,,,,,,
,,1,-0.367,154,696,-1,9517,,,,,,,
,,1,-2.545,154,696,-1,9518,,,,,,,
,,1,2.658,154,696,-1,9519,,,,,,,
52.3475173,4.9088896,1,0.19,154,696,-1,9520,74,12,8,46,-72,22:24:15,076
,,1,1.013,154,696,-1,9521,,,,,,,
,,1,-4.31,154,696,-1,9522,,,,,,,
,,7,-0.495,199,697,1818,9523,,,,,,,
,,1,0.519,199,697,-1,9524,,,,,,,
,,1,1.171,199,697,-1,9525,,,,,,,
,,1,-2.36,199,697,-1,9526,,,,,,,
,,1,2.592,199,697,-1,9527,,,,,,,
,,1,-3.874,199,697,-1,9528,,,,,,,
,,1,2.586,199,697,-1,9529,,,,,,,
,,1,-4.329,199,697,-1,9530,,,,,-76,22:24:15,272
,,1,2.894,199,697,-1,9531,,,,,,,
,,1,-1.994,199,697,-1,9532,,,,,,,
,,1,2.13,199,697,-1,9533,,,,,,,
,,1,0.458,199,697,-1,9534,,,,,,,
,,7,1.258,216,698,1785,9535,,,,,,,
,,1,1.346,216,698,-1,9536,,,,,,,
,,1,3.21,216,698,-1,9537,,,,,,,
,,1,-1.224,216,698,-1,9538,,,,,,,
,,1,1.155,216,698,-1,9539,,,,,,,
,,1,1.356,216,698,-1,9540,,,,,-76,22:24:15,467
,,1,1.245,216,698,-1,9541,,,,,,,
,,1,-0.538,216,698,-1,9542,,,,,,,
,,1,1.565,216,698,-1,9543,,,,,,,
,,1,1.241,216,698,-1,9544,,,,,,,
,,1,-0.925,216,698,-1,9545,,,,,,,
,,1,-0.692,216,698,-1,9546,,,,,,,
,,7,-5.015,247,699,1818,9547,,,,,,,
,,1,1.385,247,699,-1,9548,,,,,,,
,,1,-1.102,247,699,-1,9549,,,,,,,
,,1,0.958,247,699,-1,9550,,,,,-76,22:24:15,681
,,1,-1.588,247,699,-1,9551,,,,,,,
,,1,0.617,247,699,-1,9552,,,,,,,
,,1,-1.575,247,699,-1,9553,,,,,,,
,,1,0.549,247,699,-1,9554,,,,,,,
,,1,-1.033,247,699,-1,9555,,,,,,,
,,1,-0.068,247,699,-1,9556,,,,,,,
,,1,0.065,247,699,-1,9557,,,,,,,
,,1,1.157,247,699,-1,9558,,,,,,,
,,1,0.354,247,699,-1,9559,,,,,,,
,,1,1.663,247,699,-1,9560,,,,,-76,22:24:15,873
,,7,0.404,234,700,1869,9561,,,,,,,
,,1,1.355,234,700,-1,9562,,,,,,,
,,1,1.076,234,700,-1,9563,,,,,,,
,,1,0.154,234,700,-1,9564,,,,,,,
,,1,3.595,234,700,-1,9565,,,,,,,
,,1,0.124,234,700,-1,9566,,,,,,,
,,1,0.724,234,700,-1,9567,,,,,,,
,,1,-1.715,234,700,-1,9568,,,,,,,
,,1,2.416,234,700,-1,9569,,,,,,,
52.3475262,4.9089497,1,-0.554,234,700,-1,9570,76,14,8,46,-76,22:24:16,069
,,1,-1.982,234,700,-1,9571,,,,,,,
,,1,2.035,234,700,-1,9572,,,,,,,
,,1,-0.446,234,700,-1,9573,,,,,,,
,,1,0.324,234,700,-1,9574,,,,,,,
,,1,-0.56,234,700,-1,9575,,,,,,,
,,7,-5.071,178,701,1869,9576,,,,,,,
,,1,1.446,178,701,-1,9577,,,,,,,
,,1,2.116,178,701,-1,9578,,,,,,,
,,1,-2.105,178,701,-1,9579,,,,,,,
,,1,0.581,178,701,-1,9580,,,,,-76,22:24:16,267
,,1,-4.206,178,701,-1,9581,,,,,,,
,,1,2.516,178,701,-1,9582,,,,,,,
,,1,-0.208,178,701,-1,9583,,,,,,,
,,1,1.727,178,701,-1,9584,,,,,,,
,,1,-0.77,178,701,-1,9585,,,,,,,
,,1,1.354,178,701,-1,9586,,,,,,,
,,1,0.071,178,701,-1,9587,,,,,,,
,,7,2.736,192,702,1886,9588,,,,,,,
,,1,0.23,192,702,-1,9589,,,,,,,
,,1,0.206,192,702,-1,9590,,,,,-76,22:24:16,491
,,1,-0.136,192,702,-1,9591,,,,,,,
,,1,1.653,192,702,-1,9592,,,,,,,
,,1,2.789,192,702,-1,9593,,,,,,,
,,1,-0.451,192,702,-1,9594,,,,,,,
,,1,-1.391,192,702,-1,9595,,,,,,,
,,1,0.796,192,702,-1,9596,,,,,,,
,,1,-1.458,192,702,-1,9597,,,,,,,
,,7,-0.576,174,703,1923,9598,,,,,,,
,,1,-3.481,174,703,-1,9599,,,,,,,
,,1,0.677,174,703,-1,9600,,,,,-76,22:24:16,667
,,1,0.083,174,703,-1,9601,,,,,,,
,,1,1.729,174,703,-1,9602,,,,,,,
,,1,-3.642,174,703,-1,9603,,,,,,,
,,1,0.854,174,703,-1,9604,,,,,,,
,,1,-1.026,174,703,-1,9605,,,,,,,
,,1,0.358,174,703,-1,9606,,,,,,,
,,1,1.198,174,703,-1,9607,,,,,,,
,,1,-3.465,174,703,-1,9608,,,,,,,
,,1,0.385,174,703,-1,9609,,,,,,,
,,1,0.849,174,703,-1,9610,,,,,-76,22:24:16,868
,,1,2.429,174,703,-1,9611,,,,,,,
,,7,1.144,138,704,1960,9612,,,,,,,
,,1,0.84,138,704,-1,9613,,,,,,,
,,1,0.341,138,704,-1,9614,,,,,,,
,,1,0.844,138,704,-1,9615,,,,,,,
,,1,2.407,138,704,-1,9616,,,,,,,
,,1,-1.013,138,704,-1,9617,,,,,,,
,,1,1.516,138,704,-1,9618,,,,,,,
,,1,0.548,138,704,-1,9619,,,,,,,
52.3475334,4.9090079,1,0.85,138,704,-1,9620,78,15,8,46,-67,22:24:17,078
,,1,-1.068,138,704,-1,9621,,,,,,,
,,1,0.713,138,704,-1,9622,,,,,,,
,,1,-1.407,138,704,-1,9623,,,,,,,
,,7,-0.986,118,705,1953,9624,,,,,,,
,,1,1.258,118,705,-1,9625,,,,,,,
,,1,-2.128,118,705,-1,9626,,,,,,,
,,1,0.837,118,705,-1,9627,,,,,,,
,,1,-2.275,118,705,-1,9628,,,,,,,
,,1,0.021,118,705,-1,9629,,,,,,,
,,1,-0.871,118,705,-1,9630,,,,,-67,22:24:17,274
,,1,-2.079,118,705,-1,9631,,,,,,,
,,1,2.627,118,705,-1,9632,,,,,,,
,,1,-0.426,118,705,-1,9633,,,,,,,
,,1,-0.201,118,705,-1,9634,,,,,,,
,,1,-0.603,118,705,-1,9635,,,,,,,
,,1,0.338,118,705,-1,9636,,,,,,,
,,1,1.977,118,705,-1,9637,,,,,,,
,,7,1.987,125,706,2000,9638,,,,,,,
,,1,-0.18,125,706,-1,9639,,,,,,,
,,1,0.837,125,706,-1,9640,,,,,-67,22:24:17,469
,,1,-1.515,125,706,-1,9641,,,,,,,
,,1,4.319,125,706,-1,9642,,,,,,,
,,1,2.704,125,706,-1,9643,,,,,,,
,,1,-0.299,125,706,-1,9644,,,,,,,
,,1,-0.74,125,706,-1,9645,,,,,,,
,,1,0.348,125,706,-1,9646,,,,,,,
,,1,0.954,125,706,-1,9647,,,,,,,
,,1,-0.051,125,706,-1,9648,,,,,,,
,,1,-0.515,125,706,-1,9649,,,,,,,
52.3475334,4.9090079,1,-0.093,125,706,-1,9650,78,15,8,46,-67,22:24:17,672
,,1,-0.961,125,706,-1,9651,,,,,,,
,,1,1.21,125,706,-1,9652,,,,,,,
,,7,-3.529,129,707,1904,9653,,,,,,,
,,1,3.243,129,707,-1,9654,,,,,,,
,,1,-2.777,129,707,-1,9655,,,,,,,
,,1,1.095,129,707,-1,9656,,,,,,,
,,1,-2.228,129,707,-1,9657,,,,,,,
,,1,0.162,129,707,-1,9658,,,,,,,
,,1,2.633,129,707,-1,9659,,,,,,,
,,1,-0.289,129,707,-1,9660,,,,,-67,22:24:17,872
,,7,1.261,151,708,1923,9661,,,,,,,
,,1,-1.257,151,708,-1,9662,,,,,,,
,,1,0.854,151,708,-1,9663,,,,,,,
,,1,1.255,151,708,-1,9664,,,,,,,
,,1,0.192,151,708,-1,9665,,,,,,,
,,1,1.64,151,708,-1,9666,,,,,,,
,,1,2.192,151,708,-1,9667,,,,,,,
,,1,-1.463,151,708,-1,9668,,,,,,,
,,1,-1.814,151,708,-1,9669,,,,,,,
52.3475415,4.9090729,1,2.11,151,708,-1,9670,77,15,8,46,-67,22:24:18,062
,,1,1.241,151,708,-1,9671,,,,,,,
,,1,0.545,151,708,-1,9672,,,,,,,
,,1,-1.205,151,708,-1,9673,,,,,,,
,,1,-0.039,151,708,-1,9674,,,,,,,
,,7,-1.267,144,709,2000,9675,,,,,,,
,,1,1.29,144,709,-1,9676,,,,,,,
,,1,-2.413,144,709,-1,9677,,,,,,,
,,1,-0.765,144,709,-1,9678,,,,,,,
,,1,-1.673,144,709,-1,9679,,,,,,,
,,1,-1.319,144,709,-1,9680,,,,,-67,22:24:18,289
,,1,0.333,144,709,-1,9681,,,,,,,
,,1,-0.772,144,709,-1,9682,,,,,,,
,,1,1.07,144,709,-1,9683,,,,,,,
,,1,-1.242,144,709,-1,9684,,,,,,,
,,1,0.27,144,709,-1,9685,,,,,,,
,,1,-0.087,144,709,-1,9686,,,,,,,
,,1,0.511,144,709,-1,9687,,,,,,,
,,1,0.585,144,709,-1,9688,,,,,,,
,,1,1.688,144,709,-1,9689,,,,,,,
,,7,0.448,151,710,1941,9690,,,,,-67,22:24:18,468
,,1,0.741,151,710,-1,9691,,,,,,,
,,1,2.376,151,710,-1,9692,,,,,,,
,,1,1.488,151,710,-1,9693,,,,,,,
,,1,1.295,151,710,-1,9694,,,,,,,
,,1,0.271,151,710,-1,9695,,,,,,,
,,1,1.041,151,710,-1,9696,,,,,,,
,,1,0.576,151,710,-1,9697,,,,,,,
,,1,1.272,151,710,-1,9698,,,,,,,
,,1,-0.489,151,710,-1,9699,,,,,,,
,,1,-1.277,151,710,-1,9700,,,,,-76,22:24:18,683
,,1,-0.565,151,710,-1,9701,,,,,,,
,,7,0.191,171,711,1980,9702,,,,,,,
,,1,-0.292,171,711,-1,9703,,,,,,,
,,1,0.815,171,711,-1,9704,,,,,,,
,,1,-5.39,171,711,-1,9705,,,,,,,
,,1,-3.31,171,711,-1,9706,,,,,,,
,,1,2.389,171,711,-1,9707,,,,,,,
,,1,-0.07,171,711,-1,9708,,,,,,,
,,1,2.966,171,711,-1,9709,,,,,,,
,,1,-1.062,171,711,-1,9710,,,,,-76,22:24:18,909
,,1,-1.927,171,711,-1,9711,,,,,,,
,,1,-0.878,171,711,-1,9712,,,,,,,
,,1,2.126,171,711,-1,9713,,,,,,,
,,1,2.142,171,711,-1,9714,,,,,,,
,,7,-0.518,162,712,1941,9715,,,,,,,
,,1,-0.594,162,712,-1,9716,,,,,,,
,,1,0.882,162,712,-1,9717,,,,,,,
,,1,1.502,162,712,-1,9718,,,,,,,
,,1,0.606,162,712,-1,9719,,,,,,,
52.3475515,4.9091409,1,0.681,162,712,-1,9720,76,16,8,46,-76,22:24:19,068
,,1,-0.766,162,712,-1,9721,,,,,,,
,,1,1.502,162,712,-1,9722,,,,,,,
,,1,0.398,162,712,-1,9723,,,,,,,
,,1,-0.263,162,712,-1,9724,,,,,,,
,,1,-0.85,162,712,-1,9725,,,,,,,
,,1,0.544,162,712,-1,9726,,,,,,,
,,1,-0.919,162,712,-1,9727,,,,,,,
,,7,-1.441,114,713,1869,9728,,,,,,,
,,1,-0.189,114,713,-1,9729,,,,,,,
,,1,-1.652,114,713,-1,9730,,,,,-76,22:24:19,263
,,1,-0.678,114,713,-1,9731,,,,,,,
,,1,-1.101,114,713,-1,9732,,,,,,,
,,1,0.186,114,713,-1,9733,,,,,,,
,,1,0.263,114,713,-1,9734,,,,,,,
,,1,-1.442,114,713,-1,9735,,,,,,,
,,1,-0.215,114,713,-1,9736,,,,,,,
,,1,0.316,114,713,-1,9737,,,,,,,
,,1,1.507,114,713,-1,9738,,,,,,,
,,1,0.355,114,713,-1,9739,,,,,,,
52.3475515,4.9091409,7,1.329,59,714,1941,9740,76,16,8,46,-76,22:24:19,472
,,1,-0.167,59,714,-1,9741,,,,,,,
,,1,0.188,59,714,-1,9742,,,,,,,
,,1,2.336,59,714,-1,9743,,,,,,,
,,1,0.666,59,714,-1,9744,,,,,,,
,,1,1.907,59,714,-1,9745,,,,,,,
,,1,0.354,59,714,-1,9746,,,,,,,
,,1,-0.313,59,714,-1,9747,,,,,,,
,,1,1.715,59,714,-1,9748,,,,,,,
,,1,0.648,59,714,-1,9749,,,,,,,
52.3475515,4.9091409,1,-2.077,59,714,-1,9750,76,16,8,46,-76,22:24:19,669
,,1,-1.357,59,714,-1,9751,,,,,,,
,,7,-0.017,76,715,2000,9752,,,,,,,
,,1,-1.573,76,715,-1,9753,,,,,,,
,,1,-2.302,76,715,-1,9754,,,,,,,
,,1,0.168,76,715,-1,9755,,,,,,,
,,1,-0.525,76,715,-1,9756,,,,,,,
,,1,-1.296,76,715,-1,9757,,,,,,,
,,1,0.315,76,715,-1,9758,,,,,,,
,,1,-1.766,76,715,-1,9759,,,,,,,
,,1,0.258,76,715,-1,9760,,,,,-76,22:24:19,866
,,1,-1.426,76,715,-1,9761,,,,,,,
,,1,1.887,76,715,-1,9762,,,,,,,
,,1,-0.663,76,715,-1,9763,,,,,,,
,,1,2.339,76,715,-1,9764,,,,,,,
,,1,-0.851,76,715,-1,9765,,,,,,,
,,7,2.264,56,716,1980,9766,,,,,,,
,,1,-0.217,56,716,-1,9767,,,,,,,
,,1,-0.004,56,716,-1,9768,,,,,,,
,,1,4.315,56,716,-1,9769,,,,,,,
52.3475624,4.9092109,1,-1.145,56,716,-1,9770,76,14,8,46,-76,22:24:20,073
,,1,0.921,56,716,-1,9771,,,,,,,
,,1,1.586,56,716,-1,9772,,,,,,,
,,1,0.759,56,716,-1,9773,,,,,,,
,,1,-0.624,56,716,-1,9774,,,,,,,
,,1,1.349,56,716,-1,9775,,,,,,,
,,1,0.77,56,716,-1,9776,,,,,,,
,,1,-2.033,56,716,-1,9777,,,,,,,
,,1,1.084,56,716,-1,9778,,,,,,,
,,1,-0.068,56,716,-1,9779,,,,,,,
,,1,-1.874,56,716,-1,9780,,,,,-76,22:24:20,273
,,7,-2.665,35,717,1923,9781,,,,,,,
,,1,0.028,35,717,-1,9782,,,,,,,
,,1,-0.802,35,717,-1,9783,,,,,,,
,,1,-1.447,35,717,-1,9784,,,,,,,
,,1,-1.434,35,717,-1,9785,,,,,,,
,,1,1.41,35,717,-1,9786,,,,,,,
,,1,-0.835,35,717,-1,9787,,,,,,,
,,1,1.874,35,717,-1,9788,,,,,,,
,,1,-2.166,35,717,-1,9789,,,,,,,
,,1,1.435,35,717,-1,9790,,,,,-73,22:24:20,461
,,1,-0.976,35,717,-1,9791,,,,,,,
,,7,3.94,28,718,1904,9792,,,,,,,
,,1,-1.017,28,718,-1,9793,,,,,,,
,,1,-0.257,28,718,-1,9794,,,,,,,
,,1,0.002,28,718,-1,9795,,,,,,,
,,1,-0.021,28,718,-1,9796,,,,,,,
,,1,-1.009,28,718,-1,9797,,,,,,,
,,1,0.924,28,718,-1,9798,,,,,,,
,,1,1.404,28,718,-1,9799,,,,,,,
,,1,1.553,28,718,-1,9800,,,,,-73,22:24:20,687
,,1,0.808,28,718,-1,9801,,,,,,,
,,1,-1.168,28,718,-1,9802,,,,,,,
,,1,-0.264,28,718,-1,9803,,,,,,,
,,1,-1.567,28,718,-1,9804,,,,,,,
,,1,1.188,28,718,-1,9805,,,,,,,
,,1,-0.615,28,718,-1,9806,,,,,,,
,,1,-0.881,28,718,-1,9807,,,,,,,
,,7,-1.176,5,719,1851,9808,,,,,,,
,,1,-0.664,5,719,-1,9809,,,,,,,
,,1,-1.237,5,719,-1,9810,,,,,-73,22:24:20,869
,,1,-1.294,5,719,-1,9811,,,,,,,
,,1,-0.04,5,719,-1,9812,,,,,,,
,,1,-0.674,5,719,-1,9813,,,,,,,
,,1,1.868,5,719,-1,9814,,,,,,,
,,1,-1.854,5,719,-1,9815,,,,,,,
,,1,1.146,5,719,-1,9816,,,,,,,
,,1,-2.399,5,719,-1,9817,,,,,,,
,,1,2.975,5,719,-1,9818,,,,,,,
,,1,0.522,5,719,-1,9819,,,,,,,
52.3475692,4.9092491,7,1.523,16,720,1818,9820,74,8,8,46,-73,22:24:21,063
,,1,-0.349,16,720,-1,9821,,,,,,,
,,1,1.793,16,720,-1,9822,,,,,,,
,,1,-0.405,16,720,-1,9823,,,,,,,
,,1,1.02,16,720,-1,9824,,,,,,,
,,1,2.427,16,720,-1,9825,,,,,,,
,,1,1.319,16,720,-1,9826,,,,,,,
,,1,0.684,16,720,-1,9827,,,,,,,
,,1,-0.104,16,720,-1,9828,,,,,,,
,,1,0.595,16,720,-1,9829,,,,,,,
,,1,1.211,16,720,-1,9830,,,,,-73,22:24:21,276
,,1,-1.063,16,720,-1,9831,,,,,,,
,,1,0.45,16,720,-1,9832,,,,,,,
,,1,-0.507,16,720,-1,9833,,,,,,,
,,1,-1.704,16,720,-1,9834,,,,,,,
,,7,-1.526,35,721,1851,9835,,,,,,,
,,1,-3.291,35,721,-1,9836,,,,,,,
,,1,3.03,35,721,-1,9837,,,,,,,
,,1,-4.675,35,721,-1,9838,,,,,,,
,,1,1.451,35,721,-1,9839,,,,,,,
,,1,-4.907,35,721,-1,9840,,,,,-73,22:24:21,468
,,1,2.864,35,721,-1,9841,,,,,,,
,,1,-0.771,35,721,-1,9842,,,,,,,
,,1,2.971,35,721,-1,9843,,,,,,,
,,7,0.191,28,722,1886,9844,,,,,,,
,,1,0.776,28,722,-1,9845,,,,,,,
,,1,-0.235,28,722,-1,9846,,,,,,,
,,1,3.714,28,722,-1,9847,,,,,,,
,,1,-0.35,28,722,-1,9848,,,,,,,
,,1,1.179,28,722,-1,9849,,,,,,,
,,1,-1.278,28,722,-1,9850,,,,,-73,22:24:21,662
,,1,3.183,28,722,-1,9851,,,,,,,
,,1,-0.158,28,722,-1,9852,,,,,,,
,,1,1.337,28,722,-1,9853,,,,,,,
,,1,0.597,28,722,-1,9854,,,,,,,
,,1,1.354,28,722,-1,9855,,,,,,,
,,1,-0.921,28,722,-1,9856,,,,,,,
,,1,-0.603,28,722,-1,9857,,,,,,,
,,1,0.004,28,722,-1,9858,,,,,,,
,,1,1.56,28,722,-1,9859,,,,,,,
,,1,-3.092,28,722,-1,9860,,,,,-73,22:24:21,888
,,7,-2.522,55,723,1904,9861,,,,,,,
,,1,-0.68,55,723,-1,9862,,,,,,,
,,1,3.584,55,723,-1,9863,,,,,,,
,,1,-3.757,55,723,-1,9864,,,,,,,
,,1,2.621,55,723,-1,9865,,,,,,,
,,1,-3.102,55,723,-1,9866,,,,,,,
,,1,-1.242,55,723,-1,9867,,,,,,,
,,1,-0.836,55,723,-1,9868,,,,,,,
,,1,0.14,55,723,-1,9869,,,,,,,
,,1,2.191,55,723,-1,9870,,,,,-76,22:24:22,095
,,1,-0.012,55,723,-1,9871,,,,,,,
,,1,-0.265,55,723,-1,9872,,,,,,,
,,7,2.49,62,724,1886,9873,,,,,,,
,,1,-0.093,62,724,-1,9874,,,,,,,
,,1,0.636,62,724,-1,9875,,,,,,,
,,1,3.937,62,724,-1,9876,,,,,,,
,,1,-0.397,62,724,-1,9877,,,,,,,
,,1,2.136,62,724,-1,9878,,,,,,,
,,1,-1.645,62,724,-1,9879,,,,,,,
52.347593,4.9093037,1,2.779,62,724,-1,9880,70,14,8,46,-76,22:24:22,296
,,1,-0.662,62,724,-1,9881,,,,,,,
,,1,-0.689,62,724,-1,9882,,,,,,,
,,1,-1.795,62,724,-1,9883,,,,,,,
,,7,-0.212,134,725,1960,9884,,,,,,,
,,1,2.26,134,725,-1,9885,,,,,,,
,,1,-3.371,134,725,-1,9886,,,,,,,
,,1,-0.557,134,725,-1,9887,,,,,,,
,,1,-0.401,134,725,-1,9888,,,,,,,
,,1,0.0,134,725,-1,9889,,,,,,,
,,1,-2.036,134,725,-1,9890,,,,,-76,22:24:22,473
,,1,-3.11,134,725,-1,9891,,,,,,,
,,1,0.29,134,725,-1,9892,,,,,,,
,,1,-2.395,134,725,-1,9893,,,,,,,
,,1,2.472,134,725,-1,9894,,,,,,,
,,1,-0.482,134,725,-1,9895,,,,,,,
,,1,0.694,134,725,-1,9896,,,,,,,
,,1,0.15,134,725,-1,9897,,,,,,,
,,1,0.37,134,725,-1,9898,,,,,,,
,,1,1.693,134,725,-1,9899,,,,,,,
,,7,0.263,89,726,1904,9900,,,,,-76,22:24:22,669
,,1,1.951,89,726,-1,9901,,,,,,,
,,1,0.596,89,726,-1,9902,,,,,,,
,,1,2.994,89,726,-1,9903,,,,,,,
,,1,0.353,89,726,-1,9904,,,,,,,
,,1,1.521,89,726,-1,9905,,,,,,,
,,1,-0.781,89,726,-1,9906,,,,,,,
,,1,0.904,89,726,-1,9907,,,,,,,
,,1,0.291,89,726,-1,9908,,,,,,,
,,1,0.638,89,726,-1,9909,,,,,,,
,,1,-1.233,89,726,-1,9910,,,,,-76,22:24:22,865
,,1,-1.222,89,726,-1,9911,,,,,,,
,,7,0.184,92,727,1869,9912,,,,,,,
,,1,-0.381,92,727,-1,9913,,,,,,,
,,1,0.97,92,727,-1,9914,,,,,,,
,,1,-5.099,92,727,-1,9915,,,,,,,
,,1,2.809,92,727,-1,9916,,,,,,,
,,1,3.739,92,727,-1,9917,,,,,,,
,,1,-7.39,92,727,-1,9918,,,,,,,
,,1,3.126,92,727,-1,9919,,,,,,,
52.3476062,4.9093385,1,-3.968,92,727,-1,9920,70,13,8,46,-76,22:24:23,089
,,1,3.598,92,727,-1,9921,,,,,,,
,,1,-2.13,92,727,-1,9922,,,,,,,
,,1,3.139,92,727,-1,9923,,,,,,,
,,1,-1.034,92,727,-1,9924,,,,,,,
,,7,1.714,138,728,1941,9925,,,,,,,
,,1,1.02,138,728,-1,9926,,,,,,,
,,1,0.91,138,728,-1,9927,,,,,,,
,,1,1.193,138,728,-1,9928,,,,,,,
,,1,1.214,138,728,-1,9929,,,,,,,
,,1,0.244,138,728,-1,9930,,,,,-76,22:24:23,293
,,1,1.159,138,728,-1,9931,,,,,,,
,,1,0.936,138,728,-1,9932,,,,,,,
,,1,0.854,138,728,-1,9933,,,,,,,
,,1,0.419,138,728,-1,9934,,,,,,,
,,1,0.007,138,728,-1,9935,,,,,,,
,,1,-0.745,138,728,-1,9936,,,,,,,
,,1,0.537,138,728,-1,9937,,,,,,,
,,1,-1.033,138,728,-1,9938,,,,,,,
,,1,-0.631,138,728,-1,9939,,,,,,,
52.3476062,4.9093385,7,-0.118,123,729,1851,9940,70,13,8,46,-76,22:24:23,496
,,1,-2.554,123,729,-1,9941,,,,,,,
,,1,0.34,123,729,-1,9942,,,,,,,
,,1,-2.872,123,729,-1,9943,,,,,,,
,,1,1.817,123,729,-1,9944,,,,,,,
,,1,-2.268,123,729,-1,9945,,,,,,,
,,1,0.227,123,729,-1,9946,,,,,,,
,,1,-0.29,123,729,-1,9947,,,,,,,
,,1,-2.18,123,729,-1,9948,,,,,,,
,,1,-1.305,123,729,-1,9949,,,,,,,
,,1,2.221,123,729,-1,9950,,,,,-76,22:24:23,674
,,1,-0.402,123,729,-1,9951,,,,,,,
,,1,1.884,123,729,-1,9952,,,,,,,
,,1,-3.04,123,729,-1,9953,,,,,,,
,,1,3.069,123,729,-1,9954,,,,,,,
,,1,1.776,123,729,-1,9955,,,,,,,
,,7,1.104,101,730,1785,9956,,,,,,,
,,1,-0.156,101,730,-1,9957,,,,,,,
,,1,1.102,101,730,-1,9958,,,,,,,
,,1,0.663,101,730,-1,9959,,,,,,,
,,1,2.764,101,730,-1,9960,,,,,-75,22:24:23,932
,,1,0.653,101,730,-1,9961,,,,,,,
,,1,-0.173,101,730,-1,9962,,,,,,,
,,1,1.302,101,730,-1,9963,,,,,,,
,,1,-0.141,101,730,-1,9964,,,,,,,
,,1,0.361,101,730,-1,9965,,,,,,,
,,1,0.336,101,730,-1,9966,,,,,,,
,,1,-0.529,101,730,-1,9967,,,,,,,
,,1,-1.74,101,730,-1,9968,,,,,,,
,,7,0.831,108,731,1769,9969,,,,,,,
,,1,-2.522,108,731,-1,9970,,,,,-75,22:24:24,062
,,1,0.639,108,731,-1,9971,,,,,,,
,,1,-1.012,108,731,-1,9972,,,,,,,
,,1,-0.917,108,731,-1,9973,,,,,,,
,,1,-1.426,108,731,-1,9974,,,,,,,
,,1,-1.229,108,731,-1,9975,,,,,,,
,,1,0.215,108,731,-1,9976,,,,,,,
,,1,-1.092,108,731,-1,9977,,,,,,,
,,1,1.191,108,731,-1,9978,,,,,,,
,,1,-1.839,108,731,-1,9979,,,,,,,
52.3476143,4.9094008,1,1.081,108,731,-1,9980,70,14,8,46,-75,22:24:24,303
,,1,-0.742,108,731,-1,9981,,,,,,,
,,1,2.868,108,731,-1,9982,,,,,,,
,,1,-0.098,108,731,-1,9983,,,,,,,
,,7,0.751,123,732,1724,9984,,,,,,,
,,1,1.587,123,732,-1,9985,,,,,,,
,,1,1.296,123,732,-1,9986,,,,,,,
,,1,1.898,123,732,-1,9987,,,,,,,
,,1,1.689,123,732,-1,9988,,,,,,,
,,1,1.063,123,732,-1,9989,,,,,,,
,,1,-0.59,123,732,-1,9990,,,,,-75,22:24:24,480
,,1,-0.751,123,732,-1,9991,,,,,,,
,,1,1.039,123,732,-1,9992,,,,,,,
,,1,1.31,123,732,-1,9993,,,,,,,
,,1,-1.146,123,732,-1,9994,,,,,,,
,,1,-1.733,123,732,-1,9995,,,,,,,
,,7,-0.69,118,733,1739,9996,,,,,,,
,,1,-1.804,118,733,-1,9997,,,,,,,
,,1,1.008,118,733,-1,9998,,,,,,,
,,1,-1.051,118,733,-1,9999,,,,,,,
,,1,-0.483,118,733,-1,10000,,,,,-75,22:24:24,664
,,1,-0.022,118,733,-1,10001,,,,,,,
,,1,-2.133,118,733,-1,10002,,,,,,,
,,1,-0.139,118,733,-1,10003,,,,,,,
,,1,-1.492,118,733,-1,10004,,,,,,,
,,1,0.091,118,733,-1,10005,,,,,,,
,,1,0.515,118,733,-1,10006,,,,,,,
,,1,-0.593,118,733,-1,10007,,,,,,,
,,1,0.393,118,733,-1,10008,,,,,,,
,,1,1.089,118,733,-1,10009,,,,,,,
,,1,0.057,118,733,-1,10010,,,,,-75,22:24:24,874
,,1,1.167,118,733,-1,10011,,,,,,,
,,7,1.277,84,734,1785,10012,,,,,,,
,,1,2.31,84,734,-1,10013,,,,,,,
,,1,0.758,84,734,-1,10014,,,,,,,
,,1,1.605,84,734,-1,10015,,,,,,,
,,1,0.394,84,734,-1,10016,,,,,,,
,,1,-1.039,84,734,-1,10017,,,,,,,
,,1,2.791,84,734,-1,10018,,,,,,,
,,1,2.992,84,734,-1,10019,,,,,,,
,,1,-0.331,84,734,-1,10020,,,,,-75,22:24:25,070
,,1,-0.172,84,734,-1,10021,,,,,,,
,,1,1.077,84,734,-1,10022,,,,,,,
,,1,-0.814,84,734,-1,10023,,,,,,,
,,1,-0.58,84,734,-1,10024,,,,,,,
,,1,-0.91,84,734,-1,10025,,,,,,,
,,7,-0.109,115,735,1769,10026,,,,,,,
,,1,-0.631,115,735,-1,10027,,,,,,,
,,1,-0.452,115,735,-1,10028,,,,,,,
,,1,-1.023,115,735,-1,10029,,,,,,,
,,1,-1.056,115,735,-1,10030,,,,,-75,22:24:25,291
,,1,-1.271,115,735,-1,10031,,,,,,,
,,1,-0.186,115,735,-1,10032,,,,,,,
,,1,-2.028,115,735,-1,10033,,,,,,,
,,1,0.072,115,735,-1,10034,,,,,,,
,,1,-1.071,115,735,-1,10035,,,,,,,
,,1,0.965,115,735,-1,10036,,,,,,,
,,1,-0.529,115,735,-1,10037,,,,,,,
,,1,0.637,115,735,-1,10038,,,,,,,
,,1,0.345,115,735,-1,10039,,,,,,,
,,1,0.689,115,735,-1,10040,,,,,-75,22:24:25,510
,,1,0.68,115,735,-1,10041,,,,,,,
,,7,2.573,113,736,1739,10042,,,,,,,
,,1,-0.088,113,736,-1,10043,,,,,,,
,,1,1.032,113,736,-1,10044,,,,,,,
,,1,0.951,113,736,-1,10045,,,,,,,
,,1,1.117,113,736,-1,10046,,,,,,,
,,1,1.546,113,736,-1,10047,,,,,,,
,,1,1.901,113,736,-1,10048,,,,,,,
,,1,-1.055,113,736,-1,10049,,,,,,,
,,1,-0.393,113,736,-1,10050,,,,,-80,22:24:25,682
,,1,0.458,113,736,-1,10051,,,,,,,
,,7,-2.839,109,737,1754,10052,,,,,,,
,,1,-2.031,109,737,-1,10053,,,,,,,
,,1,0.739,109,737,-1,10054,,,,,,,
,,1,-0.089,109,737,-1,10055,,,,,,,
,,1,-0.656,109,737,-1,10056,,,,,,,
,,1,-2.962,109,737,-1,10057,,,,,,,
,,1,0.619,109,737,-1,10058,,,,,,,
,,1,-1.947,109,737,-1,10059,,,,,,,
,,1,-0.566,109,737,-1,10060,,,,,-80,22:24:25,863
,,1,1.015,109,737,-1,10061,,,,,,,
,,1,-1.211,109,737,-1,10062,,,,,,,
,,1,-1.456,109,737,-1,10063,,,,,,,
,,1,0.735,109,737,-1,10064,,,,,,,
,,1,0.303,109,737,-1,10065,,,,,,,
,,1,1.036,109,737,-1,10066,,,,,,,
,,1,0.081,109,737,-1,10067,,,,,,,
,,1,-0.456,109,737,-1,10068,,,,,,,
,,1,0.23,109,737,-1,10069,,,,,,,
52.3476322,4.9094902,1,-0.539,109,737,-1,10070,73,16,8,46,-80,22:24:26,079
,,1,2.018,109,737,-1,10071,,,,,,,
,,7,2.733,79,738,1724,10072,,,,,,,
,,1,-1.246,79,738,-1,10073,,,,,,,
,,1,0.426,79,738,-1,10074,,,,,,,
,,1,1.445,79,738,-1,10075,,,,,,,
,,1,1.302,79,738,-1,10076,,,,,,,
,,1,2.896,79,738,-1,10077,,,,,,,
,,1,-0.896,79,738,-1,10078,,,,,,,
,,1,-1.079,79,738,-1,10079,,,,,,,
52.3476322,4.9094902,1,0.925,79,738,-1,10080,73,16,8,46,-80,22:24:26,276
,,1,0.869,79,738,-1,10081,,,,,,,
,,1,0.061,79,738,-1,10082,,,,,,,
,,1,-0.833,79,738,-1,10083,,,,,,,
,,1,1.798,79,738,-1,10084,,,,,,,
,,1,-0.118,79,738,-1,10085,,,,,,,
,,1,-0.343,79,738,-1,10086,,,,,,,
,,7,-3.645,76,739,1652,10087,,,,,,,
,,1,-1.242,76,739,-1,10088,,,,,,,
,,1,-0.032,76,739,-1,10089,,,,,,,
,,1,1.762,76,739,-1,10090,,,,,-80,22:24:26,496
,,1,-3.773,76,739,-1,10091,,,,,,,
,,1,1.271,76,739,-1,10092,,,,,,,
,,1,-3.556,76,739,-1,10093,,,,,,,
,,1,1.253,76,739,-1,10094,,,,,,,
,,1,-0.484,76,739,-1,10095,,,,,,,
,,1,2.093,76,739,-1,10096,,,,,,,
,,1,-1.257,76,739,-1,10097,,,,,,,
,,1,0.429,76,739,-1,10098,,,,,,,
,,1,-1.066,76,739,-1,10099,,,,,,,
,,1,1.358,76,739,-1,10100,,,,,-80,22:24:26,703
,,1,1.626,76,739,-1,10101,,,,,,,
,,7,1.479,78,740,1652,10102,,,,,,,
,,1,-0.414,78,740,-1,10103,,,,,,,
,,1,0.538,78,740,-1,10104,,,,,,,
,,1,1.435,78,740,-1,10105,,,,,,,
,,1,0.105,78,740,-1,10106,,,,,,,
,,1,0.642,78,740,-1,10107,,,,,,,
,,1,1.87,78,740,-1,10108,,,,,,,
,,1,-0.217,78,740,-1,10109,,,,,,,
,,1,0.078,78,740,-1,10110,,,,,-80,22:24:26,870
,,1,0.118,78,740,-1,10111,,,,,,,
,,1,0.018,78,740,-1,10112,,,,,,,
,,1,-0.316,78,740,-1,10113,,,,,,,
,,1,-1.313,78,740,-1,10114,,,,,,,
,,7,-1.604,19,741,1626,10115,,,,,,,
,,1,0.04,19,741,-1,10116,,,,,,,
,,1,-2.023,19,741,-1,10117,,,,,,,
,,1,1.404,19,741,-1,10118,,,,,,,
,,1,-3.609,19,741,-1,10119,,,,,,,
52.3476523,4.9095226,1,-0.878,19,741,-1,10120,49,10,8,46,-80,22:24:27,109
,,1,-0.799,19,741,-1,10121,,,,,,,
,,1,-2.419,19,741,-1,10122,,,,,,,
,,1,0.042,19,741,-1,10123,,,,,,,
,,1,-0.784,19,741,-1,10124,,,,,,,
,,1,-1.119,19,741,-1,10125,,,,,,,
,,1,0.924,19,741,-1,10126,,,,,,,
,,1,0.231,19,741,-1,10127,,,,,,,
,,1,1.065,19,741,-1,10128,,,,,,,
,,1,-1.179,19,741,-1,10129,,,,,,,
,,1,1.021,19,741,-1,10130,,,,,-75,22:24:27,271
,,1,1.228,19,741,-1,10131,,,,,,,
,,7,0.55,-25,742,1626,10132,,,,,,,
,,1,0.109,-25,742,-1,10133,,,,,,,
,,1,2.04,-25,742,-1,10134,,,,,,,
,,1,0.424,-25,742,-1,10135,,,,,,,
,,1,1.883,-25,742,-1,10136,,,,,,,
,,1,0.684,-25,742,-1,10137,,,,,,,
,,1,-0.583,-25,742,-1,10138,,,,,,,
,,1,-2.459,-25,742,-1,10139,,,,,,,
52.3476523,4.9095226,7,-1.509,-62,743,1769,10140,49,10,8,46,-75,22:24:27,468
,,1,2.145,-62,743,-1,10141,,,,,,,
,,1,-0.646,-62,743,-1,10142,,,,,,,
,,1,-1.563,-62,743,-1,10143,,,,,,,
,,1,-0.642,-62,743,-1,10144,,,,,,,
,,1,-0.102,-62,743,-1,10145,,,,,,,
,,1,-1.767,-62,743,-1,10146,,,,,,,
,,1,0.315,-62,743,-1,10147,,,,,,,
,,1,-3.086,-62,743,-1,10148,,,,,,,
,,1,0.893,-62,743,-1,10149,,,,,,,
,,1,-1.301,-62,743,-1,10150,,,,,-75,22:24:27,699
,,1,1.206,-62,743,-1,10151,,,,,,,
,,1,-3.119,-62,743,-1,10152,,,,,,,
,,1,0.521,-62,743,-1,10153,,,,,,,
,,1,-0.805,-62,743,-1,10154,,,,,,,
,,1,1.794,-62,743,-1,10155,,,,,,,
,,1,-0.78,-62,743,-1,10156,,,,,,,
,,1,0.366,-62,743,-1,10157,,,,,,,
,,1,1.578,-62,743,-1,10158,,,,,,,
,,7,1.228,-69,744,1818,10159,,,,,,,
,,1,-0.229,-69,744,-1,10160,,,,,-75,22:24:27,873
,,1,2.54,-69,744,-1,10161,,,,,,,
,,1,-0.358,-69,744,-1,10162,,,,,,,
,,1,0.735,-69,744,-1,10163,,,,,,,
,,1,1.065,-69,744,-1,10164,,,,,,,
,,1,0.907,-69,744,-1,10165,,,,,,,
,,1,1.407,-69,744,-1,10166,,,,,,,
,,1,0.141,-69,744,-1,10167,,,,,,,
,,1,-0.721,-69,744,-1,10168,,,,,,,
,,1,-0.351,-69,744,-1,10169,,,,,,,
52.3476523,4.9095226,1,0.84,-69,744,-1,10170,49,10,8,46,-75,22:24:28,066
,,1,0.193,-69,744,-1,10171,,,,,,,
,,1,-1.431,-69,744,-1,10172,,,,,,,
,,1,-1.103,-69,744,-1,10173,,,,,,,
,,7,-1.674,-86,745,1724,10174,,,,,,,
,,1,1.526,-86,745,-1,10175,,,,,,,
,,1,-1.495,-86,745,-1,10176,,,,,,,
,,1,-3.07,-86,745,-1,10177,,,,,,,
,,1,0.511,-86,745,-1,10178,,,,,,,
,,1,-0.629,-86,745,-1,10179,,,,,,,
52.3476547,4.9095297,1,0.287,-86,745,-1,10180,8,7,8,46,-75,22:24:28,266
,,1,-2.658,-86,745,-1,10181,,,,,,,
,,1,-0.358,-86,745,-1,10182,,,,,,,
,,1,0.782,-86,745,-1,10183,,,,,,,
,,1,2.827,-86,745,-1,10184,,,,,,,
,,7,-1.635,-102,746,1785,10185,,,,,,,
,,1,1.613,-102,746,-1,10186,,,,,,,
,,1,0.896,-102,746,-1,10187,,,,,,,
,,1,-0.126,-102,746,-1,10188,,,,,,,
,,1,4.238,-102,746,-1,10189,,,,,,,
,,1,0.043,-102,746,-1,10190,,,,,-75,22:24:28,472
,,1,-0.9,-102,746,-1,10191,,,,,,,
,,1,1.235,-102,746,-1,10192,,,,,,,
,,1,1.463,-102,746,-1,10193,,,,,,,
,,1,0.328,-102,746,-1,10194,,,,,,,
,,1,-0.705,-102,746,-1,10195,,,,,,,
,,1,-0.212,-102,746,-1,10196,,,,,,,
,,1,0.29,-102,746,-1,10197,,,,,,,
,,1,-0.423,-102,746,-1,10198,,,,,,,
,,1,0.048,-102,746,-1,10199,,,,,,,
,,1,-1.198,-102,746,-1,10200,,,,,-75,22:24:28,666
,,7,-1.979,-79,747,1754,10201,,,,,,,
,,1,-1.256,-79,747,-1,10202,,,,,,,
,,1,1.101,-79,747,-1,10203,,,,,,,
,,1,-3.677,-79,747,-1,10204,,,,,,,
,,1,2.127,-79,747,-1,10205,,,,,,,
,,1,-1.437,-79,747,-1,10206,,,,,,,
,,1,1.357,-79,747,-1,10207,,,,,,,
,,1,-1.202,-79,747,-1,10208,,,,,,,
,,1,0.199,-79,747,-1,10209,,,,,,,
,,1,-0.08,-79,747,-1,10210,,,,,-75,22:24:28,860
,,1,0.467,-79,747,-1,10211,,,,,,,
,,7,1.907,-17,748,1754,10212,,,,,,,
,,1,1.129,-17,748,-1,10213,,,,,,,
,,1,0.169,-17,748,-1,10214,,,,,,,
,,1,0.613,-17,748,-1,10215,,,,,,,
,,1,2.739,-17,748,-1,10216,,,,,,,
,,1,-1.152,-17,748,-1,10217,,,,,,,
,,1,3.111,-17,748,-1,10218,,,,,,,
,,1,1.286,-17,748,-1,10219,,,,,,,
52.3476914,4.9095278,1,0.264,-17,748,-1,10220,351,14,7,46,-74,22:24:29,071
,,1,-1.686,-17,748,-1,10221,,,,,,,
,,1,1.358,-17,748,-1,10222,,,,,,,
,,1,-0.649,-17,748,-1,10223,,,,,,,
,,1,0.453,-17,748,-1,10224,,,,,,,
,,1,-2.709,-17,748,-1,10225,,,,,,,
,,7,0.37,28,749,1904,10226,,,,,,,
,,1,0.063,28,749,-1,10227,,,,,,,
,,1,1.354,28,749,-1,10228,,,,,,,
,,1,-1.972,28,749,-1,10229,,,,,,,
,,1,-1.575,28,749,-1,10230,,,,,-74,22:24:29,275
,,1,-1.877,28,749,-1,10231,,,,,,,
,,1,0.017,28,749,-1,10232,,,,,,,
,,1,1.902,28,749,-1,10233,,,,,,,
,,1,-1.794,28,749,-1,10234,,,,,,,
,,1,-0.627,28,749,-1,10235,,,,,,,
,,1,-0.639,28,749,-1,10236,,,,,,,
,,1,1.469,28,749,-1,10237,,,,,,,
,,1,2.138,28,749,-1,10238,,,,,,,
,,7,1.6,86,750,1886,10239,,,,,,,
,,1,0.335,86,750,-1,10240,,,,,-74,22:24:29,463
,,1,-0.559,86,750,-1,10241,,,,,,,
,,1,0.701,86,750,-1,10242,,,,,,,
,,1,2.364,86,750,-1,10243,,,,,,,
,,1,1.013,86,750,-1,10244,,,,,,,
,,1,1.451,86,750,-1,10245,,,,,,,
,,1,0.479,86,750,-1,10246,,,,,,,
,,1,0.673,86,750,-1,10247,,,,,,,
,,1,-0.874,86,750,-1,10248,,,,,,,
,,1,0.744,86,750,-1,10249,,,,,,,
,,1,-0.243,86,750,-1,10250,,,,,-74,22:24:29,692
,,1,-1.316,86,750,-1,10251,,,,,,,
,,1,0.768,86,750,-1,10252,,,,,,,
,,7,-1.712,108,751,1886,10253,,,,,,,
,,1,-2.873,108,751,-1,10254,,,,,,,
,,1,1.419,108,751,-1,10255,,,,,,,
,,1,-3.998,108,751,-1,10256,,,,,,,
,,1,3.229,108,751,-1,10257,,,,,,,
,,1,-1.858,108,751,-1,10258,,,,,,,
,,1,-1.021,108,751,-1,10259,,,,,,,
,,1,-0.31,108,751,-1,10260,,,,,-74,22:24:29,867
,,1,0.135,108,751,-1,10261,,,,,,,
,,1,2.615,108,751,-1,10262,,,,,,,
,,1,-0.101,108,751,-1,10263,,,,,,,
,,7,0.938,133,752,1923,10264,,,,,,,
,,1,-1.333,133,752,-1,10265,,,,,,,
,,1,2.443,133,752,-1,10266,,,,,,,
,,1,0.445,133,752,-1,10267,,,,,,,
,,1,1.289,133,752,-1,10268,,,,,,,
,,1,1.46,133,752,-1,10269,,,,,,,
52.347737,4.9095074,1,0.939,133,752,-1,10270,345,15,7,46,-74,22:24:30,069
,,1,-1.059,133,752,-1,10271,,,,,,,
,,1,2.062,133,752,-1,10272,,,,,,,
,,1,1.384,133,752,-1,10273,,,,,,,
,,1,-0.532,133,752,-1,10274,,,,,,,
,,1,-0.122,133,752,-1,10275,,,,,,,
,,1,0.241,133,752,-1,10276,,,,,,,
,,1,-1.036,133,752,-1,10277,,,,,,,
,,1,-0.536,133,752,-1,10278,,,,,,,
,,7,-0.098,141,753,1904,10279,,,,,,,
,,1,-3.697,141,753,-1,10280,,,,,-74,22:24:30,279
,,1,0.368,141,753,-1,10281,,,,,,,
,,1,-0.939,141,753,-1,10282,,,,,,,
,,1,-1.125,141,753,-1,10283,,,,,,,
,,1,0.638,141,753,-1,10284,,,,,,,
,,1,-2.249,141,753,-1,10285,,,,,,,
,,1,1.498,141,753,-1,10286,,,,,,,
,,1,-0.414,141,753,-1,10287,,,,,,,
,,1,1.592,141,753,-1,10288,,,,,,,
,,1,-0.986,141,753,-1,10289,,,,,,,
,,1,1.614,141,753,-1,10290,,,,,-74,22:24:30,467
,,1,0.89,141,753,-1,10291,,,,,,,
,,7,0.316,141,754,1886,10292,,,,,,,
,,1,2.162,141,754,-1,10293,,,,,,,
,,1,1.79,141,754,-1,10294,,,,,,,
,,1,-0.147,141,754,-1,10295,,,,,,,
,,1,0.522,141,754,-1,10296,,,,,,,
,,1,1.006,141,754,-1,10297,,,,,,,
,,1,1.663,141,754,-1,10298,,,,,,,
,,1,-0.039,141,754,-1,10299,,,,,,,
,,1,-0.037,141,754,-1,10300,,,,,-74,22:24:30,662
,,1,-0.065,141,754,-1,10301,,,,,,,
,,1,-0.628,141,754,-1,10302,,,,,,,
,,1,-0.062,141,754,-1,10303,,,,,,,
,,1,-0.302,141,754,-1,10304,,,,,,,
,,7,-1.601,128,755,1904,10305,,,,,,,
,,1,-0.793,128,755,-1,10306,,,,,,,
,,1,-1.021,128,755,-1,10307,,,,,,,
,,1,-1.044,128,755,-1,10308,,,,,,,
,,1,-0.702,128,755,-1,10309,,,,,,,
,,1,-1.747,128,755,-1,10310,,,,,-64,22:24:30,875
,,1,0.533,128,755,-1,10311,,,,,,,
,,1,-1.516,128,755,-1,10312,,,,,,,
,,1,1.512,128,755,-1,10313,,,,,,,
,,1,-0.479,128,755,-1,10314,,,,,,,
,,1,0.44,128,755,-1,10315,,,,,,,
,,1,0.324,128,755,-1,10316,,,,,,,
,,1,0.206,128,755,-1,10317,,,,,,,
,,1,1.556,128,755,-1,10318,,,,,,,
,,7,1.507,111,756,1869,10319,,,,,,,
52.3477769,4.9094869,1,0.62,111,756,-1,10320,345,16,7,46,-64,22:24:31,078
,,1,1.931,111,756,-1,10321,,,,,,,
,,1,0.134,111,756,-1,10322,,,,,,,
,,1,1.372,111,756,-1,10323,,,,,,,
,,1,0.782,111,756,-1,10324,,,,,,,
,,1,0.293,111,756,-1,10325,,,,,,,
,,1,-1.948,111,756,-1,10326,,,,,,,
,,1,1.177,111,756,-1,10327,,,,,,,
,,1,1.001,111,756,-1,10328,,,,,,,
,,1,-2.268,111,756,-1,10329,,,,,,,
,,1,0.208,111,756,-1,10330,,,,,-64,22:24:31,262
,,7,-2.344,82,757,1869,10331,,,,,,,
,,1,2.724,82,757,-1,10332,,,,,,,
,,1,-1.251,82,757,-1,10333,,,,,,,
,,1,-3.364,82,757,-1,10334,,,,,,,
,,1,-1.226,82,757,-1,10335,,,,,,,
,,1,-0.742,82,757,-1,10336,,,,,,,
,,1,1.702,82,757,-1,10337,,,,,,,
,,1,-0.424,82,757,-1,10338,,,,,,,
,,1,-1.21,82,757,-1,10339,,,,,,,
52.3477769,4.9094869,1,0.649,82,757,-1,10340,345,16,7,46,-64,22:24:31,473
,,1,0.071,82,757,-1,10341,,,,,,,
,,1,2.888,82,757,-1,10342,,,,,,,
,,7,-0.126,86,758,1941,10343,,,,,,,
,,1,-0.074,86,758,-1,10344,,,,,,,
,,1,0.189,86,758,-1,10345,,,,,,,
,,1,1.797,86,758,-1,10346,,,,,,,
,,1,1.041,86,758,-1,10347,,,,,,,
,,1,2.423,86,758,-1,10348,,,,,,,
,,1,1.369,86,758,-1,10349,,,,,,,
,,1,0.002,86,758,-1,10350,,,,,-64,22:24:31,671
,,1,-0.437,86,758,-1,10351,,,,,,,
,,1,0.997,86,758,-1,10352,,,,,,,
,,1,0.579,86,758,-1,10353,,,,,,,
,,1,-0.001,86,758,-1,10354,,,,,,,
,,1,-0.166,86,758,-1,10355,,,,,,,
,,1,0.138,86,758,-1,10356,,,,,,,
,,1,-0.103,86,758,-1,10357,,,,,,,
,,1,-2.411,86,758,-1,10358,,,,,,,
,,7,-0.157,94,759,1904,10359,,,,,,,
,,1,-0.96,94,759,-1,10360,,,,,-64,22:24:31,867
,,1,0.025,94,759,-1,10361,,,,,,,
,,1,-0.933,94,759,-1,10362,,,,,,,
,,1,-0.038,94,759,-1,10363,,,,,,,
,,1,-1.818,94,759,-1,10364,,,,,,,
,,1,-0.818,94,759,-1,10365,,,,,,,
,,1,-0.331,94,759,-1,10366,,,,,,,
,,1,1.31,94,759,-1,10367,,,,,,,
,,1,0.808,94,759,-1,10368,,,,,,,
,,1,0.083,94,759,-1,10369,,,,,,,
52.3478166,4.909472,1,0.639,94,759,-1,10370,346,15,7,46,-64,22:24:32,072
,,1,0.179,94,759,-1,10371,,,,,,,
,,7,2.058,106,760,1869,10372,,,,,,,
,,1,1.638,106,760,-1,10373,,,,,,,
,,1,0.957,106,760,-1,10374,,,,,,,
,,1,-0.554,106,760,-1,10375,,,,,,,
,,1,1.515,106,760,-1,10376,,,,,,,
,,1,0.852,106,760,-1,10377,,,,,,,
,,1,0.148,106,760,-1,10378,,,,,,,
,,1,-0.365,106,760,-1,10379,,,,,,,
,,1,0.228,106,760,-1,10380,,,,,-64,22:24:32,268
,,1,-0.666,106,760,-1,10381,,,,,,,
,,1,-0.393,106,760,-1,10382,,,,,,,
,,1,0.177,106,760,-1,10383,,,,,,,
,,7,-2.022,85,761,1886,10384,,,,,,,
,,1,1.335,85,761,-1,10385,,,,,,,
,,1,-2.192,85,761,-1,10386,,,,,,,
,,1,-1.805,85,761,-1,10387,,,,,,,
,,1,-0.507,85,761,-1,10388,,,,,,,
,,1,-0.03,85,761,-1,10389,,,,,,,
,,1,0.577,85,761,-1,10390,,,,,-69,22:24:32,461
,,1,0.548,85,761,-1,10391,,,,,,,
,,1,0.176,85,761,-1,10392,,,,,,,
,,1,-0.022,85,761,-1,10393,,,,,,,
,,1,-0.05,85,761,-1,10394,,,,,,,
,,1,0.319,85,761,-1,10395,,,,,,,
,,1,2.052,85,761,-1,10396,,,,,,,
,,7,1.193,121,762,1869,10397,,,,,,,
,,1,-0.385,121,762,-1,10398,,,,,,,
,,1,1.062,121,762,-1,10399,,,,,,,
,,1,2.599,121,762,-1,10400,,,,,-69,22:24:32,690
,,1,0.258,121,762,-1,10401,,,,,,,
,,1,1.261,121,762,-1,10402,,,,,,,
,,1,0.273,121,762,-1,10403,,,,,,,
,,1,0.754,121,762,-1,10404,,,,,,,
,,1,-0.277,121,762,-1,10405,,,,,,,
,,1,0.354,121,762,-1,10406,,,,,,,
,,1,-0.59,121,762,-1,10407,,,,,,,
,,1,0.492,121,762,-1,10408,,,,,,,
,,1,-0.297,121,762,-1,10409,,,,,,,
,,1,-0.779,121,762,-1,10410,,,,,-69,22:24:32,868
,,7,-1.784,139,763,1886,10411,,,,,,,
,,1,0.318,139,763,-1,10412,,,,,,,
,,1,-2.419,139,763,-1,10413,,,,,,,
,,1,0.89,139,763,-1,10414,,,,,,,
,,1,-0.799,139,763,-1,10415,,,,,,,
,,1,-0.364,139,763,-1,10416,,,,,,,
,,1,0.577,139,763,-1,10417,,,,,,,
,,1,-0.55,139,763,-1,10418,,,,,,,
,,1,0.202,139,763,-1,10419,,,,,,,
52.3478544,4.9094564,1,0.032,139,763,-1,10420,345,13,7,46,-69,22:24:33,064
,,1,1.279,139,763,-1,10421,,,,,,,
,,1,1.07,139,763,-1,10422,,,,,,,
,,7,-0.125,158,764,1941,10423,,,,,,,
,,1,0.927,158,764,-1,10424,,,,,,,
,,1,1.263,158,764,-1,10425,,,,,,,
,,1,1.863,158,764,-1,10426,,,,,,,
,,1,0.745,158,764,-1,10427,,,,,,,
,,1,0.847,158,764,-1,10428,,,,,,,
,,1,-0.738,158,764,-1,10429,,,,,,,
,,1,0.485,158,764,-1,10430,,,,,-69,22:24:33,274
,,1,0.36,158,764,-1,10431,,,,,,,
,,1,-0.102,158,764,-1,10432,,,,,,,
,,1,-2.808,158,764,-1,10433,,,,,,,
,,7,-0.915,125,765,1980,10434,,,,,,,
,,1,1.784,125,765,-1,10435,,,,,,,
,,1,-4.126,125,765,-1,10436,,,,,,,
,,1,1.932,125,765,-1,10437,,,,,,,
,,1,-1.873,125,765,-1,10438,,,,,,,
,,1,-1.816,125,765,-1,10439,,,,,,,
,,1,-0.205,125,765,-1,10440,,,,,-69,22:24:33,484
,,1,0.194,125,765,-1,10441,,,,,,,
,,1,-1.032,125,765,-1,10442,,,,,,,
,,1,0.758,125,765,-1,10443,,,,,,,
,,1,-0.819,125,765,-1,10444,,,,,,,
,,1,2.188,125,765,-1,10445,,,,,,,
,,1,0.77,125,765,-1,10446,,,,,,,
,,7,0.998,98,766,2000,10447,,,,,,,
,,1,-0.356,98,766,-1,10448,,,,,,,
,,1,1.311,98,766,-1,10449,,,,,,,
,,1,1.852,98,766,-1,10450,,,,,-69,22:24:33,663
,,1,0.866,98,766,-1,10451,,,,,,,
,,1,0.966,98,766,-1,10452,,,,,,,
,,1,-0.641,98,766,-1,10453,,,,,,,
,,1,0.802,98,766,-1,10454,,,,,,,
,,1,-0.033,98,766,-1,10455,,,,,,,
,,1,-0.476,98,766,-1,10456,,,,,,,
,,1,-0.68,98,766,-1,10457,,,,,,,
,,1,-0.671,98,766,-1,10458,,,,,,,
,,7,-0.355,97,767,2000,10459,,,,,,,
,,1,0.146,97,767,-1,10460,,,,,-69,22:24:33,924
,,1,-2.352,97,767,-1,10461,,,,,,,
,,1,-0.384,97,767,-1,10462,,,,,,,
,,1,-1.938,97,767,-1,10463,,,,,,,
,,1,-0.218,97,767,-1,10464,,,,,,,
,,1,0.395,97,767,-1,10465,,,,,,,
,,1,0.422,97,767,-1,10466,,,,,,,
,,1,-0.67,97,767,-1,10467,,,,,,,
,,1,0.072,97,767,-1,10468,,,,,,,
,,1,0.117,97,767,-1,10469,,,,,,,
52.3478948,4.9094398,1,0.945,97,767,-1,10470,349,16,8,46,-69,22:24:34,068
,,1,1.62,97,767,-1,10471,,,,,,,
,,7,1.309,79,768,2032,10472,,,,,,,
,,1,1.355,79,768,-1,10473,,,,,,,
,,1,0.663,79,768,-1,10474,,,,,,,
,,1,0.085,79,768,-1,10475,,,,,,,
,,1,0.511,79,768,-1,10476,,,,,,,
,,1,0.2,79,768,-1,10477,,,,,,,
,,1,0.275,79,768,-1,10478,,,,,,,
,,1,-0.805,79,768,-1,10479,,,,,,,
,,1,-0.563,79,768,-1,10480,,,,,-73,22:24:34,267
,,1,-0.498,79,768,-1,10481,,,,,,,
,,1,0.295,79,768,-1,10482,,,,,,,
,,7,-1.355,32,769,2066,10483,,,,,,,
,,1,-1.013,32,769,-1,10484,,,,,,,
,,1,-0.715,32,769,-1,10485,,,,,,,
,,1,-1.326,32,769,-1,10486,,,,,,,
,,1,-0.569,32,769,-1,10487,,,,,,,
,,1,0.091,32,769,-1,10488,,,,,,,
,,1,-1.132,32,769,-1,10489,,,,,,,
,,1,1.599,32,769,-1,10490,,,,,-73,22:24:34,474
,,1,-0.901,32,769,-1,10491,,,,,,,
,,1,0.912,32,769,-1,10492,,,,,,,
,,1,-0.409,32,769,-1,10493,,,,,,,
,,1,1.407,32,769,-1,10494,,,,,,,
,,7,1.113,16,770,2066,10495,,,,,,,
,,1,1.165,16,770,-1,10496,,,,,,,
,,1,2.076,16,770,-1,10497,,,,,,,
,,1,0.405,16,770,-1,10498,,,,,,,
,,1,1.923,16,770,-1,10499,,,,,,,
,,1,1.629,16,770,-1,10500,,,,,-73,22:24:34,668
,,1,0.649,16,770,-1,10501,,,,,,,
,,1,-0.112,16,770,-1,10502,,,,,,,
,,1,-0.061,16,770,-1,10503,,,,,,,
,,1,0.22,16,770,-1,10504,,,,,,,
,,1,-0.396,16,770,-1,10505,,,,,,,
,,1,-0.815,16,770,-1,10506,,,,,,,
,,1,-0.302,16,770,-1,10507,,,,,,,
,,1,-0.417,16,770,-1,10508,,,,,,,
,,7,-0.633,55,771,2032,10509,,,,,,,
,,1,-2.665,55,771,-1,10510,,,,,-73,22:24:34,869
,,1,0.927,55,771,-1,10511,,,,,,,
,,1,-0.1,55,771,-1,10512,,,,,,,
,,1,0.116,55,771,-1,10513,,,,,,,
,,1,-0.846,55,771,-1,10514,,,,,,,
,,1,-1.893,55,771,-1,10515,,,,,,,
,,1,-1.273,55,771,-1,10516,,,,,,,
,,1,2.41,55,771,-1,10517,,,,,,,
,,1,2.09,55,771,-1,10518,,,,,,,
,,7,0.02,81,772,2049,10519,,,,,,,
52.3479371,4.9094262,1,0.204,81,772,-1,10520,352,16,8,46,-73,22:24:35,073
,,1,1.643,81,772,-1,10521,,,,,,,
,,1,1.89,81,772,-1,10522,,,,,,,
,,1,0.888,81,772,-1,10523,,,,,,,
,,1,0.45,81,772,-1,10524,,,,,,,
,,1,-0.11,81,772,-1,10525,,,,,,,
,,1,0.531,81,772,-1,10526,,,,,,,
,,1,1.87,81,772,-1,10527,,,,,,,
,,1,0.243,81,772,-1,10528,,,,,,,
,,1,-1.995,81,772,-1,10529,,,,,,,
,,1,0.797,81,772,-1,10530,,,,,-73,22:24:35,294
,,1,-0.732,81,772,-1,10531,,,,,,,
,,7,-1.447,108,773,2083,10532,,,,,,,
,,1,-0.038,108,773,-1,10533,,,,,,,
,,1,-2.283,108,773,-1,10534,,,,,,,
,,1,0.249,108,773,-1,10535,,,,,,,
,,1,0.247,108,773,-1,10536,,,,,,,
,,1,-1.525,108,773,-1,10537,,,,,,,
,,1,-1.431,108,773,-1,10538,,,,,,,
,,1,-0.322,108,773,-1,10539,,,,,,,
,,1,-0.646,108,773,-1,10540,,,,,-73,22:24:35,484
,,1,1.328,108,773,-1,10541,,,,,,,
,,1,-0.8,108,773,-1,10542,,,,,,,
,,1,1.327,108,773,-1,10543,,,,,,,
,,1,0.138,108,773,-1,10544,,,,,,,
,,7,2.096,86,774,2049,10545,,,,,,,
,,1,0.52,86,774,-1,10546,,,,,,,
,,1,0.723,86,774,-1,10547,,,,,,,
,,1,0.94,86,774,-1,10548,,,,,,,
,,1,1.799,86,774,-1,10549,,,,,,,
,,1,0.172,86,774,-1,10550,,,,,-73,22:24:35,674
,,1,0.774,86,774,-1,10551,,,,,,,
,,1,0.203,86,774,-1,10552,,,,,,,
,,1,0.155,86,774,-1,10553,,,,,,,
,,1,-0.776,86,774,-1,10554,,,,,,,
,,1,0.328,86,774,-1,10555,,,,,,,
,,1,0.705,86,774,-1,10556,,,,,,,
,,1,-1.911,86,774,-1,10557,,,,,,,
,,7,-0.625,123,775,2000,10558,,,,,,,
,,1,-1.519,123,775,-1,10559,,,,,,,
,,1,-0.79,123,775,-1,10560,,,,,-73,22:24:35,901
,,1,0.445,123,775,-1,10561,,,,,,,
,,1,-1.973,123,775,-1,10562,,,,,,,
,,1,0.386,123,775,-1,10563,,,,,,,
,,1,-0.505,123,775,-1,10564,,,,,,,
,,1,-0.063,123,775,-1,10565,,,,,,,
,,1,0.432,123,775,-1,10566,,,,,,,
,,1,-1.18,123,775,-1,10567,,,,,,,
,,1,1.005,123,775,-1,10568,,,,,,,
,,1,0.668,123,775,-1,10569,,,,,,,
52.3479834,4.9094059,7,1.775,112,776,2000,10570,347,16,8,46,-76,22:24:36,065
,,1,0.99,112,776,-1,10571,,,,,,,
,,1,1.684,112,776,-1,10572,,,,,,,
,,1,-0.015,112,776,-1,10573,,,,,,,
,,1,0.954,112,776,-1,10574,,,,,,,
,,1,1.633,112,776,-1,10575,,,,,,,
,,1,1.724,112,776,-1,10576,,,,,,,
,,1,-0.328,112,776,-1,10577,,,,,,,
,,1,0.007,112,776,-1,10578,,,,,,,
,,1,-0.102,112,776,-1,10579,,,,,,,
,,1,-0.154,112,776,-1,10580,,,,,-76,22:24:36,292
,,1,-0.743,112,776,-1,10581,,,,,,,
,,7,-2.153,110,777,1980,10582,,,,,,,
,,1,-1.3,110,777,-1,10583,,,,,,,
,,1,1.562,110,777,-1,10584,,,,,,,
,,1,-2.458,110,777,-1,10585,,,,,,,
,,1,1.199,110,777,-1,10586,,,,,,,
,,1,-2.281,110,777,-1,10587,,,,,,,
,,1,-1.593,110,777,-1,10588,,,,,,,
,,1,0.379,110,777,-1,10589,,,,,,,
,,1,-0.418,110,777,-1,10590,,,,,-76,22:24:36,469
,,1,2.103,110,777,-1,10591,,,,,,,
,,1,-2.078,110,777,-1,10592,,,,,,,
,,1,0.059,110,777,-1,10593,,,,,,,
,,1,0.004,110,777,-1,10594,,,,,,,
,,1,-0.55,110,777,-1,10595,,,,,,,
,,1,3.892,110,777,-1,10596,,,,,,,
,,7,-0.943,74,778,1960,10597,,,,,,,
,,1,1.35,74,778,-1,10598,,,,,,,
,,1,1.04,74,778,-1,10599,,,,,,,
,,1,0.857,74,778,-1,10600,,,,,-76,22:24:36,662
,,1,1.449,74,778,-1,10601,,,,,,,
,,1,0.97,74,778,-1,10602,,,,,,,
,,1,0.485,74,778,-1,10603,,,,,,,
,,1,-0.72,74,778,-1,10604,,,,,,,
,,1,-0.046,74,778,-1,10605,,,,,,,
,,1,-0.387,74,778,-1,10606,,,,,,,
,,1,-0.327,74,778,-1,10607,,,,,,,
,,7,-1.595,57,779,1960,10608,,,,,,,
,,1,-1.746,57,779,-1,10609,,,,,,,
,,1,0.281,57,779,-1,10610,,,,,-76,22:24:36,875
,,1,-0.353,57,779,-1,10611,,,,,,,
,,1,-1.124,57,779,-1,10612,,,,,,,
,,1,-2.492,57,779,-1,10613,,,,,,,
,,1,1.503,57,779,-1,10614,,,,,,,
,,1,-2.041,57,779,-1,10615,,,,,,,
,,1,1.638,57,779,-1,10616,,,,,,,
,,1,-0.429,57,779,-1,10617,,,,,,,
,,1,0.481,57,779,-1,10618,,,,,,,
,,1,0.869,57,779,-1,10619,,,,,,,
52.348023,4.9093952,7,1.306,57,780,2000,10620,350,14,8,46,-76,22:24:37,066
,,1,1.148,57,780,-1,10621,,,,,,,
,,1,2.022,57,780,-1,10622,,,,,,,
,,1,1.381,57,780,-1,10623,,,,,,,
,,1,-0.821,57,780,-1,10624,,,,,,,
,,1,1.332,57,780,-1,10625,,,,,,,
,,1,0.75,57,780,-1,10626,,,,,,,
,,1,0.679,57,780,-1,10627,,,,,,,
,,1,-0.156,57,780,-1,10628,,,,,,,
,,1,0.91,57,780,-1,10629,,,,,,,
,,1,-0.915,57,780,-1,10630,,,,,-76,22:24:37,264
,,1,1.212,57,780,-1,10631,,,,,,,
,,1,-0.233,57,780,-1,10632,,,,,,,
,,1,-0.586,57,780,-1,10633,,,,,,,
,,1,-0.587,57,780,-1,10634,,,,,,,
,,7,-1.9,75,781,1941,10635,,,,,,,
,,1,0.801,75,781,-1,10636,,,,,,,
,,1,-3.045,75,781,-1,10637,,,,,,,
,,1,1.392,75,781,-1,10638,,,,,,,
,,1,-2.021,75,781,-1,10639,,,,,,,
,,1,-1.312,75,781,-1,10640,,,,,-76,22:24:37,477
,,1,0.729,75,781,-1,10641,,,,,,,
,,1,0.336,75,781,-1,10642,,,,,,,
,,1,1.493,75,781,-1,10643,,,,,,,
,,1,-0.514,75,781,-1,10644,,,,,,,
,,1,0.378,75,781,-1,10645,,,,,,,
,,1,0.986,75,781,-1,10646,,,,,,,
,,7,0.983,92,782,1941,10647,,,,,,,
,,1,0.68,92,782,-1,10648,,,,,,,
,,1,2.237,92,782,-1,10649,,,,,,,
52.348023,4.9093952,1,0.593,92,782,-1,10650,350,14,8,46,-78,22:24:37,666
,,1,1.187,92,782,-1,10651,,,,,,,
,,1,1.497,92,782,-1,10652,,,,,,,
,,1,0.294,92,782,-1,10653,,,,,,,
,,1,-1.091,92,782,-1,10654,,,,,,,
,,1,0.26,92,782,-1,10655,,,,,,,
,,1,0.397,92,782,-1,10656,,,,,,,
,,7,-3.31,82,783,2000,10657,,,,,,,
,,1,2.64,82,783,-1,10658,,,,,,,
,,1,-1.103,82,783,-1,10659,,,,,,,
,,1,-1.396,82,783,-1,10660,,,,,-78,22:24:37,871
,,1,-1.264,82,783,-1,10661,,,,,,,
,,1,-3.318,82,783,-1,10662,,,,,,,
,,1,2.067,82,783,-1,10663,,,,,,,
,,1,-0.243,82,783,-1,10664,,,,,,,
,,1,2.116,82,783,-1,10665,,,,,,,
,,1,-2.196,82,783,-1,10666,,,,,,,
,,1,-1.28,82,783,-1,10667,,,,,,,
,,1,0.73,82,783,-1,10668,,,,,,,
,,1,2.221,82,783,-1,10669,,,,,,,
52.3480625,4.9093846,7,1.571,105,784,2049,10670,349,16,8,46,-78,22:24:38,073
,,1,-0.701,105,784,-1,10671,,,,,,,
,,1,1.146,105,784,-1,10672,,,,,,,
,,1,0.605,105,784,-1,10673,,,,,,,
,,1,1.677,105,784,-1,10674,,,,,,,
,,1,1.052,105,784,-1,10675,,,,,,,
,,1,0.554,105,784,-1,10676,,,,,,,
,,1,1.677,105,784,-1,10677,,,,,,,
,,1,0.022,105,784,-1,10678,,,,,,,
,,1,0.692,105,784,-1,10679,,,,,,,
52.3480625,4.9093846,1,-0.18,105,784,-1,10680,349,16,8,46,-78,22:24:38,267
,,1,-1.546,105,784,-1,10681,,,,,,,
,,1,0.896,105,784,-1,10682,,,,,,,
,,1,-0.474,105,784,-1,10683,,,,,,,
,,7,-1.684,127,785,1984,10684,,,,,,,
,,1,1.01,127,785,-1,10685,,,,,,,
,,1,-3.938,127,785,-1,10686,,,,,,,
,,1,-1.075,127,785,-1,10687,,,,,,,
,,1,-1.825,127,785,-1,10688,,,,,,,
,,1,0.939,127,785,-1,10689,,,,,,,
,,1,1.173,127,785,-1,10690,,,,,-78,22:24:38,478
,,1,-1.197,127,785,-1,10691,,,,,,,
,,1,-0.306,127,785,-1,10692,,,,,,,
,,1,-1.312,127,785,-1,10693,,,,,,,
,,1,1.308,127,785,-1,10694,,,,,,,
,,1,-0.633,127,785,-1,10695,,,,,,,
,,1,1.613,127,785,-1,10696,,,,,,,
,,1,0.947,127,785,-1,10697,,,,,,,
,,7,0.259,118,786,2000,10698,,,,,,,
,,1,1.873,118,786,-1,10699,,,,,,,
,,1,1.037,118,786,-1,10700,,,,,-78,22:24:38,675
,,1,1.143,118,786,-1,10701,,,,,,,
,,1,0.469,118,786,-1,10702,,,,,,,
,,1,0.827,118,786,-1,10703,,,,,,,
,,1,0.482,118,786,-1,10704,,,,,,,
,,1,0.501,118,786,-1,10705,,,,,,,
,,1,-0.75,118,786,-1,10706,,,,,,,
,,1,0.879,118,786,-1,10707,,,,,,,
,,1,0.74,118,786,-1,10708,,,,,,,
,,1,-1.452,118,786,-1,10709,,,,,,,
52.3480625,4.9093846,7,-2.668,109,787,1923,10710,349,16,8,46,-78,22:24:38,880
,,1,1.991,109,787,-1,10711,,,,,,,
,,1,-2.33,109,787,-1,10712,,,,,,,
,,1,0.424,109,787,-1,10713,,,,,,,
,,1,-2.244,109,787,-1,10714,,,,,,,
,,1,-0.312,109,787,-1,10715,,,,,,,
,,1,-1.046,109,787,-1,10716,,,,,,,
,,1,0.019,109,787,-1,10717,,,,,,,
,,1,-2.132,109,787,-1,10718,,,,,,,
,,1,0.756,109,787,-1,10719,,,,,,,
52.3481026,4.909374,1,-1.687,109,787,-1,10720,348,15,8,46,-78,22:24:39,075
,,1,1.772,109,787,-1,10721,,,,,,,
,,1,-0.644,109,787,-1,10722,,,,,,,
,,7,4.152,55,788,1886,10723,,,,,,,
,,1,0.439,55,788,-1,10724,,,,,,,
,,1,0.109,55,788,-1,10725,,,,,,,
,,1,-0.935,55,788,-1,10726,,,,,,,
,,1,2.387,55,788,-1,10727,,,,,,,
,,1,1.196,55,788,-1,10728,,,,,,,
,,1,1.582,55,788,-1,10729,,,,,,,
,,1,1.218,55,788,-1,10730,,,,,-78,22:24:39,274
,,1,-0.175,55,788,-1,10731,,,,,,,
,,1,0.498,55,788,-1,10732,,,,,,,
,,1,-0.11,55,788,-1,10733,,,,,,,
,,1,-0.495,55,788,-1,10734,,,,,,,
,,1,0.634,55,788,-1,10735,,,,,,,
,,1,-2.708,55,788,-1,10736,,,,,,,
,,7,-0.891,72,789,1886,10737,,,,,,,
,,1,-1.109,72,789,-1,10738,,,,,,,
,,1,1.402,72,789,-1,10739,,,,,,,
,,1,-4.729,72,789,-1,10740,,,,,-78,22:24:39,483
,,1,1.572,72,789,-1,10741,,,,,,,
,,1,-2.259,72,789,-1,10742,,,,,,,
,,1,2.569,72,789,-1,10743,,,,,,,
,,1,-2.96,72,789,-1,10744,,,,,,,
,,1,1.973,72,789,-1,10745,,,,,,,
,,1,-1.172,72,789,-1,10746,,,,,,,
,,1,-0.02,72,789,-1,10747,,,,,,,
,,1,1.836,72,789,-1,10748,,,,,,,
,,1,-1.938,72,789,-1,10749,,,,,,,
,,1,1.512,72,789,-1,10750,,,,,-78,22:24:39,661
,,1,-0.149,72,789,-1,10751,,,,,,,
,,1,0.24,72,789,-1,10752,,,,,,,
,,1,1.545,72,789,-1,10753,,,,,,,
,,7,1.643,65,790,1834,10754,,,,,,,
,,1,0.274,65,790,-1,10755,,,,,,,
,,1,1.201,65,790,-1,10756,,,,,,,
,,1,1.431,65,790,-1,10757,,,,,,,
,,1,0.341,65,790,-1,10758,,,,,,,
,,1,-0.432,65,790,-1,10759,,,,,,,
,,1,0.438,65,790,-1,10760,,,,,-78,22:24:39,874
,,1,0.692,65,790,-1,10761,,,,,,,
,,1,-1.406,65,790,-1,10762,,,,,,,
,,1,2.051,65,790,-1,10763,,,,,,,
,,1,-1.309,65,790,-1,10764,,,,,,,
,,1,-2.34,65,790,-1,10765,,,,,,,
,,7,0.211,30,791,1785,10766,,,,,,,
,,1,-1.587,30,791,-1,10767,,,,,,,
,,1,0.521,30,791,-1,10768,,,,,,,
,,1,-0.955,30,791,-1,10769,,,,,,,
52.3481026,4.909374,1,-0.939,30,791,-1,10770,348,15,8,46,-78,22:24:40,102
,,1,-0.543,30,791,-1,10771,,,,,,,
,,1,1.192,30,791,-1,10772,,,,,,,
,,1,0.698,30,791,-1,10773,,,,,,,
,,7,1.516,68,792,1869,10774,,,,,,,
,,1,-0.535,68,792,-1,10775,,,,,,,
,,1,1.83,68,792,-1,10776,,,,,,,
,,1,0.65,68,792,-1,10777,,,,,,,
,,1,1.249,68,792,-1,10778,,,,,,,
,,1,0.888,68,792,-1,10779,,,,,,,
52.3481434,4.9093568,1,1.074,68,792,-1,10780,347,14,8,46,-78,22:24:40,323
,,1,0.951,68,792,-1,10781,,,,,,,
,,1,0.138,68,792,-1,10782,,,,,,,
,,1,0.744,68,792,-1,10783,,,,,,,
,,1,0.483,68,792,-1,10784,,,,,,,
,,1,0.797,68,792,-1,10785,,,,,,,
,,1,-0.366,68,792,-1,10786,,,,,,,
,,1,-1.915,68,792,-1,10787,,,,,,,
,,7,-0.538,88,793,1960,10788,,,,,,,
,,1,1.382,88,793,-1,10789,,,,,,,
,,1,-3.422,88,793,-1,10790,,,,,-78,22:24:40,478
,,1,2.217,88,793,-1,10791,,,,,,,
,,1,-1.558,88,793,-1,10792,,,,,,,
,,1,-1.488,88,793,-1,10793,,,,,,,
,,1,-1.024,88,793,-1,10794,,,,,,,
,,1,-0.351,88,793,-1,10795,,,,,,,
,,1,1.118,88,793,-1,10796,,,,,,,
,,1,-1.231,88,793,-1,10797,,,,,,,
,,1,0.617,88,793,-1,10798,,,,,,,
,,1,-0.158,88,793,-1,10799,,,,,,,
,,1,1.346,88,793,-1,10800,,,,,-78,22:24:40,684
,,1,0.753,88,793,-1,10801,,,,,,,
,,7,-0.07,128,794,1923,10802,,,,,,,
,,1,2.821,128,794,-1,10803,,,,,,,
,,1,3.689,128,794,-1,10804,,,,,,,
,,1,1.348,128,794,-1,10805,,,,,,,
,,1,1.133,128,794,-1,10806,,,,,,,
,,1,-0.09,128,794,-1,10807,,,,,,,
,,1,-0.452,128,794,-1,10808,,,,,,,
,,1,1.761,128,794,-1,10809,,,,,,,
52.3481434,4.9093568,1,-1.168,128,794,-1,10810,347,14,8,46,-78,22:24:40,866
,,1,0.147,128,794,-1,10811,,,,,,,
,,1,-0.666,128,794,-1,10812,,,,,,,
,,7,-1.208,150,795,2016,10813,,,,,,,
,,1,-1.399,150,795,-1,10814,,,,,,,
,,1,0.807,150,795,-1,10815,,,,,,,
,,1,-0.599,150,795,-1,10816,,,,,,,
,,1,-3.552,150,795,-1,10817,,,,,,,
,,1,-0.729,150,795,-1,10818,,,,,,,
,,1,-0.715,150,795,-1,10819,,,,,,,
,,1,0.096,150,795,-1,10820,,,,,-78,22:24:41,075
,,1,-1.034,150,795,-1,10821,,,,,,,
,,1,0.908,150,795,-1,10822,,,,,,,
,,1,-1.698,150,795,-1,10823,,,,,,,
,,1,0.912,150,795,-1,10824,,,,,,,
,,1,-0.438,150,795,-1,10825,,,,,,,
,,1,2.532,150,795,-1,10826,,,,,,,
,,1,-0.717,150,795,-1,10827,,,,,,,
,,7,1.397,121,796,1980,10828,,,,,,,
,,1,1.615,121,796,-1,10829,,,,,,,
52.3481434,4.9093568,1,1.145,121,796,-1,10830,347,14,8,46,-68,22:24:41,273
,,1,1.501,121,796,-1,10831,,,,,,,
,,1,-0.073,121,796,-1,10832,,,,,,,
,,1,-0.342,121,796,-1,10833,,,,,,,
,,1,-0.146,121,796,-1,10834,,,,,,,
,,1,-0.504,121,796,-1,10835,,,,,,,
,,1,0.681,121,796,-1,10836,,,,,,,
,,1,-0.942,121,796,-1,10837,,,,,,,
,,7,-1.626,119,797,1923,10838,,,,,,,
,,1,-1.018,119,797,-1,10839,,,,,,,
,,1,-1.004,119,797,-1,10840,,,,,-68,22:24:41,463
,,1,0.725,119,797,-1,10841,,,,,,,
,,1,-2.654,119,797,-1,10842,,,,,,,
,,1,-1.591,119,797,-1,10843,,,,,,,
,,1,0.856,119,797,-1,10844,,,,,,,
,,1,-2.089,119,797,-1,10845,,,,,,,
,,1,1.11,119,797,-1,10846,,,,,,,
,,1,1.515,119,797,-1,10847,,,,,,,
,,1,-0.51,119,797,-1,10848,,,,,,,
,,1,0.974,119,797,-1,10849,,,,,,,
,,1,-0.095,119,797,-1,10850,,,,,-68,22:24:41,671
,,7,1.593,80,798,1968,10851,,,,,,,
,,1,0.293,80,798,-1,10852,,,,,,,
,,1,1.187,80,798,-1,10853,,,,,,,
,,1,1.09,80,798,-1,10854,,,,,,,
,,1,1.443,80,798,-1,10855,,,,,,,
,,1,0.744,80,798,-1,10856,,,,,,,
,,1,0.598,80,798,-1,10857,,,,,,,
,,1,2.146,80,798,-1,10858,,,,,,,
,,1,1.3,80,798,-1,10859,,,,,,,
,,1,-0.035,80,798,-1,10860,,,,,-68,22:24:41,869
,,1,-1.0,80,798,-1,10861,,,,,,,
,,1,-1.828,80,798,-1,10862,,,,,,,
,,7,0.847,84,799,2016,10863,,,,,,,
,,1,0.241,84,799,-1,10864,,,,,,,
,,1,-2.421,84,799,-1,10865,,,,,,,
,,1,-1.105,84,799,-1,10866,,,,,,,
,,1,-0.7,84,799,-1,10867,,,,,,,
,,1,-1.876,84,799,-1,10868,,,,,,,
,,1,1.843,84,799,-1,10869,,,,,,,
,,1,-0.8,84,799,-1,10870,,,,,-68,22:24:42,061
,,1,-1.556,84,799,-1,10871,,,,,,,
,,1,-1.055,84,799,-1,10872,,,,,,,
,,1,-0.152,84,799,-1,10873,,,,,,,
,,1,1.9,84,799,-1,10874,,,,,,,
,,1,1.935,84,799,-1,10875,,,,,,,
,,7,-0.322,62,800,2016,10876,,,,,,,
,,1,0.015,62,800,-1,10877,,,,,,,
,,1,1.995,62,800,-1,10878,,,,,,,
,,1,0.751,62,800,-1,10879,,,,,,,
52.3482178,4.9093398,1,1.13,62,800,-1,10880,357,15,8,46,-68,22:24:42,270
,,1,-0.171,62,800,-1,10881,,,,,,,
,,1,2.015,62,800,-1,10882,,,,,,,
,,1,0.515,62,800,-1,10883,,,,,,,
,,1,0.326,62,800,-1,10884,,,,,,,
,,1,0.058,62,800,-1,10885,,,,,,,
,,1,0.367,62,800,-1,10886,,,,,,,
,,1,-0.096,62,800,-1,10887,,,,,,,
,,1,-0.709,62,800,-1,10888,,,,,,,
,,1,0.05,62,800,-1,10889,,,,,,,
,,7,-1.643,31,801,2000,10890,,,,,-68,22:24:42,471
,,1,-0.664,31,801,-1,10891,,,,,,,
,,1,-1.576,31,801,-1,10892,,,,,,,
,,1,0.326,31,801,-1,10893,,,,,,,
,,1,-0.906,31,801,-1,10894,,,,,,,
,,1,-0.336,31,801,-1,10895,,,,,,,
,,1,-0.512,31,801,-1,10896,,,,,,,
,,1,-1.542,31,801,-1,10897,,,,,,,
,,1,1.142,31,801,-1,10898,,,,,,,
,,1,0.04,31,801,-1,10899,,,,,,,
,,1,1.962,31,801,-1,10900,,,,,-68,22:24:42,663
,,7,0.196,66,802,1960,10901,,,,,,,
,,1,0.985,66,802,-1,10902,,,,,,,
,,1,-1.512,66,802,-1,10903,,,,,,,
,,1,1.793,66,802,-1,10904,,,,,,,
,,1,1.062,66,802,-1,10905,,,,,,,
,,1,1.849,66,802,-1,10906,,,,,,,
,,1,1.409,66,802,-1,10907,,,,,,,
,,1,0.807,66,802,-1,10908,,,,,,,
,,1,-0.625,66,802,-1,10909,,,,,,,
,,1,-0.244,66,802,-1,10910,,,,,-69,22:24:42,874
,,1,1.791,66,802,-1,10911,,,,,,,
,,1,0.846,66,802,-1,10912,,,,,,,
,,1,-0.392,66,802,-1,10913,,,,,,,
,,1,-0.899,66,802,-1,10914,,,,,,,
,,1,-1.439,66,802,-1,10915,,,,,,,
,,7,-1.171,103,803,1941,10916,,,,,,,
,,1,1.739,103,803,-1,10917,,,,,,,
,,1,-3.253,103,803,-1,10918,,,,,,,
,,1,-1.169,103,803,-1,10919,,,,,,,
52.3482575,4.9093267,1,-0.119,103,803,-1,10920,350,15,8,46,-69,22:24:43,084
,,1,-1.698,103,803,-1,10921,,,,,,,
,,1,1.398,103,803,-1,10922,,,,,,,
,,1,-1.731,103,803,-1,10923,,,,,,,
,,1,2.009,103,803,-1,10924,,,,,,,
,,1,-1.341,103,803,-1,10925,,,,,,,
,,1,-0.006,103,803,-1,10926,,,,,,,
,,1,-0.896,103,803,-1,10927,,,,,,,
,,1,2.063,103,803,-1,10928,,,,,,,
,,1,2.201,103,803,-1,10929,,,,,,,
52.3482575,4.9093267,7,0.852,116,804,1869,10930,350,15,8,46,-69,22:24:43,263
,,1,-0.973,116,804,-1,10931,,,,,,,
,,1,0.744,116,804,-1,10932,,,,,,,
,,1,2.107,116,804,-1,10933,,,,,,,
,,1,1.79,116,804,-1,10934,,,,,,,
,,1,0.952,116,804,-1,10935,,,,,,,
,,1,-0.162,116,804,-1,10936,,,,,,,
,,1,0.712,116,804,-1,10937,,,,,,,
,,1,-2.225,116,804,-1,10938,,,,,,,
,,7,-1.417,83,805,1941,10939,,,,,,,
,,1,1.218,83,805,-1,10940,,,,,-69,22:24:43,473
,,1,0.851,83,805,-1,10941,,,,,,,
,,1,-2.367,83,805,-1,10942,,,,,,,
,,1,-0.369,83,805,-1,10943,,,,,,,
,,1,-0.815,83,805,-1,10944,,,,,,,
,,1,-2.793,83,805,-1,10945,,,,,,,
,,1,0.199,83,805,-1,10946,,,,,,,
,,1,0.116,83,805,-1,10947,,,,,,,
,,1,-0.666,83,805,-1,10948,,,,,,,
,,1,0.768,83,805,-1,10949,,,,,,,
,,1,-0.483,83,805,-1,10950,,,,,-69,22:24:43,673
,,1,2.078,83,805,-1,10951,,,,,,,
,,1,-0.957,83,805,-1,10952,,,,,,,
,,7,2.191,93,806,1980,10953,,,,,,,
,,1,0.885,93,806,-1,10954,,,,,,,
,,1,0.152,93,806,-1,10955,,,,,,,
,,1,1.112,93,806,-1,10956,,,,,,,
,,1,-0.506,93,806,-1,10957,,,,,,,
,,1,2.208,93,806,-1,10958,,,,,,,
,,1,1.649,93,806,-1,10959,,,,,,,
,,1,0.214,93,806,-1,10960,,,,,-69,22:24:43,868
,,1,2.092,93,806,-1,10961,,,,,,,
,,1,0.688,93,806,-1,10962,,,,,,,
,,1,0.159,93,806,-1,10963,,,,,,,
,,1,-0.17,93,806,-1,10964,,,,,,,
,,1,-0.348,93,806,-1,10965,,,,,,,
,,1,0.057,93,806,-1,10966,,,,,,,
,,1,-1.603,93,806,-1,10967,,,,,,,
,,7,0.183,119,807,1923,10968,,,,,,,
,,1,-2.616,119,807,-1,10969,,,,,,,
52.3482957,4.9093115,1,-0.967,119,807,-1,10970,349,14,8,46,-69,22:24:44,090
,,1,-2.191,119,807,-1,10971,,,,,,,
,,1,0.734,119,807,-1,10972,,,,,,,
,,1,-2.879,119,807,-1,10973,,,,,,,
,,1,1.928,119,807,-1,10974,,,,,,,
,,1,-1.894,119,807,-1,10975,,,,,,,
,,1,0.996,119,807,-1,10976,,,,,,,
,,1,-0.646,119,807,-1,10977,,,,,,,
,,1,1.588,119,807,-1,10978,,,,,,,
,,1,0.16,119,807,-1,10979,,,,,,,
,,7,1.297,90,808,1960,10980,,,,,-69,22:24:44,267
,,1,-0.156,90,808,-1,10981,,,,,,,
,,1,1.528,90,808,-1,10982,,,,,,,
,,1,1.497,90,808,-1,10983,,,,,,,
,,1,0.596,90,808,-1,10984,,,,,,,
,,1,1.0,90,808,-1,10985,,,,,,,
,,1,1.666,90,808,-1,10986,,,,,,,
,,1,0.522,90,808,-1,10987,,,,,,,
,,1,1.939,90,808,-1,10988,,,,,,,
,,1,-0.646,90,808,-1,10989,,,,,,,
52.3482957,4.9093115,1,1.11,90,808,-1,10990,349,14,8,46,-69,22:24:44,462
,,1,0.639,90,808,-1,10991,,,,,,,
,,1,0.771,90,808,-1,10992,,,,,,,
,,1,-0.266,90,808,-1,10993,,,,,,,
,,1,-0.841,90,808,-1,10994,,,,,,,
,,1,-1.628,90,808,-1,10995,,,,,,,
,,7,0.053,125,809,1869,10996,,,,,,,
,,1,0.889,125,809,-1,10997,,,,,,,
,,1,-4.173,125,809,-1,10998,,,,,,,
,,1,-0.721,125,809,-1,10999,,,,,,,
52.3482957,4.9093115,1,-3.209,125,809,-1,11000,349,14,8,46,-70,22:24:44,671
,,1,2.639,125,809,-1,11001,,,,,,,
,,1,-0.395,125,809,-1,11002,,,,,,,
,,1,0.825,125,809,-1,11003,,,,,,,
,,1,-3.223,125,809,-1,11004,,,,,,,
,,1,0.711,125,809,-1,11005,,,,,,,
,,1,-0.863,125,809,-1,11006,,,,,,,
,,1,2.608,125,809,-1,11007,,,,,,,
,,1,-0.041,125,809,-1,11008,,,,,,,
,,7,1.671,102,810,1769,11009,,,,,,,
,,1,-0.161,102,810,-1,11010,,,,,-70,22:24:44,871
,,1,0.45,102,810,-1,11011,,,,,,,
,,1,0.34,102,810,-1,11012,,,,,,,
,,1,2.629,102,810,-1,11013,,,,,,,
,,1,1.899,102,810,-1,11014,,,,,,,
,,1,-0.99,102,810,-1,11015,,,,,,,
,,1,0.918,102,810,-1,11016,,,,,,,
,,1,0.427,102,810,-1,11017,,,,,,,
,,1,0.618,102,810,-1,11018,,,,,,,
,,1,-0.564,102,810,-1,11019,,,,,,,
,,1,-0.621,102,810,-1,11020,,,,,-70,22:24:45,067
,,1,0.331,102,810,-1,11021,,,,,,,
,,1,-0.037,102,810,-1,11022,,,,,,,
,,1,-1.207,102,810,-1,11023,,,,,,,
,,7,-1.64,100,811,1785,11024,,,,,,,
,,1,-0.1,100,811,-1,11025,,,,,,,
,,1,-1.925,100,811,-1,11026,,,,,,,
,,1,1.269,100,811,-1,11027,,,,,,,
,,1,-3.381,100,811,-1,11028,,,,,,,
,,1,1.343,100,811,-1,11029,,,,,,,
52.34833,4.9092986,1,-2.35,100,811,-1,11030,348,14,8,46,-70,22:24:45,277
,,1,2.371,100,811,-1,11031,,,,,,,
,,1,-2.363,100,811,-1,11032,,,,,,,
,,1,1.189,100,811,-1,11033,,,,,,,
,,1,-0.889,100,811,-1,11034,,,,,,,
,,1,2.299,100,811,-1,11035,,,,,,,
,,1,0.556,100,811,-1,11036,,,,,,,
,,7,0.679,101,812,1769,11037,,,,,,,
,,1,-0.13,101,812,-1,11038,,,,,,,
,,1,0.815,101,812,-1,11039,,,,,,,
,,1,1.72,101,812,-1,11040,,,,,-70,22:24:45,469
,,1,2.099,101,812,-1,11041,,,,,,,
,,1,2.493,101,812,-1,11042,,,,,,,
,,1,-0.908,101,812,-1,11043,,,,,,,
,,1,1.08,101,812,-1,11044,,,,,,,
,,1,1.744,101,812,-1,11045,,,,,,,
,,1,2.307,101,812,-1,11046,,,,,,,
,,1,-0.943,101,812,-1,11047,,,,,,,
,,1,0.772,101,812,-1,11048,,,,,,,
,,1,1.162,101,812,-1,11049,,,,,,,
,,1,-1.461,101,812,-1,11050,,,,,-70,22:24:45,663
,,1,-0.24,101,812,-1,11051,,,,,,,
,,1,-0.587,101,812,-1,11052,,,,,,,
,,1,1.496,101,812,-1,11053,,,,,,,
,,7,-3.41,127,813,1739,11054,,,,,,,
,,1,1.144,127,813,-1,11055,,,,,,,
,,1,-3.703,127,813,-1,11056,,,,,,,
,,1,1.437,127,813,-1,11057,,,,,,,
,,1,-2.918,127,813,-1,11058,,,,,,,
,,1,2.512,127,813,-1,11059,,,,,,,
,,1,-2.041,127,813,-1,11060,,,,,-70,22:24:45,875
,,1,1.563,127,813,-1,11061,,,,,,,
,,1,-1.343,127,813,-1,11062,,,,,,,
,,1,1.399,127,813,-1,11063,,,,,,,
,,1,-1.064,127,813,-1,11064,,,,,,,
,,1,0.859,127,813,-1,11065,,,,,,,
,,1,1.351,127,813,-1,11066,,,,,,,
,,7,1.469,162,814,1724,11067,,,,,,,
,,1,1.018,162,814,-1,11068,,,,,,,
,,1,0.782,162,814,-1,11069,,,,,,,
52.3483682,4.9092856,1,-0.141,162,814,-1,11070,351,13,8,46,-70,22:24:46,067
,,1,2.146,162,814,-1,11071,,,,,,,
,,1,1.616,162,814,-1,11072,,,,,,,
,,1,1.274,162,814,-1,11073,,,,,,,
,,1,0.61,162,814,-1,11074,,,,,,,
,,1,-0.3,162,814,-1,11075,,,,,,,
,,1,1.021,162,814,-1,11076,,,,,,,
,,1,0.323,162,814,-1,11077,,,,,,,
,,1,-0.291,162,814,-1,11078,,,,,,,
,,1,-0.736,162,814,-1,11079,,,,,,,
,,1,-0.272,162,814,-1,11080,,,,,-70,22:24:46,264
,,7,-0.201,155,815,1739,11081,,,,,,,
,,1,-1.829,155,815,-1,11082,,,,,,,
,,1,-0.416,155,815,-1,11083,,,,,,,
,,1,-1.925,155,815,-1,11084,,,,,,,
,,1,-1.917,155,815,-1,11085,,,,,,,
,,1,-0.394,155,815,-1,11086,,,,,,,
,,1,-0.737,155,815,-1,11087,,,,,,,
,,1,-0.996,155,815,-1,11088,,,,,,,
,,1,1.361,155,815,-1,11089,,,,,,,
,,1,-2.001,155,815,-1,11090,,,,,-64,22:24:46,472
,,1,0.979,155,815,-1,11091,,,,,,,
,,1,-0.951,155,815,-1,11092,,,,,,,
,,1,2.825,155,815,-1,11093,,,,,,,
,,1,-1.538,155,815,-1,11094,,,,,,,
,,7,2.168,139,816,1739,11095,,,,,,,
,,1,-0.821,139,816,-1,11096,,,,,,,
,,1,3.036,139,816,-1,11097,,,,,,,
,,1,1.271,139,816,-1,11098,,,,,,,
,,1,0.814,139,816,-1,11099,,,,,,,
,,1,0.978,139,816,-1,11100,,,,,-64,22:24:46,669
,,1,-0.501,139,816,-1,11101,,,,,,,
,,1,1.514,139,816,-1,11102,,,,,,,
,,1,0.711,139,816,-1,11103,,,,,,,
,,1,1.281,139,816,-1,11104,,,,,,,
,,1,0.316,139,816,-1,11105,,,,,,,
,,1,0.683,139,816,-1,11106,,,,,,,
,,1,0.052,139,816,-1,11107,,,,,,,
,,1,-0.126,139,816,-1,11108,,,,,,,
,,1,-1.431,139,816,-1,11109,,,,,,,
,,7,-0.818,181,817,1754,11110,,,,,-64,22:24:46,867
,,1,1.599,181,817,-1,11111,,,,,,,
,,1,-1.217,181,817,-1,11112,,,,,,,
,,1,-1.94,181,817,-1,11113,,,,,,,
,,1,0.158,181,817,-1,11114,,,,,,,
,,1,-1.955,181,817,-1,11115,,,,,,,
,,1,1.528,181,817,-1,11116,,,,,,,
,,1,-2.248,181,817,-1,11117,,,,,,,
,,1,-0.469,181,817,-1,11118,,,,,,,
,,1,-1.899,181,817,-1,11119,,,,,,,
52.3484038,4.9092694,1,2.46,181,817,-1,11120,347,14,8,46,-64,22:24:47,075
,,1,-0.056,181,817,-1,11121,,,,,,,
,,1,0.857,181,817,-1,11122,,,,,,,
,,1,-0.98,181,817,-1,11123,,,,,,,
,,1,0.396,181,817,-1,11124,,,,,,,
,,1,1.118,181,817,-1,11125,,,,,,,
,,7,2.731,182,818,1739,11126,,,,,,,
,,1,0.952,182,818,-1,11127,,,,,,,
,,1,0.813,182,818,-1,11128,,,,,,,
,,1,0.159,182,818,-1,11129,,,,,,,
,,1,-0.332,182,818,-1,11130,,,,,-64,22:24:47,270
,,1,1.163,182,818,-1,11131,,,,,,,
,,1,2.417,182,818,-1,11132,,,,,,,
,,1,-0.003,182,818,-1,11133,,,,,,,
,,1,-0.205,182,818,-1,11134,,,,,,,
,,1,0.565,182,818,-1,11135,,,,,,,
,,1,0.829,182,818,-1,11136,,,,,,,
,,1,-0.048,182,818,-1,11137,,,,,,,
,,1,-0.062,182,818,-1,11138,,,,,,,
,,1,-0.97,182,818,-1,11139,,,,,,,
52.3484038,4.9092694,1,-0.229,182,818,-1,11140,347,14,8,46,-64,22:24:47,463
,,1,0.429,182,818,-1,11141,,,,,,,
,,7,-2.013,141,819,1666,11142,,,,,,,
,,1,1.541,141,819,-1,11143,,,,,,,
,,1,-2.281,141,819,-1,11144,,,,,,,
,,1,-1.427,141,819,-1,11145,,,,,,,
,,1,-0.927,141,819,-1,11146,,,,,,,
,,1,-2.491,141,819,-1,11147,,,,,,,
,,1,1.196,141,819,-1,11148,,,,,,,
,,1,-0.96,141,819,-1,11149,,,,,,,
,,1,-0.745,141,819,-1,11150,,,,,-64,22:24:47,674
,,1,-1.723,141,819,-1,11151,,,,,,,
,,1,0.376,141,819,-1,11152,,,,,,,
,,1,1.709,141,819,-1,11153,,,,,,,
,,1,0.401,141,819,-1,11154,,,,,,,
,,7,1.323,99,820,1652,11155,,,,,,,
,,1,-0.883,99,820,-1,11156,,,,,,,
,,1,1.039,99,820,-1,11157,,,,,,,
,,1,1.812,99,820,-1,11158,,,,,,,
,,1,1.811,99,820,-1,11159,,,,,,,
,,1,-0.259,99,820,-1,11160,,,,,-64,22:24:47,869
,,1,-0.318,99,820,-1,11161,,,,,,,
,,1,1.865,99,820,-1,11162,,,,,,,
,,1,0.238,99,820,-1,11163,,,,,,,
,,1,0.856,99,820,-1,11164,,,,,,,
,,1,-0.672,99,820,-1,11165,,,,,,,
,,1,1.105,99,820,-1,11166,,,,,,,
,,1,-0.055,99,820,-1,11167,,,,,,,
,,1,0.412,99,820,-1,11168,,,,,,,
,,1,-0.879,99,820,-1,11169,,,,,,,
52.3484367,4.9092602,1,-0.334,99,820,-1,11170,349,12,8,46,-65,22:24:48,061
,,7,-0.676,75,821,1652,11171,,,,,,,
,,1,-2.282,75,821,-1,11172,,,,,,,
,,1,0.333,75,821,-1,11173,,,,,,,
,,1,-0.317,75,821,-1,11174,,,,,,,
,,1,0.401,75,821,-1,11175,,,,,,,
,,1,-2.758,75,821,-1,11176,,,,,,,
,,1,-1.842,75,821,-1,11177,,,,,,,
,,1,-0.86,75,821,-1,11178,,,,,,,
,,1,-0.085,75,821,-1,11179,,,,,,,
,,1,0.056,75,821,-1,11180,,,,,-65,22:24:48,276
,,1,0.754,75,821,-1,11181,,,,,,,
,,1,-0.879,75,821,-1,11182,,,,,,,
,,1,0.509,75,821,-1,11183,,,,,,,
,,1,-0.421,75,821,-1,11184,,,,,,,
,,1,2.39,75,821,-1,11185,,,,,,,
,,1,-0.956,75,821,-1,11186,,,,,,,
,,7,2.021,83,822,1639,11187,,,,,,,
,,1,0.118,83,822,-1,11188,,,,,,,
,,1,1.465,83,822,-1,11189,,,,,,,
,,1,0.96,83,822,-1,11190,,,,,-65,22:24:48,469
,,1,0.0,83,822,-1,11191,,,,,,,
,,1,2.546,83,822,-1,11192,,,,,,,
,,1,0.013,83,822,-1,11193,,,,,,,
,,1,2.014,83,822,-1,11194,,,,,,,
,,1,1.205,83,822,-1,11195,,,,,,,
,,1,0.038,83,822,-1,11196,,,,,,,
,,1,0.191,83,822,-1,11197,,,,,,,
,,1,0.163,83,822,-1,11198,,,,,,,
,,1,0.117,83,822,-1,11199,,,,,,,
,,1,-0.277,83,822,-1,11200,,,,,-65,22:24:48,662
,,1,-0.022,83,822,-1,11201,,,,,,,
,,1,-0.463,83,822,-1,11202,,,,,,,
,,1,-0.123,83,822,-1,11203,,,,,,,
,,7,-2.023,78,823,1626,11204,,,,,,,
,,1,-0.677,78,823,-1,11205,,,,,,,
,,1,-1.018,78,823,-1,11206,,,,,,,
,,1,-0.115,78,823,-1,11207,,,,,,,
,,1,-0.961,78,823,-1,11208,,,,,,,
,,1,-0.308,78,823,-1,11209,,,,,,,
,,1,-1.757,78,823,-1,11210,,,,,-65,22:24:48,875
,,1,0.282,78,823,-1,11211,,,,,,,
,,1,-1.044,78,823,-1,11212,,,,,,,
,,1,0.604,78,823,-1,11213,,,,,,,
,,1,-1.419,78,823,-1,11214,,,,,,,
,,1,-0.194,78,823,-1,11215,,,,,,,
,,1,-0.704,78,823,-1,11216,,,,,,,
,,1,1.358,78,823,-1,11217,,,,,,,
,,1,0.213,78,823,-1,11218,,,,,,,
,,1,0.322,78,823,-1,11219,,,,,,,
52.3484677,4.9092464,1,-0.139,78,823,-1,11220,346,12,8,46,-65,22:24:49,068
,,1,1.502,78,823,-1,11221,,,,,,,
,,7,1.496,51,824,1500,11222,,,,,,,
,,1,2.377,51,824,-1,11223,,,,,,,
,,1,0.338,51,824,-1,11224,,,,,,,
,,1,0.038,51,824,-1,11225,,,,,,,
,,1,1.243,51,824,-1,11226,,,,,,,
,,1,0.437,51,824,-1,11227,,,,,,,
,,1,1.632,51,824,-1,11228,,,,,,,
,,1,0.354,51,824,-1,11229,,,,,,,
,,1,0.229,51,824,-1,11230,,,,,-65,22:24:49,265
,,1,0.657,51,824,-1,11231,,,,,,,
,,1,0.833,51,824,-1,11232,,,,,,,
,,1,-0.712,51,824,-1,11233,,,,,,,
,,1,0.214,51,824,-1,11234,,,,,,,
,,1,-0.016,51,824,-1,11235,,,,,,,
,,1,-1.054,51,824,-1,11236,,,,,,,
,,1,-0.428,51,824,-1,11237,,,,,,,
,,7,-1.487,57,825,1470,11238,,,,,,,
,,1,-0.423,57,825,-1,11239,,,,,,,
,,1,-0.254,57,825,-1,11240,,,,,-65,22:24:49,473
,,1,-2.01,57,825,-1,11241,,,,,,,
,,1,-2.155,57,825,-1,11242,,,,,,,
,,1,-0.236,57,825,-1,11243,,,,,,,
,,1,-1.731,57,825,-1,11244,,,,,,,
,,1,0.173,57,825,-1,11245,,,,,,,
,,1,-2.659,57,825,-1,11246,,,,,,,
,,1,0.131,57,825,-1,11247,,,,,,,
,,1,-1.256,57,825,-1,11248,,,,,,,
,,1,1.319,57,825,-1,11249,,,,,,,
,,1,-0.268,57,825,-1,11250,,,,,-65,22:24:49,667
,,1,0.55,57,825,-1,11251,,,,,,,
,,1,-0.455,57,825,-1,11252,,,,,,,
,,1,1.77,57,825,-1,11253,,,,,,,
,,1,0.154,57,825,-1,11254,,,,,,,
,,7,1.501,32,826,1470,11255,,,,,,,
,,1,0.843,32,826,-1,11256,,,,,,,
,,1,0.985,32,826,-1,11257,,,,,,,
,,1,0.351,32,826,-1,11258,,,,,,,
,,1,2.034,32,826,-1,11259,,,,,,,
,,1,0.314,32,826,-1,11260,,,,,-68,22:24:49,864
,,1,-0.062,32,826,-1,11261,,,,,,,
,,1,2.143,32,826,-1,11262,,,,,,,
,,1,-0.414,32,826,-1,11263,,,,,,,
,,1,0.898,32,826,-1,11264,,,,,,,
,,1,-0.084,32,826,-1,11265,,,,,,,
,,1,1.16,32,826,-1,11266,,,,,,,
,,1,0.291,32,826,-1,11267,,,,,,,
,,1,0.123,32,826,-1,11268,,,,,,,
,,1,0.159,32,826,-1,11269,,,,,,,
52.348493,4.9092369,1,-0.609,32,826,-1,11270,351,8,8,46,-68,22:24:50,076
,,1,0.173,32,826,-1,11271,,,,,,,
,,1,-0.8,32,826,-1,11272,,,,,,,
,,1,-0.027,32,826,-1,11273,,,,,,,
,,7,-1.21,72,827,1456,11274,,,,,,,
,,1,-0.505,72,827,-1,11275,,,,,,,
,,1,-0.715,72,827,-1,11276,,,,,,,
,,1,-0.462,72,827,-1,11277,,,,,,,
,,1,0.387,72,827,-1,11278,,,,,,,
,,1,-1.306,72,827,-1,11279,,,,,,,
,,1,0.04,72,827,-1,11280,,,,,-68,22:24:50,344
,,1,-0.993,72,827,-1,11281,,,,,,,
,,1,0.406,72,827,-1,11282,,,,,,,
,,1,-0.627,72,827,-1,11283,,,,,,,
,,1,-0.093,72,827,-1,11284,,,,,,,
,,1,-0.87,72,827,-1,11285,,,,,,,
,,1,-0.963,72,827,-1,11286,,,,,,,
,,1,1.0,72,827,-1,11287,,,,,,,
,,1,-0.39,72,827,-1,11288,,,,,,,
,,1,1.672,72,827,-1,11289,,,,,,,
,,1,-1.072,72,827,-1,11290,,,,,-68,22:24:50,507
,,1,0.905,72,827,-1,11291,,,,,,,
,,1,-0.028,72,827,-1,11292,,,,,,,
,,1,1.052,72,827,-1,11293,,,,,,,
,,7,1.35,10,828,1388,11294,,,,,,,
,,1,1.581,10,828,-1,11295,,,,,,,
,,1,0.325,10,828,-1,11296,,,,,,,
,,1,0.446,10,828,-1,11297,,,,,,,
,,1,1.763,10,828,-1,11298,,,,,,,
,,1,1.184,10,828,-1,11299,,,,,,,
,,1,0.026,10,828,-1,11300,,,,,-68,22:24:50,688
,,1,0.754,10,828,-1,11301,,,,,,,
,,1,1.006,10,828,-1,11302,,,,,,,
,,1,-1.344,10,828,-1,11303,,,,,,,
,,1,1.89,10,828,-1,11304,,,,,,,
,,1,-0.539,10,828,-1,11305,,,,,,,
,,1,-0.257,10,828,-1,11306,,,,,,,
,,1,2.955,10,828,-1,11307,,,,,,,
,,1,2.271,10,828,-1,11308,,,,,,,
,,1,-1.008,10,828,-1,11309,,,,,,,
52.348493,4.9092369,1,-0.367,10,828,-1,11310,351,8,8,46,-68,22:24:50,870
,,1,1.172,10,828,-1,11311,,,,,,,
,,1,-0.143,10,828,-1,11312,,,,,,,
,,1,0.019,10,828,-1,11313,,,,,,,
,,1,-2.071,10,828,-1,11314,,,,,,,
,,7,-0.965,180,829,1293,11315,,,,,,,
,,1,0.018,180,829,-1,11316,,,,,,,
,,1,-0.598,180,829,-1,11317,,,,,,,
,,1,1.459,180,829,-1,11318,,,,,,,
,,1,1.462,180,829,-1,11319,,,,,,,
52.34851,4.9092282,1,-3.047,180,829,-1,11320,339,7,8,46,-68,22:24:51,092
,,1,-1.071,180,829,-1,11321,,,,,,,
,,1,-0.528,180,829,-1,11322,,,,,,,
,,1,-0.746,180,829,-1,11323,,,,,,,
,,1,1.128,180,829,-1,11324,,,,,,,
,,1,-2.277,180,829,-1,11325,,,,,,,
,,1,-1.552,180,829,-1,11326,,,,,,,
,,1,-1.444,180,829,-1,11327,,,,,,,
,,1,0.186,180,829,-1,11328,,,,,,,
,,1,-1.489,180,829,-1,11329,,,,,,,
,,1,-0.769,180,829,-1,11330,,,,,-68,22:24:51,274
,,1,-1.746,180,829,-1,11331,,,,,,,
,,1,-1.055,180,829,-1,11332,,,,,,,
,,1,-1.021,180,829,-1,11333,,,,,,,
,,1,0.742,180,829,-1,11334,,,,,,,
,,1,-1.659,180,829,-1,11335,,,,,,,
,,1,0.87,180,829,-1,11336,,,,,,,
,,1,1.104,180,829,-1,11337,,,,,,,
,,1,1.126,180,829,-1,11338,,,,,,,
,,1,0.182,180,829,-1,11339,,,,,,,
,,7,1.04,-39,830,1190,11340,,,,,-78,22:24:51,481
,,1,0.815,-39,830,-1,11341,,,,,,,
,,1,-0.187,-39,830,-1,11342,,,,,,,
,,1,3.213,-39,830,-1,11343,,,,,,,
,,1,1.029,-39,830,-1,11344,,,,,,,
,,1,-1.807,-39,830,-1,11345,,,,,,,
,,1,3.046,-39,830,-1,11346,,,,,,,
,,1,2.102,-39,830,-1,11347,,,,,,,
,,1,0.279,-39,830,-1,11348,,,,,,,
,,1,2.174,-39,830,-1,11349,,,,,,,
,,1,0.197,-39,830,-1,11350,,,,,-78,22:24:51,677
,,1,0.188,-39,830,-1,11351,,,,,,,
,,1,0.345,-39,830,-1,11352,,,,,,,
,,1,0.676,-39,830,-1,11353,,,,,,,
,,1,0.991,-39,830,-1,11354,,,,,,,
,,1,1.029,-39,830,-1,11355,,,,,,,
,,1,0.481,-39,830,-1,11356,,,,,,,
,,1,0.041,-39,830,-1,11357,,,,,,,
,,1,-0.332,-39,830,-1,11358,,,,,,,
,,1,0.668,-39,830,-1,11359,,,,,,,
,,1,0.031,-39,830,-1,11360,,,,,-78,22:24:51,874
,,1,-0.294,-39,830,-1,11361,,,,,,,
,,1,0.143,-39,830,-1,11362,,,,,,,
,,1,-0.506,-39,830,-1,11363,,,,,,,
,,1,-0.561,-39,830,-1,11364,,,,,,,
,,1,-0.271,-39,830,-1,11365,,,,,,,
,,1,0.063,-39,830,-1,11366,,,,,,,
,,7,-2.886,105,831,1079,11367,,,,,,,
,,1,0.266,105,831,-1,11368,,,,,,,
,,1,-0.628,105,831,-1,11369,,,,,,,
52.3485168,4.9092176,1,-0.718,105,831,-1,11370,328,4,8,46,-78,22:24:52,069
,,1,-1.614,105,831,-1,11371,,,,,,,
,,1,-1.622,105,831,-1,11372,,,,,,,
,,1,-1.474,105,831,-1,11373,,,,,,,
,,1,-0.598,105,831,-1,11374,,,,,,,
,,1,-1.345,105,831,-1,11375,,,,,,,
,,1,-0.194,105,831,-1,11376,,,,,,,
,,1,-1.142,105,831,-1,11377,,,,,,,
,,1,-0.842,105,831,-1,11378,,,,,,,
,,1,0.053,105,831,-1,11379,,,,,,,
,,1,-1.014,105,831,-1,11380,,,,,-78,22:24:52,264
,,1,-0.576,105,831,-1,11381,,,,,,,
,,1,-0.346,105,831,-1,11382,,,,,,,
,,1,1.032,105,831,-1,11383,,,,,,,
,,1,-0.413,105,831,-1,11384,,,,,,,
,,1,-0.45,105,831,-1,11385,,,,,,,
,,1,-0.445,105,831,-1,11386,,,,,,,
,,1,0.898,105,831,-1,11387,,,,,,,
,,1,0.696,105,831,-1,11388,,,,,,,
,,1,0.29,105,831,-1,11389,,,,,,,
52.3485168,4.9092176,1,0.085,105,831,-1,11390,328,4,8,46,-78,22:24:52,479
,,1,0.785,105,831,-1,11391,,,,,,,
,,7,1.32,28,832,961,11392,,,,,,,
,,1,1.027,28,832,-1,11393,,,,,,,
,,1,1.252,28,832,-1,11394,,,,,,,
,,1,1.288,28,832,-1,11395,,,,,,,
,,1,0.662,28,832,-1,11396,,,,,,,
,,1,0.997,28,832,-1,11397,,,,,,,
,,1,1.563,28,832,-1,11398,,,,,,,
,,1,0.938,28,832,-1,11399,,,,,,,
,,1,0.754,28,832,-1,11400,,,,,-78,22:24:52,684
,,1,0.702,28,832,-1,11401,,,,,,,
,,1,0.3,28,832,-1,11402,,,,,,,
,,1,0.763,28,832,-1,11403,,,,,,,
,,1,0.592,28,832,-1,11404,,,,,,,
,,1,1.094,28,832,-1,11405,,,,,,,
,,1,0.769,28,832,-1,11406,,,,,,,
,,1,-0.176,28,832,-1,11407,,,,,,,
,,1,0.003,28,832,-1,11408,,,,,,,
,,1,-0.255,28,832,-1,11409,,,,,,,
,,1,-0.461,28,832,-1,11410,,,,,-78,22:24:52,868
,,1,-0.432,28,832,-1,11411,,,,,,,
,,1,-0.697,28,832,-1,11412,,,,,,,
,,7,-0.767,16,833,1000,11413,,,,,,,
,,1,-0.739,16,833,-1,11414,,,,,,,
,,1,-1.068,16,833,-1,11415,,,,,,,
,,1,-0.915,16,833,-1,11416,,,,,,,
,,1,-0.341,16,833,-1,11417,,,,,,,
,,1,-1.388,16,833,-1,11418,,,,,,,
,,1,-0.55,16,833,-1,11419,,,,,,,
52.3485148,4.9092166,1,-1.242,16,833,-1,11420,146,4,8,46,-78,22:24:53,117
,,1,-0.521,16,833,-1,11421,,,,,,,
,,1,-1.063,16,833,-1,11422,,,,,,,
,,1,-0.977,16,833,-1,11423,,,,,,,
,,1,-0.872,16,833,-1,11424,,,,,,,
,,1,-0.249,16,833,-1,11425,,,,,,,
,,1,-0.898,16,833,-1,11426,,,,,,,
,,1,-0.29,16,833,-1,11427,,,,,,,
,,1,-0.958,16,833,-1,11428,,,,,,,
,,1,0.035,16,833,-1,11429,,,,,,,
,,1,-0.268,16,833,-1,11430,,,,,-79,22:24:53,268
,,1,0.315,16,833,-1,11431,,,,,,,
,,1,0.422,16,833,-1,11432,,,,,,,
,,1,0.275,16,833,-1,11433,,,,,,,
,,1,0.54,16,833,-1,11434,,,,,,,
,,1,0.483,16,833,-1,11435,,,,,,,
,,1,-0.545,16,833,-1,11436,,,,,,,
,,1,0.444,16,833,-1,11437,,,,,,,
,,1,1.478,16,833,-1,11438,,,,,,,
,,7,2.33,53,834,1034,11439,,,,,,,
,,1,1.772,53,834,-1,11440,,,,,-79,22:24:53,464
,,1,0.563,53,834,-1,11441,,,,,,,
,,1,0.235,53,834,-1,11442,,,,,,,
,,1,0.839,53,834,-1,11443,,,,,,,
,,1,2.055,53,834,-1,11444,,,,,,,
,,1,1.028,53,834,-1,11445,,,,,,,
,,1,0.723,53,834,-1,11446,,,,,,,
,,1,0.742,53,834,-1,11447,,,,,,,
,,1,1.06,53,834,-1,11448,,,,,,,
,,1,1.021,53,834,-1,11449,,,,,,,
,,1,0.261,53,834,-1,11450,,,,,-79,22:24:53,672
,,1,0.572,53,834,-1,11451,,,,,,,
,,1,-0.01,53,834,-1,11452,,,,,,,
,,1,0.077,53,834,-1,11453,,,,,,,
,,1,0.258,53,834,-1,11454,,,,,,,
,,1,-0.537,53,834,-1,11455,,,,,,,
,,1,-0.251,53,834,-1,11456,,,,,,,
,,1,-0.639,53,834,-1,11457,,,,,,,
,,1,-0.444,53,834,-1,11458,,,,,,,
,,7,-0.208,16,835,1079,11459,,,,,,,
,,1,-0.723,16,835,-1,11460,,,,,-79,22:24:53,868
,,1,-1.87,16,835,-1,11461,,,,,,,
,,1,-0.529,16,835,-1,11462,,,,,,,
,,1,-0.212,16,835,-1,11463,,,,,,,
,,1,-0.224,16,835,-1,11464,,,,,,,
,,1,-1.816,16,835,-1,11465,,,,,,,
,,1,-0.658,16,835,-1,11466,,,,,,,
,,1,-1.282,16,835,-1,11467,,,,,,,
,,1,-0.33,16,835,-1,11468,,,,,,,
,,1,-1.169,16,835,-1,11469,,,,,,,
,,1,-1.045,16,835,-1,11470,,,,,-79,22:24:54,063
,,1,-1.739,16,835,-1,11471,,,,,,,
,,1,-1.004,16,835,-1,11472,,,,,,,
,,1,0.018,16,835,-1,11473,,,,,,,
,,1,-0.155,16,835,-1,11474,,,,,,,
,,1,-0.686,16,835,-1,11475,,,,,,,
,,1,0.085,16,835,-1,11476,,,,,,,
,,1,0.419,16,835,-1,11477,,,,,,,
,,1,0.78,16,835,-1,11478,,,,,,,
,,1,0.185,16,835,-1,11479,,,,,,,
52.3485092,4.9092193,1,0.695,16,835,-1,11480,161,4,9,46,-79,22:24:54,275
,,7,0.701,27,836,1111,11481,,,,,,,
,,1,0.807,27,836,-1,11482,,,,,,,
,,1,0.581,27,836,-1,11483,,,,,,,
,,1,0.428,27,836,-1,11484,,,,,,,
,,1,0.565,27,836,-1,11485,,,,,,,
,,1,1.609,27,836,-1,11486,,,,,,,
,,1,1.05,27,836,-1,11487,,,,,,,
,,1,0.737,27,836,-1,11488,,,,,,,
,,1,1.396,27,836,-1,11489,,,,,,,
,,1,1.122,27,836,-1,11490,,,,,-79,22:24:54,471
,,1,1.344,27,836,-1,11491,,,,,,,
,,1,-0.333,27,836,-1,11492,,,,,,,
,,1,1.189,27,836,-1,11493,,,,,,,
,,1,1.248,27,836,-1,11494,,,,,,,
,,1,0.995,27,836,-1,11495,,,,,,,
,,1,0.584,27,836,-1,11496,,,,,,,
,,1,0.488,27,836,-1,11497,,,,,,,
,,1,0.458,27,836,-1,11498,,,,,,,
,,1,0.341,27,836,-1,11499,,,,,,,
,,1,0.478,27,836,-1,11500,,,,,-79,22:24:54,662
,,1,0.06,27,836,-1,11501,,,,,,,
,,1,-0.1,27,836,-1,11502,,,,,,,
,,1,-0.092,27,836,-1,11503,,,,,,,
,,1,-0.563,27,836,-1,11504,,,,,,,
,,1,-0.479,27,836,-1,11505,,,,,,,
,,1,-0.435,27,836,-1,11506,,,,,,,
,,1,-0.047,27,836,-1,11507,,,,,,,
,,1,-0.403,27,836,-1,11508,,,,,,,
,,7,-0.964,31,837,1086,11509,,,,,,,
,,1,-1.77,31,837,-1,11510,,,,,-79,22:24:54,874
,,1,-0.324,31,837,-1,11511,,,,,,,
,,1,-0.713,31,837,-1,11512,,,,,,,
,,1,-0.839,31,837,-1,11513,,,,,,,
,,1,-1.09,31,837,-1,11514,,,,,,,
,,1,-0.801,31,837,-1,11515,,,,,,,
,,1,-1.391,31,837,-1,11516,,,,,,,
,,1,-0.6,31,837,-1,11517,,,,,,,
,,1,-0.564,31,837,-1,11518,,,,,,,
,,1,-0.481,31,837,-1,11519,,,,,,,
52.3484958,4.9092129,1,-1.637,31,837,-1,11520,208,4,9,46,-72,22:24:55,101
,,1,-1.368,31,837,-1,11521,,,,,,,
,,1,-0.05,31,837,-1,11522,,,,,,,
,,1,0.145,31,837,-1,11523,,,,,,,
,,1,0.1,31,837,-1,11524,,,,,,,
,,1,-0.772,31,837,-1,11525,,,,,,,
,,1,0.338,31,837,-1,11526,,,,,,,
,,1,0.33,31,837,-1,11527,,,,,,,
,,1,0.627,31,837,-1,11528,,,,,,,
,,1,-1.098,31,837,-1,11529,,,,,,,
,,1,0.059,31,837,-1,11530,,,,,-72,22:24:55,265
,,1,0.514,31,837,-1,11531,,,,,,,
,,1,1.534,31,837,-1,11532,,,,,,,
,,7,0.53,51,838,980,11533,,,,,,,
,,1,0.602,51,838,-1,11534,,,,,,,
,,1,0.492,51,838,-1,11535,,,,,,,
,,1,1.187,51,838,-1,11536,,,,,,,
,,1,1.038,51,838,-1,11537,,,,,,,
,,1,0.683,51,838,-1,11538,,,,,,,
,,1,0.462,51,838,-1,11539,,,,,,,
,,1,1.361,51,838,-1,11540,,,,,-72,22:24:55,473
,,1,1.312,51,838,-1,11541,,,,,,,
,,1,1.469,51,838,-1,11542,,,,,,,
,,1,0.7,51,838,-1,11543,,,,,,,
,,1,1.132,51,838,-1,11544,,,,,,,
,,1,0.775,51,838,-1,11545,,,,,,,
,,1,0.686,51,838,-1,11546,,,,,,,
,,1,0.885,51,838,-1,11547,,,,,,,
,,1,1.004,51,838,-1,11548,,,,,,,
,,1,1.171,51,838,-1,11549,,,,,,,
,,1,0.789,51,838,-1,11550,,,,,-72,22:24:55,668
,,1,0.782,51,838,-1,11551,,,,,,,
,,1,0.926,51,838,-1,11552,,,,,,,
,,1,1.012,51,838,-1,11553,,,,,,,
,,1,0.854,51,838,-1,11554,,,,,,,
,,1,0.459,51,838,-1,11555,,,,,,,
,,1,-0.417,51,838,-1,11556,,,,,,,
,,1,0.061,51,838,-1,11557,,,,,,,
,,1,0.713,51,838,-1,11558,,,,,,,
,,1,0.677,51,838,-1,11559,,,,,,,
,,1,-0.115,51,838,-1,11560,,,,,-72,22:24:55,871
,,1,-0.048,51,838,-1,11561,,,,,,,
,,1,0.176,51,838,-1,11562,,,,,,,
,,1,-0.084,51,838,-1,11563,,,,,,,
,,1,-0.179,51,838,-1,11564,,,,,,,
,,1,-0.587,51,838,-1,11565,,,,,,,
,,1,-0.554,51,838,-1,11566,,,,,,,
,,7,-0.395,51,839,909,11567,,,,,,,
,,1,-0.475,51,839,-1,11568,,,,,,,
,,1,-0.932,51,839,-1,11569,,,,,,,
52.348496,4.9091807,1,-1.143,51,839,-1,11570,0,3,9,46,-72,22:24:56,072
,,1,-0.801,51,839,-1,11571,,,,,,,
,,1,-0.594,51,839,-1,11572,,,,,,,
,,1,-0.745,51,839,-1,11573,,,,,,,
,,1,-0.598,51,839,-1,11574,,,,,,,
,,1,-1.125,51,839,-1,11575,,,,,,,
,,1,-1.512,51,839,-1,11576,,,,,,,
,,1,-0.894,51,839,-1,11577,,,,,,,
,,1,-1.256,51,839,-1,11578,,,,,,,
,,1,-0.157,51,839,-1,11579,,,,,,,
,,1,-0.94,51,839,-1,11580,,,,,-72,22:24:56,269
,,1,-0.838,51,839,-1,11581,,,,,,,
,,1,-1.214,51,839,-1,11582,,,,,,,
,,1,-1.002,51,839,-1,11583,,,,,,,
,,1,-0.703,51,839,-1,11584,,,,,,,
,,1,-0.193,51,839,-1,11585,,,,,,,
,,1,-1.369,51,839,-1,11586,,,,,,,
,,1,-1.911,51,839,-1,11587,,,,,,,
,,1,-0.596,51,839,-1,11588,,,,,,,
,,1,0.689,51,839,-1,11589,,,,,,,
,,1,-0.288,51,839,-1,11590,,,,,-72,22:24:56,465
,,1,-1.487,51,839,-1,11591,,,,,,,
,,1,-1.355,51,839,-1,11592,,,,,,,
,,1,1.295,51,839,-1,11593,,,,,,,
,,1,0.409,51,839,-1,11594,,,,,,,
,,1,0.295,51,839,-1,11595,,,,,,,
,,1,-1.244,51,839,-1,11596,,,,,,,
,,1,-0.731,51,839,-1,11597,,,,,,,
,,1,0.034,51,839,-1,11598,,,,,,,
,,1,1.163,51,839,-1,11599,,,,,,,
,,1,0.387,51,839,-1,11600,,,,,-71,22:24:56,670
,,1,0.059,51,839,-1,11601,,,,,,,
,,1,-0.473,51,839,-1,11602,,,,,,,
,,1,0.795,51,839,-1,11603,,,,,,,
,,1,0.852,51,839,-1,11604,,,,,,,
,,7,1.056,51,840,769,11605,,,,,,,
,,1,0.149,51,840,-1,11606,,,,,,,
,,1,0.476,51,840,-1,11607,,,,,,,
,,1,0.96,51,840,-1,11608,,,,,,,
,,1,1.056,51,840,-1,11609,,,,,,,
,,1,1.413,51,840,-1,11610,,,,,-71,22:24:56,887
,,1,0.807,51,840,-1,11611,,,,,,,
,,1,0.759,51,840,-1,11612,,,,,,,
,,1,0.51,51,840,-1,11613,,,,,,,
,,1,0.836,51,840,-1,11614,,,,,,,
,,1,1.501,51,840,-1,11615,,,,,,,
,,1,1.245,51,840,-1,11616,,,,,,,
,,1,0.691,51,840,-1,11617,,,,,,,
,,1,1.197,51,840,-1,11618,,,,,,,
,,1,0.885,51,840,-1,11619,,,,,,,
52.3484986,4.9091644,1,0.942,51,840,-1,11620,0,3,9,46,-71,22:24:57,061
,,1,0.76,51,840,-1,11621,,,,,,,
,,1,0.484,51,840,-1,11622,,,,,,,
,,1,1.269,51,840,-1,11623,,,,,,,
,,1,1.046,51,840,-1,11624,,,,,,,
,,1,1.011,51,840,-1,11625,,,,,,,
,,1,0.141,51,840,-1,11626,,,,,,,
,,1,0.563,51,840,-1,11627,,,,,,,
,,1,0.825,51,840,-1,11628,,,,,,,
,,1,0.969,51,840,-1,11629,,,,,,,
,,1,0.447,51,840,-1,11630,,,,,-71,22:24:57,274
,,1,-0.061,51,840,-1,11631,,,,,,,
,,1,0.332,51,840,-1,11632,,,,,,,
,,1,0.738,51,840,-1,11633,,,,,,,
,,1,0.335,51,840,-1,11634,,,,,,,
,,1,-0.205,51,840,-1,11635,,,,,,,
,,1,-0.477,51,840,-1,11636,,,,,,,
,,1,0.509,51,840,-1,11637,,,,,,,
,,1,-0.389,51,840,-1,11638,,,,,,,
,,1,-0.996,51,840,-1,11639,,,,,,,
,,1,-0.369,51,840,-1,11640,,,,,-71,22:24:57,469
,,7,0.05,51,841,684,11641,,,,,,,
,,1,-0.527,51,841,-1,11642,,,,,,,
,,1,-0.956,51,841,-1,11643,,,,,,,
,,1,-0.412,51,841,-1,11644,,,,,,,
,,1,-0.501,51,841,-1,11645,,,,,,,
,,1,-0.759,51,841,-1,11646,,,,,,,
,,1,-1.32,51,841,-1,11647,,,,,,,
,,1,-0.679,51,841,-1,11648,,,,,,,
,,1,-0.433,51,841,-1,11649,,,,,,,
,,1,-0.972,51,841,-1,11650,,,,,-71,22:24:57,664
,,1,-0.935,51,841,-1,11651,,,,,,,
,,1,-1.291,51,841,-1,11652,,,,,,,
,,1,-0.761,51,841,-1,11653,,,,,,,
,,1,-0.925,51,841,-1,11654,,,,,,,
,,1,-0.542,51,841,-1,11655,,,,,,,
,,1,-1.295,51,841,-1,11656,,,,,,,
,,1,-0.681,51,841,-1,11657,,,,,,,
,,1,-1.713,51,841,-1,11658,,,,,,,
,,1,-0.918,51,841,-1,11659,,,,,,,
,,1,-0.983,51,841,-1,11660,,,,,-71,22:24:57,873
,,1,-0.75,51,841,-1,11661,,,,,,,
,,1,-0.576,51,841,-1,11662,,,,,,,
,,1,-1.466,51,841,-1,11663,,,,,,,
,,1,-1.238,51,841,-1,11664,,,,,,,
,,1,-0.709,51,841,-1,11665,,,,,,,
,,1,-0.432,51,841,-1,11666,,,,,,,
,,1,-0.159,51,841,-1,11667,,,,,,,
,,1,-0.439,51,841,-1,11668,,,,,,,
,,1,-0.566,51,841,-1,11669,,,,,,,
52.3485009,4.9091362,1,-0.371,51,841,-1,11670,0,3,9,46,-71,22:24:58,066
,,1,-0.016,51,841,-1,11671,,,,,,,
,,1,0.24,51,841,-1,11672,,,,,,,
,,1,0.045,51,841,-1,11673,,,,,,,
,,1,-0.242,51,841,-1,11674,,,,,,,
,,1,0.013,51,841,-1,11675,,,,,,,
,,1,0.009,51,841,-1,11676,,,,,,,
,,1,0.802,51,841,-1,11677,,,,,,,
,,1,0.024,51,841,-1,11678,,,,,,,
,,1,0.42,51,841,-1,11679,,,,,,,
,,1,-0.228,51,841,-1,11680,,,,,-71,22:24:58,267
,,1,0.296,51,841,-1,11681,,,,,,,
,,1,0.566,51,841,-1,11682,,,,,,,
,,1,0.449,51,841,-1,11683,,,,,,,
,,1,0.64,51,841,-1,11684,,,,,,,
,,1,-0.1,51,841,-1,11685,,,,,,,
,,1,0.733,51,841,-1,11686,,,,,,,
,,1,0.309,51,841,-1,11687,,,,,,,
,,7,1.335,51,842,636,11688,,,,,,,
,,1,0.37,51,842,-1,11689,,,,,,,
,,1,0.979,51,842,-1,11690,,,,,-70,22:24:58,471
,,1,0.435,51,842,-1,11691,,,,,,,
,,1,0.901,51,842,-1,11692,,,,,,,
,,1,1.158,51,842,-1,11693,,,,,,,
,,1,0.711,51,842,-1,11694,,,,,,,
,,1,1.298,51,842,-1,11695,,,,,,,
,,1,0.843,51,842,-1,11696,,,,,,,
,,1,1.165,51,842,-1,11697,,,,,,,
,,1,0.677,51,842,-1,11698,,,,,,,
,,1,1.08,51,842,-1,11699,,,,,,,
,,1,0.925,51,842,-1,11700,,,,,-70,22:24:58,669
,,1,0.763,51,842,-1,11701,,,,,,,
,,1,1.087,51,842,-1,11702,,,,,,,
,,1,1.127,51,842,-1,11703,,,,,,,
,,1,0.865,51,842,-1,11704,,,,,,,
,,1,0.882,51,842,-1,11705,,,,,,,
,,1,0.85,51,842,-1,11706,,,,,,,
,,1,0.819,51,842,-1,11707,,,,,,,
,,1,1.098,51,842,-1,11708,,,,,,,
,,1,1.041,51,842,-1,11709,,,,,,,
,,1,0.827,51,842,-1,11710,,,,,-70,22:24:58,864
,,1,0.781,51,842,-1,11711,,,,,,,
,,1,0.831,51,842,-1,11712,,,,,,,
,,1,0.797,51,842,-1,11713,,,,,,,
,,1,0.78,51,842,-1,11714,,,,,,,
,,1,0.768,51,842,-1,11715,,,,,,,
,,1,0.424,51,842,-1,11716,,,,,,,
,,1,0.839,51,842,-1,11717,,,,,,,
,,1,0.475,51,842,-1,11718,,,,,,,
,,1,0.386,51,842,-1,11719,,,,,,,
52.3484967,4.9091156,1,0.152,51,842,-1,11720,0,3,9,46,-70,22:24:59,074
,,1,0.416,51,842,-1,11721,,,,,,,
,,1,0.464,51,842,-1,11722,,,,,,,
,,1,-0.405,51,842,-1,11723,,,,,,,
,,1,0.489,51,842,-1,11724,,,,,,,
,,1,-0.086,51,842,-1,11725,,,,,,,
,,1,0.203,51,842,-1,11726,,,,,,,
,,1,0.07,51,842,-1,11727,,,,,,,
,,1,-0.306,51,842,-1,11728,,,,,,,
,,1,-0.33,51,842,-1,11729,,,,,,,
,,1,-0.402,51,842,-1,11730,,,,,-70,22:24:59,286
,,1,-0.709,51,842,-1,11731,,,,,,,
,,7,-0.377,51,843,574,11732,,,,,,,
,,1,-0.637,51,843,-1,11733,,,,,,,
,,1,-0.236,51,843,-1,11734,,,,,,,
,,1,-0.4,51,843,-1,11735,,,,,,,
,,1,-0.783,51,843,-1,11736,,,,,,,
,,1,-0.514,51,843,-1,11737,,,,,,,
,,1,-0.784,51,843,-1,11738,,,,,,,
,,1,-0.286,51,843,-1,11739,,,,,,,
,,1,-0.821,51,843,-1,11740,,,,,-70,22:24:59,462
,,1,-0.705,51,843,-1,11741,,,,,,,
,,1,-0.897,51,843,-1,11742,,,,,,,
,,1,-0.771,51,843,-1,11743,,,,,,,
,,1,-1.025,51,843,-1,11744,,,,,,,
,,1,-0.725,51,843,-1,11745,,,,,,,
,,1,-1.124,51,843,-1,11746,,,,,,,
,,1,-0.776,51,843,-1,11747,,,,,,,
,,1,-0.683,51,843,-1,11748,,,,,,,
,,1,-1.086,51,843,-1,11749,,,,,,,
,,1,-1.092,51,843,-1,11750,,,,,-70,22:24:59,673
,,1,-0.717,51,843,-1,11751,,,,,,,
,,1,-0.609,51,843,-1,11752,,,,,,,
,,1,-1.688,51,843,-1,11753,,,,,,,
,,1,-0.5,51,843,-1,11754,,,,,,,
,,1,-1.289,51,843,-1,11755,,,,,,,
,,1,-1.205,51,843,-1,11756,,,,,,,
,,1,-0.909,51,843,-1,11757,,,,,,,
,,1,-1.402,51,843,-1,11758,,,,,,,
,,1,-0.846,51,843,-1,11759,,,,,,,
,,1,-0.957,51,843,-1,11760,,,,,-70,22:24:59,869
,,1,-0.81,51,843,-1,11761,,,,,,,
,,1,-0.764,51,843,-1,11762,,,,,,,
,,1,-0.857,51,843,-1,11763,,,,,,,
,,1,-0.964,51,843,-1,11764,,,,,,,
,,1,-0.555,51,843,-1,11765,,,,,,,
,,1,-0.831,51,843,-1,11766,,,,,,,
,,1,-0.938,51,843,-1,11767,,,,,,,
,,1,-0.989,51,843,-1,11768,,,,,,,
,,1,-0.523,51,843,-1,11769,,,,,,,
52.3484937,4.9091019,1,-0.841,51,843,-1,11770,0,2,9,46,-70,22:25:00,062
,,1,-0.75,51,843,-1,11771,,,,,,,
,,1,-0.615,51,843,-1,11772,,,,,,,
,,1,-0.683,51,843,-1,11773,,,,,,,
,,1,-0.575,51,843,-1,11774,,,,,,,
,,1,-0.437,51,843,-1,11775,,,,,,,
,,1,-0.36,51,843,-1,11776,,,,,,,
,,1,-0.537,51,843,-1,11777,,,,,,,
,,1,-0.446,51,843,-1,11778,,,,,,,
,,1,-0.5,51,843,-1,11779,,,,,,,
,,1,-0.408,51,843,-1,11780,,,,,-65,22:25:00,305
,,1,0.091,51,843,-1,11781,,,,,,,
,,1,0.085,51,843,-1,11782,,,,,,,
,,1,0.002,51,843,-1,11783,,,,,,,
,,1,-0.688,51,843,-1,11784,,,,,,,
,,1,-0.376,51,843,-1,11785,,,,,,,
,,1,0.246,51,843,-1,11786,,,,,,,
,,1,0.459,51,843,-1,11787,,,,,,,
,,1,-0.086,51,843,-1,11788,,,,,,,
,,1,-0.578,51,843,-1,11789,,,,,,,
,,1,-0.61,51,843,-1,11790,,,,,-65,22:25:00,469
,,1,0.32,51,843,-1,11791,,,,,,,
,,1,0.232,51,843,-1,11792,,,,,,,
,,1,-0.128,51,843,-1,11793,,,,,,,
,,1,-0.493,51,843,-1,11794,,,,,,,
,,1,0.243,51,843,-1,11795,,,,,,,
,,1,0.593,51,843,-1,11796,,,,,,,
,,1,0.482,51,843,-1,11797,,,,,,,
,,1,0.048,51,843,-1,11798,,,,,,,
,,1,0.266,51,843,-1,11799,,,,,,,
,,1,0.536,51,843,-1,11800,,,,,-65,22:25:00,665
,,1,0.824,51,843,-1,11801,,,,,,,
,,7,0.591,51,844,438,11802,,,,,,,
,,1,0.264,51,844,-1,11803,,,,,,,
,,1,0.477,51,844,-1,11804,,,,,,,
,,1,0.709,51,844,-1,11805,,,,,,,
,,1,0.601,51,844,-1,11806,,,,,,,
,,1,0.637,51,844,-1,11807,,,,,,,
,,1,0.714,51,844,-1,11808,,,,,,,
,,1,0.282,51,844,-1,11809,,,,,,,
,,1,0.381,51,844,-1,11810,,,,,-65,22:25:00,875
,,1,0.75,51,844,-1,11811,,,,,,,
,,1,1.088,51,844,-1,11812,,,,,,,
,,1,0.927,51,844,-1,11813,,,,,,,
,,1,0.86,51,844,-1,11814,,,,,,,
,,1,0.628,51,844,-1,11815,,,,,,,
,,1,0.502,51,844,-1,11816,,,,,,,
,,1,0.818,51,844,-1,11817,,,,,,,
,,1,1.341,51,844,-1,11818,,,,,,,
,,1,1.024,51,844,-1,11819,,,,,,,
52.3484921,4.9090924,1,0.726,51,844,-1,11820,0,2,9,46,-65,22:25:01,068
,,1,0.694,51,844,-1,11821,,,,,,,
,,1,0.718,51,844,-1,11822,,,,,,,
,,1,0.856,51,844,-1,11823,,,,,,,
,,1,0.908,51,844,-1,11824,,,,,,,
,,1,0.847,51,844,-1,11825,,,,,,,
,,1,0.759,51,844,-1,11826,,,,,,,
,,1,0.725,51,844,-1,11827,,,,,,,
,,1,0.929,51,844,-1,11828,,,,,,,
,,1,0.921,51,844,-1,11829,,,,,,,
,,1,1.044,51,844,-1,11830,,,,,-65,22:25:01,263
,,1,0.863,51,844,-1,11831,,,,,,,
,,1,1.038,51,844,-1,11832,,,,,,,
,,1,0.682,51,844,-1,11833,,,,,,,
,,1,0.975,51,844,-1,11834,,,,,,,
,,1,1.191,51,844,-1,11835,,,,,,,
,,1,0.941,51,844,-1,11836,,,,,,,
,,1,0.687,51,844,-1,11837,,,,,,,
,,1,0.632,51,844,-1,11838,,,,,,,
,,1,0.2,51,844,-1,11839,,,,,,,
,,1,0.954,51,844,-1,11840,,,,,-65,22:25:01,472
,,1,0.475,51,844,-1,11841,,,,,,,
,,1,1.029,51,844,-1,11842,,,,,,,
,,1,1.084,51,844,-1,11843,,,,,,,
,,1,0.79,51,844,-1,11844,,,,,,,
,,1,0.782,51,844,-1,11845,,,,,,,
,,1,0.826,51,844,-1,11846,,,,,,,
,,1,0.606,51,844,-1,11847,,,,,,,
,,1,0.794,51,844,-1,11848,,,,,,,
,,1,0.839,51,844,-1,11849,,,,,,,
,,1,0.563,51,844,-1,11850,,,,,-65,22:25:01,668
,,1,0.615,51,844,-1,11851,,,,,,,
,,1,0.501,51,844,-1,11852,,,,,,,
,,1,0.313,51,844,-1,11853,,,,,,,
,,1,0.859,51,844,-1,11854,,,,,,,
,,1,0.854,51,844,-1,11855,,,,,,,
,,1,0.25,51,844,-1,11856,,,,,,,
,,1,0.11,51,844,-1,11857,,,,,,,
,,1,0.762,51,844,-1,11858,,,,,,,
,,1,1.471,51,844,-1,11859,,,,,,,
,,1,1.163,51,844,-1,11860,,,,,-72,22:25:01,863
,,1,-0.126,51,844,-1,11861,,,,,,,
,,1,0.0,51,844,-1,11862,,,,,,,
,,1,-0.185,51,844,-1,11863,,,,,,,
,,1,0.298,51,844,-1,11864,,,,,,,
,,1,0.155,51,844,-1,11865,,,,,,,
,,1,0.743,51,844,-1,11866,,,,,,,
,,1,0.703,51,844,-1,11867,,,,,,,
,,1,0.063,51,844,-1,11868,,,,,,,
,,1,0.141,51,844,-1,11869,,,,,,,
52.3484944,4.9090799,1,0.182,51,844,-1,11870,0,2,9,46,-72,22:25:02,077
,,1,-0.101,51,844,-1,11871,,,,,,,
,,1,0.263,51,844,-1,11872,,,,,,,
,,1,0.291,51,844,-1,11873,,,,,,,
,,1,0.136,51,844,-1,11874,,,,,,,
,,1,-0.293,51,844,-1,11875,,,,,,,
,,1,-0.711,51,844,-1,11876,,,,,,,
,,1,0.846,51,844,-1,11877,,,,,,,
,,5,-0.835,0,844,0,11878,,,,,,,
,,3,0.06,0,844,0,11879,,,,,,,
,,3,-0.253,0,844,0,11880,,,,,-72,22:25:02,274
,,3,-0.244,0,844,0,11881,,,,,,,
,,3,0.557,0,844,0,11882,,,,,,,
,,3,-0.697,0,844,0,11883,,,,,,,
,,3,-0.122,0,844,0,11884,,,,,,,
,,3,0.218,0,844,0,11885,,,,,,,
,,3,-0.379,0,844,0,11886,,,,,,,
,,3,-0.579,0,844,0,11887,,,,,,,
,,3,-1.066,0,844,0,11888,,,,,,,
,,3,-0.994,0,844,0,11889,,,,,,,
,,3,-1.01,0,845,0,11890,,,,,-72,22:25:02,461
,,3,-0.813,0,845,0,11891,,,,,,,
,,3,-0.699,0,845,0,11892,,,,,,,
,,3,-0.574,0,845,0,11893,,,,,,,
,,3,-0.448,0,845,0,11894,,,,,,,
,,3,-0.524,0,845,0,11895,,,,,,,
,,3,-0.617,0,845,0,11896,,,,,,,
,,3,-0.71,0,845,0,11897,,,,,,,
,,3,-0.858,0,845,0,11898,,,,,,,
,,3,-0.823,0,845,0,11899,,,,,,,
,,3,-0.598,0,845,0,11900,,,,,-72,22:25:02,672
,,3,-0.776,0,845,0,11901,,,,,,,
,,3,-0.72,0,845,0,11902,,,,,,,
,,3,-0.583,0,845,0,11903,,,,,,,
,,3,-0.629,0,845,0,11904,,,,,,,
,,3,-0.89,0,845,0,11905,,,,,,,
,,3,-1.302,0,845,0,11906,,,,,,,
,,3,-1.737,0,845,0,11907,,,,,,,
,,3,-0.098,0,845,0,11908,,,,,,,
,,3,-0.232,0,845,0,11909,,,,,,,
,,3,-1.064,0,845,0,11910,,,,,-72,22:25:02,871
,,3,-1.097,0,845,0,11911,,,,,,,
,,3,-1.997,0,845,0,11912,,,,,,,
,,3,-0.946,0,845,0,11913,,,,,,,
,,3,-0.653,0,845,0,11914,,,,,,,
,,3,-0.64,0,845,0,11915,,,,,,,
,,3,-1.247,0,845,0,11916,,,,,,,
,,3,-1.046,0,845,0,11917,,,,,,,
,,3,-1.026,0,845,0,11918,,,,,,,
,,3,-0.94,0,845,0,11919,,,,,,,
52.3484931,4.9090755,3,-0.884,0,845,0,11920,0,2,9,46,-72,22:25:03,061
,,3,-1.054,0,845,0,11921,,,,,,,
,,3,-1.733,0,845,0,11922,,,,,,,
,,3,-0.907,0,845,0,11923,,,,,,,
,,3,-1.103,0,845,0,11924,,,,,,,
,,3,-0.545,0,845,0,11925,,,,,,,
,,3,-0.701,0,845,0,11926,,,,,,,
,,3,-1.166,0,845,0,11927,,,,,,,
,,3,-1.158,0,845,0,11928,,,,,,,
,,3,-0.717,0,845,0,11929,,,,,,,
,,3,-0.337,0,845,0,11930,,,,,-72,22:25:03,274
,,3,-0.931,0,845,0,11931,,,,,,,
,,3,-1.15,0,845,0,11932,,,,,,,
,,3,-0.857,0,845,0,11933,,,,,,,
,,3,-0.967,0,845,0,11934,,,,,,,
,,3,-0.481,0,845,0,11935,,,,,,,
,,3,-0.261,0,845,0,11936,,,,,,,
,,3,-0.991,0,845,0,11937,,,,,,,
,,3,-1.504,0,845,0,11938,,,,,,,
,,3,-1.283,0,845,0,11939,,,,,,,
,,3,-1.108,0,845,0,11940,,,,,-72,22:25:03,467
,,3,-1.062,0,845,0,11941,,,,,,,
,,3,-1.166,0,845,0,11942,,,,,,,
,,3,-1.468,0,845,0,11943,,,,,,,
,,3,-0.956,0,845,0,11944,,,,,,,
,,3,-1.266,0,845,0,11945,,,,,,,
,,3,-1.026,0,845,0,11946,,,,,,,
,,3,-0.761,0,845,0,11947,,,,,,,
,,3,-1.323,0,845,0,11948,,,,,,,
,,3,-1.292,0,845,0,11949,,,,,,,
,,3,-1.02,0,845,0,11950,,,,,-60,22:25:03,672
,,3,-1.017,0,845,0,11951,,,,,,,
,,3,-0.849,0,845,0,11952,,,,,,,
,,3,-0.809,0,845,0,11953,,,,,,,
,,3,-1.287,0,845,0,11954,,,,,,,
,,3,-0.961,0,845,0,11955,,,,,,,
,,3,-0.848,0,845,0,11956,,,,,,,
,,3,-0.702,0,845,0,11957,,,,,,,
,,3,-0.447,0,845,0,11958,,,,,,,
,,3,-0.415,0,845,0,11959,,,,,,,
,,3,-0.533,0,845,0,11960,,,,,-60,22:25:03,875
,,3,-0.907,0,845,0,11961,,,,,,,
,,3,-0.622,0,845,0,11962,,,,,,,
,,3,-0.715,0,845,0,11963,,,,,,,
,,3,-0.388,0,845,0,11964,,,,,,,
,,3,-0.132,0,845,0,11965,,,,,,,
,,3,-1.004,0,845,0,11966,,,,,,,
,,3,-1.004,0,845,0,11967,,,,,,,
,,3,0.039,0,845,0,11968,,,,,,,
,,3,0.579,0,845,0,11969,,,,,,,
52.3484949,4.9090655,3,0.025,0,845,0,11970,0,2,9,46,-60,22:25:04,087
,,3,-0.457,0,845,0,11971,,,,,,,
,,3,-0.445,0,845,0,11972,,,,,,,
,,3,0.157,0,845,0,11973,,,,,,,
,,3,0.557,0,845,0,11974,,,,,,,
,,3,0.393,0,845,0,11975,,,,,,,
,,3,0.351,0,845,0,11976,,,,,,,
,,3,-0.026,0,845,0,11977,,,,,,,
,,3,0.379,0,845,0,11978,,,,,,,
,,3,0.545,0,845,0,11979,,,,,,,
,,3,0.798,0,845,0,11980,,,,,-60,22:25:04,266
,,3,0.409,0,845,0,11981,,,,,,,
,,3,0.736,0,845,0,11982,,,,,,,
,,3,0.552,0,845,0,11983,,,,,,,
,,3,0.72,0,845,0,11984,,,,,,,
,,3,0.615,0,845,0,11985,,,,,,,
,,3,1.152,0,846,0,11986,,,,,,,
,,3,0.514,0,846,0,11987,,,,,,,
,,3,0.632,0,846,0,11988,,,,,,,
,,3,1.145,0,846,0,11989,,,,,,,
,,3,1.239,0,846,0,11990,,,,,-60,22:25:04,472
,,3,0.707,0,846,0,11991,,,,,,,
,,3,0.869,0,846,0,11992,,,,,,,
,,3,1.077,0,846,0,11993,,,,,,,
,,3,0.923,0,846,0,11994,,,,,,,
,,3,1.023,0,846,0,11995,,,,,,,
,,3,0.721,0,846,0,11996,,,,,,,
,,3,0.923,0,846,0,11997,,,,,,,
,,3,0.936,0,846,0,11998,,,,,,,
,,3,1.143,0,846,0,11999,,,,,,,
,,3,0.607,0,846,0,12000,,,,,-60,22:25:04,683
,,3,0.768,0,846,0,12001,,,,,,,
,,3,1.111,0,846,0,12002,,,,,,,
,,3,1.061,0,846,0,12003,,,,,,,
,,3,0.596,0,846,0,12004,,,,,,,
,,3,0.868,0,846,0,12005,,,,,,,
,,3,0.973,0,846,0,12006,,,,,,,
,,3,0.715,0,846,0,12007,,,,,,,
,,3,0.614,0,846,0,12008,,,,,,,
,,3,0.885,0,846,0,12009,,,,,,,
,,3,0.44,0,846,0,12010,,,,,-60,22:25:04,870
,,3,0.725,0,846,0,12011,,,,,,,
,,3,0.583,0,846,0,12012,,,,,,,
,,3,0.397,0,846,0,12013,,,,,,,
,,3,0.535,0,846,0,12014,,,,,,,
,,3,0.11,0,846,0,12015,,,,,,,
,,3,0.072,0,846,0,12016,,,,,,,
,,3,0.389,0,846,0,12017,,,,,,,
,,3,-0.133,0,846,0,12018,,,,,,,
,,3,-0.485,0,846,0,12019,,,,,,,
52.3484893,4.9090401,3,-0.175,0,846,0,12020,247,7,9,46,-60,22:25:05,072
,,3,0.182,0,846,0,12021,,,,,,,
,,3,-0.156,0,846,0,12022,,,,,,,
,,3,-0.357,0,846,0,12023,,,,,,,
,,3,-0.254,0,846,0,12024,,,,,,,
,,3,-0.697,0,846,0,12025,,,,,,,
,,3,-0.504,0,846,0,12026,,,,,,,
,,3,-0.03,0,846,0,12027,,,,,,,
,,7,-1.234,0,847,362,12028,,,,,,,
,,1,-0.809,0,847,-1,12029,,,,,,,
,,1,-1.206,0,847,-1,12030,,,,,-60,22:25:05,273
,,1,-0.72,0,847,-1,12031,,,,,,,
,,1,-0.42,0,847,-1,12032,,,,,,,
,,1,-0.66,0,847,-1,12033,,,,,,,
,,1,-1.841,0,847,-1,12034,,,,,,,
,,1,-0.602,0,847,-1,12035,,,,,,,
,,1,-0.26,0,847,-1,12036,,,,,,,
,,1,-0.971,0,847,-1,12037,,,,,,,
,,1,-2.146,0,847,-1,12038,,,,,,,
,,1,-0.614,0,847,-1,12039,,,,,,,
,,1,-0.633,0,847,-1,12040,,,,,-69,22:25:05,463
,,1,-1.254,0,847,-1,12041,,,,,,,
,,1,-1.196,0,847,-1,12042,,,,,,,
,,1,-0.445,0,847,-1,12043,,,,,,,
,,1,-0.681,0,847,-1,12044,,,,,,,
,,1,-1.394,0,847,-1,12045,,,,,,,
,,1,-0.688,0,847,-1,12046,,,,,,,
,,1,-1.26,0,847,-1,12047,,,,,,,
,,1,-1.302,0,847,-1,12048,,,,,,,
,,1,0.896,0,847,-1,12049,,,,,,,
,,1,0.038,0,847,-1,12050,,,,,-69,22:25:05,688
,,1,-1.274,0,847,-1,12051,,,,,,,
,,1,-0.874,0,847,-1,12052,,,,,,,
,,1,-0.298,0,847,-1,12053,,,,,,,
,,1,-0.433,0,847,-1,12054,,,,,,,
,,1,-0.289,0,847,-1,12055,,,,,,,
,,1,-0.352,0,847,-1,12056,,,,,,,
,,1,-0.505,0,847,-1,12057,,,,,,,
,,1,-0.277,0,847,-1,12058,,,,,,,
,,1,0.135,0,847,-1,12059,,,,,,,
,,1,-0.214,0,847,-1,12060,,,,,-69,22:25:05,870
,,1,-0.107,0,847,-1,12061,,,,,,,
,,1,-0.134,0,847,-1,12062,,,,,,,
,,1,-0.02,0,847,-1,12063,,,,,,,
,,1,0.213,0,847,-1,12064,,,,,,,
,,1,0.355,0,847,-1,12065,,,,,,,
,,1,0.397,0,847,-1,12066,,,,,,,
,,1,0.054,0,847,-1,12067,,,,,,,
,,1,0.499,0,847,-1,12068,,,,,,,
,,1,0.902,0,847,-1,12069,,,,,,,
,,7,0.724,0,848,450,12070,,,,,-69,22:25:06,065
,,1,0.564,0,848,-1,12071,,,,,,,
,,1,0.375,0,848,-1,12072,,,,,,,
,,1,1.088,0,848,-1,12073,,,,,,,
,,1,1.341,0,848,-1,12074,,,,,,,
,,1,0.501,0,848,-1,12075,,,,,,,
,,1,1.026,0,848,-1,12076,,,,,,,
,,1,1.133,0,848,-1,12077,,,,,,,
,,1,1.076,0,848,-1,12078,,,,,,,
,,1,0.825,0,848,-1,12079,,,,,,,
52.3484828,4.9090229,1,1.298,0,848,-1,12080,253,4,9,46,-69,22:25:06,340
,,1,1.059,0,848,-1,12081,,,,,,,
,,1,0.834,0,848,-1,12082,,,,,,,
,,1,0.778,0,848,-1,12083,,,,,,,
,,1,0.829,0,848,-1,12084,,,,,,,
,,1,1.64,0,848,-1,12085,,,,,,,
,,1,0.752,0,848,-1,12086,,,,,,,
,,1,0.595,0,848,-1,12087,,,,,,,
,,1,1.229,0,848,-1,12088,,,,,,,
,,1,0.744,0,848,-1,12089,,,,,,,
,,1,0.832,0,848,-1,12090,,,,,-69,22:25:06,471
,,1,0.987,0,848,-1,12091,,,,,,,
,,1,0.525,0,848,-1,12092,,,,,,,
,,1,0.225,0,848,-1,12093,,,,,,,
,,1,0.648,0,848,-1,12094,,,,,,,
,,1,0.628,0,848,-1,12095,,,,,,,
,,1,0.206,0,848,-1,12096,,,,,,,
,,1,0.889,0,848,-1,12097,,,,,,,
,,1,0.049,0,848,-1,12098,,,,,,,
,,1,0.31,0,848,-1,12099,,,,,,,
,,1,0.563,0,848,-1,12100,,,,,-69,22:25:06,662
,,1,0.18,0,848,-1,12101,,,,,,,
,,1,-0.534,0,848,-1,12102,,,,,,,
,,1,0.047,0,848,-1,12103,,,,,,,
,,1,0.126,0,848,-1,12104,,,,,,,
,,1,-0.29,0,848,-1,12105,,,,,,,
,,1,0.015,0,848,-1,12106,,,,,,,
,,1,-0.15,0,848,-1,12107,,,,,,,
,,1,-0.421,0,848,-1,12108,,,,,,,
,,1,-0.599,0,848,-1,12109,,,,,,,
,,1,-0.282,0,848,-1,12110,,,,,-69,22:25:06,877
,,1,-0.476,0,848,-1,12111,,,,,,,
,,7,-0.865,0,849,595,12112,,,,,,,
,,1,-0.728,0,849,-1,12113,,,,,,,
,,1,-0.803,0,849,-1,12114,,,,,,,
,,1,-0.551,0,849,-1,12115,,,,,,,
,,1,-0.567,0,849,-1,12116,,,,,,,
,,1,-0.448,0,849,-1,12117,,,,,,,
,,1,-0.87,0,849,-1,12118,,,,,,,
,,1,-0.766,0,849,-1,12119,,,,,,,
52.348484,4.9090083,1,-1.336,0,849,-1,12120,0,2,9,46,-70,22:25:07,089
,,1,-1.097,0,849,-1,12121,,,,,,,
,,1,-0.686,0,849,-1,12122,,,,,,,
,,1,-0.864,0,849,-1,12123,,,,,,,
,,1,-1.088,0,849,-1,12124,,,,,,,
,,1,-0.989,0,849,-1,12125,,,,,,,
,,1,-0.812,0,849,-1,12126,,,,,,,
,,1,-1.011,0,849,-1,12127,,,,,,,
,,1,-0.894,0,849,-1,12128,,,,,,,
,,1,-0.817,0,849,-1,12129,,,,,,,
,,1,-1.011,0,849,-1,12130,,,,,-70,22:25:07,265
,,1,-0.867,0,849,-1,12131,,,,,,,
,,1,-0.864,0,849,-1,12132,,,,,,,
,,1,-0.967,0,849,-1,12133,,,,,,,
,,1,-0.779,0,849,-1,12134,,,,,,,
,,1,-0.658,0,849,-1,12135,,,,,,,
,,1,-1.03,0,849,-1,12136,,,,,,,
,,1,-0.624,0,849,-1,12137,,,,,,,
,,1,-0.926,0,849,-1,12138,,,,,,,
,,1,-0.422,0,849,-1,12139,,,,,,,
,,1,-0.709,0,849,-1,12140,,,,,-70,22:25:07,474
,,1,-0.429,0,849,-1,12141,,,,,,,
,,1,-0.434,0,849,-1,12142,,,,,,,
,,1,-0.767,0,849,-1,12143,,,,,,,
,,1,-0.433,0,849,-1,12144,,,,,,,
,,1,-0.633,0,849,-1,12145,,,,,,,
,,1,-0.476,0,849,-1,12146,,,,,,,
,,1,-0.609,0,849,-1,12147,,,,,,,
,,1,-0.561,0,849,-1,12148,,,,,,,
,,1,-0.633,0,849,-1,12149,,,,,,,
,,1,-0.522,0,849,-1,12150,,,,,-70,22:25:07,668
,,1,-0.444,0,849,-1,12151,,,,,,,
,,1,-0.498,0,849,-1,12152,,,,,,,
,,1,-0.493,0,849,-1,12153,,,,,,,
,,1,-0.534,0,849,-1,12154,,,,,,,
,,1,-0.406,0,849,-1,12155,,,,,,,
,,1,-0.355,0,849,-1,12156,,,,,,,
,,1,-0.426,0,849,-1,12157,,,,,,,
,,1,-0.347,0,849,-1,12158,,,,,,,
,,1,-0.227,0,849,-1,12159,,,,,,,
,,1,-0.272,0,849,-1,12160,,,,,-70,22:25:07,865
,,1,-0.239,0,849,-1,12161,,,,,,,
,,1,-0.333,0,849,-1,12162,,,,,,,
,,1,-0.197,0,849,-1,12163,,,,,,,
,,1,-0.309,0,849,-1,12164,,,,,,,
,,1,-0.203,0,849,-1,12165,,,,,,,
,,1,-0.268,0,849,-1,12166,,,,,,,
,,1,-0.141,0,849,-1,12167,,,,,,,
,,1,-0.286,0,849,-1,12168,,,,,,,
,,1,-0.139,0,849,-1,12169,,,,,,,
,,1,-0.224,0,849,-1,12170,,,,,-70,22:25:08,134
,,1,-0.117,0,849,-1,12171,,,,,,,
,,1,-0.251,0,849,-1,12172,,,,,,,
,,1,-0.126,0,849,-1,12173,,,,,,,
,,1,-0.194,0,849,-1,12174,,,,,,,
,,1,-0.058,0,849,-1,12175,,,,,,,
,,1,-0.168,0,849,-1,12176,,,,,,,
,,1,-0.07,0,849,-1,12177,,,,,,,
,,1,-0.146,0,849,-1,12178,,,,,,,
,,1,-0.042,0,849,-1,12179,,,,,,,
52.3484838,4.9090101,1,-0.107,0,849,-1,12180,0,2,10,46,-70,22:25:08,282
,,1,-0.027,0,849,-1,12181,,,,,,,
,,1,-0.12,0,849,-1,12182,,,,,,,
,,1,-0.064,0,849,-1,12183,,,,,,,
,,1,-0.131,0,849,-1,12184,,,,,,,
,,1,-0.043,0,849,-1,12185,,,,,,,
,,1,-0.13,0,849,-1,12186,,,,,,,
,,1,-0.132,0,849,-1,12187,,,,,,,
,,5,-0.268,0,849,0,12188,,,,,,,
,,3,-0.203,0,849,0,12189,,,,,,,
,,3,-0.271,0,849,0,12190,,,,,-70,22:25:08,497
,,3,-0.226,0,849,0,12191,,,,,,,
,,3,-0.257,0,849,0,12192,,,,,,,
,,3,-0.12,0,849,0,12193,,,,,,,
,,3,-0.159,0,849,0,12194,,,,,,,
,,3,-0.106,0,849,0,12195,,,,,,,
,,3,-0.163,0,849,0,12196,,,,,,,
,,3,-0.188,0,849,0,12197,,,,,,,
,,3,-0.244,0,849,0,12198,,,,,,,
,,3,-0.239,0,849,0,12199,,,,,,,
,,3,-0.234,0,849,0,12200,,,,,-70,22:25:08,689
,,3,-0.225,0,849,0,12201,,,,,,,
,,3,-0.175,0,849,0,12202,,,,,,,
,,3,-0.156,0,849,0,12203,,,,,,,
,,3,-0.124,0,849,0,12204,,,,,,,
,,3,-0.177,0,849,0,12205,,,,,,,
,,3,-0.176,0,849,0,12206,,,,,,,
,,3,-0.235,0,849,0,12207,,,,,,,
,,3,-0.213,0,849,0,12208,,,,,,,
,,3,-0.24,0,849,0,12209,,,,,,,
,,3,-0.193,0,849,0,12210,,,,,-82,22:25:08,869
,,3,-0.197,0,849,0,12211,,,,,,,
,,3,-0.16,0,849,0,12212,,,,,,,
,,3,-0.178,0,849,0,12213,,,,,,,
,,3,-0.163,0,849,0,12214,,,,,,,
,,3,-0.195,0,849,0,12215,,,,,,,
,,3,-0.203,0,849,0,12216,,,,,,,
,,3,-0.219,0,849,0,12217,,,,,,,
,,3,-0.206,0,849,0,12218,,,,,,,
,,3,-0.192,0,849,0,12219,,,,,,,
,,3,-0.176,0,849,0,12220,,,,,,22:25:09,063
,,3,-0.182,0,849,0,12221,,,,,,,
,,3,-0.191,0,849,0,12222,,,,,,,
,,3,-0.199,0,849,0,12223,,,,,,,
,,3,-0.213,0,849,0,12224,,,,,,,
,,3,-0.199,0,849,0,12225,,,,,,,
,,3,-0.204,0,849,0,12226,,,,,,,
,,3,-0.181,0,849,0,12227,,,,,,,
,,3,-0.189,0,849,0,12228,,,,,,,
,,3,-0.179,0,849,0,12229,,,,,,,
52.3484881,4.9090095,3,-0.192,0,849,0,12230,0,1,10,46,,22:25:09,277
,,3,-0.199,0,849,0,12231,,,,,,,
,,3,-0.22,0,849,0,12232,,,,,,,
,,3,-0.211,0,849,0,12233,,,,,,,
,,3,-0.221,0,849,0,12234,,,,,,,
,,3,-0.232,0,849,0,12235,,,,,,,
,,3,-0.211,0,849,0,12236,,,,,,,
,,3,-0.191,0,849,0,12237,,,,,,,
,,3,-0.18,0,849,0,12238,,,,,,,
,,3,-0.157,0,849,0,12239,,,,,,,
,,3,-0.136,0,849,0,12240,,,,,,22:25:09,468
,,3,-0.134,0,849,0,12241,,,,,,,
,,3,-0.154,0,849,0,12242,,,,,,,
,,3,-0.212,0,849,0,12243,,,,,,,
,,3,-0.201,0,849,0,12244,,,,,,,
,,3,-0.223,0,849,0,12245,,,,,,,
,,3,-0.231,0,849,0,12246,,,,,,,
,,3,-0.251,0,849,0,12247,,,,,,,
,,3,-0.195,0,849,0,12248,,,,,,,
,,3,-0.167,0,849,0,12249,,,,,,,
,,3,-0.141,0,849,0,12250,,,,,,22:25:09,737
,,3,-0.165,0,849,0,12251,,,,,,,
,,3,-0.183,0,849,0,12252,,,,,,,
,,3,-0.21,0,849,0,12253,,,,,,,
,,3,-0.207,0,849,0,12254,,,,,,,
,,3,-0.203,0,849,0,12255,,,,,,,
,,3,-0.187,0,849,0,12256,,,,,,,
,,3,-0.207,0,849,0,12257,,,,,,,
,,3,-0.195,0,849,0,12258,,,,,,,
,,3,-0.205,0,849,0,12259,,,,,,,
,,3,-0.175,0,849,0,12260,,,,,,22:25:09,875
,,3,-0.18,0,849,0,12261,,,,,,,
,,3,-0.174,0,849,0,12262,,,,,,,
,,3,-0.191,0,849,0,12263,,,,,,,
,,3,-0.194,0,849,0,12264,,,,,,,
,,3,-0.204,0,849,0,12265,,,,,,,
,,3,-0.204,0,849,0,12266,,,,,,,
,,3,-0.198,0,849,0,12267,,,,,,,
,,3,-0.182,0,849,0,12268,,,,,,,
,,3,-0.172,0,849,0,12269,,,,,,,
52.3484925,4.9090027,3,-0.184,0,849,0,12270,0,3,10,46,,22:25:10,066
,,3,-0.188,0,849,0,12271,,,,,,,
,,3,-0.195,0,849,0,12272,,,,,,,
,,3,-0.216,0,849,0,12273,,,,,,,
,,3,-0.21,0,849,0,12274,,,,,,,
,,3,-0.194,0,849,0,12275,,,,,,,
,,3,-0.188,0,849,0,12276,,,,,,,
,,3,-0.182,0,849,0,12277,,,,,,,
,,3,-0.182,0,849,0,12278,,,,,,,
,,3,-0.193,0,849,0,12279,,,,,,,
,,3,-0.186,0,849,0,12280,,,,,,22:25:10,281
,,3,-0.181,0,849,0,12281,,,,,,,
,,3,-0.193,0,849,0,12282,,,,,,,
,,3,-0.206,0,849,0,12283,,,,,,,
,,3,-0.208,0,849,0,12284,,,,,,,
,,3,-0.208,0,849,0,12285,,,,,,,
,,3,-0.191,0,849,0,12286,,,,,,,
,,3,-0.185,0,849,0,12287,,,,,,,
,,3,-0.158,0,849,0,12288,,,,,,,
,,3,-0.168,0,849,0,12289,,,,,,,
,,3,-0.183,0,849,0,12290,,,,,,22:25:10,459
,,3,-0.212,0,849,0,12291,,,,,,,
,,3,-0.219,0,849,0,12292,,,,,,,
,,3,-0.204,0,849,0,12293,,,,,,,
,,3,-0.193,0,849,0,12294,,,,,,,
,,3,-0.184,0,849,0,12295,,,,,,,
,,3,-0.187,0,849,0,12296,,,,,,,
,,3,-0.184,0,849,0,12297,,,,,,,
,,3,-0.183,0,849,0,12298,,,,,,,
,,3,-0.183,0,849,0,12299,,,,,,,
,,3,-0.196,0,849,0,12300,,,,,-81,22:25:10,668
,,3,-0.217,0,849,0,12301,,,,,,,
,,3,-0.208,0,849,0,12302,,,,,,,
,,3,-0.197,0,849,0,12303,,,,,,,
,,3,-0.177,0,849,0,12304,,,,,,,
,,3,-0.167,0,849,0,12305,,,,,,,
,,3,-0.184,0,849,0,12306,,,,,,,
,,3,-0.191,0,849,0,12307,,,,,,,
,,3,-0.195,0,849,0,12308,,,,,,,
,,3,-0.197,0,849,0,12309,,,,,,,
,,3,-0.208,0,849,0,12310,,,,,-81,22:25:10,864
,,3,-0.201,0,849,0,12311,,,,,,,
,,3,-0.192,0,849,0,12312,,,,,,,
,,3,-0.182,0,849,0,12313,,,,,,,
,,3,-0.181,0,849,0,12314,,,,,,,
,,3,-0.195,0,849,0,12315,,,,,,,
,,3,-0.196,0,849,0,12316,,,,,,,
,,3,-0.203,0,849,0,12317,,,,,,,
,,3,-0.196,0,849,0,12318,,,,,,,
,,3,-0.194,0,849,0,12319,,,,,,,
52.3485017,4.9090028,3,-0.192,0,849,0,12320,0,2,10,46,-81,22:25:11,072
,,3,-0.188,0,849,0,12321,,,,,,,
,,3,-0.187,0,849,0,12322,,,,,,,
,,3,-0.195,0,849,0,12323,,,,,,,
,,3,-0.214,0,849,0,12324,,,,,,,
,,3,-0.215,0,849,0,12325,,,,,,,
,,3,-0.231,0,849,0,12326,,,,,,,
,,3,-0.223,0,849,0,12327,,,,,,,
,,3,-0.247,0,849,0,12328,,,,,,,
,,3,-0.23,0,849,0,12329,,,,,,,
,,3,-0.236,0,849,0,12330,,,,,-81,22:25:11,270
,,3,-0.223,0,849,0,12331,,,,,,,
,,3,-0.234,0,849,0,12332,,,,,,,
,,3,-0.215,0,849,0,12333,,,,,,,
,,3,-0.205,0,849,0,12334,,,,,,,
,,3,-0.189,0,849,0,12335,,,,,,,
,,3,-0.204,0,849,0,12336,,,,,,,
,,3,-0.197,0,849,0,12337,,,,,,,
,,3,-0.203,0,849,0,12338,,,,,,,
,,3,-0.192,0,849,0,12339,,,,,,,
,,3,-0.194,0,849,0,12340,,,,,-81,22:25:11,470
,,3,-0.188,0,849,0,12341,,,,,,,
,,3,-0.193,0,849,0,12342,,,,,,,
,,3,-0.189,0,849,0,12343,,,,,,,
,,3,-0.179,0,849,0,12344,,,,,,,
,,3,-0.178,0,849,0,12345,,,,,,,
,,3,-0.175,0,849,0,12346,,,,,,,
,,3,-0.187,0,849,0,12347,,,,,,,
,,3,-0.146,0,849,0,12348,,,,,,,
,,3,-0.168,0,849,0,12349,,,,,,,
,,3,-0.128,0,849,0,12350,,,,,-81,22:25:11,675
,,3,-0.136,0,849,0,12351,,,,,,,
,,3,-0.041,0,849,0,12352,,,,,,,
,,3,-0.135,0,849,0,12353,,,,,,,
,,3,-0.18,0,849,0,12354,,,,,,,
,,3,-0.191,0,849,0,12355,,,,,,,
,,3,-0.117,0,849,0,12356,,,,,,,
,,3,-0.083,0,849,0,12357,,,,,,,
,,3,-0.103,0,849,0,12358,,,,,,,
,,3,-0.164,0,849,0,12359,,,,,,,
,,3,-0.115,0,849,0,12360,,,,,-81,22:25:11,874
,,3,-0.083,0,849,0,12361,,,,,,,
,,3,-0.061,0,849,0,12362,,,,,,,
,,3,-0.139,0,849,0,12363,,,,,,,
,,3,-0.113,0,849,0,12364,,,,,,,
,,3,-0.119,0,849,0,12365,,,,,,,
,,3,-0.042,0,849,0,12366,,,,,,,
,,3,-0.032,0,849,0,12367,,,,,,,
,,3,0.021,0,849,0,12368,,,,,,,
,,3,-0.045,0,849,0,12369,,,,,,,
,,3,-0.002,0,849,0,12370,,,,,-81,22:25:12,061
,,3,-0.036,0,849,0,12371,,,,,,,
,,3,0.084,0,849,0,12372,,,,,,,
,,3,0.023,0,849,0,12373,,,,,,,
,,3,0.156,0,849,0,12374,,,,,,,
,,3,0.091,0,849,0,12375,,,,,,,
,,3,0.198,0,849,0,12376,,,,,,,
,,3,0.1,0,849,0,12377,,,,,,,
,,3,0.132,0,849,0,12378,,,,,,,
,,3,0.072,0,849,0,12379,,,,,,,
52.3484988,4.9089942,3,0.061,0,849,0,12380,0,2,10,46,-81,22:25:12,268
,,3,0.151,0,849,0,12381,,,,,,,
,,3,0.367,0,849,0,12382,,,,,,,
,,3,0.172,0,849,0,12383,,,,,,,
,,3,0.3,0,849,0,12384,,,,,,,
,,3,0.034,0,849,0,12385,,,,,,,
,,3,0.432,0,849,0,12386,,,,,,,
,,3,0.683,0,849,0,12387,,,,,,,
,,3,0.406,0,849,0,12388,,,,,,,
,,3,0.907,0,849,0,12389,,,,,,,
,,3,0.331,0,849,0,12390,,,,,-77,22:25:12,467
,,3,0.771,0,849,0,12391,,,,,,,
,,3,0.564,0,849,0,12392,,,,,,,
,,3,0.885,0,849,0,12393,,,,,,,
,,3,0.89,0,850,0,12394,,,,,,,
,,3,0.57,0,850,0,12395,,,,,,,
,,3,0.79,0,850,0,12396,,,,,,,
,,3,1.225,0,850,0,12397,,,,,,,
,,3,0.931,0,850,0,12398,,,,,,,
,,3,0.936,0,850,0,12399,,,,,,,
,,3,0.566,0,850,0,12400,,,,,-77,22:25:12,663
,,3,1.239,0,850,0,12401,,,,,,,
,,3,1.22,0,850,0,12402,,,,,,,
,,3,0.761,0,850,0,12403,,,,,,,
,,3,0.854,0,850,0,12404,,,,,,,
,,3,0.991,0,850,0,12405,,,,,,,
,,3,1.013,0,850,0,12406,,,,,,,
,,3,1.094,0,850,0,12407,,,,,,,
,,3,1.076,0,850,0,12408,,,,,,,
,,3,0.787,0,850,0,12409,,,,,,,
,,3,0.79,0,850,0,12410,,,,,-77,22:25:12,861
,,3,0.983,0,850,0,12411,,,,,,,
,,3,0.78,0,850,0,12412,,,,,,,
,,3,0.986,0,850,0,12413,,,,,,,
,,3,0.751,0,850,0,12414,,,,,,,
,,3,0.888,0,850,0,12415,,,,,,,
,,3,0.791,0,850,0,12416,,,,,,,
,,3,0.967,0,850,0,12417,,,,,,,
,,3,0.81,0,850,0,12418,,,,,,,
,,3,0.378,0,850,0,12419,,,,,,,
52.3484938,4.9089833,3,0.56,0,850,0,12420,0,3,10,46,-77,22:25:13,067
,,3,0.597,0,850,0,12421,,,,,,,
,,3,0.491,0,850,0,12422,,,,,,,
,,3,0.372,0,850,0,12423,,,,,,,
,,3,0.275,0,850,0,12424,,,,,,,
,,3,0.395,0,850,0,12425,,,,,,,
,,3,0.257,0,850,0,12426,,,,,,,
,,3,0.066,0,850,0,12427,,,,,,,
,,3,0.017,0,850,0,12428,,,,,,,
,,3,0.052,0,850,0,12429,,,,,,,
,,3,0.19,0,850,0,12430,,,,,-77,22:25:13,262
,,3,0.017,0,850,0,12431,,,,,,,
,,3,-0.138,0,850,0,12432,,,,,,,
,,3,-0.133,0,850,0,12433,,,,,,,
,,3,-0.358,0,850,0,12434,,,,,,,
,,3,-0.329,0,850,0,12435,,,,,,,
,,3,-0.222,0,850,0,12436,,,,,,,
,,3,-0.391,0,850,0,12437,,,,,,,
,,3,-0.384,0,850,0,12438,,,,,,,
,,3,-0.533,0,850,0,12439,,,,,,,
,,7,-0.495,0,851,152,12440,,,,,-77,22:25:13,458
,,1,-0.654,0,851,-1,12441,,,,,,,
,,1,-0.749,0,851,-1,12442,,,,,,,
,,1,-0.777,0,851,-1,12443,,,,,,,
,,1,-0.43,0,851,-1,12444,,,,,,,
,,1,-0.377,0,851,-1,12445,,,,,,,
,,1,-0.943,0,851,-1,12446,,,,,,,
,,1,-0.641,0,851,-1,12447,,,,,,,
,,1,-0.721,0,851,-1,12448,,,,,,,
,,1,-1.148,0,851,-1,12449,,,,,,,
,,1,-1.426,0,851,-1,12450,,,,,-77,22:25:13,672
,,1,-0.238,0,851,-1,12451,,,,,,,
,,1,-1.064,0,851,-1,12452,,,,,,,
,,1,-0.673,0,851,-1,12453,,,,,,,
,,1,-1.366,0,851,-1,12454,,,,,,,
,,1,-0.985,0,851,-1,12455,,,,,,,
,,1,-1.103,0,851,-1,12456,,,,,,,
,,1,-0.52,0,851,-1,12457,,,,,,,
,,1,-1.057,0,851,-1,12458,,,,,,,
,,1,-0.956,0,851,-1,12459,,,,,,,
,,1,-0.884,0,851,-1,12460,,,,,-77,22:25:13,865
,,1,-1.189,0,851,-1,12461,,,,,,,
,,1,-0.835,0,851,-1,12462,,,,,,,
,,1,-0.797,0,851,-1,12463,,,,,,,
,,1,-1.324,0,851,-1,12464,,,,,,,
,,1,-0.644,0,851,-1,12465,,,,,,,
,,1,-0.568,0,851,-1,12466,,,,,,,
,,1,-1.033,0,851,-1,12467,,,,,,,
,,1,-0.71,0,851,-1,12468,,,,,,,
,,1,-0.628,0,851,-1,12469,,,,,,,
52.3484874,4.9089664,1,-0.187,0,851,-1,12470,237,5,10,46,-69,22:25:14,059
,,1,-0.673,0,851,-1,12471,,,,,,,
,,1,-0.484,0,851,-1,12472,,,,,,,
,,1,-0.994,0,851,-1,12473,,,,,,,
,,1,-0.293,0,851,-1,12474,,,,,,,
,,1,-0.544,0,851,-1,12475,,,,,,,
,,1,-0.188,0,851,-1,12476,,,,,,,
,,1,-0.326,0,851,-1,12477,,,,,,,
,,1,-0.163,0,851,-1,12478,,,,,,,
,,1,-0.618,0,851,-1,12479,,,,,,,
,,1,-0.11,0,851,-1,12480,,,,,-69,22:25:14,268
,,1,-0.309,0,851,-1,12481,,,,,,,
,,1,0.18,0,851,-1,12482,,,,,,,
,,1,-0.254,0,851,-1,12483,,,,,,,
,,1,-0.047,0,851,-1,12484,,,,,,,
,,1,-0.149,0,851,-1,12485,,,,,,,
,,1,0.274,0,851,-1,12486,,,,,,,
,,1,0.308,0,851,-1,12487,,,,,,,
,,1,0.376,0,851,-1,12488,,,,,,,
,,1,0.376,0,851,-1,12489,,,,,,,
,,1,0.753,0,851,-1,12490,,,,,-69,22:25:14,478
,,7,0.367,0,852,235,12491,,,,,,,
,,1,0.835,0,852,-1,12492,,,,,,,
,,1,0.177,0,852,-1,12493,,,,,,,
,,1,0.202,0,852,-1,12494,,,,,,,
,,1,0.815,0,852,-1,12495,,,,,,,
,,1,1.331,0,852,-1,12496,,,,,,,
,,1,0.303,0,852,-1,12497,,,,,,,
,,1,0.483,0,852,-1,12498,,,,,,,
,,1,0.694,0,852,-1,12499,,,,,,,
,,1,0.801,0,852,-1,12500,,,,,-69,22:25:14,664
,,1,1.227,0,852,-1,12501,,,,,,,
,,1,1.044,0,852,-1,12502,,,,,,,
,,1,0.749,0,852,-1,12503,,,,,,,
,,1,0.76,0,852,-1,12504,,,,,,,
,,1,1.0,0,852,-1,12505,,,,,,,
,,1,1.151,0,852,-1,12506,,,,,,,
,,1,1.278,0,852,-1,12507,,,,,,,
,,1,1.007,0,852,-1,12508,,,,,,,
,,1,0.809,0,852,-1,12509,,,,,,,
,,1,0.923,0,852,-1,12510,,,,,-69,22:25:14,868
,,1,1.298,0,852,-1,12511,,,,,,,
,,1,0.813,0,852,-1,12512,,,,,,,
,,1,0.945,0,852,-1,12513,,,,,,,
,,1,0.826,0,852,-1,12514,,,,,,,
,,1,1.306,0,852,-1,12515,,,,,,,
,,1,0.858,0,852,-1,12516,,,,,,,
,,1,1.056,0,852,-1,12517,,,,,,,
,,1,1.16,0,852,-1,12518,,,,,,,
,,1,0.952,0,852,-1,12519,,,,,,,
,,1,1.064,0,852,-1,12520,,,,,-69,22:25:15,062
,,1,1.058,0,852,-1,12521,,,,,,,
,,1,0.987,0,852,-1,12522,,,,,,,
,,1,0.994,0,852,-1,12523,,,,,,,
,,1,0.993,0,852,-1,12524,,,,,,,
,,1,0.943,0,852,-1,12525,,,,,,,
,,1,1.022,0,852,-1,12526,,,,,,,
,,1,0.983,0,852,-1,12527,,,,,,,
,,1,0.982,0,852,-1,12528,,,,,,,
,,1,0.969,0,852,-1,12529,,,,,,,
52.3484826,4.9089506,1,0.871,0,852,-1,12530,0,3,11,46,-69,22:25:15,263
,,1,0.977,0,852,-1,12531,,,,,,,
,,1,0.95,0,852,-1,12532,,,,,,,
,,1,0.87,0,852,-1,12533,,,,,,,
,,1,0.973,0,852,-1,12534,,,,,,,
,,1,0.882,0,852,-1,12535,,,,,,,
,,1,0.773,0,852,-1,12536,,,,,,,
,,1,0.86,0,852,-1,12537,,,,,,,
,,1,0.835,0,852,-1,12538,,,,,,,
,,1,0.873,0,852,-1,12539,,,,,,,
,,1,0.871,0,852,-1,12540,,,,,-69,22:25:15,471
,,1,0.734,0,852,-1,12541,,,,,,,
,,1,0.7,0,852,-1,12542,,,,,,,
,,1,0.854,0,852,-1,12543,,,,,,,
,,1,0.81,0,852,-1,12544,,,,,,,
,,1,0.754,0,852,-1,12545,,,,,,,
,,1,0.757,0,852,-1,12546,,,,,,,
,,1,0.738,0,852,-1,12547,,,,,,,
,,1,0.79,0,852,-1,12548,,,,,,,
,,1,0.819,0,852,-1,12549,,,,,,,
,,1,0.758,0,852,-1,12550,,,,,-69,22:25:15,662
,,1,0.718,0,852,-1,12551,,,,,,,
,,1,0.617,0,852,-1,12552,,,,,,,
,,1,0.658,0,852,-1,12553,,,,,,,
,,1,0.76,0,852,-1,12554,,,,,,,
,,1,0.74,0,852,-1,12555,,,,,,,
,,1,0.636,0,852,-1,12556,,,,,,,
,,1,0.598,0,852,-1,12557,,,,,,,
,,1,0.621,0,852,-1,12558,,,,,,,
,,1,0.653,0,852,-1,12559,,,,,,,
52.3484826,4.9089506,1,0.655,0,852,-1,12560,0,3,11,46,-70,22:25:15,861
,,1,0.639,0,852,-1,12561,,,,,,,
,,1,0.593,0,852,-1,12562,,,,,,,
,,1,0.626,0,852,-1,12563,,,,,,,
,,1,0.605,0,852,-1,12564,,,,,,,
,,1,0.608,0,852,-1,12565,,,,,,,
,,1,0.619,0,852,-1,12566,,,,,,,
,,5,0.606,0,852,0,12567,,,,,,,
,,3,0.576,0,852,0,12568,,,,,,,
,,3,0.585,0,852,0,12569,,,,,,,
,,3,0.563,0,852,0,12570,,,,,-70,22:25:16,084
,,3,0.543,0,852,0,12571,,,,,,,
,,3,0.581,0,852,0,12572,,,,,,,
,,3,0.613,0,852,0,12573,,,,,,,
,,3,0.599,0,852,0,12574,,,,,,,
,,3,0.544,0,852,0,12575,,,,,,,
,,3,0.585,0,852,0,12576,,,,,,,
,,3,0.591,0,852,0,12577,,,,,,,
,,3,0.634,0,852,0,12578,,,,,,,
,,3,0.626,0,852,0,12579,,,,,,,
52.34848,4.9089383,3,0.592,0,852,0,12580,0,2,11,46,-70,22:25:16,280
,,3,0.606,0,852,0,12581,,,,,,,
,,3,0.594,0,852,0,12582,,,,,,,
,,3,0.599,0,852,0,12583,,,,,,,
,,3,0.6,0,852,0,12584,,,,,,,
,,3,0.583,0,852,0,12585,,,,,,,
,,3,0.587,0,852,0,12586,,,,,,,
,,3,0.574,0,852,0,12587,,,,,,,
,,3,0.533,0,852,0,12588,,,,,,,
,,3,0.591,0,852,0,12589,,,,,,,
,,3,0.597,0,852,0,12590,,,,,-70,22:25:16,459
,,3,0.555,0,852,0,12591,,,,,,,
,,3,0.592,0,852,0,12592,,,,,,,
,,3,0.592,0,852,0,12593,,,,,,,
,,3,0.598,0,852,0,12594,,,,,,,
,,3,0.59,0,852,0,12595,,,,,,,
,,3,0.569,0,852,0,12596,,,,,,,
,,3,0.606,0,852,0,12597,,,,,,,
,,3,0.571,0,852,0,12598,,,,,,,
,,3,0.56,0,852,0,12599,,,,,,,
,,3,0.572,0,852,0,12600,,,,,-70,22:25:16,670
,,3,0.578,0,852,0,12601,,,,,,,
,,3,0.581,0,852,0,12602,,,,,,,
,,3,0.601,0,852,0,12603,,,,,,,
,,3,0.604,0,852,0,12604,,,,,,,
,,3,0.596,0,852,0,12605,,,,,,,
,,3,0.598,0,852,0,12606,,,,,,,
,,3,0.564,0,852,0,12607,,,,,,,
,,3,0.68,0,852,0,12608,,,,,,,
,,3,0.581,0,852,0,12609,,,,,,,
,,3,0.583,0,852,0,12610,,,,,-70,22:25:16,863
,,3,0.584,0,852,0,12611,,,,,,,
,,3,0.571,0,852,0,12612,,,,,,,
,,3,0.545,0,852,0,12613,,,,,,,
,,3,0.562,0,852,0,12614,,,,,,,
,,3,0.524,0,852,0,12615,,,,,,,
,,3,1.09,0,852,0,12616,,,,,,,
,,3,0.83,0,852,0,12617,,,,,,,
,,3,0.443,0,852,0,12618,,,,,,,
,,3,0.268,0,852,0,12619,,,,,,,
52.3484758,4.9089303,3,0.688,0,852,0,12620,0,1,11,46,-70,22:25:17,057
,,3,0.617,0,852,0,12621,,,,,,,
,,3,0.696,0,852,0,12622,,,,,,,
,,3,0.462,0,852,0,12623,,,,,,,
,,3,0.566,0,852,0,12624,,,,,,,
,,3,0.498,0,852,0,12625,,,,,,,
,,3,0.577,0,852,0,12626,,,,,,,
,,3,0.507,0,852,0,12627,,,,,,,
,,3,0.5,0,852,0,12628,,,,,,,
,,3,0.543,0,852,0,12629,,,,,,,
,,3,0.278,0,852,0,12630,,,,,-70,22:25:17,271
,,3,0.712,0,852,0,12631,,,,,,,
,,3,0.064,0,852,0,12632,,,,,,,
,,3,0.2,0,852,0,12633,,,,,,,
,,3,0.31,0,852,0,12634,,,,,,,
,,3,-0.534,0,852,0,12635,,,,,,,
,,3,-0.373,0,852,0,12636,,,,,,,
,,3,-0.488,0,852,0,12637,,,,,,,
,,3,1.174,0,852,0,12638,,,,,,,
,,3,0.184,0,852,0,12639,,,,,,,
,,3,0.017,0,852,0,12640,,,,,-70,22:25:17,469
,,3,0.084,0,852,0,12641,,,,,,,
,,3,-0.118,0,852,0,12642,,,,,,,
,,3,-1.651,0,852,0,12643,,,,,,,
,,3,-0.104,0,852,0,12644,,,,,,,
,,3,-0.167,0,852,0,12645,,,,,,,
,,3,-0.253,0,852,0,12646,,,,,,,
,,3,-0.126,0,852,0,12647,,,,,,,
,,3,-0.11,0,852,0,12648,,,,,,,
,,3,0.053,0,852,0,12649,,,,,,,
,,3,0.161,0,852,0,12650,,,,,-81,22:25:17,661
,,3,0.269,0,852,0,12651,,,,,,,
,,3,2.17,0,852,0,12652,,,,,,,
,,3,-0.759,0,852,0,12653,,,,,,,
,,3,0.202,0,852,0,12654,,,,,,,
,,3,0.354,0,852,0,12655,,,,,,,
,,3,0.081,0,852,0,12656,,,,,,,
,,3,0.285,0,852,0,12657,,,,,,,
,,3,-0.451,0,852,0,12658,,,,,,,
,,3,-0.208,0,852,0,12659,,,,,,,
,,3,0.073,0,852,0,12660,,,,,-81,22:25:17,885
,,3,0.346,0,852,0,12661,,,,,,,
,,3,-0.575,0,852,0,12662,,,,,,,
,,3,1.622,0,852,0,12663,,,,,,,
,,3,-0.177,0,852,0,12664,,,,,,,
,,3,-0.064,0,852,0,12665,,,,,,,
,,3,0.248,0,852,0,12666,,,,,,,
,,3,0.465,0,852,0,12667,,,,,,,
,,3,0.054,0,852,0,12668,,,,,,,
,,3,0.0,0,852,0,12669,,,,,,,
52.3484757,4.9089262,3,-0.047,0,852,0,12670,0,1,11,46,-81,22:25:18,080
,,3,-0.101,0,852,0,12671,,,,,,,
,,3,-0.057,0,852,0,12672,,,,,,,
,,3,-0.104,0,852,0,12673,,,,,,,
,,3,-0.152,0,852,0,12674,,,,,,,
,,3,0.23,0,852,0,12675,,,,,,,
,,3,0.463,0,852,0,12676,,,,,,,
,,3,0.534,0,852,0,12677,,,,,,,
,,3,0.63,0,852,0,12678,,,,,,,
,,3,0.766,0,852,0,12679,,,,,,,
,,3,0.673,0,852,0,12680,,,,,-81,22:25:18,261
,,3,0.646,0,852,0,12681,,,,,,,
,,3,0.561,0,852,0,12682,,,,,,,
,,3,0.299,0,852,0,12683,,,,,,,
,,3,0.604,0,852,0,12684,,,,,,,
,,3,0.167,0,852,0,12685,,,,,,,
,,3,0.206,0,852,0,12686,,,,,,,
,,3,0.025,0,852,0,12687,,,,,,,
,,3,0.092,0,852,0,12688,,,,,,,
,,3,0.331,0,852,0,12689,,,,,,,
,,3,-0.396,0,852,0,12690,,,,,-81,22:25:18,467
,,3,0.305,0,852,0,12691,,,,,,,
,,3,0.18,0,852,0,12692,,,,,,,
,,3,0.175,0,852,0,12693,,,,,,,
,,3,0.209,0,852,0,12694,,,,,,,
,,3,0.109,0,852,0,12695,,,,,,,
,,3,0.228,0,852,0,12696,,,,,,,
,,3,0.167,0,852,0,12697,,,,,,,
,,3,0.044,0,852,0,12698,,,,,,,
,,3,0.08,0,852,0,12699,,,,,,,
,,3,0.332,0,852,0,12700,,,,,-81,22:25:18,662
,,3,0.212,0,852,0,12701,,,,,,,
,,3,0.37,0,852,0,12702,,,,,,,
,,3,0.281,0,852,0,12703,,,,,,,
,,3,0.41,0,852,0,12704,,,,,,,
,,3,0.372,0,852,0,12705,,,,,,,
,,3,0.315,0,852,0,12706,,,,,,,
,,3,0.279,0,852,0,12707,,,,,,,
,,3,0.14,0,852,0,12708,,,,,,,
,,3,0.179,0,852,0,12709,,,,,,,
,,3,-0.071,0,852,0,12710,,,,,-81,22:25:18,858
,,3,0.021,0,852,0,12711,,,,,,,
,,3,0.07,0,852,0,12712,,,,,,,
,,3,0.086,0,852,0,12713,,,,,,,
,,3,0.128,0,852,0,12714,,,,,,,
,,3,0.117,0,852,0,12715,,,,,,,
,,3,0.031,0,852,0,12716,,,,,,,
,,3,0.109,0,852,0,12717,,,,,,,
,,3,0.271,0,852,0,12718,,,,,,,
,,3,0.31,0,852,0,12719,,,,,,,
52.3484683,4.9089275,3,0.433,0,852,0,12720,0,1,11,46,-81,22:25:19,070
,,3,0.401,0,852,0,12721,,,,,,,
,,3,0.475,0,852,0,12722,,,,,,,
,,3,0.563,0,852,0,12723,,,,,,,
,,3,0.8,0,852,0,12724,,,,,,,
,,3,0.871,0,852,0,12725,,,,,,,
,,3,0.86,0,852,0,12726,,,,,,,
,,3,0.845,0,852,0,12727,,,,,,,
,,3,0.916,0,852,0,12728,,,,,,,
,,3,0.986,0,852,0,12729,,,,,,,
,,3,0.862,0,852,0,12730,,,,,-68,22:25:19,264
,,3,0.757,0,852,0,12731,,,,,,,
,,3,0.817,0,852,0,12732,,,,,,,
,,3,0.939,0,852,0,12733,,,,,,,
,,3,0.901,0,852,0,12734,,,,,,,
,,3,0.832,0,852,0,12735,,,,,,,
,,3,0.78,0,852,0,12736,,,,,,,
,,3,0.752,0,852,0,12737,,,,,,,
,,3,0.785,0,852,0,12738,,,,,,,
,,3,0.64,0,852,0,12739,,,,,,,
,,3,0.352,0,852,0,12740,,,,,-68,22:25:19,458
,,3,0.731,0,852,0,12741,,,,,,,
,,3,0.665,0,852,0,12742,,,,,,,
,,3,-0.114,0,852,0,12743,,,,,,,
,,3,-0.069,0,852,0,12744,,,,,,,
,,3,0.165,0,852,0,12745,,,,,,,
,,3,0.476,0,852,0,12746,,,,,,,
,,3,0.713,0,852,0,12747,,,,,,,
,,3,1.144,0,852,0,12748,,,,,,,
,,3,0.579,0,852,0,12749,,,,,,,
,,3,0.151,0,852,0,12750,,,,,-68,22:25:19,683
,,3,-0.18,0,852,0,12751,,,,,,,
,,3,0.189,0,852,0,12752,,,,,,,
,,3,0.397,0,852,0,12753,,,,,,,
,,3,1.323,0,852,0,12754,,,,,,,
,,3,0.967,0,852,0,12755,,,,,,,
,,3,0.439,0,852,0,12756,,,,,,,
,,3,0.474,0,852,0,12757,,,,,,,
,,3,0.898,0,852,0,12758,,,,,,,
,,3,0.548,0,852,0,12759,,,,,,,
,,3,0.575,0,852,0,12760,,,,,-68,22:25:19,865
,,3,0.354,0,852,0,12761,,,,,,,
,,3,0.258,0,852,0,12762,,,,,,,
,,3,0.481,0,852,0,12763,,,,,,,
,,3,0.678,0,852,0,12764,,,,,,,
,,3,0.522,0,852,0,12765,,,,,,,
,,3,0.406,0,852,0,12766,,,,,,,
,,3,0.382,0,852,0,12767,,,,,,,
,,3,0.615,0,852,0,12768,,,,,,,
,,3,0.441,0,852,0,12769,,,,,,,
52.348465,4.9089289,3,0.572,0,852,0,12770,0,1,11,46,-68,22:25:20,074
,,3,0.46,0,852,0,12771,,,,,,,
,,3,0.573,0,852,0,12772,,,,,,,
,,3,0.523,0,852,0,12773,,,,,,,
,,3,0.53,0,852,0,12774,,,,,,,
,,3,0.536,0,852,0,12775,,,,,,,
,,3,0.66,0,852,0,12776,,,,,,,
,,3,0.554,0,852,0,12777,,,,,,,
,,3,0.6,0,852,0,12778,,,,,,,
,,3,0.598,0,852,0,12779,,,,,,,
,,3,0.621,0,852,0,12780,,,,,-68,22:25:20,274
,,3,0.624,0,852,0,12781,,,,,,,
,,3,0.441,0,852,0,12782,,,,,,,
,,3,0.175,0,852,0,12783,,,,,,,
,,3,0.629,0,852,0,12784,,,,,,,
,,3,0.506,0,852,0,12785,,,,,,,
,,3,0.399,0,852,0,12786,,,,,,,
,,3,0.518,0,852,0,12787,,,,,,,
,,3,0.525,0,852,0,12788,,,,,,,
,,3,0.563,0,852,0,12789,,,,,,,
,,3,0.702,0,852,0,12790,,,,,-68,22:25:20,464
,,3,0.825,0,852,0,12791,,,,,,,
,,3,0.651,0,852,0,12792,,,,,,,
,,3,0.736,0,852,0,12793,,,,,,,
,,3,0.83,0,852,0,12794,,,,,,,
,,3,0.633,0,852,0,12795,,,,,,,
,,3,0.632,0,852,0,12796,,,,,,,
,,3,0.503,0,852,0,12797,,,,,,,
,,3,0.616,0,852,0,12798,,,,,,,
,,3,0.713,0,852,0,12799,,,,,,,
,,3,0.628,0,852,0,12800,,,,,-68,22:25:20,660
,,3,0.675,0,852,0,12801,,,,,,,
,,3,0.685,0,852,0,12802,,,,,,,
,,3,0.645,0,852,0,12803,,,,,,,
,,3,0.652,0,852,0,12804,,,,,,,
,,3,0.742,0,852,0,12805,,,,,,,
,,3,0.685,0,852,0,12806,,,,,,,
,,3,0.556,0,852,0,12807,,,,,,,
,,3,0.65,0,852,0,12808,,,,,,,
,,3,0.768,0,852,0,12809,,,,,,,
,,3,0.766,0,852,0,12810,,,,,-68,22:25:20,874
,,3,0.652,0,852,0,12811,,,,,,,
,,3,0.604,0,852,0,12812,,,,,,,
,,3,0.855,0,852,0,12813,,,,,,,
,,3,1.002,0,852,0,12814,,,,,,,
,,3,0.773,0,852,0,12815,,,,,,,
,,3,0.745,0,852,0,12816,,,,,,,
,,3,0.822,0,852,0,12817,,,,,,,
,,3,0.848,0,852,0,12818,,,,,,,
,,3,0.747,0,852,0,12819,,,,,,,
52.3484659,4.9089233,3,0.771,0,852,0,12820,0,1,11,46,-78,22:25:21,064
,,3,0.808,0,852,0,12821,,,,,,,
,,3,0.76,0,852,0,12822,,,,,,,
,,3,0.759,0,852,0,12823,,,,,,,
,,3,0.817,0,852,0,12824,,,,,,,
,,3,0.846,0,852,0,12825,,,,,,,
,,3,0.721,0,852,0,12826,,,,,,,
,,3,0.809,0,852,0,12827,,,,,,,
,,3,0.896,0,852,0,12828,,,,,,,
,,3,0.84,0,852,0,12829,,,,,,,
,,3,0.584,0,852,0,12830,,,,,-78,22:25:21,263
,,3,0.651,0,852,0,12831,,,,,,,
,,3,0.821,0,852,0,12832,,,,,,,
,,3,0.848,0,852,0,12833,,,,,,,
,,3,0.707,0,852,0,12834,,,,,,,
,,3,0.426,0,852,0,12835,,,,,,,
,,3,0.53,0,852,0,12836,,,,,,,
,,3,0.769,0,852,0,12837,,,,,,,
,,3,0.573,0,852,0,12838,,,,,,,
,,3,0.735,0,852,0,12839,,,,,,,
,,3,0.979,0,852,0,12840,,,,,-78,22:25:21,469
,,3,0.761,0,852,0,12841,,,,,,,
,,3,0.705,0,852,0,12842,,,,,,,
,,3,0.782,0,852,0,12843,,,,,,,
,,3,0.96,0,852,0,12844,,,,,,,
,,3,0.853,0,852,0,12845,,,,,,,
,,3,0.854,0,852,0,12846,,,,,,,
,,3,0.699,0,852,0,12847,,,,,,,
,,3,0.771,0,852,0,12848,,,,,,,
,,3,0.847,0,852,0,12849,,,,,,,
,,3,0.699,0,852,0,12850,,,,,-78,22:25:21,663
,,3,0.528,0,852,0,12851,,,,,,,
,,3,0.556,0,852,0,12852,,,,,,,
,,3,0.859,0,852,0,12853,,,,,,,
,,3,0.736,0,852,0,12854,,,,,,,
,,3,0.479,0,852,0,12855,,,,,,,
,,3,0.447,0,852,0,12856,,,,,,,
,,3,0.709,0,852,0,12857,,,,,,,
,,3,0.563,0,852,0,12858,,,,,,,
,,3,0.435,0,852,0,12859,,,,,,,
,,3,0.515,0,852,0,12860,,,,,-78,22:25:21,859
,,3,1.167,0,852,0,12861,,,,,,,
,,3,0.901,0,852,0,12862,,,,,,,
,,3,0.432,0,852,0,12863,,,,,,,
,,3,0.467,0,852,0,12864,,,,,,,
,,3,1.018,0,852,0,12865,,,,,,,
,,3,1.208,0,852,0,12866,,,,,,,
,,3,0.843,0,852,0,12867,,,,,,,
,,3,0.717,0,852,0,12868,,,,,,,
,,3,1.035,0,852,0,12869,,,,,,,
52.3484701,4.9089172,3,0.529,0,852,0,12870,0,3,11,46,-78,22:25:22,068
,,3,0.705,0,852,0,12871,,,,,,,
,,3,0.6,0,852,0,12872,,,,,,,
,,3,0.662,0,852,0,12873,,,,,,,
,,3,0.042,0,852,0,12874,,,,,,,
,,3,0.572,0,852,0,12875,,,,,,,
,,3,0.584,0,852,0,12876,,,,,,,
,,3,1.283,0,852,0,12877,,,,,,,
,,3,0.46,0,852,0,12878,,,,,,,
,,3,0.463,0,852,0,12879,,,,,,,
,,3,0.951,0,852,0,12880,,,,,-78,22:25:22,328
,,3,1.019,0,852,0,12881,,,,,,,
,,3,0.832,0,852,0,12882,,,,,,,
,,3,0.895,0,852,0,12883,,,,,,,
,,3,0.728,0,852,0,12884,,,,,,,
,,3,0.182,0,852,0,12885,,,,,,,
,,3,0.062,0,852,0,12886,,,,,,,
,,3,0.478,0,852,0,12887,,,,,,,
,,3,0.657,0,852,0,12888,,,,,,,
,,3,-0.617,0,852,0,12889,,,,,,,
,,3,0.137,0,852,0,12890,,,,,-78,22:25:22,472
,,3,0.471,0,852,0,12891,,,,,,,
,,3,0.572,0,852,0,12892,,,,,,,
,,3,0.735,0,852,0,12893,,,,,,,
,,3,0.917,0,852,0,12894,,,,,,,
,,3,1.092,0,852,0,12895,,,,,,,
,,3,0.848,0,852,0,12896,,,,,,,
,,3,0.456,0,852,0,12897,,,,,,,
,,3,0.29,0,852,0,12898,,,,,,,
,,3,0.282,0,852,0,12899,,,,,,,
,,3,0.309,0,852,0,12900,,,,,-81,22:25:22,666
,,3,0.958,0,852,0,12901,,,,,,,
,,3,0.733,0,852,0,12902,,,,,,,
,,3,0.345,0,852,0,12903,,,,,,,
,,3,0.459,0,852,0,12904,,,,,,,
,,3,0.589,0,852,0,12905,,,,,,,
,,3,0.316,0,852,0,12906,,,,,,,
,,3,0.529,0,852,0,12907,,,,,,,
,,3,0.602,0,852,0,12908,,,,,,,
,,3,0.514,0,852,0,12909,,,,,,,
,,3,0.393,0,852,0,12910,,,,,-81,22:25:22,880
,,3,0.403,0,852,0,12911,,,,,,,
,,3,0.307,0,852,0,12912,,,,,,,
,,3,0.459,0,852,0,12913,,,,,,,
,,3,0.519,0,852,0,12914,,,,,,,
,,3,0.513,0,852,0,12915,,,,,,,
,,3,0.48,0,852,0,12916,,,,,,,
,,3,0.521,0,852,0,12917,,,,,,,
,,3,0.376,0,852,0,12918,,,,,,,
,,3,0.468,0,852,0,12919,,,,,,,
52.3484704,4.9088979,3,0.601,0,852,0,12920,0,3,11,46,-81,22:25:23,062
,,3,0.595,0,852,0,12921,,,,,,,
,,3,0.53,0,852,0,12922,,,,,,,
,,3,0.422,0,852,0,12923,,,,,,,
,,3,0.47,0,852,0,12924,,,,,,,
,,3,0.512,0,852,0,12925,,,,,,,
,,3,0.562,0,852,0,12926,,,,,,,
,,3,0.513,0,852,0,12927,,,,,,,
,,3,0.563,0,852,0,12928,,,,,,,
,,3,0.517,0,852,0,12929,,,,,,,
,,3,0.449,0,852,0,12930,,,,,-81,22:25:23,268
,,3,0.507,0,852,0,12931,,,,,,,
,,3,0.504,0,852,0,12932,,,,,,,
,,3,0.509,0,852,0,12933,,,,,,,
,,3,0.443,0,852,0,12934,,,,,,,
,,3,0.405,0,852,0,12935,,,,,,,
,,3,0.369,0,852,0,12936,,,,,,,
,,3,0.384,0,852,0,12937,,,,,,,
,,3,0.398,0,852,0,12938,,,,,,,
,,3,0.438,0,852,0,12939,,,,,,,
,,3,0.468,0,852,0,12940,,,,,-81,22:25:23,462
,,3,0.461,0,852,0,12941,,,,,,,
,,3,0.563,0,852,0,12942,,,,,,,
,,3,0.421,0,852,0,12943,,,,,,,
,,3,0.499,0,852,0,12944,,,,,,,
,,3,0.613,0,852,0,12945,,,,,,,
,,3,0.486,0,852,0,12946,,,,,,,
,,3,0.656,0,852,0,12947,,,,,,,
,,3,0.668,0,852,0,12948,,,,,,,
,,3,0.594,0,852,0,12949,,,,,,,
,,3,0.546,0,852,0,12950,,,,,-81,22:25:23,662
,,3,0.658,0,852,0,12951,,,,,,,
,,3,0.42,0,852,0,12952,,,,,,,
,,3,0.696,0,852,0,12953,,,,,,,
,,3,0.698,0,852,0,12954,,,,,,,
,,3,0.675,0,852,0,12955,,,,,,,
,,3,0.458,0,852,0,12956,,,,,,,
,,3,0.653,0,852,0,12957,,,,,,,
,,3,0.646,0,852,0,12958,,,,,,,
,,3,0.488,0,852,0,12959,,,,,,,
,,3,0.517,0,852,0,12960,,,,,-81,22:25:23,870
,,3,0.623,0,852,0,12961,,,,,,,
,,3,0.671,0,852,0,12962,,,,,,,
,,3,0.484,0,852,0,12963,,,,,,,
,,3,0.704,0,852,0,12964,,,,,,,
,,3,0.671,0,852,0,12965,,,,,,,
,,3,0.541,0,852,0,12966,,,,,,,
,,3,0.375,0,852,0,12967,,,,,,,
,,3,0.568,0,852,0,12968,,,,,,,
,,3,0.604,0,852,0,12969,,,,,,,
52.3484698,4.9088967,3,0.566,0,852,0,12970,0,1,11,46,-81,22:25:24,063
,,3,0.465,0,852,0,12971,,,,,,,
,,3,0.732,0,852,0,12972,,,,,,,
,,3,0.661,0,852,0,12973,,,,,,,
,,3,0.426,0,852,0,12974,,,,,,,
,,3,0.517,0,852,0,12975,,,,,,,
,,3,0.279,0,852,0,12976,,,,,,,
,,3,0.543,0,852,0,12977,,,,,,,
,,3,0.237,0,852,0,12978,,,,,,,
,,3,0.395,0,852,0,12979,,,,,,,
,,3,0.209,0,852,0,12980,,,,,-81,22:25:24,260
,,3,0.549,0,852,0,12981,,,,,,,
,,3,0.667,0,852,0,12982,,,,,,,
,,3,0.805,0,852,0,12983,,,,,,,
,,3,0.376,0,852,0,12984,,,,,,,
,,3,0.578,0,852,0,12985,,,,,,,
,,3,0.607,0,852,0,12986,,,,,,,
,,3,0.649,0,852,0,12987,,,,,,,
,,3,0.662,0,852,0,12988,,,,,,,
,,3,0.52,0,852,0,12989,,,,,,,
,,3,0.545,0,852,0,12990,,,,,-75,22:25:24,467
,,3,0.569,0,852,0,12991,,,,,,,
,,3,0.607,0,852,0,12992,,,,,,,
,,3,0.568,0,852,0,12993,,,,,,,
,,3,0.569,0,852,0,12994,,,,,,,
,,3,0.681,0,852,0,12995,,,,,,,
,,3,0.579,0,852,0,12996,,,,,,,
,,3,0.505,0,852,0,12997,,,,,,,
,,3,0.739,0,852,0,12998,,,,,,,
,,3,0.982,0,852,0,12999,,,,,,,
,,3,0.877,0,852,0,13000,,,,,-75,22:25:24,662
,,3,0.69,0,852,0,13001,,,,,,,
,,3,0.783,0,852,0,13002,,,,,,,
,,3,0.829,0,852,0,13003,,,,,,,
,,3,0.98,0,852,0,13004,,,,,,,
,,3,1.03,0,852,0,13005,,,,,,,
,,3,1.067,0,852,0,13006,,,,,,,
,,3,1.081,0,852,0,13007,,,,,,,
,,3,0.962,0,852,0,13008,,,,,,,
,,3,1.047,0,852,0,13009,,,,,,,
,,3,0.84,0,852,0,13010,,,,,-75,22:25:24,858
,,3,0.833,0,852,0,13011,,,,,,,
,,3,0.8,0,852,0,13012,,,,,,,
,,3,0.744,0,852,0,13013,,,,,,,
,,3,0.771,0,852,0,13014,,,,,,,
,,3,0.869,0,852,0,13015,,,,,,,
,,3,0.943,0,852,0,13016,,,,,,,
,,3,0.775,0,852,0,13017,,,,,,,
,,3,0.794,0,852,0,13018,,,,,,,
,,3,0.786,0,852,0,13019,,,,,,,
52.3484645,4.9088974,3,0.949,0,852,0,13020,0,3,11,46,-75,22:25:25,074
,,3,0.709,0,852,0,13021,,,,,,,
,,3,0.717,0,852,0,13022,,,,,,,
,,3,0.533,0,852,0,13023,,,,,,,
,,3,0.539,0,852,0,13024,,,,,,,
,,3,0.6,0,852,0,13025,,,,,,,
,,3,0.605,0,852,0,13026,,,,,,,
,,3,0.778,0,852,0,13027,,,,,,,
,,3,0.7,0,852,0,13028,,,,,,,
,,3,0.42,0,852,0,13029,,,,,,,
,,3,0.458,0,852,0,13030,,,,,-75,22:25:25,263
,,3,0.563,0,852,0,13031,,,,,,,
,,3,0.655,0,852,0,13032,,,,,,,
,,3,0.695,0,852,0,13033,,,,,,,
,,3,0.688,0,852,0,13034,,,,,,,
,,3,0.728,0,852,0,13035,,,,,,,
,,3,0.632,0,852,0,13036,,,,,,,
,,3,0.492,0,852,0,13037,,,,,,,
,,3,1.923,0,852,0,13038,,,,,,,
,,3,0.818,0,852,0,13039,,,,,,,
,,3,0.185,0,852,0,13040,,,,,-75,22:25:25,466
,,3,1.091,0,852,0,13041,,,,,,,
,,3,0.851,0,852,0,13042,,,,,,,
,,3,0.729,0,852,0,13043,,,,,,,
,,3,1.46,0,852,0,13044,,,,,,,
,,3,1.133,0,852,0,13045,,,,,,,
,,3,0.138,0,852,0,13046,,,,,,,
,,3,0.455,0,852,0,13047,,,,,,,
,,3,0.466,0,852,0,13048,,,,,,,
,,3,0.545,0,852,0,13049,,,,,,,
,,3,0.819,0,852,0,13050,,,,,-75,22:25:25,668
,,3,0.807,0,852,0,13051,,,,,,,
,,3,0.251,0,852,0,13052,,,,,,,
,,3,0.558,0,852,0,13053,,,,,,,
,,3,0.473,0,852,0,13054,,,,,,,
,,3,0.86,0,852,0,13055,,,,,,,
,,3,0.843,0,852,0,13056,,,,,,,
,,3,0.717,0,852,0,13057,,,,,,,
,,3,0.481,0,852,0,13058,,,,,,,
,,3,0.417,0,852,0,13059,,,,,,,
,,3,0.759,0,852,0,13060,,,,,-75,22:25:25,863
,,3,0.797,0,852,0,13061,,,,,,,
,,3,0.771,0,852,0,13062,,,,,,,
,,3,0.766,0,852,0,13063,,,,,,,
,,3,0.791,0,852,0,13064,,,,,,,
,,3,0.788,0,852,0,13065,,,,,,,
,,3,0.705,0,852,0,13066,,,,,,,
,,3,0.851,0,852,0,13067,,,,,,,
,,3,0.883,0,852,0,13068,,,,,,,
,,3,0.637,0,852,0,13069,,,,,,,
52.3484614,4.9089009,3,0.591,0,852,0,13070,0,1,11,46,-75,22:25:26,060
,,3,0.761,0,852,0,13071,,,,,,,
,,3,0.872,0,852,0,13072,,,,,,,
,,3,0.877,0,852,0,13073,,,,,,,
,,3,0.778,0,852,0,13074,,,,,,,
,,3,0.588,0,852,0,13075,,,,,,,
,,3,0.698,0,852,0,13076,,,,,,,
,,3,0.896,0,852,0,13077,,,,,,,
,,3,0.759,0,852,0,13078,,,,,,,
,,3,0.821,0,852,0,13079,,,,,,,
,,3,0.732,0,852,0,13080,,,,,-71,22:25:26,284
,,3,0.707,0,852,0,13081,,,,,,,
,,3,0.66,0,852,0,13082,,,,,,,
,,3,0.696,0,852,0,13083,,,,,,,
,,3,0.733,0,852,0,13084,,,,,,,
,,3,0.813,0,852,0,13085,,,,,,,
,,3,0.789,0,852,0,13086,,,,,,,
,,3,0.662,0,852,0,13087,,,,,,,
,,3,0.845,0,852,0,13088,,,,,,,
,,3,0.881,0,852,0,13089,,,,,,,
,,3,1.092,0,852,0,13090,,,,,-71,22:25:26,463
,,3,0.808,0,852,0,13091,,,,,,,
,,3,0.563,0,852,0,13092,,,,,,,
,,3,0.743,0,852,0,13093,,,,,,,
,,3,0.739,0,852,0,13094,,,,,,,
,,3,0.832,0,852,0,13095,,,,,,,
,,3,0.85,0,852,0,13096,,,,,,,
,,3,0.821,0,852,0,13097,,,,,,,
,,3,0.678,0,852,0,13098,,,,,,,
,,3,0.815,0,852,0,13099,,,,,,,
,,3,0.857,0,852,0,13100,,,,,-71,22:25:26,687
,,3,0.769,0,852,0,13101,,,,,,,
,,3,0.669,0,852,0,13102,,,,,,,
,,3,0.722,0,852,0,13103,,,,,,,
,,3,0.725,0,852,0,13104,,,,,,,
,,3,0.616,0,852,0,13105,,,,,,,
,,3,0.723,0,852,0,13106,,,,,,,
,,3,0.764,0,852,0,13107,,,,,,,
,,3,0.709,0,852,0,13108,,,,,,,
,,3,0.525,0,852,0,13109,,,,,,,
,,3,2.044,0,852,0,13110,,,,,-71,22:25:26,868
,,3,0.714,0,852,0,13111,,,,,,,
,,3,-0.179,0,852,0,13112,,,,,,,
,,3,1.111,0,852,0,13113,,,,,,,
,,3,0.493,0,852,0,13114,,,,,,,
,,3,0.898,0,852,0,13115,,,,,,,
,,3,0.771,0,852,0,13116,,,,,,,
,,3,1.543,0,852,0,13117,,,,,,,
,,3,1.294,0,852,0,13118,,,,,,,
,,3,0.023,0,852,0,13119,,,,,,,
52.3484605,4.9089003,3,1.37,0,852,0,13120,0,1,11,46,-71,22:25:27,068
,,3,1.375,0,852,0,13121,,,,,,,
,,3,0.488,0,852,0,13122,,,,,,,
,,3,0.334,0,852,0,13123,,,,,,,
,,3,0.644,0,852,0,13124,,,,,,,
,,3,0.954,0,852,0,13125,,,,,,,
,,3,0.813,0,852,0,13126,,,,,,,
,,3,0.783,0,852,0,13127,,,,,,,
,,3,0.392,0,852,0,13128,,,,,,,
,,3,0.473,0,852,0,13129,,,,,,,
,,3,0.645,0,852,0,13130,,,,,-71,22:25:27,264
,,3,0.775,0,852,0,13131,,,,,,,
,,3,0.652,0,852,0,13132,,,,,,,
,,3,0.741,0,852,0,13133,,,,,,,
,,3,0.556,0,852,0,13134,,,,,,,
,,3,0.39,0,852,0,13135,,,,,,,
,,3,0.66,0,852,0,13136,,,,,,,
,,3,0.801,0,852,0,13137,,,,,,,
,,3,0.565,0,852,0,13138,,,,,,,
,,3,0.647,0,852,0,13139,,,,,,,
,,3,0.618,0,852,0,13140,,,,,-71,22:25:27,467
,,3,0.592,0,852,0,13141,,,,,,,
,,3,0.685,0,852,0,13142,,,,,,,
,,3,0.82,0,852,0,13143,,,,,,,
,,3,0.83,0,852,0,13144,,,,,,,
,,3,0.564,0,852,0,13145,,,,,,,
,,3,0.711,0,852,0,13146,,,,,,,
,,3,0.808,0,852,0,13147,,,,,,,
,,3,0.757,0,852,0,13148,,,,,,,
,,3,0.798,0,852,0,13149,,,,,,,
,,3,0.718,0,852,0,13150,,,,,-71,22:25:27,678
,,3,0.736,0,852,0,13151,,,,,,,
,,3,0.669,0,852,0,13152,,,,,,,
,,3,0.69,0,852,0,13153,,,,,,,
,,3,0.729,0,852,0,13154,,,,,,,
,,3,0.743,0,852,0,13155,,,,,,,
,,3,0.676,0,852,0,13156,,,,,,,
,,3,0.815,0,852,0,13157,,,,,,,
,,3,0.899,0,852,0,13158,,,,,,,
,,3,0.489,0,852,0,13159,,,,,,,
,,3,0.896,0,852,0,13160,,,,,-79,22:25:27,873
,,3,0.559,0,852,0,13161,,,,,,,
,,3,0.904,0,852,0,13162,,,,,,,
,,3,0.519,0,852,0,13163,,,,,,,
,,3,0.959,0,852,0,13164,,,,,,,
,,3,0.801,0,852,0,13165,,,,,,,
,,3,0.463,0,852,0,13166,,,,,,,
,,3,0.78,0,852,0,13167,,,,,,,
,,3,0.55,0,852,0,13168,,,,,,,
,,3,0.721,0,852,0,13169,,,,,,,
52.3484534,4.9088922,3,0.647,0,852,0,13170,211,4,12,46,-79,22:25:28,070
,,3,0.654,0,852,0,13171,,,,,,,
,,3,0.65,0,852,0,13172,,,,,,,
,,3,0.736,0,852,0,13173,,,,,,,
,,3,0.704,0,852,0,13174,,,,,,,
,,3,0.813,0,852,0,13175,,,,,,,
,,3,0.641,0,852,0,13176,,,,,,,
,,3,0.636,0,852,0,13177,,,,,,,
,,3,0.521,0,852,0,13178,,,,,,,
,,3,0.599,0,852,0,13179,,,,,,,
,,3,0.691,0,852,0,13180,,,,,-79,22:25:28,264
,,3,-0.432,0,852,0,13181,,,,,,,
,,3,-1.08,0,852,0,13182,,,,,,,
,,3,2.102,0,852,0,13183,,,,,,,
,,3,-2.17,0,852,0,13184,,,,,,,
,,3,1.045,0,852,0,13185,,,,,,,
,,3,2.685,0,852,0,13186,,,,,,,
,,3,-0.187,0,852,0,13187,,,,,,,
,,3,-0.117,0,852,0,13188,,,,,,,
,,3,1.112,0,852,0,13189,,,,,,,
,,3,1.481,0,852,0,13190,,,,,-79,22:25:28,458
,,3,0.775,0,852,0,13191,,,,,,,
,,3,0.163,0,852,0,13192,,,,,,,
,,3,-0.479,0,852,0,13193,,,,,,,
,,3,0.155,0,852,0,13194,,,,,,,
,,3,0.627,0,852,0,13195,,,,,,,
,,3,0.864,0,852,0,13196,,,,,,,
,,3,0.843,0,852,0,13197,,,,,,,
,,3,0.606,0,852,0,13198,,,,,,,
,,3,0.134,0,852,0,13199,,,,,,,
,,3,-0.305,0,852,0,13200,,,,,-79,22:25:28,675
,,3,-0.61,0,852,0,13201,,,,,,,
,,3,-0.784,0,852,0,13202,,,,,,,
,,3,-0.841,0,852,0,13203,,,,,,,
,,3,-0.669,0,852,0,13204,,,,,,,
,,3,-0.48,0,852,0,13205,,,,,,,
,,3,-0.206,0,852,0,13206,,,,,,,
,,3,-0.159,0,852,0,13207,,,,,,,
,,3,-0.09,0,852,0,13208,,,,,,,
,,3,-0.096,0,852,0,13209,,,,,,,
,,3,-0.232,0,852,0,13210,,,,,-79,22:25:28,864
,,3,0.085,0,852,0,13211,,,,,,,
,,3,-0.78,0,852,0,13212,,,,,,,
,,3,-0.434,0,852,0,13213,,,,,,,
,,3,-1.418,0,852,0,13214,,,,,,,
,,3,-1.118,0,853,0,13215,,,,,,,
,,3,-0.575,0,853,0,13216,,,,,,,
,,3,-0.784,0,853,0,13217,,,,,,,
,,3,-0.557,0,853,0,13218,,,,,,,
,,3,-0.679,0,853,0,13219,,,,,,,
52.3484512,4.9088826,3,-0.38,0,853,0,13220,0,2,12,46,-79,22:25:29,061
,,3,-0.507,0,853,0,13221,,,,,,,
,,3,-0.571,0,853,0,13222,,,,,,,
,,3,-0.582,0,853,0,13223,,,,,,,
,,3,-0.718,0,853,0,13224,,,,,,,
,,3,-0.56,0,853,0,13225,,,,,,,
,,3,-0.626,0,853,0,13226,,,,,,,
,,3,-0.746,0,853,0,13227,,,,,,,
,,3,-0.692,0,853,0,13228,,,,,,,
,,3,-0.266,0,853,0,13229,,,,,,,
,,3,-0.282,0,853,0,13230,,,,,-79,22:25:29,282
,,3,-0.548,0,853,0,13231,,,,,,,
,,3,-0.563,0,853,0,13232,,,,,,,
,,3,-0.313,0,853,0,13233,,,,,,,
,,3,-0.459,0,853,0,13234,,,,,,,
,,3,-0.561,0,853,0,13235,,,,,,,
,,3,-0.399,0,853,0,13236,,,,,,,
,,3,-0.358,0,853,0,13237,,,,,,,
,,3,-0.4,0,853,0,13238,,,,,,,
,,3,-0.653,0,853,0,13239,,,,,,,
,,3,-0.506,0,853,0,13240,,,,,-79,22:25:29,463
,,3,-0.55,0,853,0,13241,,,,,,,
,,3,-0.383,0,853,0,13242,,,,,,,
,,3,-0.025,0,853,0,13243,,,,,,,
,,3,-0.364,0,853,0,13244,,,,,,,
,,3,-0.465,0,853,0,13245,,,,,,,
,,3,-0.231,0,853,0,13246,,,,,,,
,,3,-0.661,0,853,0,13247,,,,,,,
,,3,-0.733,0,853,0,13248,,,,,,,
,,3,-0.519,0,853,0,13249,,,,,,,
,,3,-0.316,0,853,0,13250,,,,,-80,22:25:29,661
,,3,-0.419,0,853,0,13251,,,,,,,
,,3,-0.407,0,853,0,13252,,,,,,,
,,3,-0.414,0,853,0,13253,,,,,,,
,,3,-0.426,0,853,0,13254,,,,,,,
,,3,-0.434,0,853,0,13255,,,,,,,
,,3,-0.41,0,853,0,13256,,,,,,,
,,3,-0.628,0,853,0,13257,,,,,,,
,,3,-0.533,0,853,0,13258,,,,,,,
,,3,-0.488,0,853,0,13259,,,,,,,
,,3,-0.359,0,853,0,13260,,,,,-80,22:25:29,885
,,3,-0.365,0,853,0,13261,,,,,,,
,,3,-0.234,0,853,0,13262,,,,,,,
,,3,-0.053,0,853,0,13263,,,,,,,
,,3,-0.383,0,853,0,13264,,,,,,,
,,3,-0.623,0,853,0,13265,,,,,,,
,,3,0.189,0,853,0,13266,,,,,,,
,,3,0.717,0,853,0,13267,,,,,,,
,,3,1.01,0,853,0,13268,,,,,,,
,,7,0.785,0,854,64,13269,,,,,,,
52.348457,4.908889,1,0.126,0,854,-1,13270,0,1,12,46,-80,22:25:30,081
,,1,-1.64,0,854,-1,13271,,,,,,,
,,1,0.154,0,854,-1,13272,,,,,,,
,,1,0.975,0,854,-1,13273,,,,,,,
,,1,0.038,0,854,-1,13274,,,,,,,
,,1,0.314,0,854,-1,13275,,,,,,,
,,1,0.238,0,854,-1,13276,,,,,,,
,,1,0.476,0,854,-1,13277,,,,,,,
,,1,0.347,0,854,-1,13278,,,,,,,
,,1,-2.5,0,854,-1,13279,,,,,,,
52.348457,4.908889,7,-1.581,0,855,118,13280,0,1,12,46,-80,22:25:30,278
,,1,-1.021,0,855,-1,13281,,,,,,,
,,1,-0.996,0,855,-1,13282,,,,,,,
,,1,0.405,0,855,-1,13283,,,,,,,
,,1,0.965,0,855,-1,13284,,,,,,,
,,1,0.925,0,855,-1,13285,,,,,,,
,,8,0.774,0,855,-1,13286,,,,,,,
,,1,0.38,0,855,-1,13287,,,,,,,
,,1,0.597,0,855,-1,13288,,,,,,,
,,1,-0.256,0,855,-1,13289,,,,,,,
,,1,-0.032,0,855,-1,13290,,,,,-80,22:25:30,466
,,1,-0.117,0,855,-1,13291,,,,,,,
,,1,-0.324,0,855,-1,13292,,,,,,,
,,1,-0.299,0,855,-1,13293,,,,,,,
,,1,-0.187,0,855,-1,13294,,,,,,,
,,1,-0.987,0,855,-1,13295,,,,,,,
,,6,-0.302,-297,855,-1,13296,,,,,,,
,,1,-0.57,-297,855,-1,13297,,,,,,,
,,1,-0.307,-297,855,-1,13298,,,,,,,
,,1,-0.194,-297,855,-1,13299,,,,,,,
,,1,-0.121,-297,855,-1,13300,,,,,-80,22:25:30,663
,,1,-0.352,-297,855,-1,13301,,,,,,,
,,1,-0.267,-297,855,-1,13302,,,,,,,
,,1,-0.056,-297,855,-1,13303,,,,,,,
,,1,-0.149,-297,855,-1,13304,,,,,,,
,,1,-0.076,-297,855,-1,13305,,,,,,,
,,1,-0.313,-297,855,-1,13306,,,,,,,
,,1,-0.414,-297,855,-1,13307,,,,,,,
,,1,-0.298,-297,855,-1,13308,,,,,,,
,,1,-0.313,-297,855,-1,13309,,,,,,,
,,1,-0.143,-297,855,-1,13310,,,,,-80,22:25:30,860
,,1,-0.387,-297,855,-1,13311,,,,,,,
,,1,-0.495,-297,855,-1,13312,,,,,,,
,,1,-0.278,-297,855,-1,13313,,,,,,,
,,1,-0.462,-297,855,-1,13314,,,,,,,
,,1,-0.439,-297,855,-1,13315,,,,,,,
,,1,-0.464,-297,855,-1,13316,,,,,,,
,,1,-0.477,-297,855,-1,13317,,,,,,,
,,1,-0.387,-297,855,-1,13318,,,,,,,
,,1,-0.42,-297,855,-1,13319,,,,,,,
52.3484621,4.9088847,1,-0.373,-297,855,-1,13320,0,1,12,46,-80,22:25:31,066
,,1,-0.397,-297,855,-1,13321,,,,,,,
,,1,-0.388,-297,855,-1,13322,,,,,,,
,,1,-0.324,-297,855,-1,13323,,,,,,,
,,1,-0.339,-297,855,-1,13324,,,,,,,
,,1,-0.32,-297,855,-1,13325,,,,,,,
,,1,-0.427,-297,855,-1,13326,,,,,,,
,,1,-0.453,-297,855,-1,13327,,,,,,,
,,1,-0.325,-297,855,-1,13328,,,,,,,
,,1,-0.353,-297,855,-1,13329,,,,,,,
,,1,-0.375,-297,855,-1,13330,,,,,-80,22:25:31,267
,,1,-0.396,-297,855,-1,13331,,,,,,,
,,1,-0.403,-297,855,-1,13332,,,,,,,
,,1,-0.268,-297,855,-1,13333,,,,,,,
,,1,-0.24,-297,855,-1,13334,,,,,,,
,,1,-0.172,-297,855,-1,13335,,,,,,,
,,1,-0.103,-297,855,-1,13336,,,,,,,
,,1,0.058,-297,855,-1,13337,,,,,,,
,,1,0.021,-297,855,-1,13338,,,,,,,
,,1,-0.083,-297,855,-1,13339,,,,,,,
,,1,0.003,-297,855,-1,13340,,,,,-78,22:25:31,475
,,1,-0.159,-297,855,-1,13341,,,,,,,
,,1,0.069,-297,855,-1,13342,,,,,,,
,,1,-0.079,-297,855,-1,13343,,,,,,,
,,1,-0.075,-297,855,-1,13344,,,,,,,
,,1,-0.13,-297,855,-1,13345,,,,,,,
,,1,-0.14,-297,855,-1,13346,,,,,,,
,,1,-0.11,-297,855,-1,13347,,,,,,,
,,1,-0.134,-297,855,-1,13348,,,,,,,
,,1,-0.136,-297,855,-1,13349,,,,,,,
,,1,-0.181,-297,855,-1,13350,,,,,-78,22:25:31,687
,,1,-0.135,-297,855,-1,13351,,,,,,,
,,1,-0.205,-297,855,-1,13352,,,,,,,
,,1,-0.144,-297,855,-1,13353,,,,,,,
,,1,-0.137,-297,855,-1,13354,,,,,,,
,,1,-0.097,-297,855,-1,13355,,,,,,,
,,1,-0.06,-297,855,-1,13356,,,,,,,
,,1,-0.087,-297,855,-1,13357,,,,,,,
,,1,0.137,-297,855,-1,13358,,,,,,,
,,1,0.344,-297,855,-1,13359,,,,,,,
,,6,0.12,-187,856,-1,13360,,,,,-78,22:25:31,895
,,1,0.367,-187,856,-1,13361,,,,,,,
,,1,0.038,-187,856,-1,13362,,,,,,,
,,1,-0.049,-187,856,-1,13363,,,,,,,
,,1,0.081,-187,856,-1,13364,,,,,,,
,,1,0.107,-187,856,-1,13365,,,,,,,
,,1,0.174,-187,856,-1,13366,,,,,,,
,,1,0.222,-187,856,-1,13367,,,,,,,
,,1,0.299,-187,856,-1,13368,,,,,,,
,,1,0.123,-187,856,-1,13369,,,,,,,
52.3484653,4.9088872,1,0.157,-187,856,-1,13370,0,2,12,46,-78,22:25:32,087
,,1,0.233,-187,856,-1,13371,,,,,,,
,,1,0.08,-187,856,-1,13372,,,,,,,
,,1,0.01,-187,856,-1,13373,,,,,,,
,,1,-0.118,-187,856,-1,13374,,,,,,,
,,1,-0.257,-187,856,-1,13375,,,,,,,
,,1,-0.277,-187,856,-1,13376,,,,,,,
,,1,-0.384,-187,856,-1,13377,,,,,,,
,,1,-0.327,-187,856,-1,13378,,,,,,,
,,1,-0.189,-187,856,-1,13379,,,,,,,
,,1,-0.102,-187,856,-1,13380,,,,,-78,22:25:32,270
,,1,-0.038,-187,856,-1,13381,,,,,,,
,,1,-0.021,-187,856,-1,13382,,,,,,,
,,1,0.135,-187,856,-1,13383,,,,,,,
,,1,0.168,-187,856,-1,13384,,,,,,,
,,1,0.249,-187,856,-1,13385,,,,,,,
,,1,0.286,-187,856,-1,13386,,,,,,,
,,1,0.358,-187,856,-1,13387,,,,,,,
,,1,0.362,-187,856,-1,13388,,,,,,,
,,1,0.364,-187,856,-1,13389,,,,,,,
,,1,0.305,-187,856,-1,13390,,,,,-78,22:25:32,464
,,1,0.27,-187,856,-1,13391,,,,,,,
,,1,0.273,-187,856,-1,13392,,,,,,,
,,1,0.333,-187,856,-1,13393,,,,,,,
,,1,0.318,-187,856,-1,13394,,,,,,,
,,1,0.473,-187,856,-1,13395,,,,,,,
,,1,0.253,-187,856,-1,13396,,,,,,,
,,1,0.298,-187,856,-1,13397,,,,,,,
,,1,0.171,-187,856,-1,13398,,,,,,,
,,1,0.085,-187,856,-1,13399,,,,,,,
,,1,0.141,-187,856,-1,13400,,,,,-78,22:25:32,658
,,1,0.147,-187,856,-1,13401,,,,,,,
,,1,0.246,-187,856,-1,13402,,,,,,,
,,1,0.267,-187,856,-1,13403,,,,,,,
,,1,0.344,-187,856,-1,13404,,,,,,,
,,1,0.378,-187,856,-1,13405,,,,,,,
,,1,0.44,-187,856,-1,13406,,,,,,,
,,1,0.444,-187,856,-1,13407,,,,,,,
,,1,0.396,-187,856,-1,13408,,,,,,,
,,1,0.4,-187,856,-1,13409,,,,,,,
,,1,0.338,-187,856,-1,13410,,,,,-78,22:25:32,873
,,1,0.296,-187,856,-1,13411,,,,,,,
,,1,0.247,-187,856,-1,13412,,,,,,,
,,1,0.268,-187,856,-1,13413,,,,,,,
,,1,0.217,-187,856,-1,13414,,,,,,,
,,1,0.236,-187,856,-1,13415,,,,,,,
,,1,0.242,-187,856,-1,13416,,,,,,,
,,1,0.242,-187,856,-1,13417,,,,,,,
,,1,0.192,-187,856,-1,13418,,,,,,,
,,1,0.132,-187,856,-1,13419,,,,,,,
,,1,0.165,-187,856,-1,13420,,,,,-68,22:25:33,062
,,1,0.184,-187,856,-1,13421,,,,,,,
,,1,0.292,-187,856,-1,13422,,,,,,,
,,1,0.308,-187,856,-1,13423,,,,,,,
,,1,0.407,-187,856,-1,13424,,,,,,,
,,1,0.48,-187,856,-1,13425,,,,,,,
,,1,0.497,-187,856,-1,13426,,,,,,,
,,1,0.443,-187,856,-1,13427,,,,,,,
,,1,0.437,-187,856,-1,13428,,,,,,,
,,1,0.403,-187,856,-1,13429,,,,,,,
52.3484642,4.9088962,1,0.405,-187,856,-1,13430,0,3,12,46,-68,22:25:33,262
,,1,0.304,-187,856,-1,13431,,,,,,,
,,1,0.24,-187,856,-1,13432,,,,,,,
,,1,0.195,-187,856,-1,13433,,,,,,,
,,1,0.153,-187,856,-1,13434,,,,,,,
,,1,0.141,-187,856,-1,13435,,,,,,,
,,10,0.027,0,856,0,13436,,,,,,,
,,3,0.108,0,856,0,13437,,,,,,,
,,3,0.106,0,856,0,13438,,,,,,,
,,3,0.155,0,856,0,13439,,,,,,,
,,3,0.262,0,856,0,13440,,,,,-68,22:25:33,474
,,3,0.414,0,856,0,13441,,,,,,,
,,3,0.533,0,856,0,13442,,,,,,,
,,3,0.633,0,856,0,13443,,,,,,,
,,3,0.672,0,856,0,13444,,,,,,,
,,3,0.819,0,856,0,13445,,,,,,,
,,3,0.778,0,856,0,13446,,,,,,,
,,3,0.761,0,856,0,13447,,,,,,,
,,3,0.714,0,856,0,13448,,,,,,,
,,3,0.786,0,856,0,13449,,,,,,,
,,3,0.992,0,856,0,13450,,,,,-68,22:25:33,660
,,3,0.941,0,856,0,13451,,,,,,,
,,3,0.751,0,856,0,13452,,,,,,,
,,3,0.579,0,856,0,13453,,,,,,,
,,3,0.525,0,856,0,13454,,,,,,,
,,3,0.355,0,856,0,13455,,,,,,,
,,3,0.313,0,856,0,13456,,,,,,,
,,3,0.18,0,856,0,13457,,,,,,,
,,3,0.112,0,856,0,13458,,,,,,,
,,3,0.041,0,856,0,13459,,,,,,,
,,3,-0.02,0,856,0,13460,,,,,-68,22:25:33,854
,,3,-0.079,0,856,0,13461,,,,,,,
,,3,-0.111,0,856,0,13462,,,,,,,
,,3,-0.14,0,856,0,13463,,,,,,,
,,3,-0.176,0,856,0,13464,,,,,,,
,,3,-0.142,0,856,0,13465,,,,,,,
,,3,-0.221,0,856,0,13466,,,,,,,
,,3,-0.244,0,856,0,13467,,,,,,,
,,3,-0.371,0,856,0,13468,,,,,,,
,,3,-0.497,0,856,0,13469,,,,,,,
,,3,-0.525,0,856,0,13470,,,,,-68,22:25:34,064
,,3,-0.663,0,856,0,13471,,,,,,,
,,3,-0.719,0,856,0,13472,,,,,,,
,,3,-0.761,0,856,0,13473,,,,,,,
,,3,-0.646,0,856,0,13474,,,,,,,
,,3,-0.534,0,856,0,13475,,,,,,,
,,3,-0.721,0,856,0,13476,,,,,,,
,,3,-0.954,0,856,0,13477,,,,,,,
,,3,-1.1,0,857,0,13478,,,,,,,
,,3,-0.976,0,857,0,13479,,,,,,,
,,3,-0.77,0,857,0,13480,,,,,-68,22:25:34,290
,,3,-0.816,0,857,0,13481,,,,,,,
,,3,-0.758,0,857,0,13482,,,,,,,
,,3,-0.803,0,857,0,13483,,,,,,,
,,3,-0.752,0,857,0,13484,,,,,,,
,,3,-0.704,0,857,0,13485,,,,,,,
,,3,-0.603,0,857,0,13486,,,,,,,
,,3,-0.499,0,857,0,13487,,,,,,,
,,3,-0.447,0,857,0,13488,,,,,,,
,,3,-0.427,0,857,0,13489,,,,,,,
,,3,-0.438,0,857,0,13490,,,,,-68,22:25:34,455
,,3,-0.371,0,857,0,13491,,,,,,,
,,3,-0.394,0,857,0,13492,,,,,,,
,,3,-0.352,0,857,0,13493,,,,,,,
,,3,-0.398,0,857,0,13494,,,,,,,
,,3,-0.436,0,857,0,13495,,,,,,,
,,3,-0.41,0,857,0,13496,,,,,,,
,,3,-0.376,0,857,0,13497,,,,,,,
,,3,-0.403,0,857,0,13498,,,,,,,
,,3,-0.504,0,857,0,13499,,,,,,,
,,3,-0.563,0,857,0,13500,,,,,-68,22:25:34,728
,,3,-0.649,0,857,0,13501,,,,,,,
,,3,-0.62,0,857,0,13502,,,,,,,
,,3,-0.668,0,857,0,13503,,,,,,,
,,3,-0.751,0,857,0,13504,,,,,,,
,,3,-0.744,0,857,0,13505,,,,,,,
,,3,-0.442,0,857,0,13506,,,,,,,
,,3,-0.407,0,857,0,13507,,,,,,,
,,3,-0.451,0,857,0,13508,,,,,,,
,,3,-0.616,0,857,0,13509,,,,,,,
,,3,-0.757,0,857,0,13510,,,,,-78,22:25:34,876
,,3,-0.903,0,857,0,13511,,,,,,,
,,3,-1.028,0,857,0,13512,,,,,,,
,,3,-1.047,0,857,0,13513,,,,,,,
,,3,-0.878,0,857,0,13514,,,,,,,
,,3,-0.738,0,857,0,13515,,,,,,,
,,3,-0.624,0,857,0,13516,,,,,,,
,,3,-0.523,0,857,0,13517,,,,,,,
,,3,-0.453,0,857,0,13518,,,,,,,
,,3,-0.403,0,857,0,13519,,,,,,,
52.3484689,4.9089311,3,-0.384,0,857,0,13520,0,3,12,46,-78,22:25:35,059
,,3,-0.351,0,857,0,13521,,,,,,,
,,3,-0.364,0,857,0,13522,,,,,,,
,,3,-0.377,0,857,0,13523,,,,,,,
,,3,-0.396,0,857,0,13524,,,,,,,
,,3,-0.415,0,857,0,13525,,,,,,,
,,3,-0.465,0,857,0,13526,,,,,,,
,,3,-0.501,0,857,0,13527,,,,,,,
,,3,-0.526,0,857,0,13528,,,,,,,
,,3,-0.5,0,857,0,13529,,,,,,,
,,3,-0.534,0,857,0,13530,,,,,-78,22:25:35,265
,,3,-0.656,0,857,0,13531,,,,,,,
,,3,-0.73,0,857,0,13532,,,,,,,
,,3,-0.837,0,857,0,13533,,,,,,,
,,3,-0.795,0,857,0,13534,,,,,,,
,,3,-0.694,0,857,0,13535,,,,,,,
,,3,-0.612,0,857,0,13536,,,,,,,
,,3,-0.631,0,857,0,13537,,,,,,,
,,3,-0.686,0,857,0,13538,,,,,,,
,,3,-0.747,0,857,0,13539,,,,,,,
,,3,-0.799,0,857,0,13540,,,,,-78,22:25:35,465
,,3,-0.863,0,857,0,13541,,,,,,,
,,3,-0.803,0,857,0,13542,,,,,,,
,,3,-0.497,0,857,0,13543,,,,,,,
,,3,-0.529,0,857,0,13544,,,,,,,
,,3,-0.544,0,857,0,13545,,,,,,,
,,3,-0.576,0,857,0,13546,,,,,,,
,,3,-0.548,0,857,0,13547,,,,,,,
,,3,-0.573,0,857,0,13548,,,,,,,
,,3,-0.664,0,857,0,13549,,,,,,,
,,3,-0.642,0,857,0,13550,,,,,-78,22:25:35,656
,,3,-0.581,0,857,0,13551,,,,,,,
,,3,-0.539,0,857,0,13552,,,,,,,
,,3,-0.489,0,857,0,13553,,,,,,,
,,3,-0.499,0,857,0,13554,,,,,,,
,,3,-0.557,0,857,0,13555,,,,,,,
,,3,-0.577,0,857,0,13556,,,,,,,
,,3,-0.598,0,857,0,13557,,,,,,,
,,3,-0.584,0,857,0,13558,,,,,,,
,,3,-0.665,0,857,0,13559,,,,,,,
,,3,-0.679,0,857,0,13560,,,,,-78,22:25:35,869
,,3,-0.662,0,857,0,13561,,,,,,,
,,3,-0.709,0,857,0,13562,,,,,,,
,,3,-0.749,0,857,0,13563,,,,,,,
,,3,-0.676,0,857,0,13564,,,,,,,
,,3,-0.597,0,857,0,13565,,,,,,,
,,3,-0.605,0,857,0,13566,,,,,,,
,,3,-0.715,0,857,0,13567,,,,,,,
,,3,-0.803,0,857,0,13568,,,,,,,
,,3,-0.913,0,857,0,13569,,,,,,,
52.3484789,4.9089443,3,-0.983,0,857,0,13570,0,3,12,46,-78,22:25:36,060
,,3,-1.017,0,857,0,13571,,,,,,,
,,3,-0.954,0,857,0,13572,,,,,,,
,,3,-0.843,0,857,0,13573,,,,,,,
,,3,-0.76,0,857,0,13574,,,,,,,
,,3,-0.689,0,857,0,13575,,,,,,,
,,3,-0.647,0,857,0,13576,,,,,,,
,,3,-0.628,0,857,0,13577,,,,,,,
,,3,-0.554,0,857,0,13578,,,,,,,
,,3,-0.477,0,857,0,13579,,,,,,,
,,3,-0.463,0,857,0,13580,,,,,-78,22:25:36,255
,,3,-0.454,0,857,0,13581,,,,,,,
,,3,-0.432,0,857,0,13582,,,,,,,
,,3,-0.42,0,857,0,13583,,,,,,,
,,3,-0.459,0,857,0,13584,,,,,,,
,,3,-0.522,0,857,0,13585,,,,,,,
,,3,-0.56,0,857,0,13586,,,,,,,
,,3,-0.563,0,857,0,13587,,,,,,,
,,3,-0.571,0,857,0,13588,,,,,,,
,,3,-0.66,0,857,0,13589,,,,,,,
,,3,-0.703,0,857,0,13590,,,,,-70,22:25:36,464
,,3,-0.766,0,857,0,13591,,,,,,,
,,3,-0.778,0,857,0,13592,,,,,,,
,,3,-0.673,0,857,0,13593,,,,,,,
,,3,-0.53,0,857,0,13594,,,,,,,
,,3,-0.453,0,857,0,13595,,,,,,,
,,3,-0.322,0,857,0,13596,,,,,,,
,,3,-0.481,0,857,0,13597,,,,,,,
,,3,-0.473,0,857,0,13598,,,,,,,
,,3,-0.5,0,857,0,13599,,,,,,,
,,3,-0.462,0,857,0,13600,,,,,-70,22:25:36,661
,,3,-0.493,0,857,0,13601,,,,,,,
,,3,-0.489,0,857,0,13602,,,,,,,
,,3,-0.43,0,857,0,13603,,,,,,,
,,3,-0.437,0,857,0,13604,,,,,,,
,,3,-0.43,0,857,0,13605,,,,,,,
,,3,-0.452,0,857,0,13606,,,,,,,
,,3,-0.452,0,857,0,13607,,,,,,,
,,3,-0.429,0,857,0,13608,,,,,,,
,,3,-0.415,0,857,0,13609,,,,,,,
,,3,-0.413,0,857,0,13610,,,,,-70,22:25:36,912
,,3,-0.343,0,857,0,13611,,,,,,,
,,3,-0.356,0,857,0,13612,,,,,,,
,,3,-0.349,0,857,0,13613,,,,,,,
,,3,-0.413,0,857,0,13614,,,,,,,
,,3,-0.462,0,857,0,13615,,,,,,,
,,3,-0.511,0,857,0,13616,,,,,,,
,,3,-0.525,0,857,0,13617,,,,,,,
,,3,-0.579,0,857,0,13618,,,,,,,
,,3,-0.606,0,857,0,13619,,,,,,,
52.3484861,4.9089572,3,-0.7,0,857,0,13620,0,3,12,46,-70,22:25:37,098
,,3,-0.66,0,857,0,13621,,,,,,,
,,3,-0.552,0,857,0,13622,,,,,,,
,,3,-0.551,0,857,0,13623,,,,,,,
,,3,-0.626,0,857,0,13624,,,,,,,
,,3,-0.655,0,857,0,13625,,,,,,,
,,3,-0.651,0,857,0,13626,,,,,,,
,,3,-0.703,0,857,0,13627,,,,,,,
,,3,-0.776,0,857,0,13628,,,,,,,
,,3,-0.637,0,857,0,13629,,,,,,,
,,3,-0.576,0,857,0,13630,,,,,-70,22:25:37,262
,,3,-0.493,0,857,0,13631,,,,,,,
,,3,-0.423,0,857,0,13632,,,,,,,
,,3,-0.479,0,857,0,13633,,,,,,,
,,3,-0.396,0,857,0,13634,,,,,,,
,,3,-0.28,0,857,0,13635,,,,,,,
,,3,-0.326,0,857,0,13636,,,,,,,
,,3,-0.313,0,857,0,13637,,,,,,,
,,3,-0.302,0,857,0,13638,,,,,,,
,,3,-0.277,0,857,0,13639,,,,,,,
,,3,-0.176,0,857,0,13640,,,,,-70,22:25:37,456
,,3,0.063,0,857,0,13641,,,,,,,
,,3,0.048,0,857,0,13642,,,,,,,
,,3,0.062,0,857,0,13643,,,,,,,
,,3,0.17,0,857,0,13644,,,,,,,
,,3,0.284,0,857,0,13645,,,,,,,
,,3,0.283,0,857,0,13646,,,,,,,
,,3,0.202,0,857,0,13647,,,,,,,
,,3,0.379,0,857,0,13648,,,,,,,
,,3,0.502,0,857,0,13649,,,,,,,
,,3,0.367,0,857,0,13650,,,,,-70,22:25:37,668
,,3,0.236,0,857,0,13651,,,,,,,
,,3,0.416,0,857,0,13652,,,,,,,
,,3,0.418,0,857,0,13653,,,,,,,
,,3,0.396,0,857,0,13654,,,,,,,
,,3,0.364,0,857,0,13655,,,,,,,
,,3,0.326,0,857,0,13656,,,,,,,
,,3,0.6,0,857,0,13657,,,,,,,
,,3,0.359,0,857,0,13658,,,,,,,
,,3,0.438,0,857,0,13659,,,,,,,
,,3,0.452,0,857,0,13660,,,,,-70,22:25:37,864
,,3,0.503,0,857,0,13661,,,,,,,
,,3,0.49,0,857,0,13662,,,,,,,
,,3,0.5,0,857,0,13663,,,,,,,
,,3,0.508,0,857,0,13664,,,,,,,
,,3,0.334,0,857,0,13665,,,,,,,
,,3,0.527,0,857,0,13666,,,,,,,
,,3,0.563,0,857,0,13667,,,,,,,
,,3,0.601,0,857,0,13668,,,,,,,
,,3,0.708,0,857,0,13669,,,,,,,
52.3484861,4.9089711,3,0.975,0,857,0,13670,0,3,11,46,-70,22:25:38,058
,,3,0.842,0,858,0,13671,,,,,,,
,,3,0.82,0,858,0,13672,,,,,,,
,,3,0.838,0,858,0,13673,,,,,,,
,,3,0.731,0,858,0,13674,,,,,,,
,,3,0.703,0,858,0,13675,,,,,,,
,,3,0.487,0,858,0,13676,,,,,,,
,,3,0.903,0,858,0,13677,,,,,,,
,,3,0.92,0,858,0,13678,,,,,,,
,,3,1.033,0,858,0,13679,,,,,,,
,,3,1.059,0,858,0,13680,,,,,-57,22:25:38,265
,,3,1.097,0,858,0,13681,,,,,,,
,,3,1.007,0,858,0,13682,,,,,,,
,,3,0.891,0,858,0,13683,,,,,,,
,,3,0.818,0,858,0,13684,,,,,,,
,,3,0.811,0,858,0,13685,,,,,,,
,,3,0.775,0,858,0,13686,,,,,,,
,,3,0.747,0,858,0,13687,,,,,,,
,,3,0.776,0,858,0,13688,,,,,,,
,,3,0.792,0,858,0,13689,,,,,,,
,,3,0.804,0,858,0,13690,,,,,-57,22:25:38,460
,,3,0.808,0,858,0,13691,,,,,,,
,,3,0.823,0,858,0,13692,,,,,,,
,,3,0.892,0,858,0,13693,,,,,,,
,,3,0.771,0,858,0,13694,,,,,,,
,,3,0.809,0,858,0,13695,,,,,,,
,,3,0.836,0,858,0,13696,,,,,,,
,,3,0.853,0,858,0,13697,,,,,,,
,,3,0.796,0,858,0,13698,,,,,,,
,,3,0.824,0,858,0,13699,,,,,,,
,,3,0.796,0,858,0,13700,,,,,-57,22:25:38,659
,,3,0.812,0,858,0,13701,,,,,,,
,,3,0.828,0,858,0,13702,,,,,,,
,,3,0.827,0,858,0,13703,,,,,,,
,,3,0.894,0,858,0,13704,,,,,,,
,,3,0.905,0,858,0,13705,,,,,,,
,,3,0.97,0,858,0,13706,,,,,,,
,,3,0.996,0,858,0,13707,,,,,,,
,,3,1.058,0,858,0,13708,,,,,,,
,,3,0.927,0,858,0,13709,,,,,,,
,,3,0.938,0,858,0,13710,,,,,-57,22:25:38,865
,,3,0.969,0,858,0,13711,,,,,,,
,,3,0.881,0,858,0,13712,,,,,,,
,,3,0.966,0,858,0,13713,,,,,,,
,,3,0.979,0,858,0,13714,,,,,,,
,,3,0.758,0,858,0,13715,,,,,,,
,,3,1.031,0,858,0,13716,,,,,,,
,,3,0.735,0,858,0,13717,,,,,,,
,,3,0.753,0,858,0,13718,,,,,,,
,,3,0.82,0,858,0,13719,,,,,,,
52.3484912,4.90899,3,0.915,0,858,0,13720,0,3,11,46,-57,22:25:39,065
,,3,0.936,0,858,0,13721,,,,,,,
,,3,0.849,0,858,0,13722,,,,,,,
,,3,0.773,0,858,0,13723,,,,,,,
,,3,0.768,0,858,0,13724,,,,,,,
,,3,0.754,0,858,0,13725,,,,,,,
,,3,0.75,0,858,0,13726,,,,,,,
,,3,0.726,0,858,0,13727,,,,,,,
,,3,0.757,0,858,0,13728,,,,,,,
,,3,0.737,0,858,0,13729,,,,,,,
,,3,0.754,0,858,0,13730,,,,,-57,22:25:39,257
,,3,0.848,0,858,0,13731,,,,,,,
,,3,0.867,0,858,0,13732,,,,,,,
,,3,0.88,0,858,0,13733,,,,,,,
,,3,0.848,0,858,0,13734,,,,,,,
,,3,0.793,0,858,0,13735,,,,,,,
,,3,0.813,0,858,0,13736,,,,,,,
,,3,0.807,0,858,0,13737,,,,,,,
,,3,0.773,0,858,0,13738,,,,,,,
,,3,0.79,0,858,0,13739,,,,,,,
,,3,0.804,0,858,0,13740,,,,,-57,22:25:39,546
,,3,0.809,0,858,0,13741,,,,,,,
,,3,0.823,0,858,0,13742,,,,,,,
,,3,0.871,0,858,0,13743,,,,,,,
,,3,0.922,0,858,0,13744,,,,,,,
,,3,0.925,0,858,0,13745,,,,,,,
,,3,0.937,0,858,0,13746,,,,,,,
,,3,0.996,0,858,0,13747,,,,,,,
,,3,0.979,0,858,0,13748,,,,,,,
,,3,0.876,0,858,0,13749,,,,,,,
,,3,0.775,0,858,0,13750,,,,,-57,22:25:39,677
,,3,0.708,0,858,0,13751,,,,,,,
,,3,0.737,0,858,0,13752,,,,,,,
,,3,0.772,0,858,0,13753,,,,,,,
,,3,0.772,0,858,0,13754,,,,,,,
,,3,0.736,0,858,0,13755,,,,,,,
,,3,0.763,0,858,0,13756,,,,,,,
,,3,0.735,0,858,0,13757,,,,,,,
,,3,0.738,0,858,0,13758,,,,,,,
,,3,0.743,0,858,0,13759,,,,,,,
,,3,0.742,0,858,0,13760,,,,,-57,22:25:39,862
,,3,0.745,0,858,0,13761,,,,,,,
,,3,0.739,0,858,0,13762,,,,,,,
,,3,0.808,0,858,0,13763,,,,,,,
,,3,0.789,0,858,0,13764,,,,,,,
,,3,0.79,0,858,0,13765,,,,,,,
,,3,0.836,0,858,0,13766,,,,,,,
,,3,0.799,0,858,0,13767,,,,,,,
,,3,0.839,0,858,0,13768,,,,,,,
,,3,0.849,0,858,0,13769,,,,,,,
52.3484945,4.9089949,3,0.883,0,858,0,13770,0,1,10,46,-58,22:25:40,082
,,3,0.901,0,858,0,13771,,,,,,,
,,3,0.866,0,858,0,13772,,,,,,,
,,3,0.872,0,858,0,13773,,,,,,,
,,3,0.887,0,858,0,13774,,,,,,,
,,3,0.925,0,858,0,13775,,,,,,,
,,3,0.936,0,858,0,13776,,,,,,,
,,3,1.008,0,858,0,13777,,,,,,,
,,3,1.061,0,858,0,13778,,,,,,,
,,3,1.033,0,858,0,13779,,,,,,,
,,3,1.123,0,858,0,13780,,,,,-58,22:25:40,282
,,3,1.103,0,858,0,13781,,,,,,,
,,3,1.067,0,858,0,13782,,,,,,,
,,3,0.793,0,858,0,13783,,,,,,,
,,3,0.705,0,858,0,13784,,,,,,,
,,3,0.675,0,858,0,13785,,,,,,,
,,3,0.652,0,858,0,13786,,,,,,,
,,3,0.67,0,858,0,13787,,,,,,,
,,3,0.636,0,858,0,13788,,,,,,,
,,3,0.643,0,858,0,13789,,,,,,,
,,3,0.672,0,858,0,13790,,,,,-58,22:25:40,469
,,3,0.737,0,858,0,13791,,,,,,,
,,3,0.799,0,858,0,13792,,,,,,,
,,3,0.788,0,858,0,13793,,,,,,,
,,3,0.759,0,858,0,13794,,,,,,,
,,3,0.751,0,858,0,13795,,,,,,,
,,3,0.739,0,858,0,13796,,,,,,,
,,3,0.75,0,858,0,13797,,,,,,,
,,3,0.762,0,858,0,13798,,,,,,,
,,3,0.779,0,858,0,13799,,,,,,,
,,3,0.808,0,858,0,13800,,,,,-58,22:25:40,665
,,3,0.836,0,858,0,13801,,,,,,,
,,3,0.861,0,858,0,13802,,,,,,,
,,3,0.864,0,858,0,13803,,,,,,,
,,3,0.882,0,858,0,13804,,,,,,,
,,3,0.881,0,858,0,13805,,,,,,,
,,3,0.88,0,858,0,13806,,,,,,,
,,3,0.867,0,858,0,13807,,,,,,,
,,3,0.896,0,858,0,13808,,,,,,,
,,3,0.897,0,858,0,13809,,,,,,,
,,12,,,,,,,,,,,22:25:40,771
Charge(start | stop):, 100 | 97%
WheelDiam:, 28.0 inch
Frequency:, 50.0 Hz
Trip stop code:, 1 (Normal finish)
BLE Device Information Service
Hardware:, 005
Firmware:,3.0.4
SystemID:, DC8E95FFFE7604F9
App version:, 1.1.5+44
Sensor's connection:, 2026-04-21 22:21:03.219, 2026-04-21 22:25:40.784
Trip start/end:, 2026-04-21 22:21:10.698, 2026-04-21 22:25:33.262

,Duration,Stops,Dist km,AVG km/h,AVGWOS km/h,MAX km/h,MAX- m/s²,MAX+ m/s²,Falls,Bamps,Elevation m
SENSOR:,04:23,00:22,0.95,13.0,14.2,19.9,-1.04,8.3,--,3
GNSS:,04:22,00:12,0.926,13,13,21,,,,,0
