{"type": "FeatureCollection", "features": [{"type": "Feature", "geometry": {"type": "LineString", "coordinates": [[24.75774830737469, 59.434189417851066], [24.757798008647487, 59.4341960958543]]}, "properties": {"Speed": 4.2, "road_quality": 2, "marker": 14, "trip_id": "602D3_Trip1", "hrot_diff": 1, "sample_diff": 47, "time_diff_s": 0.959, "gps_distance_m": 2.9, "original_speed": "657", "wheel_diameter_mm": 711.0003997802734, "braking_intensity": 0.0, "is_braking": false, "is_crash": false, "crash_intensity_g": 0.0, "segment_start_sample": 113, "segment_end_sample": 160, "time_str": "08:52:48", "Speed_display": 4.7}}, {"type": "Feature", "geometry": {"type": "LineString", "coordinates": [[24.757798008647487, 59.4341960958543], [24.757821831795134, 59.434208537269484]]}, "properties": {"Speed": 4.8, "road_quality": 2, "marker": 7, "trip_id": "602D3_Trip1", "hrot_diff": 1, "sample_diff": 40, "time_diff_s": 0.84, "gps_distance_m": 1.9, "original_speed": "549", "wheel_diameter_mm": 711.0003997802734, "braking_intensity": 0.0, "is_braking": false, "is_crash": false, "crash_intensity_g": 0.0, "segment_start_sample": 160, "segment_end_sample": 200, "time_str": "08:52:49", "Speed_display": 4.8}}, {"type": "Feature", "geometry": {"type": "LineString", "coordinates": [[24.757821831795134, 59.434208537269484], [24.757831998662336, 59.43423079852507]]}, "properties": {"Speed": 5.2, "road_quality": 2, "marker": 7, "trip_id": "602D3_Trip1", "hrot_diff": 1, "sample_diff": 43, "time_diff_s": 0.78, "gps_distance_m": 2.5, "original_speed": "549", "wheel_diameter_mm": 711.0003997802734, "braking_intensity": 0.0, "is_braking": false, "is_crash": false, "crash_intensity_g": 0.0, "segment_start_sample": 200, "segment_end_sample": 243, "time_str": "08:52:50", "Speed_display": 4.6}}, {"type": "Feature", "geometry": {"type": "LineString", "coordinates": [[24.757831998662336, 59.43423079852507], [24.75783025990413, 59.43424818389173]]}, "properties": {"Speed": 5.2, "road_quality": 2, "marker": 7, "trip_id": "602D3_Trip1", "hrot_diff": 1, "sample_diff": 45, "time_diff_s": 0.779, "gps_distance_m": 1.9, "original_speed": "588", "wheel_diameter_mm": 711.0003997802734, "braking_intensity": 0.0, "is_braking": false, "is_crash": false, "crash_intensity_g": 0.0, "segment_start_sample": 243, "segment_end_sample": 288, "time_str": "08:52:51", "Speed_display": 4.6}}, {"type": "Feature", "geometry": {"type": "LineString", "coordinates": [[24.75783025990413, 59.43424818389173], [24.75782350635271, 59.43425958786188]]}, "properties": {"Speed": 3.7, "road_quality": 2, "marker": 7, "trip_id": "602D3_Trip1", "hrot_diff": 1, "sample_diff": 48, "time_diff_s": 1.079, "gps_distance_m": 1.3, "original_speed": "584", "wheel_diameter_mm": 711.0003997802734, "braking_intensity": 0.0, "is_braking": false, "is_crash": false, "crash_intensity_g": 0.0, "segment_start_sample": 288, "segment_end_sample": 336, "time_str": "08:52:51", "Speed_display": 4.2}}, {"type": "Feature", "geometry": {"type": "LineString", "coordinates": [[24.75782350635271, 59.43425958786188], [24.757800316354555, 59.43425692134124]]}, "properties": {"Speed": 4.2, "road_quality": 2, "marker": 7, "trip_id": "602D3_Trip1", "hrot_diff": 1, "sample_diff": 45, "time_diff_s": 0.96, "gps_distance_m": 1.3, "original_speed": "552", "wheel_diameter_mm": 711.0003997802734, "braking_intensity": 0.0, "is_braking": false, "is_crash": false, "crash_intensity_g": 0.0, "segment_start_sample": 336, "segment_end_sample": 381, "time_str": "08:52:52", "Speed_display": 3.3}}, {"type": "Feature", "geometry": {"type": "LineString", "coordinates": [[24.757800316354555, 59.43425692134124], [24.757776454091776, 59.434280795760344]]}, "properties": {"Speed": 2.6, "road_quality": 2, "marker": 7, "trip_id": "602D3_Trip1", "hrot_diff": 1, "sample_diff": 69, "time_diff_s": 1.556, "gps_distance_m": 3.0, "original_speed": "534", "wheel_diameter_mm": 711.0003997802734, "braking_intensity": 0.0, "is_braking": false, "is_crash": false, "crash_intensity_g": 0.0, "segment_start_sample": 477, "segment_end_sample": 546, "time_str": "08:52:55", "Speed_display": 2.9}}, {"type": "Feature", "geometry": {"type": "LineString", "coordinates": [[24.757776454091776, 59.434280795760344], [24.75772403949551, 59.43432611404469]]}, "properties": {"Speed": 0.6, "road_quality": 1, "marker": 7, "trip_id": "602D3_Trip1", "hrot_diff": 1, "sample_diff": 332, "time_diff_s": 6.599, "gps_distance_m": 5.8, "original_speed": "420", "wheel_diameter_mm": 711.0003997802734, "braking_intensity": 0.0, "is_braking": false, "is_crash": false, "crash_intensity_g": 0.0, "segment_start_sample": 546, "segment_end_sample": 878, "time_str": "08:52:57", "Speed_display": 4.9}}, {"type": "Feature", "geometry": {"type": "LineString", "coordinates": [[24.75772403949551, 59.43432611404469], [24.75772550928055, 59.4343222851449]]}, "properties": {"Speed": 3.5, "road_quality": 2, "marker": 7, "trip_id": "602D3_Trip1", "hrot_diff": 1, "sample_diff": 57, "time_diff_s": 1.14, "gps_distance_m": 0.4, "original_speed": "130", "wheel_diameter_mm": 711.0003997802734, "braking_intensity": 0.0, "is_braking": false, "is_crash": false, "crash_intensity_g": 0.0, "segment_start_sample": 928, "segment_end_sample": 985, "time_str": "08:53:04", "Speed_display": 5.4}}, {"type": "Feature", "geometry": {"type": "LineString", "coordinates": [[24.75772550928055, 59.4343222851449], [24.757704386712295, 59.43433631664466]]}, "properties": {"Speed": 13.4, "road_quality": 2, "marker": 7, "trip_id": "602D3_Trip1", "hrot_diff": 1, "sample_diff": 20, "time_diff_s": 0.3, "gps_distance_m": 2.0, "original_speed": "980", "wheel_diameter_mm": 711.0003997802734, "braking_intensity": 0.0, "is_braking": false, "is_crash": false, "crash_intensity_g": 0.0, "segment_start_sample": 1281, "segment_end_sample": 1301, "time_str": "08:53:12", "Speed_display": 9.3}}, {"type": "Feature", "geometry": {"type": "LineString", "coordinates": [[24.75770181209584, 59.43435453167523], [24.757701727775785, 59.4343693266991]]}, "properties": {"Speed": 6.7, "road_quality": 2, "marker": 7, "trip_id": "602D3_Trip1", "hrot_diff": 1, "sample_diff": 15, "time_diff_s": 0.597, "gps_distance_m": 1.6, "original_speed": "1834", "wheel_diameter_mm": 711.0003997802734, "braking_intensity": 0.0, "is_braking": false, "is_crash": false, "crash_intensity_g": 0.0, "segment_start_sample": 1465, "segment_end_sample": 1480, "time_str": "08:53:15", "Speed_display": 13.6}}, {"type": "Feature", "geometry": {"type": "LineString", "coordinates": [[24.757701727775785, 59.4343693266991], [24.757699884182035, 59.434394678969]]}, "properties": {"Speed": 22.3, "road_quality": 2, "marker": 7, "trip_id": "602D3_Trip1", "hrot_diff": 1, "sample_diff": 13, "time_diff_s": 0.18, "gps_distance_m": 2.8, "original_speed": "1923", "wheel_diameter_mm": 711.0003997802734, "braking_intensity": 0.0, "is_braking": false, "is_crash": false, "crash_intensity_g": 0.0, "segment_start_sample": 1531, "segment_end_sample": 1544, "time_str": "08:53:16", "Speed_display": 14.9}}, {"type": "Feature", "geometry": {"type": "LineString", "coordinates": [[24.757699884182035, 59.434394678969], [24.757769354631783, 59.43479177241705]]}, "properties": {"Speed": 22.3, "road_quality": 2, "marker": 7, "trip_id": "602D3_Trip1", "hrot_diff": 1, "sample_diff": 12, "time_diff_s": 0.18, "gps_distance_m": 44.3, "original_speed": "2136", "wheel_diameter_mm": 711.0003997802734, "braking_intensity": 0.0, "is_braking": false, "is_crash": false, "crash_intensity_g": 0.0, "segment_start_sample": 1837, "segment_end_sample": 1849, "time_str": "08:53:22", "Speed_display": 13.4}}, {"type": "Feature", "geometry": {"type": "LineString", "coordinates": [[24.757769354631783, 59.43479177241705], [24.75779273144998, 59.435160994939295]]}, "properties": {"Speed": 9.6, "road_quality": 2, "marker": 7, "trip_id": "602D3_Trip1", "hrot_diff": 1, "sample_diff": 20, "time_diff_s": 0.42, "gps_distance_m": 41.1, "original_speed": "1304", "wheel_diameter_mm": 711.0003997802734, "braking_intensity": 0.0, "is_braking": false, "is_crash": false, "crash_intensity_g": 0.0, "segment_start_sample": 2319, "segment_end_sample": 2339, "time_str": "08:53:32", "Speed_display": 14.0}}, {"type": "Feature", "geometry": {"type": "LineString", "coordinates": [[24.75779273144998, 59.435160994939295], [24.75779879707106, 59.43517814408524]]}, "properties": {"Speed": 6.1, "road_quality": 2, "marker": 7, "trip_id": "602D3_Trip1", "hrot_diff": 1, "sample_diff": 19, "time_diff_s": 0.66, "gps_distance_m": 1.9, "original_speed": "1363", "wheel_diameter_mm": 711.0003997802734, "braking_intensity": 0.0, "is_braking": false, "is_crash": false, "crash_intensity_g": 0.0, "segment_start_sample": 2374, "segment_end_sample": 2393, "time_str": "08:53:33", "Speed_display": 11.2}}, {"type": "Feature", "geometry": {"type": "LineString", "coordinates": [[24.75779879707106, 59.43517814408524], [24.75779364940718, 59.43519928974497]]}, "properties": {"Speed": 9.6, "road_quality": 2, "marker": 7, "trip_id": "602D3_Trip1", "hrot_diff": 1, "sample_diff": 17, "time_diff_s": 0.419, "gps_distance_m": 2.4, "original_speed": "1351", "wheel_diameter_mm": 711.0003997802734, "braking_intensity": 0.0, "is_braking": false, "is_crash": false, "crash_intensity_g": 0.0, "segment_start_sample": 2429, "segment_end_sample": 2446, "time_str": "08:53:34", "Speed_display": 8.1}}, {"type": "Feature", "geometry": {"type": "LineString", "coordinates": [[24.75779364940718, 59.43519928974497], [24.75777933236847, 59.435225063693345]]}, "properties": {"Speed": 8.4, "road_quality": 2, "marker": 7, "trip_id": "602D3_Trip1", "hrot_diff": 1, "sample_diff": 18, "time_diff_s": 0.476, "gps_distance_m": 3.0, "original_speed": "1415", "wheel_diameter_mm": 711.0003997802734, "braking_intensity": 0.0, "is_braking": false, "is_crash": false, "crash_intensity_g": 0.0, "segment_start_sample": 2481, "segment_end_sample": 2499, "time_str": "08:53:35", "Speed_display": 8.1}}, {"type": "Feature", "geometry": {"type": "LineString", "coordinates": [[24.75777933236847, 59.435225063693345], [24.75778282840226, 59.43525245526613]]}, "properties": {"Speed": 6.7, "road_quality": 2, "marker": 7, "trip_id": "602D3_Trip1", "hrot_diff": 1, "sample_diff": 15, "time_diff_s": 0.598, "gps_distance_m": 3.1, "original_speed": "1415", "wheel_diameter_mm": 711.0003997802734, "braking_intensity": 0.0, "is_braking": false, "is_crash": false, "crash_intensity_g": 0.0, "segment_start_sample": 2535, "segment_end_sample": 2550, "time_str": "08:53:36", "Speed_display": 8.2}}, {"type": "Feature", "geometry": {"type": "LineString", "coordinates": [[24.757777392935836, 59.435280450967575], [24.757783827615967, 59.43530922675791]]}, "properties": {"Speed": 9.7, "road_quality": 2, "marker": 7, "trip_id": "602D3_Trip1", "hrot_diff": 1, "sample_diff": 17, "time_diff_s": 0.416, "gps_distance_m": 3.2, "original_speed": "1538", "wheel_diameter_mm": 711.0003997802734, "braking_intensity": 0.0, "is_braking": false, "is_crash": false, "crash_intensity_g": 0.0, "segment_start_sample": 2633, "segment_end_sample": 2650, "time_str": "08:53:38", "Speed_display": 8.0}}, {"type": "Feature", "geometry": {"type": "LineString", "coordinates": [[24.757783827615967, 59.43530922675791], [24.757791702131392, 59.43533747620865]]}, "properties": {"Speed": 6.7, "road_quality": 2, "marker": 7, "trip_id": "602D3_Trip1", "hrot_diff": 1, "sample_diff": 15, "time_diff_s": 0.6, "gps_distance_m": 3.2, "original_speed": "1600", "wheel_diameter_mm": 711.0003997802734, "braking_intensity": 0.0, "is_braking": false, "is_crash": false, "crash_intensity_g": 0.0, "segment_start_sample": 2677, "segment_end_sample": 2692, "time_str": "08:53:39", "Speed_display": 8.3}}, {"type": "Feature", "geometry": {"type": "LineString", "coordinates": [[24.757791702131392, 59.43533747620865], [24.75780807468787, 59.435370205385]]}, "properties": {"Speed": 8.4, "road_quality": 2, "marker": 7, "trip_id": "602D3_Trip1", "hrot_diff": 1, "sample_diff": 15, "time_diff_s": 0.48, "gps_distance_m": 3.8, "original_speed": "1769", "wheel_diameter_mm": 711.0003997802734, "braking_intensity": 0.0, "is_braking": false, "is_crash": false, "crash_intensity_g": 0.0, "segment_start_sample": 2720, "segment_end_sample": 2735, "time_str": "08:53:40", "Speed_display": 8.3}}, {"type": "Feature", "geometry": {"type": "LineString", "coordinates": [[24.75780807468787, 59.435370205385], [24.75782295555146, 59.43539746868418]]}, "properties": {"Speed": 10.0, "road_quality": 2, "marker": 7, "trip_id": "602D3_Trip1", "hrot_diff": 1, "sample_diff": 20, "time_diff_s": 0.402, "gps_distance_m": 3.1, "original_speed": "1626", "wheel_diameter_mm": 711.0003997802734, "braking_intensity": 0.0, "is_braking": false, "is_crash": false, "crash_intensity_g": 0.0, "segment_start_sample": 2782, "segment_end_sample": 2802, "time_str": "08:53:41", "Speed_display": 10.8}}, {"type": "Feature", "geometry": {"type": "LineString", "coordinates": [[24.75782295555146, 59.43539746868418], [24.75783247148497, 59.435422024207895]]}, "properties": {"Speed": 6.7, "road_quality": 2, "marker": 7, "trip_id": "602D3_Trip1", "hrot_diff": 1, "sample_diff": 18, "time_diff_s": 0.6, "gps_distance_m": 2.8, "original_speed": "1456", "wheel_diameter_mm": 711.0003997802734, "braking_intensity": 0.0, "is_braking": false, "is_crash": false, "crash_intensity_g": 0.0, "segment_start_sample": 2818, "segment_end_sample": 2836, "time_str": "08:53:42", "Speed_display": 11.7}}, {"type": "Feature", "geometry": {"type": "LineString", "coordinates": [[24.75783247148497, 59.435422024207895], [24.757847694146005, 59.43544796812169]]}, "properties": {"Speed": 22.3, "road_quality": 2, "marker": 7, "trip_id": "602D3_Trip1", "hrot_diff": 1, "sample_diff": 14, "time_diff_s": 0.18, "gps_distance_m": 3.0, "original_speed": "1526", "wheel_diameter_mm": 711.0003997802734, "braking_intensity": 0.0, "is_braking": false, "is_crash": false, "crash_intensity_g": 0.0, "segment_start_sample": 2884, "segment_end_sample": 2898, "time_str": "08:53:43", "Speed_display": 14.5}}, {"type": "Feature", "geometry": {"type": "LineString", "coordinates": [[24.757847694146005, 59.43544796812169], [24.757860455144936, 59.43547533133075]]}, "properties": {"Speed": 11.0, "road_quality": 2, "marker": 7, "trip_id": "602D3_Trip1", "hrot_diff": 1, "sample_diff": 11, "time_diff_s": 0.364, "gps_distance_m": 3.1, "original_speed": "1574", "wheel_diameter_mm": 711.0003997802734, "braking_intensity": 0.0, "is_braking": false, "is_crash": false, "crash_intensity_g": 0.0, "segment_start_sample": 2918, "segment_end_sample": 2929, "time_str": "08:53:44", "Speed_display": 14.4}}, {"type": "Feature", "geometry": {"type": "LineString", "coordinates": [[24.757858305090625, 59.43550716691308], [24.757863793527594, 59.435526707256926]]}, "properties": {"Speed": 22.3, "road_quality": 2, "marker": 7, "trip_id": "602D3_Trip1", "hrot_diff": 1, "sample_diff": 14, "time_diff_s": 0.18, "gps_distance_m": 2.2, "original_speed": "1724", "wheel_diameter_mm": 711.0003997802734, "braking_intensity": 0.0, "is_braking": false, "is_crash": false, "crash_intensity_g": 0.0, "segment_start_sample": 3032, "segment_end_sample": 3046, "time_str": "08:53:46", "Speed_display": 14.5}}, {"type": "Feature", "geometry": {"type": "LineString", "coordinates": [[24.757865975025844, 59.43555928129585], [24.757862177256833, 59.43559404736607]]}, "properties": {"Speed": 9.6, "road_quality": 2, "marker": 7, "trip_id": "602D3_Trip1", "hrot_diff": 1, "sample_diff": 11, "time_diff_s": 0.42, "gps_distance_m": 3.9, "original_speed": "1851", "wheel_diameter_mm": 711.0003997802734, "braking_intensity": 0.0, "is_braking": false, "is_crash": false, "crash_intensity_g": 0.0, "segment_start_sample": 3127, "segment_end_sample": 3138, "time_str": "08:53:48", "Speed_display": 14.4}}, {"type": "Feature", "geometry": {"type": "LineString", "coordinates": [[24.757862177256833, 59.43559404736607], [24.757843453993768, 59.4356267680943]]}, "properties": {"Speed": 7.4, "road_quality": 2, "marker": 7, "trip_id": "602D3_Trip1", "hrot_diff": 1, "sample_diff": 13, "time_diff_s": 0.541, "gps_distance_m": 3.8, "original_speed": "1818", "wheel_diameter_mm": 711.0003997802734, "braking_intensity": 0.0, "is_braking": false, "is_crash": false, "crash_intensity_g": 0.0, "segment_start_sample": 3168, "segment_end_sample": 3181, "time_str": "08:53:49", "Speed_display": 16.7}}, {"type": "Feature", "geometry": {"type": "LineString", "coordinates": [[24.757843453993768, 59.4356267680943], [24.75782065044602, 59.4356576493913]]}, "properties": {"Speed": 21.7, "road_quality": 2, "marker": 7, "trip_id": "602D3_Trip1", "hrot_diff": 1, "sample_diff": 15, "time_diff_s": 0.185, "gps_distance_m": 3.7, "original_speed": "1785", "wheel_diameter_mm": 711.0003997802734, "braking_intensity": 0.0, "is_braking": false, "is_crash": false, "crash_intensity_g": 0.0, "segment_start_sample": 3224, "segment_end_sample": 3239, "time_str": "08:53:50", "Speed_display": 14.4}}, {"type": "Feature", "geometry": {"type": "LineString", "coordinates": [[24.75782065044602, 59.4356576493913], [24.757801003107737, 59.43568762182045]]}, "properties": {"Speed": 22.3, "road_quality": 2, "marker": 7, "trip_id": "602D3_Trip1", "hrot_diff": 1, "sample_diff": 13, "time_diff_s": 0.18, "gps_distance_m": 3.5, "original_speed": "1652", "wheel_diameter_mm": 711.0003997802734, "braking_intensity": 0.0, "is_braking": false, "is_crash": false, "crash_intensity_g": 0.0, "segment_start_sample": 3283, "segment_end_sample": 3296, "time_str": "08:53:51", "Speed_display": 17.0}}, {"type": "Feature", "geometry": {"type": "LineString", "coordinates": [[24.757801003107737, 59.43568762182045], [24.75778836468195, 59.43571867781257]]}, "properties": {"Speed": 11.2, "road_quality": 2, "marker": 7, "trip_id": "602D3_Trip1", "hrot_diff": 1, "sample_diff": 15, "time_diff_s": 0.359, "gps_distance_m": 3.5, "original_speed": "1739", "wheel_diameter_mm": 711.0003997802734, "braking_intensity": 0.0, "is_braking": false, "is_crash": false, "crash_intensity_g": 0.0, "segment_start_sample": 3327, "segment_end_sample": 3342, "time_str": "08:53:52", "Speed_display": 18.9}}, {"type": "Feature", "geometry": {"type": "LineString", "coordinates": [[24.75778836468195, 59.43571867781257], [24.757768487839886, 59.43574834091227]]}, "properties": {"Speed": 22.6, "road_quality": 2, "marker": 7, "trip_id": "602D3_Trip1", "hrot_diff": 1, "sample_diff": 14, "time_diff_s": 0.178, "gps_distance_m": 3.5, "original_speed": "1754", "wheel_diameter_mm": 711.0003997802734, "braking_intensity": 0.0, "is_braking": false, "is_crash": false, "crash_intensity_g": 0.0, "segment_start_sample": 3384, "segment_end_sample": 3398, "time_str": "08:53:53", "Speed_display": 17.9}}, {"type": "Feature", "geometry": {"type": "LineString", "coordinates": [[24.757768487839886, 59.43574834091227], [24.757760775544874, 59.435782098390185]]}, "properties": {"Speed": 16.7, "road_quality": 2, "marker": 7, "trip_id": "602D3_Trip1", "hrot_diff": 1, "sample_diff": 14, "time_diff_s": 0.241, "gps_distance_m": 3.8, "original_speed": "1818", "wheel_diameter_mm": 711.0003997802734, "braking_intensity": 0.0, "is_braking": false, "is_crash": false, "crash_intensity_g": 0.0, "segment_start_sample": 3425, "segment_end_sample": 3439, "time_str": "08:53:54", "Speed_display": 15.3}}, {"type": "Feature", "geometry": {"type": "LineString", "coordinates": [[24.757760775544874, 59.435782098390185], [24.75776499595573, 59.435818590814186]]}, "properties": {"Speed": 16.6, "road_quality": 2, "marker": 7, "trip_id": "602D3_Trip1", "hrot_diff": 1, "sample_diff": 13, "time_diff_s": 0.242, "gps_distance_m": 4.1, "original_speed": "2016", "wheel_diameter_mm": 711.0003997802734, "braking_intensity": 0.0, "is_braking": false, "is_crash": false, "crash_intensity_g": 0.0, "segment_start_sample": 3486, "segment_end_sample": 3499, "time_str": "08:53:55", "Speed_display": 17.6}}, {"type": "Feature", "geometry": {"type": "LineString", "coordinates": [[24.75776499595573, 59.435818590814186], [24.757752317536205, 59.43585676052119]]}, "properties": {"Speed": 9.6, "road_quality": 2, "marker": 7, "trip_id": "602D3_Trip1", "hrot_diff": 1, "sample_diff": 13, "time_diff_s": 0.419, "gps_distance_m": 4.3, "original_speed": "2000", "wheel_diameter_mm": 711.0003997802734, "braking_intensity": 0.0, "is_braking": false, "is_crash": false, "crash_intensity_g": 0.0, "segment_start_sample": 3537, "segment_end_sample": 3550, "time_str": "08:53:56", "Speed_display": 14.4}}, {"type": "Feature", "geometry": {"type": "LineString", "coordinates": [[24.757752317536205, 59.43585676052119], [24.757742129116934, 59.43589284052767]]}, "properties": {"Speed": 22.5, "road_quality": 2, "marker": 7, "trip_id": "602D3_Trip1", "hrot_diff": 1, "sample_diff": 12, "time_diff_s": 0.179, "gps_distance_m": 4.1, "original_speed": "1980", "wheel_diameter_mm": 711.0003997802734, "braking_intensity": 0.0, "is_braking": false, "is_crash": false, "crash_intensity_g": 0.0, "segment_start_sample": 3587, "segment_end_sample": 3599, "time_str": "08:53:57", "Speed_display": 15.5}}, {"type": "Feature", "geometry": {"type": "LineString", "coordinates": [[24.757742129116934, 59.43589284052767], [24.757728964164208, 59.43592788228781]]}, "properties": {"Speed": 6.7, "road_quality": 2, "marker": 7, "trip_id": "602D3_Trip1", "hrot_diff": 1, "sample_diff": 12, "time_diff_s": 0.6, "gps_distance_m": 4.0, "original_speed": "1980", "wheel_diameter_mm": 711.0003997802734, "braking_intensity": 0.0, "is_braking": false, "is_crash": false, "crash_intensity_g": 0.0, "segment_start_sample": 3638, "segment_end_sample": 3650, "time_str": "08:53:58", "Speed_display": 16.6}}, {"type": "Feature", "geometry": {"type": "LineString", "coordinates": [[24.757721057636505, 59.43596314998876], [24.757710101572844, 59.43600061235696]]}, "properties": {"Speed": 21.9, "road_quality": 2, "marker": 7, "trip_id": "602D3_Trip1", "hrot_diff": 1, "sample_diff": 13, "time_diff_s": 0.184, "gps_distance_m": 4.2, "original_speed": "2032", "wheel_diameter_mm": 711.0003997802734, "braking_intensity": 0.0, "is_braking": false, "is_crash": false, "crash_intensity_g": 0.0, "segment_start_sample": 3733, "segment_end_sample": 3746, "time_str": "08:54:00", "Speed_display": 19.1}}, {"type": "Feature", "geometry": {"type": "LineString", "coordinates": [[24.757710101572844, 59.43600061235696], [24.75769580846445, 59.4360375942606]]}, "properties": {"Speed": 22.3, "road_quality": 2, "marker": 7, "trip_id": "602D3_Trip1", "hrot_diff": 1, "sample_diff": 13, "time_diff_s": 0.18, "gps_distance_m": 4.2, "original_speed": "2083", "wheel_diameter_mm": 711.0003997802734, "braking_intensity": 0.0, "is_braking": false, "is_crash": false, "crash_intensity_g": 0.0, "segment_start_sample": 3781, "segment_end_sample": 3794, "time_str": "08:54:01", "Speed_display": 18.0}}, {"type": "Feature", "geometry": {"type": "LineString", "coordinates": [[24.75769580846445, 59.4360375942606], [24.757685698255276, 59.436078608645516]]}, "properties": {"Speed": 22.3, "road_quality": 2, "marker": 7, "trip_id": "602D3_Trip1", "hrot_diff": 1, "sample_diff": 12, "time_diff_s": 0.18, "gps_distance_m": 4.6, "original_speed": "2083", "wheel_diameter_mm": 711.0003997802734, "braking_intensity": 0.0, "is_braking": false, "is_crash": false, "crash_intensity_g": 0.0, "segment_start_sample": 3829, "segment_end_sample": 3841, "time_str": "08:54:02", "Speed_display": 20.0}}, {"type": "Feature", "geometry": {"type": "LineString", "coordinates": [[24.757685698255276, 59.436078608645516], [24.757677532646028, 59.4361127941921]]}, "properties": {"Speed": 16.8, "road_quality": 2, "marker": 7, "trip_id": "602D3_Trip1", "hrot_diff": 1, "sample_diff": 12, "time_diff_s": 0.24, "gps_distance_m": 3.8, "original_speed": "2118", "wheel_diameter_mm": 711.0003997802734, "braking_intensity": 0.0, "is_braking": false, "is_crash": false, "crash_intensity_g": 0.0, "segment_start_sample": 3877, "segment_end_sample": 3889, "time_str": "08:54:03", "Speed_display": 20.2}}, {"type": "Feature", "geometry": {"type": "LineString", "coordinates": [[24.757677532646028, 59.4361127941921], [24.757667558820486, 59.43614982547603]]}, "properties": {"Speed": 16.8, "road_quality": 2, "marker": 7, "trip_id": "602D3_Trip1", "hrot_diff": 1, "sample_diff": 13, "time_diff_s": 0.24, "gps_distance_m": 4.2, "original_speed": "2136", "wheel_diameter_mm": 711.0003997802734, "braking_intensity": 0.0, "is_braking": false, "is_crash": false, "crash_intensity_g": 0.0, "segment_start_sample": 3935, "segment_end_sample": 3948, "time_str": "08:54:04", "Speed_display": 20.1}}, {"type": "Feature", "geometry": {"type": "LineString", "coordinates": [[24.757667558820486, 59.43614982547603], [24.75766737740476, 59.43619305617819]]}, "properties": {"Speed": 22.6, "road_quality": 2, "marker": 7, "trip_id": "602D3_Trip1", "hrot_diff": 1, "sample_diff": 11, "time_diff_s": 0.178, "gps_distance_m": 4.8, "original_speed": "2100", "wheel_diameter_mm": 711.0003997802734, "braking_intensity": 0.0, "is_braking": false, "is_crash": false, "crash_intensity_g": 0.0, "segment_start_sample": 3983, "segment_end_sample": 3994, "time_str": "08:54:05", "Speed_display": 19.0}}, {"type": "Feature", "geometry": {"type": "LineString", "coordinates": [[24.75766737740476, 59.43619305617819], [24.757664017090594, 59.43623475854882]]}, "properties": {"Speed": 21.9, "road_quality": 2, "marker": 7, "trip_id": "602D3_Trip1", "hrot_diff": 1, "sample_diff": 12, "time_diff_s": 0.184, "gps_distance_m": 4.6, "original_speed": "2066", "wheel_diameter_mm": 711.0003997802734, "braking_intensity": 0.0, "is_braking": false, "is_crash": false, "crash_intensity_g": 0.0, "segment_start_sample": 4031, "segment_end_sample": 4043, "time_str": "08:54:06", "Speed_display": 20.2}}, {"type": "Feature", "geometry": {"type": "LineString", "coordinates": [[24.757664017090594, 59.43623475854882], [24.757674456824585, 59.43627064559182]]}, "properties": {"Speed": 16.8, "road_quality": 2, "marker": 7, "trip_id": "602D3_Trip1", "hrot_diff": 1, "sample_diff": 13, "time_diff_s": 0.24, "gps_distance_m": 4.0, "original_speed": "2049", "wheel_diameter_mm": 711.0003997802734, "braking_intensity": 0.0, "is_braking": false, "is_crash": false, "crash_intensity_g": 0.0, "segment_start_sample": 4080, "segment_end_sample": 4093, "time_str": "08:54:07", "Speed_display": 21.3}}, {"type": "Feature", "geometry": {"type": "LineString", "coordinates": [[24.757674456824585, 59.43627064559182], [24.757694348259744, 59.43630759051505]]}, "properties": {"Speed": 22.8, "road_quality": 2, "marker": 7, "trip_id": "602D3_Trip1", "hrot_diff": 1, "sample_diff": 12, "time_diff_s": 0.176, "gps_distance_m": 4.3, "original_speed": "1941", "wheel_diameter_mm": 711.0003997802734, "braking_intensity": 0.0, "is_braking": false, "is_crash": false, "crash_intensity_g": 0.0, "segment_start_sample": 4132, "segment_end_sample": 4144, "time_str": "08:54:08", "Speed_display": 18.1}}, {"type": "Feature", "geometry": {"type": "LineString", "coordinates": [[24.757694348259744, 59.43630759051505], [24.757722740768962, 59.43633575852824]]}, "properties": {"Speed": 22.3, "road_quality": 2, "marker": 7, "trip_id": "602D3_Trip1", "hrot_diff": 1, "sample_diff": 13, "time_diff_s": 0.18, "gps_distance_m": 3.5, "original_speed": "1904", "wheel_diameter_mm": 711.0003997802734, "braking_intensity": 0.0, "is_braking": false, "is_crash": false, "crash_intensity_g": 0.0, "segment_start_sample": 4184, "segment_end_sample": 4197, "time_str": "08:54:09", "Speed_display": 16.0}}, {"type": "Feature", "geometry": {"type": "LineString", "coordinates": [[24.757722740768962, 59.43633575852824], [24.757700065196154, 59.43636452400003]]}, "properties": {"Speed": 6.7, "road_quality": 2, "marker": 7, "trip_id": "602D3_Trip1", "hrot_diff": 1, "sample_diff": 14, "time_diff_s": 0.6, "gps_distance_m": 3.4, "original_speed": "1886", "wheel_diameter_mm": 711.0003997802734, "braking_intensity": 0.0, "is_braking": false, "is_crash": false, "crash_intensity_g": 0.0, "segment_start_sample": 4237, "segment_end_sample": 4251, "time_str": "08:54:10", "Speed_display": 14.1}}, {"type": "Feature", "geometry": {"type": "LineString", "coordinates": [[24.757700065196154, 59.43636452400003], [24.757688508926737, 59.43640488917227]]}, "properties": {"Speed": 11.2, "road_quality": 2, "marker": 7, "trip_id": "602D3_Trip1", "hrot_diff": 1, "sample_diff": 15, "time_diff_s": 0.36, "gps_distance_m": 4.5, "original_speed": "1886", "wheel_diameter_mm": 711.0003997802734, "braking_intensity": 0.0, "is_braking": false, "is_crash": false, "crash_intensity_g": 0.0, "segment_start_sample": 4277, "segment_end_sample": 4292, "time_str": "08:54:11", "Speed_display": 11.5}}, {"type": "Feature", "geometry": {"type": "LineString", "coordinates": [[24.757688508926737, 59.43640488917227], [24.757675148878306, 59.43643554149076]]}, "properties": {"Speed": 7.4, "road_quality": 2, "marker": 7, "trip_id": "602D3_Trip1", "hrot_diff": 1, "sample_diff": 15, "time_diff_s": 0.541, "gps_distance_m": 3.5, "original_speed": "1834", "wheel_diameter_mm": 711.0003997802734, "braking_intensity": 0.0, "is_braking": false, "is_crash": false, "crash_intensity_g": 0.0, "segment_start_sample": 4319, "segment_end_sample": 4334, "time_str": "08:54:12", "Speed_display": 11.5}}, {"type": "Feature", "geometry": {"type": "LineString", "coordinates": [[24.757675148878306, 59.43643554149076], [24.75768614281245, 59.436466122390364]]}, "properties": {"Speed": 9.7, "road_quality": 2, "marker": 7, "trip_id": "602D3_Trip1", "hrot_diff": 1, "sample_diff": 14, "time_diff_s": 0.416, "gps_distance_m": 3.5, "original_speed": "1785", "wheel_diameter_mm": 711.0003997802734, "braking_intensity": 0.0, "is_braking": false, "is_crash": false, "crash_intensity_g": 0.0, "segment_start_sample": 4376, "segment_end_sample": 4390, "time_str": "08:54:13", "Speed_display": 12.1}}, {"type": "Feature", "geometry": {"type": "LineString", "coordinates": [[24.75768614281245, 59.436466122390364], [24.75768042480272, 59.43649653362751]]}, "properties": {"Speed": 22.5, "road_quality": 2, "marker": 7, "trip_id": "602D3_Trip1", "hrot_diff": 1, "sample_diff": 15, "time_diff_s": 0.179, "gps_distance_m": 3.4, "original_speed": "1724", "wheel_diameter_mm": 711.0003997802734, "braking_intensity": 0.0, "is_braking": false, "is_crash": false, "crash_intensity_g": 0.0, "segment_start_sample": 4433, "segment_end_sample": 4448, "time_str": "08:54:14", "Speed_display": 13.2}}, {"type": "Feature", "geometry": {"type": "LineString", "coordinates": [[24.75768042480272, 59.43649653362751], [24.757683659770425, 59.436524105733454]]}, "properties": {"Speed": 9.6, "road_quality": 2, "marker": 7, "trip_id": "602D3_Trip1", "hrot_diff": 1, "sample_diff": 15, "time_diff_s": 0.421, "gps_distance_m": 3.1, "original_speed": "1724", "wheel_diameter_mm": 711.0003997802734, "braking_intensity": 0.0, "is_braking": false, "is_crash": false, "crash_intensity_g": 0.0, "segment_start_sample": 4477, "segment_end_sample": 4492, "time_str": "08:54:15", "Speed_display": 13.0}}, {"type": "Feature", "geometry": {"type": "LineString", "coordinates": [[24.757683659770425, 59.436524105733454], [24.757669309803173, 59.43655375447276]]}, "properties": {"Speed": 16.6, "road_quality": 2, "marker": 7, "trip_id": "602D3_Trip1", "hrot_diff": 1, "sample_diff": 18, "time_diff_s": 0.242, "gps_distance_m": 3.4, "original_speed": "1626", "wheel_diameter_mm": 711.0003997802734, "braking_intensity": 0.0, "is_braking": false, "is_crash": false, "crash_intensity_g": 0.0, "segment_start_sample": 4526, "segment_end_sample": 4544, "time_str": "08:54:16", "Speed_display": 12.4}}, {"type": "Feature", "geometry": {"type": "LineString", "coordinates": [[24.757669309803173, 59.43655375447276], [24.757667616332864, 59.43657381246941]]}, "properties": {"Speed": 6.7, "road_quality": 2, "marker": 7, "trip_id": "602D3_Trip1", "hrot_diff": 1, "sample_diff": 29, "time_diff_s": 0.598, "gps_distance_m": 2.2, "original_speed": "1376", "wheel_diameter_mm": 711.0003997802734, "braking_intensity": 0.0, "is_braking": false, "is_crash": false, "crash_intensity_g": 0.0, "segment_start_sample": 4565, "segment_end_sample": 4594, "time_str": "08:54:17", "Speed_display": 9.8}}, {"type": "Feature", "geometry": {"type": "LineString", "coordinates": [[24.757667616332864, 59.43657381246941], [24.757665402883557, 59.436587647027956]]}, "properties": {"Speed": 6.7, "road_quality": 2, "marker": 7, "trip_id": "602D3_Trip1", "hrot_diff": 1, "sample_diff": 25, "time_diff_s": 0.6, "gps_distance_m": 1.5, "original_speed": "952", "wheel_diameter_mm": 711.0003997802734, "braking_intensity": 0.0, "is_braking": false, "is_crash": false, "crash_intensity_g": 0.0, "segment_start_sample": 4620, "segment_end_sample": 4645, "time_str": "08:54:18", "Speed_display": 9.8}}, {"type": "Feature", "geometry": {"type": "LineString", "coordinates": [[24.757665402883557, 59.436587647027956], [24.757660499268543, 59.43660164523012]]}, "properties": {"Speed": 9.5, "road_quality": 2, "marker": 7, "trip_id": "602D3_Trip1", "hrot_diff": 1, "sample_diff": 20, "time_diff_s": 0.423, "gps_distance_m": 1.6, "original_speed": "1079", "wheel_diameter_mm": 711.0003997802734, "braking_intensity": 0.0, "is_braking": false, "is_crash": false, "crash_intensity_g": 0.0, "segment_start_sample": 4687, "segment_end_sample": 4707, "time_str": "08:54:19", "Speed_display": 8.4}}, {"type": "Feature", "geometry": {"type": "LineString", "coordinates": [[24.757660499268543, 59.43660164523012], [24.757647744502197, 59.43662335115775]]}, "properties": {"Speed": 9.6, "road_quality": 2, "marker": 7, "trip_id": "602D3_Trip1", "hrot_diff": 1, "sample_diff": 19, "time_diff_s": 0.42, "gps_distance_m": 2.5, "original_speed": "1229", "wheel_diameter_mm": 711.0003997802734, "braking_intensity": 0.0, "is_braking": false, "is_crash": false, "crash_intensity_g": 0.0, "segment_start_sample": 4726, "segment_end_sample": 4745, "time_str": "08:54:20", "Speed_display": 8.6}}, {"type": "Feature", "geometry": {"type": "LineString", "coordinates": [[24.757665284788906, 59.43665308172111], [24.75765993100993, 59.43668297849802]]}, "properties": {"Speed": 9.7, "road_quality": 2, "marker": 7, "trip_id": "602D3_Trip1", "hrot_diff": 1, "sample_diff": 17, "time_diff_s": 0.416, "gps_distance_m": 3.3, "original_speed": "1500", "wheel_diameter_mm": 711.0003997802734, "braking_intensity": 0.0, "is_braking": false, "is_crash": false, "crash_intensity_g": 0.0, "segment_start_sample": 4829, "segment_end_sample": 4846, "time_str": "08:54:22", "Speed_display": 13.7}}, {"type": "Feature", "geometry": {"type": "LineString", "coordinates": [[24.75765993100993, 59.43668297849802], [24.757657135997217, 59.436714492577174]]}, "properties": {"Speed": 7.5, "road_quality": 2, "marker": 7, "trip_id": "602D3_Trip1", "hrot_diff": 1, "sample_diff": 15, "time_diff_s": 0.539, "gps_distance_m": 3.5, "original_speed": "1587", "wheel_diameter_mm": 711.0003997802734, "braking_intensity": 0.0, "is_braking": false, "is_crash": false, "crash_intensity_g": 0.0, "segment_start_sample": 4876, "segment_end_sample": 4891, "time_str": "08:54:23", "Speed_display": 13.5}}, {"type": "Feature", "geometry": {"type": "LineString", "coordinates": [[24.757657135997217, 59.436714492577174], [24.757634401489675, 59.43674459212698]]}, "properties": {"Speed": 32.4, "road_quality": 2, "marker": 7, "trip_id": "602D3_Trip1", "hrot_diff": 1, "sample_diff": 14, "time_diff_s": 0.124, "gps_distance_m": 3.6, "original_speed": "1694", "wheel_diameter_mm": 711.0003997802734, "braking_intensity": 0.0, "is_braking": false, "is_crash": false, "crash_intensity_g": 0.0, "segment_start_sample": 4935, "segment_end_sample": 4949, "time_str": "08:54:25", "Speed_display": 16.0}}, {"type": "Feature", "geometry": {"type": "LineString", "coordinates": [[24.757634401489675, 59.43674459212698], [24.757612804494393, 59.43677778207262]]}, "properties": {"Speed": 8.4, "road_quality": 2, "marker": 7, "trip_id": "602D3_Trip1", "hrot_diff": 1, "sample_diff": 15, "time_diff_s": 0.476, "gps_distance_m": 3.9, "original_speed": "1739", "wheel_diameter_mm": 711.0003997802734, "braking_intensity": 0.0, "is_braking": false, "is_crash": false, "crash_intensity_g": 0.0, "segment_start_sample": 4978, "segment_end_sample": 4993, "time_str": "08:54:25", "Speed_display": 18.4}}, {"type": "Feature", "geometry": {"type": "LineString", "coordinates": [[24.757612804494393, 59.43677778207262], [24.757598326295962, 59.436808943452775]]}, "properties": {"Speed": 21.9, "road_quality": 2, "marker": 7, "trip_id": "602D3_Trip1", "hrot_diff": 1, "sample_diff": 17, "time_diff_s": 0.184, "gps_distance_m": 3.6, "original_speed": "1709", "wheel_diameter_mm": 711.0003997802734, "braking_intensity": 0.0, "is_braking": false, "is_crash": false, "crash_intensity_g": 0.0, "segment_start_sample": 5022, "segment_end_sample": 5039, "time_str": "08:54:26", "Speed_display": 18.8}}, {"type": "Feature", "geometry": {"type": "LineString", "coordinates": [[24.757598326295962, 59.436808943452775], [24.75760796793857, 59.436838671652254]]}, "properties": {"Speed": 21.9, "road_quality": 2, "marker": 7, "trip_id": "602D3_Trip1", "hrot_diff": 1, "sample_diff": 13, "time_diff_s": 0.184, "gps_distance_m": 3.4, "original_speed": "1652", "wheel_diameter_mm": 711.0003997802734, "braking_intensity": 0.0, "is_braking": false, "is_crash": false, "crash_intensity_g": 0.0, "segment_start_sample": 5083, "segment_end_sample": 5096, "time_str": "08:54:27", "Speed_display": 14.3}}, {"type": "Feature", "geometry": {"type": "LineString", "coordinates": [[24.75760796793857, 59.436838671652254], [24.757592483458403, 59.43686971796662]]}, "properties": {"Speed": 9.6, "road_quality": 2, "marker": 7, "trip_id": "602D3_Trip1", "hrot_diff": 1, "sample_diff": 14, "time_diff_s": 0.417, "gps_distance_m": 3.6, "original_speed": "1709", "wheel_diameter_mm": 711.0003997802734, "braking_intensity": 0.0, "is_braking": false, "is_crash": false, "crash_intensity_g": 0.0, "segment_start_sample": 5126, "segment_end_sample": 5140, "time_str": "08:54:28", "Speed_display": 14.3}}, {"type": "Feature", "geometry": {"type": "LineString", "coordinates": [[24.757592483458403, 59.43686971796662], [24.757598844489426, 59.43689888873881]]}, "properties": {"Speed": 9.7, "road_quality": 2, "marker": 7, "trip_id": "602D3_Trip1", "hrot_diff": 1, "sample_diff": 15, "time_diff_s": 0.416, "gps_distance_m": 3.3, "original_speed": "1680", "wheel_diameter_mm": 711.0003997802734, "braking_intensity": 0.0, "is_braking": false, "is_crash": false, "crash_intensity_g": 0.0, "segment_start_sample": 5186, "segment_end_sample": 5201, "time_str": "08:54:29", "Speed_display": 11.8}}, {"type": "Feature", "geometry": {"type": "LineString", "coordinates": [[24.757598844489426, 59.43689888873881], [24.757595768609466, 59.43692710158558]]}, "properties": {"Speed": 8.4, "road_quality": 2, "marker": 7, "trip_id": "602D3_Trip1", "hrot_diff": 1, "sample_diff": 15, "time_diff_s": 0.48, "gps_distance_m": 3.1, "original_speed": "1612", "wheel_diameter_mm": 711.0003997802734, "braking_intensity": 0.0, "is_braking": false, "is_crash": false, "crash_intensity_g": 0.0, "segment_start_sample": 5218, "segment_end_sample": 5233, "time_str": "08:54:30", "Speed_display": 9.4}}, {"type": "Feature", "geometry": {"type": "LineString", "coordinates": [[24.757595768609466, 59.43692710158558], [24.757597489280997, 59.436953747485546]]}, "properties": {"Speed": 9.5, "road_quality": 2, "marker": 7, "trip_id": "602D3_Trip1", "hrot_diff": 1, "sample_diff": 17, "time_diff_s": 0.424, "gps_distance_m": 3.0, "original_speed": "1500", "wheel_diameter_mm": 711.0003997802734, "braking_intensity": 0.0, "is_braking": false, "is_crash": false, "crash_intensity_g": 0.0, "segment_start_sample": 5284, "segment_end_sample": 5301, "time_str": "08:54:31", "Speed_display": 9.3}}, {"type": "Feature", "geometry": {"type": "LineString", "coordinates": [[24.757597489280997, 59.436953747485546], [24.75759176709409, 59.43697883871409]]}, "properties": {"Speed": 9.6, "road_quality": 2, "marker": 7, "trip_id": "602D3_Trip1", "hrot_diff": 1, "sample_diff": 19, "time_diff_s": 0.419, "gps_distance_m": 2.8, "original_speed": "1442", "wheel_diameter_mm": 711.0003997802734, "braking_intensity": 0.0, "is_braking": false, "is_crash": false, "crash_intensity_g": 0.0, "segment_start_sample": 5336, "segment_end_sample": 5355, "time_str": "08:54:33", "Speed_display": 8.7}}, {"type": "Feature", "geometry": {"type": "LineString", "coordinates": [[24.75759176709409, 59.43697883871409], [24.75760133103805, 59.437003329320625]]}, "properties": {"Speed": 9.5, "road_quality": 2, "marker": 7, "trip_id": "602D3_Trip1", "hrot_diff": 1, "sample_diff": 22, "time_diff_s": 0.422, "gps_distance_m": 2.8, "original_speed": "1376", "wheel_diameter_mm": 711.0003997802734, "braking_intensity": 0.0, "is_braking": false, "is_crash": false, "crash_intensity_g": 0.0, "segment_start_sample": 5374, "segment_end_sample": 5396, "time_str": "08:54:33", "Speed_display": 7.9}}, {"type": "Feature", "geometry": {"type": "LineString", "coordinates": [[24.75760133103805, 59.437003329320625], [24.757603923969366, 59.437023053651444]]}, "properties": {"Speed": 6.7, "road_quality": 2, "marker": 7, "trip_id": "602D3_Trip1", "hrot_diff": 1, "sample_diff": 27, "time_diff_s": 0.6, "gps_distance_m": 2.2, "original_speed": "1219", "wheel_diameter_mm": 711.0003997802734, "braking_intensity": 0.0, "is_braking": false, "is_crash": false, "crash_intensity_g": 0.0, "segment_start_sample": 5418, "segment_end_sample": 5445, "time_str": "08:54:34", "Speed_display": 6.0}}, {"type": "Feature", "geometry": {"type": "LineString", "coordinates": [[24.757603923969366, 59.437023053651444], [24.757615846716494, 59.437037991195766]]}, "properties": {"Speed": 4.2, "road_quality": 2, "marker": 7, "trip_id": "602D3_Trip1", "hrot_diff": 1, "sample_diff": 35, "time_diff_s": 0.963, "gps_distance_m": 1.8, "original_speed": "943", "wheel_diameter_mm": 711.0003997802734, "braking_intensity": 0.0, "is_braking": false, "is_crash": false, "crash_intensity_g": 0.0, "segment_start_sample": 5475, "segment_end_sample": 5510, "time_str": "08:54:35", "Speed_display": 4.9}}, {"type": "Feature", "geometry": {"type": "LineString", "coordinates": [[24.757615846716494, 59.437037991195766], [24.757587599628366, 59.43705519003617]]}, "properties": {"Speed": 0.2, "road_quality": 1, "marker": 7, "trip_id": "602D3_Trip1", "hrot_diff": 1, "sample_diff": 1063, "time_diff_s": 20.998, "gps_distance_m": 2.5, "original_speed": "819", "wheel_diameter_mm": 711.0003997802734, "braking_intensity": 0.0, "is_braking": false, "is_crash": false, "crash_intensity_g": 0.0, "segment_start_sample": 5510, "segment_end_sample": 6573, "time_str": "08:54:36", "Speed_display": 5.7}}, {"type": "Feature", "geometry": {"type": "LineString", "coordinates": [[24.757587599628366, 59.43705519003617], [24.757581209567203, 59.43707995319792]]}, "properties": {"Speed": 3.9, "road_quality": 2, "marker": 7, "trip_id": "602D3_Trip1", "hrot_diff": 1, "sample_diff": 33, "time_diff_s": 1.02, "gps_distance_m": 2.8, "original_speed": "45", "wheel_diameter_mm": 711.0003997802734, "braking_intensity": 0.0, "is_braking": false, "is_crash": false, "crash_intensity_g": 0.0, "segment_start_sample": 6602, "segment_end_sample": 6635, "time_str": "08:54:58", "Speed_display": 6.3}}, {"type": "Feature", "geometry": {"type": "LineString", "coordinates": [[24.757581209567203, 59.43707995319792], [24.75758480439049, 59.437094907654206]]}, "properties": {"Speed": 13.6, "road_quality": 2, "marker": 7, "trip_id": "602D3_Trip1", "hrot_diff": 1, "sample_diff": 20, "time_diff_s": 0.295, "gps_distance_m": 1.7, "original_speed": "917", "wheel_diameter_mm": 711.0003997802734, "braking_intensity": 0.0, "is_braking": false, "is_crash": false, "crash_intensity_g": 0.0, "segment_start_sample": 6684, "segment_end_sample": 6704, "time_str": "08:55:00", "Speed_display": 8.2}}, {"type": "Feature", "geometry": {"type": "LineString", "coordinates": [[24.757588030534915, 59.4371180676371], [24.757569638350326, 59.437144763613]]}, "properties": {"Speed": 9.7, "road_quality": 2, "marker": 7, "trip_id": "602D3_Trip1", "hrot_diff": 1, "sample_diff": 17, "time_diff_s": 0.416, "gps_distance_m": 3.1, "original_speed": "1376", "wheel_diameter_mm": 711.0003997802734, "braking_intensity": 0.0, "is_braking": false, "is_crash": false, "crash_intensity_g": 0.0, "segment_start_sample": 6775, "segment_end_sample": 6792, "time_str": "08:55:01", "Speed_display": 10.0}}, {"type": "Feature", "geometry": {"type": "LineString", "coordinates": [[24.757569638350326, 59.437144763613], [24.757562712191685, 59.437171834411146]]}, "properties": {"Speed": 13.4, "road_quality": 2, "marker": 7, "trip_id": "602D3_Trip1", "hrot_diff": 1, "sample_diff": 15, "time_diff_s": 0.3, "gps_distance_m": 3.0, "original_speed": "1456", "wheel_diameter_mm": 711.0003997802734, "braking_intensity": 0.0, "is_braking": false, "is_crash": false, "crash_intensity_g": 0.0, "segment_start_sample": 6828, "segment_end_sample": 6843, "time_str": "08:55:02", "Speed_display": 12.6}}, {"type": "Feature", "geometry": {"type": "LineString", "coordinates": [[24.757562712191685, 59.437171834411146], [24.7575669330615, 59.43719735503938]]}, "properties": {"Speed": 9.5, "road_quality": 2, "marker": 7, "trip_id": "602D3_Trip1", "hrot_diff": 1, "sample_diff": 22, "time_diff_s": 0.424, "gps_distance_m": 2.8, "original_speed": "1442", "wheel_diameter_mm": 711.0003997802734, "braking_intensity": 0.0, "is_braking": false, "is_crash": false, "crash_intensity_g": 0.0, "segment_start_sample": 6877, "segment_end_sample": 6899, "time_str": "08:55:03", "Speed_display": 14.4}}, {"type": "Feature", "geometry": {"type": "LineString", "coordinates": [[24.7575669330615, 59.43719735503938], [24.75757229501111, 59.43722285421213]]}, "properties": {"Speed": 16.8, "road_quality": 2, "marker": 7, "trip_id": "602D3_Trip1", "hrot_diff": 1, "sample_diff": 17, "time_diff_s": 0.24, "gps_distance_m": 2.9, "original_speed": "1456", "wheel_diameter_mm": 711.0003997802734, "braking_intensity": 0.0, "is_braking": false, "is_crash": false, "crash_intensity_g": 0.0, "segment_start_sample": 6931, "segment_end_sample": 6948, "time_str": "08:55:04", "Speed_display": 14.3}}, {"type": "Feature", "geometry": {"type": "LineString", "coordinates": [[24.75757229501111, 59.43722285421213], [24.75756818323017, 59.43724855341061]]}, "properties": {"Speed": 22.5, "road_quality": 2, "marker": 7, "trip_id": "602D3_Trip1", "hrot_diff": 1, "sample_diff": 16, "time_diff_s": 0.179, "gps_distance_m": 2.9, "original_speed": "1470", "wheel_diameter_mm": 711.0003997802734, "braking_intensity": 0.0, "is_braking": false, "is_crash": false, "crash_intensity_g": 0.0, "segment_start_sample": 6981, "segment_end_sample": 6997, "time_str": "08:55:05", "Speed_display": 13.9}}, {"type": "Feature", "geometry": {"type": "LineString", "coordinates": [[24.75756469414026, 59.437276798926426], [24.75755829706696, 59.437308361123065]]}, "properties": {"Speed": 9.5, "road_quality": 2, "marker": 7, "trip_id": "602D3_Trip1", "hrot_diff": 1, "sample_diff": 13, "time_diff_s": 0.424, "gps_distance_m": 3.5, "original_speed": "1666", "wheel_diameter_mm": 711.0003997802734, "braking_intensity": 0.0, "is_braking": false, "is_crash": false, "crash_intensity_g": 0.0, "segment_start_sample": 7088, "segment_end_sample": 7101, "time_str": "08:55:07", "Speed_display": 13.2}}, {"type": "Feature", "geometry": {"type": "LineString", "coordinates": [[24.75755829706696, 59.437308361123065], [24.757547762683224, 59.43733804662333]]}, "properties": {"Speed": 11.2, "road_quality": 2, "marker": 7, "trip_id": "602D3_Trip1", "hrot_diff": 1, "sample_diff": 15, "time_diff_s": 0.36, "gps_distance_m": 3.4, "original_speed": "1709", "wheel_diameter_mm": 711.0003997802734, "braking_intensity": 0.0, "is_braking": false, "is_crash": false, "crash_intensity_g": 0.0, "segment_start_sample": 7128, "segment_end_sample": 7143, "time_str": "08:55:08", "Speed_display": 14.4}}, {"type": "Feature", "geometry": {"type": "LineString", "coordinates": [[24.757547762683224, 59.43733804662333], [24.757529397745014, 59.437367034661925]]}, "properties": {"Speed": 6.1, "road_quality": 2, "marker": 7, "trip_id": "602D3_Trip1", "hrot_diff": 1, "sample_diff": 15, "time_diff_s": 0.66, "gps_distance_m": 3.4, "original_speed": "1739", "wheel_diameter_mm": 711.0003997802734, "braking_intensity": 0.0, "is_braking": false, "is_crash": false, "crash_intensity_g": 0.0, "segment_start_sample": 7188, "segment_end_sample": 7203, "time_str": "08:55:10", "Speed_display": 11.8}}, {"type": "Feature", "geometry": {"type": "LineString", "coordinates": [[24.757502315425896, 59.43739243727773], [24.7574821192976, 59.43741782849029]]}, "properties": {"Speed": 22.6, "road_quality": 2, "marker": 7, "trip_id": "602D3_Trip1", "hrot_diff": 1, "sample_diff": 14, "time_diff_s": 0.178, "gps_distance_m": 3.0, "original_speed": "1626", "wheel_diameter_mm": 711.0003997802734, "braking_intensity": 0.0, "is_braking": false, "is_crash": false, "crash_intensity_g": 0.0, "segment_start_sample": 7281, "segment_end_sample": 7295, "time_str": "08:55:11", "Speed_display": 13.3}}, {"type": "Feature", "geometry": {"type": "LineString", "coordinates": [[24.7574821192976, 59.43741782849029], [24.757462181646694, 59.43744381308772]]}, "properties": {"Speed": 9.6, "road_quality": 3, "marker": 7, "trip_id": "602D3_Trip1", "hrot_diff": 1, "sample_diff": 16, "time_diff_s": 0.421, "gps_distance_m": 3.1, "original_speed": "1666", "wheel_diameter_mm": 711.0003997802734, "braking_intensity": 0.0, "is_braking": false, "is_crash": false, "crash_intensity_g": 0.0, "segment_start_sample": 7326, "segment_end_sample": 7342, "time_str": "08:55:12", "Speed_display": 12.7}}, {"type": "Feature", "geometry": {"type": "LineString", "coordinates": [[24.757462181646694, 59.43744381308772], [24.757410935296104, 59.43745580239319]]}, "properties": {"Speed": 16.8, "road_quality": 2, "marker": 7, "trip_id": "602D3_Trip1", "hrot_diff": 1, "sample_diff": 14, "time_diff_s": 0.24, "gps_distance_m": 3.2, "original_speed": "1724", "wheel_diameter_mm": 711.0003997802734, "braking_intensity": 0.0, "is_braking": false, "is_crash": false, "crash_intensity_g": 0.0, "segment_start_sample": 7383, "segment_end_sample": 7397, "time_str": "08:55:13", "Speed_display": 12.8}}, {"type": "Feature", "geometry": {"type": "LineString", "coordinates": [[24.757410935296104, 59.43745580239319], [24.757340075309372, 59.437461973048165]]}, "properties": {"Speed": 8.3, "road_quality": 2, "marker": 7, "trip_id": "602D3_Trip1", "hrot_diff": 1, "sample_diff": 16, "time_diff_s": 0.484, "gps_distance_m": 4.1, "original_speed": "1754", "wheel_diameter_mm": 711.0003997802734, "braking_intensity": 0.0, "is_braking": false, "is_crash": false, "crash_intensity_g": 0.0, "segment_start_sample": 7425, "segment_end_sample": 7441, "time_str": "08:55:14", "Speed_display": 10.2}}, {"type": "Feature", "geometry": {"type": "LineString", "coordinates": [[24.757340075309372, 59.437461973048165], [24.757271572136258, 59.437462674544285]]}, "properties": {"Speed": 6.7, "road_quality": 2, "marker": 7, "trip_id": "602D3_Trip1", "hrot_diff": 1, "sample_diff": 16, "time_diff_s": 0.601, "gps_distance_m": 3.9, "original_speed": "1754", "wheel_diameter_mm": 711.0003997802734, "braking_intensity": 0.0, "is_braking": false, "is_crash": false, "crash_intensity_g": 0.0, "segment_start_sample": 7469, "segment_end_sample": 7485, "time_str": "08:55:15", "Speed_display": 10.5}}, {"type": "Feature", "geometry": {"type": "LineString", "coordinates": [[24.757271572136258, 59.437462674544285], [24.757203415231988, 59.43745927961056]]}, "properties": {"Speed": 9.5, "road_quality": 2, "marker": 7, "trip_id": "602D3_Trip1", "hrot_diff": 1, "sample_diff": 15, "time_diff_s": 0.424, "gps_distance_m": 3.9, "original_speed": "1869", "wheel_diameter_mm": 711.0003997802734, "braking_intensity": 0.0, "is_braking": false, "is_crash": false, "crash_intensity_g": 0.0, "segment_start_sample": 7537, "segment_end_sample": 7552, "time_str": "08:55:16", "Speed_display": 9.4}}, {"type": "Feature", "geometry": {"type": "LineString", "coordinates": [[24.757203415231988, 59.43745927961056], [24.757137814014424, 59.43745826020165]]}, "properties": {"Speed": 11.2, "road_quality": 2, "marker": 7, "trip_id": "602D3_Trip1", "hrot_diff": 1, "sample_diff": 14, "time_diff_s": 0.36, "gps_distance_m": 3.7, "original_speed": "1834", "wheel_diameter_mm": 711.0003997802734, "braking_intensity": 0.0, "is_braking": false, "is_crash": false, "crash_intensity_g": 0.0, "segment_start_sample": 7578, "segment_end_sample": 7592, "time_str": "08:55:17", "Speed_display": 8.9}}, {"type": "Feature", "geometry": {"type": "LineString", "coordinates": [[24.757137814014424, 59.43745826020165], [24.757074162238865, 59.43746146463384]]}, "properties": {"Speed": 11.2, "road_quality": 2, "marker": 7, "trip_id": "602D3_Trip1", "hrot_diff": 1, "sample_diff": 13, "time_diff_s": 0.359, "gps_distance_m": 3.6, "original_speed": "1801", "wheel_diameter_mm": 711.0003997802734, "braking_intensity": 0.0, "is_braking": false, "is_crash": false, "crash_intensity_g": 0.0, "segment_start_sample": 7636, "segment_end_sample": 7649, "time_str": "08:55:18", "Speed_display": 9.5}}, {"type": "Feature", "geometry": {"type": "LineString", "coordinates": [[24.757074162238865, 59.43746146463384], [24.757020183145443, 59.437473757014764]]}, "properties": {"Speed": 6.1, "road_quality": 2, "marker": 7, "trip_id": "602D3_Trip1", "hrot_diff": 1, "sample_diff": 18, "time_diff_s": 0.659, "gps_distance_m": 3.3, "original_speed": "1639", "wheel_diameter_mm": 711.0003997802734, "braking_intensity": 0.0, "is_braking": false, "is_crash": false, "crash_intensity_g": 0.0, "segment_start_sample": 7682, "segment_end_sample": 7700, "time_str": "08:55:19", "Speed_display": 9.9}}, {"type": "Feature", "geometry": {"type": "LineString", "coordinates": [[24.757020183145443, 59.437473757014764], [24.757012875299466, 59.43751103478322]]}, "properties": {"Speed": 9.6, "road_quality": 2, "marker": 7, "trip_id": "602D3_Trip1", "hrot_diff": 1, "sample_diff": 17, "time_diff_s": 0.418, "gps_distance_m": 4.2, "original_speed": "1401", "wheel_diameter_mm": 711.0003997802734, "braking_intensity": 0.0, "is_braking": false, "is_crash": false, "crash_intensity_g": 0.0, "segment_start_sample": 7736, "segment_end_sample": 7753, "time_str": "08:55:20", "Speed_display": 12.1}}, {"type": "Feature", "geometry": {"type": "LineString", "coordinates": [[24.757012875299466, 59.43751103478322], [24.75702160486625, 59.43753047581158]]}, "properties": {"Speed": 11.2, "road_quality": 2, "marker": 7, "trip_id": "602D3_Trip1", "hrot_diff": 1, "sample_diff": 16, "time_diff_s": 0.36, "gps_distance_m": 2.2, "original_speed": "1470", "wheel_diameter_mm": 711.0003997802734, "braking_intensity": 0.0, "is_braking": false, "is_crash": false, "crash_intensity_g": 0.0, "segment_start_sample": 7786, "segment_end_sample": 7802, "time_str": "08:55:21", "Speed_display": 11.8}}, {"type": "Feature", "geometry": {"type": "LineString", "coordinates": [[24.75702160486625, 59.43753047581158], [24.75701589736607, 59.43755632809784]]}, "properties": {"Speed": 22.2, "road_quality": 2, "marker": 7, "trip_id": "602D3_Trip1", "hrot_diff": 1, "sample_diff": 14, "time_diff_s": 0.181, "gps_distance_m": 2.9, "original_speed": "1587", "wheel_diameter_mm": 711.0003997802734, "braking_intensity": 0.0, "is_braking": false, "is_crash": false, "crash_intensity_g": 0.0, "segment_start_sample": 7832, "segment_end_sample": 7846, "time_str": "08:55:22", "Speed_display": 12.5}}, {"type": "Feature", "geometry": {"type": "LineString", "coordinates": [[24.75701589736607, 59.43755632809784], [24.757011246798736, 59.437590468621636]]}, "properties": {"Speed": 9.7, "road_quality": 2, "marker": 7, "trip_id": "602D3_Trip1", "hrot_diff": 1, "sample_diff": 14, "time_diff_s": 0.416, "gps_distance_m": 3.8, "original_speed": "1834", "wheel_diameter_mm": 711.0003997802734, "braking_intensity": 0.0, "is_braking": false, "is_crash": false, "crash_intensity_g": 0.0, "segment_start_sample": 7886, "segment_end_sample": 7900, "time_str": "08:55:23", "Speed_display": 13.9}}, {"type": "Feature", "geometry": {"type": "LineString", "coordinates": [[24.757011246798736, 59.437590468621636], [24.757005596158937, 59.437625446428804]]}, "properties": {"Speed": 9.6, "road_quality": 2, "marker": 7, "trip_id": "602D3_Trip1", "hrot_diff": 1, "sample_diff": 13, "time_diff_s": 0.42, "gps_distance_m": 3.9, "original_speed": "1886", "wheel_diameter_mm": 711.0003997802734, "braking_intensity": 0.0, "is_braking": false, "is_crash": false, "crash_intensity_g": 0.0, "segment_start_sample": 7938, "segment_end_sample": 7951, "time_str": "08:55:24", "Speed_display": 16.1}}, {"type": "Feature", "geometry": {"type": "LineString", "coordinates": [[24.757005596158937, 59.437625446428804], [24.75699760556386, 59.437659627057386]]}, "properties": {"Speed": 16.8, "road_quality": 2, "marker": 7, "trip_id": "602D3_Trip1", "hrot_diff": 1, "sample_diff": 12, "time_diff_s": 0.24, "gps_distance_m": 3.8, "original_speed": "2016", "wheel_diameter_mm": 711.0003997802734, "braking_intensity": 0.0, "is_braking": false, "is_crash": false, "crash_intensity_g": 0.0, "segment_start_sample": 7987, "segment_end_sample": 7999, "time_str": "08:55:25", "Speed_display": 13.6}}, {"type": "Feature", "geometry": {"type": "LineString", "coordinates": [[24.75699760556386, 59.437659627057386], [24.757002597847546, 59.43769788824139]]}, "properties": {"Speed": 22.3, "road_quality": 2, "marker": 7, "trip_id": "602D3_Trip1", "hrot_diff": 1, "sample_diff": 11, "time_diff_s": 0.18, "gps_distance_m": 4.3, "original_speed": "2100", "wheel_diameter_mm": 711.0003997802734, "braking_intensity": 0.0, "is_braking": false, "is_crash": false, "crash_intensity_g": 0.0, "segment_start_sample": 8034, "segment_end_sample": 8045, "time_str": "08:55:26", "Speed_display": 15.0}}, {"type": "Feature", "geometry": {"type": "LineString", "coordinates": [[24.757002597847546, 59.43769788824139], [24.757023449702352, 59.43774021537996]]}, "properties": {"Speed": 9.5, "road_quality": 2, "marker": 7, "trip_id": "602D3_Trip1", "hrot_diff": 1, "sample_diff": 11, "time_diff_s": 0.424, "gps_distance_m": 4.9, "original_speed": "2192", "wheel_diameter_mm": 711.0003997802734, "braking_intensity": 0.0, "is_braking": false, "is_crash": false, "crash_intensity_g": 0.0, "segment_start_sample": 8079, "segment_end_sample": 8090, "time_str": "08:55:27", "Speed_display": 17.5}}, {"type": "Feature", "geometry": {"type": "LineString", "coordinates": [[24.757023449702352, 59.43774021537996], [24.757049100850946, 59.43777964872265]]}, "properties": {"Speed": 16.8, "road_quality": 2, "marker": 7, "trip_id": "602D3_Trip1", "hrot_diff": 1, "sample_diff": 11, "time_diff_s": 0.24, "gps_distance_m": 4.6, "original_speed": "2272", "wheel_diameter_mm": 711.0003997802734, "braking_intensity": 0.0, "is_braking": false, "is_crash": false, "crash_intensity_g": 0.0, "segment_start_sample": 8133, "segment_end_sample": 8144, "time_str": "08:55:28", "Speed_display": 18.6}}, {"type": "Feature", "geometry": {"type": "LineString", "coordinates": [[24.757049100850946, 59.43777964872265], [24.757086779813406, 59.437818581755664]]}, "properties": {"Speed": 22.3, "road_quality": 2, "marker": 7, "trip_id": "602D3_Trip1", "hrot_diff": 1, "sample_diff": 9, "time_diff_s": 0.18, "gps_distance_m": 4.8, "original_speed": "2403", "wheel_diameter_mm": 711.0003997802734, "braking_intensity": 0.0, "is_braking": false, "is_crash": false, "crash_intensity_g": 0.0, "segment_start_sample": 8186, "segment_end_sample": 8195, "time_str": "08:55:29", "Speed_display": 17.5}}, {"type": "Feature", "geometry": {"type": "LineString", "coordinates": [[24.757086779813406, 59.437818581755664], [24.757139404323386, 59.43785581877294]]}, "properties": {"Speed": 22.1, "road_quality": 2, "marker": 7, "trip_id": "602D3_Trip1", "hrot_diff": 1, "sample_diff": 11, "time_diff_s": 0.182, "gps_distance_m": 5.1, "original_speed": "2475", "wheel_diameter_mm": 711.0003997802734, "braking_intensity": 0.0, "is_braking": false, "is_crash": false, "crash_intensity_g": 0.0, "segment_start_sample": 8236, "segment_end_sample": 8247, "time_str": "08:55:30", "Speed_display": 17.8}}, {"type": "Feature", "geometry": {"type": "LineString", "coordinates": [[24.757139404323386, 59.43785581877294], [24.757192040714035, 59.43788969309489]]}, "properties": {"Speed": 16.8, "road_quality": 2, "marker": 7, "trip_id": "602D3_Trip1", "hrot_diff": 1, "sample_diff": 9, "time_diff_s": 0.24, "gps_distance_m": 4.8, "original_speed": "2450", "wheel_diameter_mm": 711.0003997802734, "braking_intensity": 0.0, "is_braking": false, "is_crash": false, "crash_intensity_g": 0.0, "segment_start_sample": 8287, "segment_end_sample": 8296, "time_str": "08:55:31", "Speed_display": 18.9}}, {"type": "Feature", "geometry": {"type": "LineString", "coordinates": [[24.757192040714035, 59.43788969309489], [24.757244501867323, 59.437927747771994]]}, "properties": {"Speed": 11.2, "road_quality": 2, "marker": 7, "trip_id": "602D3_Trip1", "hrot_diff": 1, "sample_diff": 11, "time_diff_s": 0.36, "gps_distance_m": 5.2, "original_speed": "2542", "wheel_diameter_mm": 711.0003997802734, "braking_intensity": 0.0, "is_braking": false, "is_crash": false, "crash_intensity_g": 0.0, "segment_start_sample": 8326, "segment_end_sample": 8337, "time_str": "08:55:32", "Speed_display": 16.4}}, {"type": "Feature", "geometry": {"type": "LineString", "coordinates": [[24.757244501867323, 59.437927747771994], [24.757293683683354, 59.437971317310634]]}, "properties": {"Speed": 22.3, "road_quality": 2, "marker": 7, "trip_id": "602D3_Trip1", "hrot_diff": 1, "sample_diff": 10, "time_diff_s": 0.18, "gps_distance_m": 5.6, "original_speed": "2542", "wheel_diameter_mm": 711.0003997802734, "braking_intensity": 0.0, "is_braking": false, "is_crash": false, "crash_intensity_g": 0.0, "segment_start_sample": 8385, "segment_end_sample": 8395, "time_str": "08:55:33", "Speed_display": 16.5}}, {"type": "Feature", "geometry": {"type": "LineString", "coordinates": [[24.757293683683354, 59.437971317310634], [24.757345841132032, 59.43800684124984]]}, "properties": {"Speed": 9.6, "road_quality": 2, "marker": 7, "trip_id": "602D3_Trip1", "hrot_diff": 1, "sample_diff": 11, "time_diff_s": 0.419, "gps_distance_m": 4.9, "original_speed": "2542", "wheel_diameter_mm": 711.0003997802734, "braking_intensity": 0.0, "is_braking": false, "is_crash": false, "crash_intensity_g": 0.0, "segment_start_sample": 8434, "segment_end_sample": 8445, "time_str": "08:55:34", "Speed_display": 15.0}}, {"type": "Feature", "geometry": {"type": "LineString", "coordinates": [[24.757345841132032, 59.43800684124984], [24.757401195078206, 59.43804244943186]]}, "properties": {"Speed": 22.5, "road_quality": 2, "marker": 7, "trip_id": "602D3_Trip1", "hrot_diff": 1, "sample_diff": 10, "time_diff_s": 0.179, "gps_distance_m": 5.0, "original_speed": "2631", "wheel_diameter_mm": 711.0003997802734, "braking_intensity": 0.0, "is_braking": false, "is_crash": false, "crash_intensity_g": 0.0, "segment_start_sample": 8482, "segment_end_sample": 8492, "time_str": "08:55:35", "Speed_display": 14.7}}, {"type": "Feature", "geometry": {"type": "LineString", "coordinates": [[24.757401195078206, 59.43804244943186], [24.757458111474634, 59.43807689069866]]}, "properties": {"Speed": 9.6, "road_quality": 2, "marker": 7, "trip_id": "602D3_Trip1", "hrot_diff": 1, "sample_diff": 9, "time_diff_s": 0.42, "gps_distance_m": 5.0, "original_speed": "2403", "wheel_diameter_mm": 711.0003997802734, "braking_intensity": 0.0, "is_braking": false, "is_crash": false, "crash_intensity_g": 0.0, "segment_start_sample": 8534, "segment_end_sample": 8543, "time_str": "08:55:36", "Speed_display": 14.7}}, {"type": "Feature", "geometry": {"type": "LineString", "coordinates": [[24.757458111474634, 59.43807689069866], [24.757512316816683, 59.438114590448684]]}, "properties": {"Speed": 9.5, "road_quality": 2, "marker": 7, "trip_id": "602D3_Trip1", "hrot_diff": 1, "sample_diff": 10, "time_diff_s": 0.422, "gps_distance_m": 5.2, "original_speed": "2500", "wheel_diameter_mm": 711.0003997802734, "braking_intensity": 0.0, "is_braking": false, "is_crash": false, "crash_intensity_g": 0.0, "segment_start_sample": 8583, "segment_end_sample": 8593, "time_str": "08:55:37", "Speed_display": 17.3}}, {"type": "Feature", "geometry": {"type": "LineString", "coordinates": [[24.757512316816683, 59.438114590448684], [24.757573675850715, 59.43814356642978]]}, "properties": {"Speed": 22.5, "road_quality": 2, "marker": 7, "trip_id": "602D3_Trip1", "hrot_diff": 1, "sample_diff": 10, "time_diff_s": 0.179, "gps_distance_m": 4.7, "original_speed": "2500", "wheel_diameter_mm": 711.0003997802734, "braking_intensity": 0.0, "is_braking": false, "is_crash": false, "crash_intensity_g": 0.0, "segment_start_sample": 8633, "segment_end_sample": 8643, "time_str": "08:55:38", "Speed_display": 16.1}}, {"type": "Feature", "geometry": {"type": "LineString", "coordinates": [[24.757573675850715, 59.43814356642978], [24.757637647843406, 59.438173253424225]]}, "properties": {"Speed": 22.2, "road_quality": 2, "marker": 7, "trip_id": "602D3_Trip1", "hrot_diff": 1, "sample_diff": 10, "time_diff_s": 0.181, "gps_distance_m": 4.9, "original_speed": "2450", "wheel_diameter_mm": 711.0003997802734, "braking_intensity": 0.0, "is_braking": false, "is_crash": false, "crash_intensity_g": 0.0, "segment_start_sample": 8684, "segment_end_sample": 8694, "time_str": "08:55:39", "Speed_display": 18.7}}, {"type": "Feature", "geometry": {"type": "LineString", "coordinates": [[24.757637647843406, 59.438173253424225], [24.757713439262012, 59.43819563609338]]}, "properties": {"Speed": 16.8, "road_quality": 2, "marker": 7, "trip_id": "602D3_Trip1", "hrot_diff": 1, "sample_diff": 10, "time_diff_s": 0.239, "gps_distance_m": 5.0, "original_speed": "2475", "wheel_diameter_mm": 711.0003997802734, "braking_intensity": 0.0, "is_braking": false, "is_crash": false, "crash_intensity_g": 0.0, "segment_start_sample": 8735, "segment_end_sample": 8745, "time_str": "08:55:40", "Speed_display": 21.2}}, {"type": "Feature", "geometry": {"type": "LineString", "coordinates": [[24.757713439262012, 59.43819563609338], [24.75778812792976, 59.438218302544115]]}, "properties": {"Speed": 22.7, "road_quality": 2, "marker": 7, "trip_id": "602D3_Trip1", "hrot_diff": 1, "sample_diff": 9, "time_diff_s": 0.177, "gps_distance_m": 4.9, "original_speed": "2450", "wheel_diameter_mm": 711.0003997802734, "braking_intensity": 0.0, "is_braking": false, "is_crash": false, "crash_intensity_g": 0.0, "segment_start_sample": 8786, "segment_end_sample": 8795, "time_str": "08:55:41", "Speed_display": 20.1}}, {"type": "Feature", "geometry": {"type": "LineString", "coordinates": [[24.75778812792976, 59.438218302544115], [24.757854184590684, 59.43824612805553]]}, "properties": {"Speed": 22.0, "road_quality": 2, "marker": 7, "trip_id": "602D3_Trip1", "hrot_diff": 1, "sample_diff": 10, "time_diff_s": 0.183, "gps_distance_m": 4.8, "original_speed": "2450", "wheel_diameter_mm": 711.0003997802734, "braking_intensity": 0.0, "is_braking": false, "is_crash": false, "crash_intensity_g": 0.0, "segment_start_sample": 8836, "segment_end_sample": 8846, "time_str": "08:55:42", "Speed_display": 17.9}}, {"type": "Feature", "geometry": {"type": "LineString", "coordinates": [[24.757854184590684, 59.43824612805553], [24.757913486805343, 59.43827725165182]]}, "properties": {"Speed": 16.8, "road_quality": 2, "marker": 7, "trip_id": "602D3_Trip1", "hrot_diff": 1, "sample_diff": 12, "time_diff_s": 0.24, "gps_distance_m": 4.8, "original_speed": "2586", "wheel_diameter_mm": 711.0003997802734, "braking_intensity": 0.0, "is_braking": false, "is_crash": false, "crash_intensity_g": 0.0, "segment_start_sample": 8885, "segment_end_sample": 8897, "time_str": "08:55:43", "Speed_display": 18.9}}, {"type": "Feature", "geometry": {"type": "LineString", "coordinates": [[24.757913486805343, 59.43827725165182], [24.757964272661443, 59.438314703415564]]}, "properties": {"Speed": 11.2, "road_quality": 2, "marker": 7, "trip_id": "602D3_Trip1", "hrot_diff": 1, "sample_diff": 10, "time_diff_s": 0.36, "gps_distance_m": 5.1, "original_speed": "2500", "wheel_diameter_mm": 711.0003997802734, "braking_intensity": 0.0, "is_braking": false, "is_crash": false, "crash_intensity_g": 0.0, "segment_start_sample": 8925, "segment_end_sample": 8935, "time_str": "08:55:44", "Speed_display": 17.8}}, {"type": "Feature", "geometry": {"type": "LineString", "coordinates": [[24.757964272661443, 59.438314703415564], [24.758016113935373, 59.43835364686347]]}, "properties": {"Speed": 22.0, "road_quality": 2, "marker": 7, "trip_id": "602D3_Trip1", "hrot_diff": 1, "sample_diff": 9, "time_diff_s": 0.183, "gps_distance_m": 5.2, "original_speed": "2608", "wheel_diameter_mm": 711.0003997802734, "braking_intensity": 0.0, "is_braking": false, "is_crash": false, "crash_intensity_g": 0.0, "segment_start_sample": 8983, "segment_end_sample": 8992, "time_str": "08:55:45", "Speed_display": 17.9}}, {"type": "Feature", "geometry": {"type": "LineString", "coordinates": [[24.758016113935373, 59.43835364686347], [24.758070635873075, 59.43839250251017]]}, "properties": {"Speed": 16.8, "road_quality": 2, "marker": 7, "trip_id": "602D3_Trip1", "hrot_diff": 1, "sample_diff": 6, "time_diff_s": 0.239, "gps_distance_m": 5.3, "original_speed": "2727", "wheel_diameter_mm": 711.0003997802734, "braking_intensity": 0.0, "is_braking": false, "is_crash": false, "crash_intensity_g": 0.0, "segment_start_sample": 9038, "segment_end_sample": 9044, "time_str": "08:55:46", "Speed_display": 18.9}}, {"type": "Feature", "geometry": {"type": "LineString", "coordinates": [[24.758070635873075, 59.43839250251017], [24.75812887925469, 59.438433535134706]]}, "properties": {"Speed": 22.5, "road_quality": 2, "marker": 7, "trip_id": "602D3_Trip1", "hrot_diff": 1, "sample_diff": 8, "time_diff_s": 0.179, "gps_distance_m": 5.6, "original_speed": "2803", "wheel_diameter_mm": 711.0003997802734, "braking_intensity": 0.0, "is_braking": false, "is_crash": false, "crash_intensity_g": 0.0, "segment_start_sample": 9082, "segment_end_sample": 9090, "time_str": "08:55:47", "Speed_display": 20.0}}, {"type": "Feature", "geometry": {"type": "LineString", "coordinates": [[24.75812887925469, 59.438433535134706], [24.758183939145475, 59.43847848044831]]}, "properties": {"Speed": 22.0, "road_quality": 2, "marker": 7, "trip_id": "602D3_Trip1", "hrot_diff": 1, "sample_diff": 8, "time_diff_s": 0.183, "gps_distance_m": 5.9, "original_speed": "2777", "wheel_diameter_mm": 711.0003997802734, "braking_intensity": 0.0, "is_braking": false, "is_crash": false, "crash_intensity_g": 0.0, "segment_start_sample": 9136, "segment_end_sample": 9144, "time_str": "08:55:48", "Speed_display": 20.1}}, {"type": "Feature", "geometry": {"type": "LineString", "coordinates": [[24.758183939145475, 59.43847848044831], [24.75824100936452, 59.43851944402541]]}, "properties": {"Speed": 16.8, "road_quality": 2, "marker": 7, "trip_id": "602D3_Trip1", "hrot_diff": 1, "sample_diff": 10, "time_diff_s": 0.24, "gps_distance_m": 5.6, "original_speed": "2884", "wheel_diameter_mm": 711.0003997802734, "braking_intensity": 0.0, "is_braking": false, "is_crash": false, "crash_intensity_g": 0.0, "segment_start_sample": 9187, "segment_end_sample": 9197, "time_str": "08:55:49", "Speed_display": 21.2}}, {"type": "Feature", "geometry": {"type": "LineString", "coordinates": [[24.75824100936452, 59.43851944402541], [24.758290825346897, 59.43856253251366]]}, "properties": {"Speed": 22.5, "road_quality": 2, "marker": 7, "trip_id": "602D3_Trip1", "hrot_diff": 1, "sample_diff": 10, "time_diff_s": 0.179, "gps_distance_m": 5.6, "original_speed": "2857", "wheel_diameter_mm": 711.0003997802734, "braking_intensity": 0.0, "is_braking": false, "is_crash": false, "crash_intensity_g": 0.0, "segment_start_sample": 9231, "segment_end_sample": 9241, "time_str": "08:55:50", "Speed_display": 20.1}}, {"type": "Feature", "geometry": {"type": "LineString", "coordinates": [[24.758290825346897, 59.43856253251366], [24.75833299014431, 59.43861006977246]]}, "properties": {"Speed": 22.2, "road_quality": 2, "marker": 7, "trip_id": "602D3_Trip1", "hrot_diff": 1, "sample_diff": 10, "time_diff_s": 0.181, "gps_distance_m": 5.8, "original_speed": "2777", "wheel_diameter_mm": 711.0003997802734, "braking_intensity": 0.0, "is_braking": false, "is_crash": false, "crash_intensity_g": 0.0, "segment_start_sample": 9285, "segment_end_sample": 9295, "time_str": "08:55:51", "Speed_display": 20.2}}, {"type": "Feature", "geometry": {"type": "LineString", "coordinates": [[24.75833299014431, 59.43861006977246], [24.75837021530025, 59.43865502799127]]}, "properties": {"Speed": 16.8, "road_quality": 2, "marker": 7, "trip_id": "602D3_Trip1", "hrot_diff": 1, "sample_diff": 9, "time_diff_s": 0.24, "gps_distance_m": 5.4, "original_speed": "2857", "wheel_diameter_mm": 711.0003997802734, "braking_intensity": 0.0, "is_braking": false, "is_crash": false, "crash_intensity_g": 0.0, "segment_start_sample": 9338, "segment_end_sample": 9347, "time_str": "08:55:52", "Speed_display": 23.5}}, {"type": "Feature", "geometry": {"type": "LineString", "coordinates": [[24.75837021530025, 59.43865502799127], [24.758405035699603, 59.43870251582472]]}, "properties": {"Speed": 22.7, "road_quality": 2, "marker": 7, "trip_id": "602D3_Trip1", "hrot_diff": 1, "sample_diff": 10, "time_diff_s": 0.177, "gps_distance_m": 5.6, "original_speed": "2857", "wheel_diameter_mm": 711.0003997802734, "braking_intensity": 0.0, "is_braking": false, "is_crash": false, "crash_intensity_g": 0.0, "segment_start_sample": 9381, "segment_end_sample": 9391, "time_str": "08:55:53", "Speed_display": 22.3}}, {"type": "Feature", "geometry": {"type": "LineString", "coordinates": [[24.758405035699603, 59.43870251582472], [24.758453736263828, 59.4387472958176]]}, "properties": {"Speed": 33.2, "road_quality": 2, "marker": 7, "trip_id": "602D3_Trip1", "hrot_diff": 1, "sample_diff": 9, "time_diff_s": 0.121, "gps_distance_m": 5.7, "original_speed": "2830", "wheel_diameter_mm": 711.0003997802734, "braking_intensity": 0.0, "is_braking": false, "is_crash": false, "crash_intensity_g": 0.0, "segment_start_sample": 9434, "segment_end_sample": 9443, "time_str": "08:55:55", "Speed_display": 22.4}}, {"type": "Feature", "geometry": {"type": "LineString", "coordinates": [[24.758453736263828, 59.4387472958176], [24.758495216127198, 59.438794818156694]]}, "properties": {"Speed": 16.7, "road_quality": 2, "marker": 7, "trip_id": "602D3_Trip1", "hrot_diff": 1, "sample_diff": 9, "time_diff_s": 0.241, "gps_distance_m": 5.8, "original_speed": "2857", "wheel_diameter_mm": 711.0003997802734, "braking_intensity": 0.0, "is_braking": false, "is_crash": false, "crash_intensity_g": 0.0, "segment_start_sample": 9487, "segment_end_sample": 9496, "time_str": "08:55:55", "Speed_display": 22.4}}, {"type": "Feature", "geometry": {"type": "LineString", "coordinates": [[24.758495216127198, 59.438794818156694], [24.758537298314042, 59.43883847544569]]}, "properties": {"Speed": 22.7, "road_quality": 2, "marker": 7, "trip_id": "602D3_Trip1", "hrot_diff": 1, "sample_diff": 8, "time_diff_s": 0.177, "gps_distance_m": 5.4, "original_speed": "2777", "wheel_diameter_mm": 711.0003997802734, "braking_intensity": 0.0, "is_braking": false, "is_crash": false, "crash_intensity_g": 0.0, "segment_start_sample": 9532, "segment_end_sample": 9540, "time_str": "08:55:56", "Speed_display": 19.8}}, {"type": "Feature", "geometry": {"type": "LineString", "coordinates": [[24.75865351898009, 59.43887023708692], [24.758692609149506, 59.43891939461208]]}, "properties": {"Speed": 16.8, "road_quality": 2, "marker": 7, "trip_id": "602D3_Trip1", "hrot_diff": 1, "sample_diff": 10, "time_diff_s": 0.24, "gps_distance_m": 5.9, "original_speed": "2803", "wheel_diameter_mm": 711.0003997802734, "braking_intensity": 0.0, "is_braking": false, "is_crash": false, "crash_intensity_g": 0.0, "segment_start_sample": 9636, "segment_end_sample": 9646, "time_str": "08:55:58", "Speed_display": 17.6}}, {"type": "Feature", "geometry": {"type": "LineString", "coordinates": [[24.758692609149506, 59.43891939461208], [24.758729399689997, 59.43896268531267]]}, "properties": {"Speed": 9.5, "road_quality": 2, "marker": 7, "trip_id": "602D3_Trip1", "hrot_diff": 1, "sample_diff": 27, "time_diff_s": 0.423, "gps_distance_m": 5.2, "original_speed": "2884", "wheel_diameter_mm": 711.0003997802734, "braking_intensity": 0.0, "is_braking": false, "is_crash": false, "crash_intensity_g": 0.0, "segment_start_sample": 9662, "segment_end_sample": 9689, "time_str": "08:55:59", "Speed_display": 17.6}}, {"type": "Feature", "geometry": {"type": "LineString", "coordinates": [[24.758729399689997, 59.43896268531267], [24.758767451966662, 59.43900942192066]]}, "properties": {"Speed": 22.3, "road_quality": 2, "marker": 6, "trip_id": "602D3_Trip1", "hrot_diff": 1, "sample_diff": 9, "time_diff_s": 0.18, "gps_distance_m": 5.6, "original_speed": "-1", "wheel_diameter_mm": 711.0003997802734, "braking_intensity": 0.0, "is_braking": false, "is_crash": false, "crash_intensity_g": 0.0, "segment_start_sample": 9733, "segment_end_sample": 9742, "time_str": "08:56:00", "Speed_display": 17.6}}, {"type": "Feature", "geometry": {"type": "LineString", "coordinates": [[24.758767451966662, 59.43900942192066], [24.75880584345374, 59.43905657520875]]}, "properties": {"Speed": 16.8, "road_quality": 2, "marker": 6, "trip_id": "602D3_Trip1", "hrot_diff": 1, "sample_diff": 10, "time_diff_s": 0.24, "gps_distance_m": 5.7, "original_speed": "-1", "wheel_diameter_mm": 711.0003997802734, "braking_intensity": 0.0, "is_braking": false, "is_crash": false, "crash_intensity_g": 0.0, "segment_start_sample": 9787, "segment_end_sample": 9797, "time_str": "08:56:01", "Speed_display": 18.7}}, {"type": "Feature", "geometry": {"type": "LineString", "coordinates": [[24.75880584345374, 59.43905657520875], [24.758840396915442, 59.43910444355943]]}, "properties": {"Speed": 22.7, "road_quality": 2, "marker": 7, "trip_id": "602D3_Trip1", "hrot_diff": 1, "sample_diff": 9, "time_diff_s": 0.177, "gps_distance_m": 5.7, "original_speed": "2752", "wheel_diameter_mm": 711.0003997802734, "braking_intensity": 0.0, "is_braking": false, "is_crash": false, "crash_intensity_g": 0.0, "segment_start_sample": 9833, "segment_end_sample": 9842, "time_str": "08:56:02", "Speed_display": 20.1}}, {"type": "Feature", "geometry": {"type": "LineString", "coordinates": [[24.758840396915442, 59.43910444355943], [24.758879874934905, 59.43915642296349]]}, "properties": {"Speed": 22.0, "road_quality": 2, "marker": 7, "trip_id": "602D3_Trip1", "hrot_diff": 1, "sample_diff": 9, "time_diff_s": 0.183, "gps_distance_m": 6.2, "original_speed": "2727", "wheel_diameter_mm": 711.0003997802734, "braking_intensity": 0.0, "is_braking": false, "is_crash": false, "crash_intensity_g": 0.0, "segment_start_sample": 9888, "segment_end_sample": 9897, "time_str": "08:56:03", "Speed_display": 20.1}}, {"type": "Feature", "geometry": {"type": "LineString", "coordinates": [[24.758879874934905, 59.43915642296349], [24.75891324734072, 59.43920189555253]]}, "properties": {"Speed": 16.7, "road_quality": 2, "marker": 7, "trip_id": "602D3_Trip1", "hrot_diff": 1, "sample_diff": 11, "time_diff_s": 0.241, "gps_distance_m": 5.4, "original_speed": "2654", "wheel_diameter_mm": 711.0003997802734, "braking_intensity": 0.0, "is_braking": false, "is_crash": false, "crash_intensity_g": 0.0, "segment_start_sample": 9935, "segment_end_sample": 9946, "time_str": "08:56:04", "Speed_display": 21.2}}, {"type": "Feature", "geometry": {"type": "LineString", "coordinates": [[24.75891324734072, 59.43920189555253], [24.75894555472322, 59.43924667936437]]}, "properties": {"Speed": 22.5, "road_quality": 2, "marker": 7, "trip_id": "602D3_Trip1", "hrot_diff": 1, "sample_diff": 10, "time_diff_s": 0.179, "gps_distance_m": 5.3, "original_speed": "2654", "wheel_diameter_mm": 711.0003997802734, "braking_intensity": 0.0, "is_braking": false, "is_crash": false, "crash_intensity_g": 0.0, "segment_start_sample": 9982, "segment_end_sample": 9992, "time_str": "08:56:05", "Speed_display": 21.2}}, {"type": "Feature", "geometry": {"type": "LineString", "coordinates": [[24.75894555472322, 59.43924667936437], [24.75897492875601, 59.439287397164684]]}, "properties": {"Speed": 22.3, "road_quality": 2, "marker": 7, "trip_id": "602D3_Trip1", "hrot_diff": 1, "sample_diff": 13, "time_diff_s": 0.18, "gps_distance_m": 4.8, "original_speed": "2586", "wheel_diameter_mm": 711.0003997802734, "braking_intensity": 0.0, "is_braking": false, "is_crash": false, "crash_intensity_g": 0.0, "segment_start_sample": 10030, "segment_end_sample": 10043, "time_str": "08:56:06", "Speed_display": 19.0}}, {"type": "Feature", "geometry": {"type": "LineString", "coordinates": [[24.75897492875601, 59.439287397164684], [24.759002083031522, 59.43933108573379]]}, "properties": {"Speed": 22.3, "road_quality": 2, "marker": 7, "trip_id": "602D3_Trip1", "hrot_diff": 1, "sample_diff": 11, "time_diff_s": 0.18, "gps_distance_m": 5.1, "original_speed": "2500", "wheel_diameter_mm": 711.0003997802734, "braking_intensity": 0.0, "is_braking": false, "is_crash": false, "crash_intensity_g": 0.0, "segment_start_sample": 10082, "segment_end_sample": 10093, "time_str": "08:56:07", "Speed_display": 17.6}}, {"type": "Feature", "geometry": {"type": "LineString", "coordinates": [[24.759002083031522, 59.43933108573379], [24.75902559116242, 59.43936753698269]]}, "properties": {"Speed": 11.2, "road_quality": 2, "marker": 7, "trip_id": "602D3_Trip1", "hrot_diff": 1, "sample_diff": 13, "time_diff_s": 0.36, "gps_distance_m": 4.3, "original_speed": "2272", "wheel_diameter_mm": 711.0003997802734, "braking_intensity": 0.0, "is_braking": false, "is_crash": false, "crash_intensity_g": 0.0, "segment_start_sample": 10137, "segment_end_sample": 10150, "time_str": "08:56:09", "Speed_display": 15.0}}, {"type": "Feature", "geometry": {"type": "LineString", "coordinates": [[24.75902559116242, 59.43936753698269], [24.75904488032525, 59.439397446667435]]}, "properties": {"Speed": 9.5, "road_quality": 2, "marker": 7, "trip_id": "602D3_Trip1", "hrot_diff": 1, "sample_diff": 14, "time_diff_s": 0.422, "gps_distance_m": 3.5, "original_speed": "2083", "wheel_diameter_mm": 711.0003997802734, "braking_intensity": 0.0, "is_braking": false, "is_crash": false, "crash_intensity_g": 0.0, "segment_start_sample": 10175, "segment_end_sample": 10189, "time_str": "08:56:09", "Speed_display": 15.0}}, {"type": "Feature", "geometry": {"type": "LineString", "coordinates": [[24.75904488032525, 59.439397446667435], [24.759060696224626, 59.43942674838032]]}, "properties": {"Speed": 9.6, "road_quality": 2, "marker": 7, "trip_id": "602D3_Trip1", "hrot_diff": 1, "sample_diff": 14, "time_diff_s": 0.418, "gps_distance_m": 3.4, "original_speed": "1886", "wheel_diameter_mm": 711.0003997802734, "braking_intensity": 0.0, "is_braking": false, "is_crash": false, "crash_intensity_g": 0.0, "segment_start_sample": 10228, "segment_end_sample": 10242, "time_str": "08:56:10", "Speed_display": 17.2}}, {"type": "Feature", "geometry": {"type": "LineString", "coordinates": [[24.759060696224626, 59.43942674838032], [24.759076742781115, 59.439455484340925]]}, "properties": {"Speed": 22.6, "road_quality": 2, "marker": 7, "trip_id": "602D3_Trip1", "hrot_diff": 1, "sample_diff": 13, "time_diff_s": 0.178, "gps_distance_m": 3.3, "original_speed": "1904", "wheel_diameter_mm": 711.0003997802734, "braking_intensity": 0.0, "is_braking": false, "is_crash": false, "crash_intensity_g": 0.0, "segment_start_sample": 10281, "segment_end_sample": 10294, "time_str": "08:56:11", "Speed_display": 16.7}}, {"type": "Feature", "geometry": {"type": "LineString", "coordinates": [[24.759076742781115, 59.439455484340925], [24.75909476634566, 59.43948776060561]]}, "properties": {"Speed": 33.2, "road_quality": 2, "marker": 7, "trip_id": "602D3_Trip1", "hrot_diff": 1, "sample_diff": 11, "time_diff_s": 0.121, "gps_distance_m": 3.7, "original_speed": "1923", "wheel_diameter_mm": 711.0003997802734, "braking_intensity": 0.0, "is_braking": false, "is_crash": false, "crash_intensity_g": 0.0, "segment_start_sample": 10332, "segment_end_sample": 10343, "time_str": "08:56:13", "Speed_display": 19.3}}, {"type": "Feature", "geometry": {"type": "LineString", "coordinates": [[24.75909476634566, 59.43948776060561], [24.759116314685823, 59.43952367408142]]}, "properties": {"Speed": 8.4, "road_quality": 2, "marker": 7, "trip_id": "602D3_Trip1", "hrot_diff": 1, "sample_diff": 14, "time_diff_s": 0.48, "gps_distance_m": 4.2, "original_speed": "2212", "wheel_diameter_mm": 711.0003997802734, "braking_intensity": 0.0, "is_braking": false, "is_crash": false, "crash_intensity_g": 0.0, "segment_start_sample": 10388, "segment_end_sample": 10402, "time_str": "08:56:13", "Speed_display": 18.7}}, {"type": "Feature", "geometry": {"type": "LineString", "coordinates": [[24.759116314685823, 59.43952367408142], [24.759138550069622, 59.439560622783866]]}, "properties": {"Speed": 22.5, "road_quality": 2, "marker": 7, "trip_id": "602D3_Trip1", "hrot_diff": 1, "sample_diff": 11, "time_diff_s": 0.179, "gps_distance_m": 4.3, "original_speed": "2232", "wheel_diameter_mm": 711.0003997802734, "braking_intensity": 0.0, "is_braking": false, "is_crash": false, "crash_intensity_g": 0.0, "segment_start_sample": 10433, "segment_end_sample": 10444, "time_str": "08:56:14", "Speed_display": 16.1}}, {"type": "Feature", "geometry": {"type": "LineString", "coordinates": [[24.759138550069622, 59.439560622783866], [24.75916191230813, 59.43959944397447]]}, "properties": {"Speed": 6.7, "road_quality": 2, "marker": 7, "trip_id": "602D3_Trip1", "hrot_diff": 1, "sample_diff": 12, "time_diff_s": 0.6, "gps_distance_m": 4.5, "original_speed": "2293", "wheel_diameter_mm": 711.0003997802734, "braking_intensity": 0.0, "is_braking": false, "is_crash": false, "crash_intensity_g": 0.0, "segment_start_sample": 10488, "segment_end_sample": 10500, "time_str": "08:56:15", "Speed_display": 11.7}}, {"type": "Feature", "geometry": {"type": "LineString", "coordinates": [[24.75916191230813, 59.43959944397447], [24.759185555523246, 59.439638732104555]]}, "properties": {"Speed": 9.5, "road_quality": 2, "marker": 7, "trip_id": "602D3_Trip1", "hrot_diff": 1, "sample_diff": 12, "time_diff_s": 0.423, "gps_distance_m": 4.6, "original_speed": "2272", "wheel_diameter_mm": 711.0003997802734, "braking_intensity": 0.0, "is_braking": false, "is_crash": false, "crash_intensity_g": 0.0, "segment_start_sample": 10533, "segment_end_sample": 10545, "time_str": "08:56:16", "Speed_display": 16.6}}, {"type": "Feature", "geometry": {"type": "LineString", "coordinates": [[24.759185555523246, 59.439638732104555], [24.759202651055652, 59.43966713982706]]}, "properties": {"Speed": 11.2, "road_quality": 2, "marker": 7, "trip_id": "602D3_Trip1", "hrot_diff": 1, "sample_diff": 13, "time_diff_s": 0.36, "gps_distance_m": 3.3, "original_speed": "2212", "wheel_diameter_mm": 711.0003997802734, "braking_intensity": 0.0, "is_braking": false, "is_crash": false, "crash_intensity_g": 0.0, "segment_start_sample": 10578, "segment_end_sample": 10591, "time_str": "08:56:17", "Speed_display": 15.5}}, {"type": "Feature", "geometry": {"type": "LineString", "coordinates": [[24.759202651055652, 59.43966713982706], [24.759222987227677, 59.439700932576265]]}, "properties": {"Speed": 33.2, "road_quality": 2, "marker": 7, "trip_id": "602D3_Trip1", "hrot_diff": 1, "sample_diff": 12, "time_diff_s": 0.121, "gps_distance_m": 3.9, "original_speed": "2155", "wheel_diameter_mm": 711.0003997802734, "braking_intensity": 0.0, "is_braking": false, "is_crash": false, "crash_intensity_g": 0.0, "segment_start_sample": 10636, "segment_end_sample": 10648, "time_str": "08:56:19", "Speed_display": 18.7}}, {"type": "Feature", "geometry": {"type": "LineString", "coordinates": [[24.759222987227677, 59.439700932576265], [24.759092741532154, 59.43976628122884]]}, "properties": {"Speed": 16.9, "road_quality": 2, "marker": 7, "trip_id": "602D3_Trip1", "hrot_diff": 1, "sample_diff": 12, "time_diff_s": 0.238, "gps_distance_m": 10.3, "original_speed": "2136", "wheel_diameter_mm": 711.0003997802734, "braking_intensity": 0.0, "is_braking": false, "is_crash": false, "crash_intensity_g": 0.0, "segment_start_sample": 10684, "segment_end_sample": 10696, "time_str": "08:56:19", "Speed_display": 21.3}}, {"type": "Feature", "geometry": {"type": "LineString", "coordinates": [[24.759092741532154, 59.43976628122884], [24.759109083651968, 59.439803212036104]]}, "properties": {"Speed": 22.7, "road_quality": 2, "marker": 7, "trip_id": "602D3_Trip1", "hrot_diff": 1, "sample_diff": 12, "time_diff_s": 0.177, "gps_distance_m": 4.2, "original_speed": "2083", "wheel_diameter_mm": 711.0003997802734, "braking_intensity": 0.0, "is_braking": false, "is_crash": false, "crash_intensity_g": 0.0, "segment_start_sample": 10732, "segment_end_sample": 10744, "time_str": "08:56:20", "Speed_display": 22.4}}, {"type": "Feature", "geometry": {"type": "LineString", "coordinates": [[24.759109083651968, 59.439803212036104], [24.75910361725905, 59.43983330545452]]}, "properties": {"Speed": 22.5, "road_quality": 2, "marker": 7, "trip_id": "602D3_Trip1", "hrot_diff": 1, "sample_diff": 14, "time_diff_s": 0.179, "gps_distance_m": 3.4, "original_speed": "2066", "wheel_diameter_mm": 711.0003997802734, "braking_intensity": 0.0, "is_braking": false, "is_crash": false, "crash_intensity_g": 0.0, "segment_start_sample": 10781, "segment_end_sample": 10795, "time_str": "08:56:21", "Speed_display": 18.0}}, {"type": "Feature", "geometry": {"type": "LineString", "coordinates": [[24.75910361725905, 59.43983330545452], [24.75910394834631, 59.43987683405322]]}, "properties": {"Speed": 16.8, "road_quality": 2, "marker": 7, "trip_id": "602D3_Trip1", "hrot_diff": 1, "sample_diff": 11, "time_diff_s": 0.239, "gps_distance_m": 4.8, "original_speed": "1886", "wheel_diameter_mm": 711.0003997802734, "braking_intensity": 0.0, "is_braking": false, "is_crash": false, "crash_intensity_g": 0.0, "segment_start_sample": 10835, "segment_end_sample": 10846, "time_str": "08:56:22", "Speed_display": 19.0}}, {"type": "Feature", "geometry": {"type": "LineString", "coordinates": [[24.75910394834631, 59.43987683405322], [24.759085385603253, 59.439907986463176]]}, "properties": {"Speed": 11.2, "road_quality": 2, "marker": 7, "trip_id": "602D3_Trip1", "hrot_diff": 1, "sample_diff": 11, "time_diff_s": 0.36, "gps_distance_m": 3.6, "original_speed": "1904", "wheel_diameter_mm": 711.0003997802734, "braking_intensity": 0.0, "is_braking": false, "is_crash": false, "crash_intensity_g": 0.0, "segment_start_sample": 10873, "segment_end_sample": 10884, "time_str": "08:56:23", "Speed_display": 17.9}}, {"type": "Feature", "geometry": {"type": "LineString", "coordinates": [[24.759085385603253, 59.439907986463176], [24.759046184806543, 59.439937875496085]]}, "properties": {"Speed": 22.0, "road_quality": 2, "marker": 7, "trip_id": "602D3_Trip1", "hrot_diff": 1, "sample_diff": 13, "time_diff_s": 0.183, "gps_distance_m": 4.0, "original_speed": "2032", "wheel_diameter_mm": 711.0003997802734, "braking_intensity": 0.0, "is_braking": false, "is_crash": false, "crash_intensity_g": 0.0, "segment_start_sample": 10934, "segment_end_sample": 10947, "time_str": "08:56:24", "Speed_display": 17.9}}, {"type": "Feature", "geometry": {"type": "LineString", "coordinates": [[24.759046184806543, 59.439937875496085], [24.758990779230448, 59.43996365996357]]}, "properties": {"Speed": 16.8, "road_quality": 2, "marker": 7, "trip_id": "602D3_Trip1", "hrot_diff": 1, "sample_diff": 12, "time_diff_s": 0.24, "gps_distance_m": 4.2, "original_speed": "2000", "wheel_diameter_mm": 711.0003997802734, "braking_intensity": 0.0, "is_braking": false, "is_crash": false, "crash_intensity_g": 0.0, "segment_start_sample": 10983, "segment_end_sample": 10995, "time_str": "08:56:25", "Speed_display": 16.4}}, {"type": "Feature", "geometry": {"type": "LineString", "coordinates": [[24.758990779230448, 59.43996365996357], [24.75891199711105, 59.439976586909715]]}, "properties": {"Speed": 22.6, "road_quality": 2, "marker": 7, "trip_id": "602D3_Trip1", "hrot_diff": 1, "sample_diff": 12, "time_diff_s": 0.178, "gps_distance_m": 4.7, "original_speed": "2049", "wheel_diameter_mm": 711.0003997802734, "braking_intensity": 0.0, "is_braking": false, "is_crash": false, "crash_intensity_g": 0.0, "segment_start_sample": 11032, "segment_end_sample": 11044, "time_str": "08:56:26", "Speed_display": 16.1}}, {"type": "Feature", "geometry": {"type": "LineString", "coordinates": [[24.75891199711105, 59.439976586909715], [24.758830252871263, 59.439994981515234]]}, "properties": {"Speed": 9.6, "road_quality": 2, "marker": 7, "trip_id": "602D3_Trip1", "hrot_diff": 1, "sample_diff": 13, "time_diff_s": 0.421, "gps_distance_m": 5.1, "original_speed": "2118", "wheel_diameter_mm": 711.0003997802734, "braking_intensity": 0.0, "is_braking": false, "is_crash": false, "crash_intensity_g": 0.0, "segment_start_sample": 11079, "segment_end_sample": 11092, "time_str": "08:56:27", "Speed_display": 16.2}}, {"type": "Feature", "geometry": {"type": "LineString", "coordinates": [[24.758830252871263, 59.439994981515234], [24.758752334247237, 59.44000659944066]]}, "properties": {"Speed": 9.6, "road_quality": 2, "marker": 7, "trip_id": "602D3_Trip1", "hrot_diff": 1, "sample_diff": 13, "time_diff_s": 0.421, "gps_distance_m": 4.6, "original_speed": "2136", "wheel_diameter_mm": 711.0003997802734, "braking_intensity": 0.0, "is_braking": false, "is_crash": false, "crash_intensity_g": 0.0, "segment_start_sample": 11137, "segment_end_sample": 11150, "time_str": "08:56:28", "Speed_display": 14.8}}, {"type": "Feature", "geometry": {"type": "LineString", "coordinates": [[24.758752334247237, 59.44000659944066], [24.75867605756814, 59.440019098178254]]}, "properties": {"Speed": 22.6, "road_quality": 2, "marker": 7, "trip_id": "602D3_Trip1", "hrot_diff": 1, "sample_diff": 13, "time_diff_s": 0.178, "gps_distance_m": 4.5, "original_speed": "2173", "wheel_diameter_mm": 711.0003997802734, "braking_intensity": 0.0, "is_braking": false, "is_crash": false, "crash_intensity_g": 0.0, "segment_start_sample": 11183, "segment_end_sample": 11196, "time_str": "08:56:29", "Speed_display": 13.6}}, {"type": "Feature", "geometry": {"type": "LineString", "coordinates": [[24.75867605756814, 59.440019098178254], [24.7586025612293, 59.44003097095497]]}, "properties": {"Speed": 9.5, "road_quality": 2, "marker": 7, "trip_id": "602D3_Trip1", "hrot_diff": 1, "sample_diff": 12, "time_diff_s": 0.422, "gps_distance_m": 4.4, "original_speed": "2212", "wheel_diameter_mm": 711.0003997802734, "braking_intensity": 0.0, "is_braking": false, "is_crash": false, "crash_intensity_g": 0.0, "segment_start_sample": 11229, "segment_end_sample": 11241, "time_str": "08:56:30", "Speed_display": 13.9}}, {"type": "Feature", "geometry": {"type": "LineString", "coordinates": [[24.7586025612293, 59.44003097095497], [24.7585277943861, 59.44004780221556]]}, "properties": {"Speed": 16.8, "road_quality": 2, "marker": 7, "trip_id": "602D3_Trip1", "hrot_diff": 1, "sample_diff": 12, "time_diff_s": 0.24, "gps_distance_m": 4.6, "original_speed": "2192", "wheel_diameter_mm": 711.0003997802734, "braking_intensity": 0.0, "is_braking": false, "is_crash": false, "crash_intensity_g": 0.0, "segment_start_sample": 11286, "segment_end_sample": 11298, "time_str": "08:56:31", "Speed_display": 16.5}}, {"type": "Feature", "geometry": {"type": "LineString", "coordinates": [[24.7585277943861, 59.44004780221556], [24.75845542315603, 59.440069403136945]]}, "properties": {"Speed": 11.2, "road_quality": 2, "marker": 7, "trip_id": "602D3_Trip1", "hrot_diff": 1, "sample_diff": 13, "time_diff_s": 0.36, "gps_distance_m": 4.7, "original_speed": "2212", "wheel_diameter_mm": 711.0003997802734, "braking_intensity": 0.0, "is_braking": false, "is_crash": false, "crash_intensity_g": 0.0, "segment_start_sample": 11320, "segment_end_sample": 11333, "time_str": "08:56:32", "Speed_display": 15.3}}, {"type": "Feature", "geometry": {"type": "LineString", "coordinates": [[24.75845542315603, 59.440069403136945], [24.75837864122456, 59.440086818837315]]}, "properties": {"Speed": 22.2, "road_quality": 2, "marker": 7, "trip_id": "602D3_Trip1", "hrot_diff": 1, "sample_diff": 11, "time_diff_s": 0.181, "gps_distance_m": 4.8, "original_speed": "2293", "wheel_diameter_mm": 711.0003997802734, "braking_intensity": 0.0, "is_braking": false, "is_crash": false, "crash_intensity_g": 0.0, "segment_start_sample": 11387, "segment_end_sample": 11398, "time_str": "08:56:33", "Speed_display": 17.9}}, {"type": "Feature", "geometry": {"type": "LineString", "coordinates": [[24.75837864122456, 59.440086818837315], [24.758302676190777, 59.44009849509421]]}, "properties": {"Speed": 16.8, "road_quality": 2, "marker": 7, "trip_id": "602D3_Trip1", "hrot_diff": 1, "sample_diff": 11, "time_diff_s": 0.24, "gps_distance_m": 4.5, "original_speed": "2293", "wheel_diameter_mm": 711.0003997802734, "braking_intensity": 0.0, "is_braking": false, "is_crash": false, "crash_intensity_g": 0.0, "segment_start_sample": 11430, "segment_end_sample": 11441, "time_str": "08:56:34", "Speed_display": 17.9}}, {"type": "Feature", "geometry": {"type": "LineString", "coordinates": [[24.758302676190777, 59.44009849509421], [24.758226778683028, 59.44011550103728]]}, "properties": {"Speed": 22.5, "road_quality": 2, "marker": 7, "trip_id": "602D3_Trip1", "hrot_diff": 1, "sample_diff": 11, "time_diff_s": 0.179, "gps_distance_m": 4.7, "original_speed": "2252", "wheel_diameter_mm": 711.0003997802734, "braking_intensity": 0.0, "is_braking": false, "is_crash": false, "crash_intensity_g": 0.0, "segment_start_sample": 11485, "segment_end_sample": 11496, "time_str": "08:56:35", "Speed_display": 19.0}}, {"type": "Feature", "geometry": {"type": "LineString", "coordinates": [[24.758226778683028, 59.44011550103728], [24.758148071216443, 59.44012808817663]]}, "properties": {"Speed": 16.8, "road_quality": 2, "marker": 7, "trip_id": "602D3_Trip1", "hrot_diff": 1, "sample_diff": 11, "time_diff_s": 0.239, "gps_distance_m": 4.7, "original_speed": "2336", "wheel_diameter_mm": 711.0003997802734, "braking_intensity": 0.0, "is_braking": false, "is_crash": false, "crash_intensity_g": 0.0, "segment_start_sample": 11528, "segment_end_sample": 11539, "time_str": "08:56:36", "Speed_display": 19.0}}, {"type": "Feature", "geometry": {"type": "LineString", "coordinates": [[24.758148071216443, 59.44012808817663], [24.7580738500864, 59.44014174726087]]}, "properties": {"Speed": 16.8, "road_quality": 2, "marker": 7, "trip_id": "602D3_Trip1", "hrot_diff": 1, "sample_diff": 11, "time_diff_s": 0.239, "gps_distance_m": 4.5, "original_speed": "2293", "wheel_diameter_mm": 711.0003997802734, "braking_intensity": 0.0, "is_braking": false, "is_crash": false, "crash_intensity_g": 0.0, "segment_start_sample": 11582, "segment_end_sample": 11593, "time_str": "08:56:37", "Speed_display": 17.6}}, {"type": "Feature", "geometry": {"type": "LineString", "coordinates": [[24.7580738500864, 59.44014174726087], [24.757997992965535, 59.44014964557636]]}, "properties": {"Speed": 22.3, "road_quality": 2, "marker": 7, "trip_id": "602D3_Trip1", "hrot_diff": 1, "sample_diff": 12, "time_diff_s": 0.18, "gps_distance_m": 4.4, "original_speed": "2272", "wheel_diameter_mm": 711.0003997802734, "braking_intensity": 0.0, "is_braking": false, "is_crash": false, "crash_intensity_g": 0.0, "segment_start_sample": 11637, "segment_end_sample": 11649, "time_str": "08:56:38", "Speed_display": 16.4}}, {"type": "Feature", "geometry": {"type": "LineString", "coordinates": [[24.757997992965535, 59.44014964557636], [24.75791477494555, 59.44015876564795]]}, "properties": {"Speed": 9.6, "road_quality": 2, "marker": 7, "trip_id": "602D3_Trip1", "hrot_diff": 1, "sample_diff": 11, "time_diff_s": 0.42, "gps_distance_m": 4.8, "original_speed": "2272", "wheel_diameter_mm": 711.0003997802734, "braking_intensity": 0.0, "is_braking": false, "is_crash": false, "crash_intensity_g": 0.0, "segment_start_sample": 11670, "segment_end_sample": 11681, "time_str": "08:56:39", "Speed_display": 17.6}}, {"type": "Feature", "geometry": {"type": "LineString", "coordinates": [[24.75791477494555, 59.44015876564795], [24.757848692432532, 59.44018485176336]]}, "properties": {"Speed": 16.7, "road_quality": 2, "marker": 7, "trip_id": "602D3_Trip1", "hrot_diff": 1, "sample_diff": 11, "time_diff_s": 0.241, "gps_distance_m": 4.7, "original_speed": "2232", "wheel_diameter_mm": 711.0003997802734, "braking_intensity": 0.0, "is_braking": false, "is_crash": false, "crash_intensity_g": 0.0, "segment_start_sample": 11737, "segment_end_sample": 11748, "time_str": "08:56:40", "Speed_display": 16.5}}, {"type": "Feature", "geometry": {"type": "LineString", "coordinates": [[24.757848692432532, 59.44018485176336], [24.75777691050953, 59.44019897819489]]}, "properties": {"Speed": 22.5, "road_quality": 2, "marker": 7, "trip_id": "602D3_Trip1", "hrot_diff": 1, "sample_diff": 11, "time_diff_s": 0.179, "gps_distance_m": 4.4, "original_speed": "2252", "wheel_diameter_mm": 711.0003997802734, "braking_intensity": 0.0, "is_braking": false, "is_crash": false, "crash_intensity_g": 0.0, "segment_start_sample": 11781, "segment_end_sample": 11792, "time_str": "08:56:41", "Speed_display": 15.4}}, {"type": "Feature", "geometry": {"type": "LineString", "coordinates": [[24.75777691050953, 59.44019897819489], [24.757702678132574, 59.44021929053863]]}, "properties": {"Speed": 11.2, "road_quality": 2, "marker": 7, "trip_id": "602D3_Trip1", "hrot_diff": 1, "sample_diff": 12, "time_diff_s": 0.36, "gps_distance_m": 4.8, "original_speed": "2212", "wheel_diameter_mm": 711.0003997802734, "braking_intensity": 0.0, "is_braking": false, "is_crash": false, "crash_intensity_g": 0.0, "segment_start_sample": 11838, "segment_end_sample": 11850, "time_str": "08:56:42", "Speed_display": 15.7}}, {"type": "Feature", "geometry": {"type": "LineString", "coordinates": [[24.757702678132574, 59.44021929053863], [24.757652500608117, 59.44024337739533]]}, "properties": {"Speed": 16.8, "road_quality": 2, "marker": 7, "trip_id": "602D3_Trip1", "hrot_diff": 1, "sample_diff": 12, "time_diff_s": 0.24, "gps_distance_m": 3.9, "original_speed": "2136", "wheel_diameter_mm": 711.0003997802734, "braking_intensity": 0.0, "is_braking": false, "is_crash": false, "crash_intensity_g": 0.0, "segment_start_sample": 11884, "segment_end_sample": 11896, "time_str": "08:56:43", "Speed_display": 16.8}}, {"type": "Feature", "geometry": {"type": "LineString", "coordinates": [[24.757652500608117, 59.44024337739533], [24.75762114968655, 59.440263276573546]]}, "properties": {"Speed": 11.1, "road_quality": 2, "marker": 7, "trip_id": "602D3_Trip1", "hrot_diff": 1, "sample_diff": 15, "time_diff_s": 0.361, "gps_distance_m": 2.8, "original_speed": "2173", "wheel_diameter_mm": 711.0003997802734, "braking_intensity": 0.0, "is_braking": false, "is_crash": false, "crash_intensity_g": 0.0, "segment_start_sample": 11920, "segment_end_sample": 11935, "time_str": "08:56:44", "Speed_display": 15.7}}, {"type": "Feature", "geometry": {"type": "LineString", "coordinates": [[24.75762114968655, 59.440263276573546], [24.75767848874914, 59.44030235048546]]}, "properties": {"Speed": 22.6, "road_quality": 2, "marker": 7, "trip_id": "602D3_Trip1", "hrot_diff": 1, "sample_diff": 15, "time_diff_s": 0.178, "gps_distance_m": 5.4, "original_speed": "1818", "wheel_diameter_mm": 711.0003997802734, "braking_intensity": 0.0, "is_braking": false, "is_crash": false, "crash_intensity_g": 0.0, "segment_start_sample": 11964, "segment_end_sample": 11979, "time_str": "08:56:45", "Speed_display": 14.9}}, {"type": "Feature", "geometry": {"type": "LineString", "coordinates": [[24.75767848874914, 59.44030235048546], [24.75771708327249, 59.4403270049566]]}, "properties": {"Speed": 16.7, "road_quality": 2, "marker": 7, "trip_id": "602D3_Trip1", "hrot_diff": 1, "sample_diff": 17, "time_diff_s": 0.241, "gps_distance_m": 3.5, "original_speed": "1485", "wheel_diameter_mm": 711.0003997802734, "braking_intensity": 0.0, "is_braking": false, "is_crash": false, "crash_intensity_g": 0.0, "segment_start_sample": 12032, "segment_end_sample": 12049, "time_str": "08:56:46", "Speed_display": 16.0}}, {"type": "Feature", "geometry": {"type": "LineString", "coordinates": [[24.75771708327249, 59.4403270049566], [24.75773772110814, 59.440347408119464]]}, "properties": {"Speed": 7.5, "road_quality": 2, "marker": 7, "trip_id": "602D3_Trip1", "hrot_diff": 1, "sample_diff": 15, "time_diff_s": 0.538, "gps_distance_m": 2.6, "original_speed": "1351", "wheel_diameter_mm": 711.0003997802734, "braking_intensity": 0.0, "is_braking": false, "is_crash": false, "crash_intensity_g": 0.0, "segment_start_sample": 12085, "segment_end_sample": 12100, "time_str": "08:56:47", "Speed_display": 15.7}}, {"type": "Feature", "geometry": {"type": "LineString", "coordinates": [[24.75780936684859, 59.4404366635979], [24.757802920434074, 59.440458898659756]]}, "properties": {"Speed": 22.3, "road_quality": 2, "marker": 7, "trip_id": "602D3_Trip1", "hrot_diff": 1, "sample_diff": 18, "time_diff_s": 0.18, "gps_distance_m": 2.5, "original_speed": "1600", "wheel_diameter_mm": 711.0003997802734, "braking_intensity": 0.0, "is_braking": false, "is_crash": false, "crash_intensity_g": 0.0, "segment_start_sample": 12280, "segment_end_sample": 12298, "time_str": "08:56:51", "Speed_display": 13.5}}, {"type": "Feature", "geometry": {"type": "LineString", "coordinates": [[24.757802920434074, 59.440458898659756], [24.757752307323408, 59.44046905063123]]}, "properties": {"Speed": 9.6, "road_quality": 2, "marker": 7, "trip_id": "602D3_Trip1", "hrot_diff": 1, "sample_diff": 20, "time_diff_s": 0.42, "gps_distance_m": 3.1, "original_speed": "1388", "wheel_diameter_mm": 711.0003997802734, "braking_intensity": 0.0, "is_braking": false, "is_crash": false, "crash_intensity_g": 0.0, "segment_start_sample": 12335, "segment_end_sample": 12355, "time_str": "08:56:52", "Speed_display": 12.0}}, {"type": "Feature", "geometry": {"type": "LineString", "coordinates": [[24.757752307323408, 59.44046905063123], [24.757701716201844, 59.44045944404196]]}, "properties": {"Speed": 11.2, "road_quality": 2, "marker": 7, "trip_id": "602D3_Trip1", "hrot_diff": 1, "sample_diff": 18, "time_diff_s": 0.36, "gps_distance_m": 3.1, "original_speed": "1339", "wheel_diameter_mm": 711.0003997802734, "braking_intensity": 0.0, "is_braking": false, "is_crash": false, "crash_intensity_g": 0.0, "segment_start_sample": 12372, "segment_end_sample": 12390, "time_str": "08:56:53", "Speed_display": 13.9}}, {"type": "Feature", "geometry": {"type": "LineString", "coordinates": [[24.757701716201844, 59.44045944404196], [24.757647457278615, 59.44046330234155]]}, "properties": {"Speed": 9.5, "road_quality": 2, "marker": 7, "trip_id": "602D3_Trip1", "hrot_diff": 1, "sample_diff": 14, "time_diff_s": 0.422, "gps_distance_m": 3.1, "original_speed": "1470", "wheel_diameter_mm": 711.0003997802734, "braking_intensity": 0.0, "is_braking": false, "is_crash": false, "crash_intensity_g": 0.0, "segment_start_sample": 12423, "segment_end_sample": 12437, "time_str": "08:56:54", "Speed_display": 13.8}}, {"type": "Feature", "geometry": {"type": "LineString", "coordinates": [[24.757647457278615, 59.44046330234155], [24.75758494930374, 59.44047416411836]]}, "properties": {"Speed": 16.8, "road_quality": 2, "marker": 7, "trip_id": "602D3_Trip1", "hrot_diff": 1, "sample_diff": 14, "time_diff_s": 0.24, "gps_distance_m": 3.7, "original_speed": "1694", "wheel_diameter_mm": 711.0003997802734, "braking_intensity": 0.0, "is_braking": false, "is_crash": false, "crash_intensity_g": 0.0, "segment_start_sample": 12481, "segment_end_sample": 12495, "time_str": "08:56:55", "Speed_display": 15.3}}, {"type": "Feature", "geometry": {"type": "LineString", "coordinates": [[24.75753302811112, 59.440489948430695], [24.757461976232563, 59.44049798809342]]}, "properties": {"Speed": 22.0, "road_quality": 2, "marker": 7, "trip_id": "602D3_Trip1", "hrot_diff": 1, "sample_diff": 14, "time_diff_s": 0.183, "gps_distance_m": 4.1, "original_speed": "1941", "wheel_diameter_mm": 711.0003997802734, "braking_intensity": 0.0, "is_braking": false, "is_crash": false, "crash_intensity_g": 0.0, "segment_start_sample": 12584, "segment_end_sample": 12598, "time_str": "08:56:57", "Speed_display": 14.4}}, {"type": "Feature", "geometry": {"type": "LineString", "coordinates": [[24.757461976232563, 59.44049798809342], [24.75739062717616, 59.440507883629714]]}, "properties": {"Speed": 16.8, "road_quality": 2, "marker": 7, "trip_id": "602D3_Trip1", "hrot_diff": 1, "sample_diff": 13, "time_diff_s": 0.24, "gps_distance_m": 4.2, "original_speed": "2100", "wheel_diameter_mm": 711.0003997802734, "braking_intensity": 0.0, "is_braking": false, "is_crash": false, "crash_intensity_g": 0.0, "segment_start_sample": 12632, "segment_end_sample": 12645, "time_str": "08:56:58", "Speed_display": 15.8}}, {"type": "Feature", "geometry": {"type": "LineString", "coordinates": [[24.757319382805488, 59.440523292981894], [24.757242519349617, 59.440536323224606]]}, "properties": {"Speed": 6.7, "road_quality": 2, "marker": 7, "trip_id": "602D3_Trip1", "hrot_diff": 1, "sample_diff": 12, "time_diff_s": 0.6, "gps_distance_m": 4.6, "original_speed": "2100", "wheel_diameter_mm": 711.0003997802734, "braking_intensity": 0.0, "is_braking": false, "is_crash": false, "crash_intensity_g": 0.0, "segment_start_sample": 12728, "segment_end_sample": 12740, "time_str": "08:57:00", "Speed_display": 16.9}}, {"type": "Feature", "geometry": {"type": "LineString", "coordinates": [[24.757242519349617, 59.440536323224606], [24.757168672262356, 59.44054908601155]]}, "properties": {"Speed": 16.8, "road_quality": 2, "marker": 7, "trip_id": "602D3_Trip1", "hrot_diff": 1, "sample_diff": 11, "time_diff_s": 0.24, "gps_distance_m": 4.4, "original_speed": "2252", "wheel_diameter_mm": 711.0003997802734, "braking_intensity": 0.0, "is_braking": false, "is_crash": false, "crash_intensity_g": 0.0, "segment_start_sample": 12784, "segment_end_sample": 12795, "time_str": "08:57:01", "Speed_display": 15.8}}, {"type": "Feature", "geometry": {"type": "LineString", "coordinates": [[24.757095275254823, 59.4405635749795], [24.757023639049383, 59.44058340340896]]}, "properties": {"Speed": 22.0, "road_quality": 2, "marker": 7, "trip_id": "602D3_Trip1", "hrot_diff": 1, "sample_diff": 12, "time_diff_s": 0.183, "gps_distance_m": 4.6, "original_speed": "2403", "wheel_diameter_mm": 711.0003997802734, "braking_intensity": 0.0, "is_braking": false, "is_crash": false, "crash_intensity_g": 0.0, "segment_start_sample": 12882, "segment_end_sample": 12894, "time_str": "08:57:03", "Speed_display": 17.0}}, {"type": "Feature", "geometry": {"type": "LineString", "coordinates": [[24.757023639049383, 59.44058340340896], [24.756948349472776, 59.44059837799831]]}, "properties": {"Speed": 16.8, "road_quality": 2, "marker": 7, "trip_id": "602D3_Trip1", "hrot_diff": 1, "sample_diff": 12, "time_diff_s": 0.24, "gps_distance_m": 4.6, "original_speed": "2252", "wheel_diameter_mm": 711.0003997802734, "braking_intensity": 0.0, "is_braking": false, "is_crash": false, "crash_intensity_g": 0.0, "segment_start_sample": 12937, "segment_end_sample": 12949, "time_str": "08:57:04", "Speed_display": 17.9}}, {"type": "Feature", "geometry": {"type": "LineString", "coordinates": [[24.756948349472776, 59.44059837799831], [24.75687146542728, 59.4406101508338]]}, "properties": {"Speed": 22.5, "road_quality": 2, "marker": 7, "trip_id": "602D3_Trip1", "hrot_diff": 1, "sample_diff": 11, "time_diff_s": 0.179, "gps_distance_m": 4.5, "original_speed": "2252", "wheel_diameter_mm": 711.0003997802734, "braking_intensity": 0.0, "is_braking": false, "is_crash": false, "crash_intensity_g": 0.0, "segment_start_sample": 12983, "segment_end_sample": 12994, "time_str": "08:57:05", "Speed_display": 16.4}}, {"type": "Feature", "geometry": {"type": "LineString", "coordinates": [[24.75687146542728, 59.4406101508338], [24.75679716239827, 59.440624529644914]]}, "properties": {"Speed": 11.2, "road_quality": 2, "marker": 7, "trip_id": "602D3_Trip1", "hrot_diff": 1, "sample_diff": 12, "time_diff_s": 0.359, "gps_distance_m": 4.5, "original_speed": "2252", "wheel_diameter_mm": 711.0003997802734, "braking_intensity": 0.0, "is_braking": false, "is_crash": false, "crash_intensity_g": 0.0, "segment_start_sample": 13038, "segment_end_sample": 13050, "time_str": "08:57:06", "Speed_display": 16.4}}, {"type": "Feature", "geometry": {"type": "LineString", "coordinates": [[24.75679716239827, 59.440624529644914], [24.75672302853282, 59.44063907756851]]}, "properties": {"Speed": 9.5, "road_quality": 2, "marker": 7, "trip_id": "602D3_Trip1", "hrot_diff": 1, "sample_diff": 10, "time_diff_s": 0.423, "gps_distance_m": 4.5, "original_speed": "2173", "wheel_diameter_mm": 711.0003997802734, "braking_intensity": 0.0, "is_braking": false, "is_crash": false, "crash_intensity_g": 0.0, "segment_start_sample": 13085, "segment_end_sample": 13095, "time_str": "08:57:07", "Speed_display": 14.5}}, {"type": "Feature", "geometry": {"type": "LineString", "coordinates": [[24.75672302853282, 59.44063907756851], [24.756649403552345, 59.440652886928305]]}, "properties": {"Speed": 22.1, "road_quality": 2, "marker": 7, "trip_id": "602D3_Trip1", "hrot_diff": 1, "sample_diff": 12, "time_diff_s": 0.182, "gps_distance_m": 4.4, "original_speed": "2232", "wheel_diameter_mm": 711.0003997802734, "braking_intensity": 0.0, "is_braking": false, "is_crash": false, "crash_intensity_g": 0.0, "segment_start_sample": 13127, "segment_end_sample": 13139, "time_str": "08:57:08", "Speed_display": 14.5}}, {"type": "Feature", "geometry": {"type": "LineString", "coordinates": [[24.756649403552345, 59.440652886928305], [24.756579717393265, 59.440670963101454]]}, "properties": {"Speed": 7.4, "road_quality": 2, "marker": 7, "trip_id": "602D3_Trip1", "hrot_diff": 1, "sample_diff": 10, "time_diff_s": 0.54, "gps_distance_m": 4.4, "original_speed": "2192", "wheel_diameter_mm": 711.0003997802734, "braking_intensity": 0.0, "is_braking": false, "is_crash": false, "crash_intensity_g": 0.0, "segment_start_sample": 13174, "segment_end_sample": 13184, "time_str": "08:57:09", "Speed_display": 14.2}}, {"type": "Feature", "geometry": {"type": "LineString", "coordinates": [[24.756579717393265, 59.440670963101454], [24.756505140278634, 59.44068586719002]]}, "properties": {"Speed": 22.2, "road_quality": 2, "marker": 7, "trip_id": "602D3_Trip1", "hrot_diff": 1, "sample_diff": 11, "time_diff_s": 0.181, "gps_distance_m": 4.5, "original_speed": "2252", "wheel_diameter_mm": 711.0003997802734, "braking_intensity": 0.0, "is_braking": false, "is_crash": false, "crash_intensity_g": 0.0, "segment_start_sample": 13230, "segment_end_sample": 13241, "time_str": "08:57:10", "Speed_display": 15.6}}, {"type": "Feature", "geometry": {"type": "LineString", "coordinates": [[24.756505140278634, 59.44068586719002], [24.756433469639624, 59.440701318092124]]}, "properties": {"Speed": 9.6, "road_quality": 2, "marker": 7, "trip_id": "602D3_Trip1", "hrot_diff": 1, "sample_diff": 15, "time_diff_s": 0.418, "gps_distance_m": 4.4, "original_speed": "2212", "wheel_diameter_mm": 711.0003997802734, "braking_intensity": 0.0, "is_braking": false, "is_crash": false, "crash_intensity_g": 0.0, "segment_start_sample": 13286, "segment_end_sample": 13301, "time_str": "08:57:11", "Speed_display": 15.7}}, {"type": "Feature", "geometry": {"type": "LineString", "coordinates": [[24.756433469639624, 59.440701318092124], [24.75636225006035, 59.44071402226526]]}, "properties": {"Speed": 16.8, "road_quality": 2, "marker": 7, "trip_id": "602D3_Trip1", "hrot_diff": 1, "sample_diff": 12, "time_diff_s": 0.24, "gps_distance_m": 4.3, "original_speed": "2173", "wheel_diameter_mm": 711.0003997802734, "braking_intensity": 0.0, "is_braking": false, "is_crash": false, "crash_intensity_g": 0.0, "segment_start_sample": 13332, "segment_end_sample": 13344, "time_str": "08:57:12", "Speed_display": 18.8}}, {"type": "Feature", "geometry": {"type": "LineString", "coordinates": [[24.75636225006035, 59.44071402226526], [24.756291367212416, 59.440727772657965]]}, "properties": {"Speed": 22.6, "road_quality": 2, "marker": 7, "trip_id": "602D3_Trip1", "hrot_diff": 1, "sample_diff": 11, "time_diff_s": 0.178, "gps_distance_m": 4.3, "original_speed": "2192", "wheel_diameter_mm": 711.0003997802734, "braking_intensity": 0.0, "is_braking": false, "is_crash": false, "crash_intensity_g": 0.0, "segment_start_sample": 13378, "segment_end_sample": 13389, "time_str": "08:57:13", "Speed_display": 18.8}}, {"type": "Feature", "geometry": {"type": "LineString", "coordinates": [[24.756291367212416, 59.440727772657965], [24.75621997098198, 59.440742144359234]]}, "properties": {"Speed": 22.7, "road_quality": 2, "marker": 7, "trip_id": "602D3_Trip1", "hrot_diff": 1, "sample_diff": 10, "time_diff_s": 0.177, "gps_distance_m": 4.3, "original_speed": "2192", "wheel_diameter_mm": 711.0003997802734, "braking_intensity": 0.0, "is_braking": false, "is_crash": false, "crash_intensity_g": 0.0, "segment_start_sample": 13435, "segment_end_sample": 13445, "time_str": "08:57:14", "Speed_display": 18.7}}, {"type": "Feature", "geometry": {"type": "LineString", "coordinates": [[24.75621997098198, 59.440742144359234], [24.756145901644242, 59.44075535828957]]}, "properties": {"Speed": 22.1, "road_quality": 2, "marker": 7, "trip_id": "602D3_Trip1", "hrot_diff": 1, "sample_diff": 10, "time_diff_s": 0.182, "gps_distance_m": 4.4, "original_speed": "2232", "wheel_diameter_mm": 711.0003997802734, "braking_intensity": 0.0, "is_braking": false, "is_crash": false, "crash_intensity_g": 0.0, "segment_start_sample": 13481, "segment_end_sample": 13491, "time_str": "08:57:15", "Speed_display": 17.3}}, {"type": "Feature", "geometry": {"type": "LineString", "coordinates": [[24.756145901644242, 59.44075535828957], [24.75607006169814, 59.44076933873034]]}, "properties": {"Speed": 9.5, "road_quality": 2, "marker": 7, "trip_id": "602D3_Trip1", "hrot_diff": 1, "sample_diff": 13, "time_diff_s": 0.422, "gps_distance_m": 4.6, "original_speed": "2293", "wheel_diameter_mm": 711.0003997802734, "braking_intensity": 0.0, "is_braking": false, "is_crash": false, "crash_intensity_g": 0.0, "segment_start_sample": 13534, "segment_end_sample": 13547, "time_str": "08:57:16", "Speed_display": 17.2}}, {"type": "Feature", "geometry": {"type": "LineString", "coordinates": [[24.75607006169814, 59.44076933873034], [24.75599358802274, 59.440783001972605]]}, "properties": {"Speed": 9.6, "road_quality": 2, "marker": 7, "trip_id": "602D3_Trip1", "hrot_diff": 1, "sample_diff": 12, "time_diff_s": 0.419, "gps_distance_m": 4.6, "original_speed": "2272", "wheel_diameter_mm": 711.0003997802734, "braking_intensity": 0.0, "is_braking": false, "is_crash": false, "crash_intensity_g": 0.0, "segment_start_sample": 13578, "segment_end_sample": 13590, "time_str": "08:57:17", "Speed_display": 17.2}}, {"type": "Feature", "geometry": {"type": "LineString", "coordinates": [[24.75599358802274, 59.440783001972605], [24.755919564574075, 59.44079542735069]]}, "properties": {"Speed": 22.1, "road_quality": 2, "marker": 7, "trip_id": "602D3_Trip1", "hrot_diff": 1, "sample_diff": 12, "time_diff_s": 0.182, "gps_distance_m": 4.4, "original_speed": "2252", "wheel_diameter_mm": 711.0003997802734, "braking_intensity": 0.0, "is_braking": false, "is_crash": false, "crash_intensity_g": 0.0, "segment_start_sample": 13634, "segment_end_sample": 13646, "time_str": "08:57:18", "Speed_display": 17.3}}, {"type": "Feature", "geometry": {"type": "LineString", "coordinates": [[24.755919564574075, 59.44079542735069], [24.75584425411162, 59.44080972970565]]}, "properties": {"Speed": 22.6, "road_quality": 2, "marker": 7, "trip_id": "602D3_Trip1", "hrot_diff": 1, "sample_diff": 10, "time_diff_s": 0.178, "gps_distance_m": 4.5, "original_speed": "2212", "wheel_diameter_mm": 711.0003997802734, "braking_intensity": 0.0, "is_braking": false, "is_crash": false, "crash_intensity_g": 0.0, "segment_start_sample": 13679, "segment_end_sample": 13689, "time_str": "08:57:19", "Speed_display": 19.8}}, {"type": "Feature", "geometry": {"type": "LineString", "coordinates": [[24.75584425411162, 59.44080972970565], [24.75576296960812, 59.44082486971356]]}, "properties": {"Speed": 22.5, "road_quality": 2, "marker": 7, "trip_id": "602D3_Trip1", "hrot_diff": 1, "sample_diff": 13, "time_diff_s": 0.179, "gps_distance_m": 4.9, "original_speed": "2336", "wheel_diameter_mm": 711.0003997802734, "braking_intensity": 0.0, "is_braking": false, "is_crash": false, "crash_intensity_g": 0.0, "segment_start_sample": 13733, "segment_end_sample": 13746, "time_str": "08:57:20", "Speed_display": 19.4}}, {"type": "Feature", "geometry": {"type": "LineString", "coordinates": [[24.75576296960812, 59.44082486971356], [24.75569031334026, 59.440835879379975]]}, "properties": {"Speed": 22.3, "road_quality": 2, "marker": 7, "trip_id": "602D3_Trip1", "hrot_diff": 1, "sample_diff": 11, "time_diff_s": 0.18, "gps_distance_m": 4.3, "original_speed": "2232", "wheel_diameter_mm": 711.0003997802734, "braking_intensity": 0.0, "is_braking": false, "is_crash": false, "crash_intensity_g": 0.0, "segment_start_sample": 13768, "segment_end_sample": 13779, "time_str": "08:57:21", "Speed_display": 19.5}}, {"type": "Feature", "geometry": {"type": "LineString", "coordinates": [[24.75569031334026, 59.440835879379975], [24.755611463443156, 59.44084725216971]]}, "properties": {"Speed": 7.4, "road_quality": 2, "marker": 7, "trip_id": "602D3_Trip1", "hrot_diff": 1, "sample_diff": 12, "time_diff_s": 0.542, "gps_distance_m": 4.6, "original_speed": "2212", "wheel_diameter_mm": 711.0003997802734, "braking_intensity": 0.0, "is_braking": false, "is_crash": false, "crash_intensity_g": 0.0, "segment_start_sample": 13836, "segment_end_sample": 13848, "time_str": "08:57:22", "Speed_display": 19.4}}, {"type": "Feature", "geometry": {"type": "LineString", "coordinates": [[24.755611463443156, 59.44084725216971], [24.75554157998568, 59.440861828006724]]}, "properties": {"Speed": 22.6, "road_quality": 2, "marker": 7, "trip_id": "602D3_Trip1", "hrot_diff": 1, "sample_diff": 12, "time_diff_s": 0.178, "gps_distance_m": 4.3, "original_speed": "2100", "wheel_diameter_mm": 711.0003997802734, "braking_intensity": 0.0, "is_braking": false, "is_crash": false, "crash_intensity_g": 0.0, "segment_start_sample": 13885, "segment_end_sample": 13897, "time_str": "08:57:23", "Speed_display": 21.0}}, {"type": "Feature", "geometry": {"type": "LineString", "coordinates": [[24.75554157998568, 59.440861828006724], [24.755470842384998, 59.44087322301313]]}, "properties": {"Speed": 22.2, "road_quality": 2, "marker": 7, "trip_id": "602D3_Trip1", "hrot_diff": 1, "sample_diff": 12, "time_diff_s": 0.181, "gps_distance_m": 4.2, "original_speed": "1980", "wheel_diameter_mm": 711.0003997802734, "braking_intensity": 0.0, "is_braking": false, "is_crash": false, "crash_intensity_g": 0.0, "segment_start_sample": 13934, "segment_end_sample": 13946, "time_str": "08:57:24", "Speed_display": 21.1}}, {"type": "Feature", "geometry": {"type": "LineString", "coordinates": [[24.755470842384998, 59.44087322301313], [24.755404681645985, 59.44088369000695]]}, "properties": {"Speed": 30.5, "road_quality": 2, "marker": 7, "trip_id": "602D3_Trip1", "hrot_diff": 1, "sample_diff": 12, "time_diff_s": 0.132, "gps_distance_m": 3.9, "original_speed": "2049", "wheel_diameter_mm": 711.0003997802734, "braking_intensity": 0.0, "is_braking": false, "is_crash": false, "crash_intensity_g": 0.0, "segment_start_sample": 13983, "segment_end_sample": 13995, "time_str": "08:57:26", "Speed_display": 26.2}}, {"type": "Feature", "geometry": {"type": "LineString", "coordinates": [[24.755404681645985, 59.44088369000695], [24.755329635782747, 59.44089303401145]]}, "properties": {"Speed": 22.6, "road_quality": 2, "marker": 7, "trip_id": "602D3_Trip1", "hrot_diff": 1, "sample_diff": 13, "time_diff_s": 0.178, "gps_distance_m": 4.4, "original_speed": "2032", "wheel_diameter_mm": 711.0003997802734, "braking_intensity": 0.0, "is_braking": false, "is_crash": false, "crash_intensity_g": 0.0, "segment_start_sample": 14033, "segment_end_sample": 14046, "time_str": "08:57:26", "Speed_display": 25.1}}, {"type": "Feature", "geometry": {"type": "LineString", "coordinates": [[24.755329635782747, 59.44089303401145], [24.755263175029352, 59.44090145778938]]}, "properties": {"Speed": 33.2, "road_quality": 2, "marker": 7, "trip_id": "602D3_Trip1", "hrot_diff": 1, "sample_diff": 13, "time_diff_s": 0.121, "gps_distance_m": 3.9, "original_speed": "1960", "wheel_diameter_mm": 711.0003997802734, "braking_intensity": 0.0, "is_braking": false, "is_crash": false, "crash_intensity_g": 0.0, "segment_start_sample": 14084, "segment_end_sample": 14097, "time_str": "08:57:28", "Speed_display": 24.6}}, {"type": "Feature", "geometry": {"type": "LineString", "coordinates": [[24.755263175029352, 59.44090145778938], [24.755196730491882, 59.44091274653608]]}, "properties": {"Speed": 16.8, "road_quality": 2, "marker": 7, "trip_id": "602D3_Trip1", "hrot_diff": 1, "sample_diff": 13, "time_diff_s": 0.24, "gps_distance_m": 4.0, "original_speed": "2000", "wheel_diameter_mm": 711.0003997802734, "braking_intensity": 0.0, "is_braking": false, "is_crash": false, "crash_intensity_g": 0.0, "segment_start_sample": 14134, "segment_end_sample": 14147, "time_str": "08:57:28", "Speed_display": 20.7}}, {"type": "Feature", "geometry": {"type": "LineString", "coordinates": [[24.755196730491882, 59.44091274653608], [24.755131185471924, 59.440922090403895]]}, "properties": {"Speed": 20.1, "road_quality": 2, "marker": 7, "trip_id": "602D3_Trip1", "hrot_diff": 1, "sample_diff": 14, "time_diff_s": 0.2, "gps_distance_m": 3.8, "original_speed": "2016", "wheel_diameter_mm": 711.0003997802734, "braking_intensity": 0.0, "is_braking": false, "is_crash": false, "crash_intensity_g": 0.0, "segment_start_sample": 14183, "segment_end_sample": 14197, "time_str": "08:57:29", "Speed_display": 22.9}}, {"type": "Feature", "geometry": {"type": "LineString", "coordinates": [[24.755063384186048, 59.44093500290818], [24.754998351496035, 59.4409471369488]]}, "properties": {"Speed": 11.0, "road_quality": 2, "marker": 7, "trip_id": "602D3_Trip1", "hrot_diff": 1, "sample_diff": 11, "time_diff_s": 0.364, "gps_distance_m": 3.9, "original_speed": "2032", "wheel_diameter_mm": 711.0003997802734, "braking_intensity": 0.0, "is_braking": false, "is_crash": false, "crash_intensity_g": 0.0, "segment_start_sample": 14282, "segment_end_sample": 14293, "time_str": "08:57:31", "Speed_display": 18.2}}, {"type": "Feature", "geometry": {"type": "LineString", "coordinates": [[24.75492754777024, 59.440958913747714], [24.75485333148502, 59.44097166149019]]}, "properties": {"Speed": 33.5, "road_quality": 2, "marker": 7, "trip_id": "602D3_Trip1", "hrot_diff": 1, "sample_diff": 11, "time_diff_s": 0.12, "gps_distance_m": 4.4, "original_speed": "2192", "wheel_diameter_mm": 711.0003997802734, "braking_intensity": 0.0, "is_braking": false, "is_crash": false, "crash_intensity_g": 0.0, "segment_start_sample": 14386, "segment_end_sample": 14397, "time_str": "08:57:34", "Speed_display": 18.2}}, {"type": "Feature", "geometry": {"type": "LineString", "coordinates": [[24.754775881181942, 59.44098449690712], [24.754703910166544, 59.44099912371294]]}, "properties": {"Speed": 9.6, "road_quality": 2, "marker": 7, "trip_id": "602D3_Trip1", "hrot_diff": 1, "sample_diff": 11, "time_diff_s": 0.42, "gps_distance_m": 4.4, "original_speed": "2232", "wheel_diameter_mm": 711.0003997802734, "braking_intensity": 0.0, "is_braking": false, "is_crash": false, "crash_intensity_g": 0.0, "segment_start_sample": 14486, "segment_end_sample": 14497, "time_str": "08:57:35", "Speed_display": 18.3}}, {"type": "Feature", "geometry": {"type": "LineString", "coordinates": [[24.754628027099557, 59.441012624876976], [24.754554812854348, 59.441026542173105]]}, "properties": {"Speed": 16.8, "road_quality": 2, "marker": 7, "trip_id": "602D3_Trip1", "hrot_diff": 1, "sample_diff": 11, "time_diff_s": 0.24, "gps_distance_m": 4.4, "original_speed": "2192", "wheel_diameter_mm": 711.0003997802734, "braking_intensity": 0.0, "is_braking": false, "is_crash": false, "crash_intensity_g": 0.0, "segment_start_sample": 14588, "segment_end_sample": 14599, "time_str": "08:57:37", "Speed_display": 18.1}}, {"type": "Feature", "geometry": {"type": "LineString", "coordinates": [[24.754554812854348, 59.441026542173105], [24.754482256219035, 59.44104048376031]]}, "properties": {"Speed": 20.8, "road_quality": 2, "marker": 7, "trip_id": "602D3_Trip1", "hrot_diff": 1, "sample_diff": 12, "time_diff_s": 0.193, "gps_distance_m": 4.4, "original_speed": "2192", "wheel_diameter_mm": 711.0003997802734, "braking_intensity": 0.0, "is_braking": false, "is_crash": false, "crash_intensity_g": 0.0, "segment_start_sample": 14635, "segment_end_sample": 14647, "time_str": "08:57:38", "Speed_display": 14.7}}, {"type": "Feature", "geometry": {"type": "LineString", "coordinates": [[24.754482256219035, 59.44104048376031], [24.75441177940853, 59.441052644013894]]}, "properties": {"Speed": 9.6, "road_quality": 2, "marker": 7, "trip_id": "602D3_Trip1", "hrot_diff": 1, "sample_diff": 11, "time_diff_s": 0.421, "gps_distance_m": 4.2, "original_speed": "2100", "wheel_diameter_mm": 711.0003997802734, "braking_intensity": 0.0, "is_braking": false, "is_crash": false, "crash_intensity_g": 0.0, "segment_start_sample": 14671, "segment_end_sample": 14682, "time_str": "08:57:39", "Speed_display": 14.3}}, {"type": "Feature", "geometry": {"type": "LineString", "coordinates": [[24.75441177940853, 59.441052644013894], [24.754343052331755, 59.44106365212443]]}, "properties": {"Speed": 16.8, "road_quality": 2, "marker": 7, "trip_id": "602D3_Trip1", "hrot_diff": 1, "sample_diff": 12, "time_diff_s": 0.24, "gps_distance_m": 4.1, "original_speed": "2118", "wheel_diameter_mm": 711.0003997802734, "braking_intensity": 0.0, "is_braking": false, "is_crash": false, "crash_intensity_g": 0.0, "segment_start_sample": 14731, "segment_end_sample": 14743, "time_str": "08:57:40", "Speed_display": 15.4}}, {"type": "Feature", "geometry": {"type": "LineString", "coordinates": [[24.754343052331755, 59.44106365212443], [24.754272793021592, 59.44107673444403]]}, "properties": {"Speed": 7.4, "road_quality": 2, "marker": 7, "trip_id": "602D3_Trip1", "hrot_diff": 1, "sample_diff": 14, "time_diff_s": 0.541, "gps_distance_m": 4.2, "original_speed": "2136", "wheel_diameter_mm": 711.0003997802734, "braking_intensity": 0.0, "is_braking": false, "is_crash": false, "crash_intensity_g": 0.0, "segment_start_sample": 14788, "segment_end_sample": 14802, "time_str": "08:57:41", "Speed_display": 15.7}}, {"type": "Feature", "geometry": {"type": "LineString", "coordinates": [[24.754272793021592, 59.44107673444403], [24.754200990964005, 59.44109053659894]]}, "properties": {"Speed": 22.2, "road_quality": 2, "marker": 7, "trip_id": "602D3_Trip1", "hrot_diff": 1, "sample_diff": 11, "time_diff_s": 0.181, "gps_distance_m": 4.3, "original_speed": "2155", "wheel_diameter_mm": 711.0003997802734, "braking_intensity": 0.0, "is_braking": false, "is_crash": false, "crash_intensity_g": 0.0, "segment_start_sample": 14835, "segment_end_sample": 14846, "time_str": "08:57:42", "Speed_display": 16.0}}, {"type": "Feature", "geometry": {"type": "LineString", "coordinates": [[24.754200990964005, 59.44109053659894], [24.75413409234072, 59.44110454826191]]}, "properties": {"Speed": 22.3, "road_quality": 2, "marker": 7, "trip_id": "602D3_Trip1", "hrot_diff": 1, "sample_diff": 11, "time_diff_s": 0.18, "gps_distance_m": 4.1, "original_speed": "2173", "wheel_diameter_mm": 711.0003997802734, "braking_intensity": 0.0, "is_braking": false, "is_crash": false, "crash_intensity_g": 0.0, "segment_start_sample": 14882, "segment_end_sample": 14893, "time_str": "08:57:43", "Speed_display": 17.2}}, {"type": "Feature", "geometry": {"type": "LineString", "coordinates": [[24.75413409234072, 59.44110454826191], [24.75406536420068, 59.44112290799361]]}, "properties": {"Speed": 11.1, "road_quality": 2, "marker": 7, "trip_id": "602D3_Trip1", "hrot_diff": 1, "sample_diff": 13, "time_diff_s": 0.363, "gps_distance_m": 4.4, "original_speed": "2136", "wheel_diameter_mm": 711.0003997802734, "braking_intensity": 0.0, "is_braking": false, "is_crash": false, "crash_intensity_g": 0.0, "segment_start_sample": 14928, "segment_end_sample": 14941, "time_str": "08:57:44", "Speed_display": 19.1}}, {"type": "Feature", "geometry": {"type": "LineString", "coordinates": [[24.75406536420068, 59.44112290799361], [24.754001847811, 59.4411427841147]]}, "properties": {"Speed": 23.0, "road_quality": 2, "marker": 7, "trip_id": "602D3_Trip1", "hrot_diff": 1, "sample_diff": 11, "time_diff_s": 0.175, "gps_distance_m": 4.2, "original_speed": "2136", "wheel_diameter_mm": 711.0003997802734, "braking_intensity": 0.0, "is_braking": false, "is_crash": false, "crash_intensity_g": 0.0, "segment_start_sample": 14975, "segment_end_sample": 14986, "time_str": "08:57:45", "Speed_display": 16.6}}, {"type": "Feature", "geometry": {"type": "LineString", "coordinates": [[24.754001847811, 59.4411427841147], [24.75393877489754, 59.44116100282408]]}, "properties": {"Speed": 16.8, "road_quality": 2, "marker": 7, "trip_id": "602D3_Trip1", "hrot_diff": 1, "sample_diff": 13, "time_diff_s": 0.24, "gps_distance_m": 4.1, "original_speed": "2118", "wheel_diameter_mm": 711.0003997802734, "braking_intensity": 0.0, "is_braking": false, "is_crash": false, "crash_intensity_g": 0.0, "segment_start_sample": 15033, "segment_end_sample": 15046, "time_str": "08:57:46", "Speed_display": 16.5}}, {"type": "Feature", "geometry": {"type": "LineString", "coordinates": [[24.75393877489754, 59.44116100282408], [24.753880089990158, 59.44118401415796]]}, "properties": {"Speed": 9.6, "road_quality": 2, "marker": 7, "trip_id": "602D3_Trip1", "hrot_diff": 1, "sample_diff": 11, "time_diff_s": 0.42, "gps_distance_m": 4.2, "original_speed": "2192", "wheel_diameter_mm": 711.0003997802734, "braking_intensity": 0.0, "is_braking": false, "is_crash": false, "crash_intensity_g": 0.0, "segment_start_sample": 15080, "segment_end_sample": 15091, "time_str": "08:57:47", "Speed_display": 17.7}}, {"type": "Feature", "geometry": {"type": "LineString", "coordinates": [[24.753880089990158, 59.44118401415796], [24.75382552723465, 59.44120770140774]]}, "properties": {"Speed": 22.2, "road_quality": 2, "marker": 7, "trip_id": "602D3_Trip1", "hrot_diff": 1, "sample_diff": 12, "time_diff_s": 0.181, "gps_distance_m": 4.1, "original_speed": "2173", "wheel_diameter_mm": 711.0003997802734, "braking_intensity": 0.0, "is_braking": false, "is_crash": false, "crash_intensity_g": 0.0, "segment_start_sample": 15137, "segment_end_sample": 15149, "time_str": "08:57:48", "Speed_display": 17.5}}, {"type": "Feature", "geometry": {"type": "LineString", "coordinates": [[24.75382552723465, 59.44120770140774], [24.753769633311606, 59.44123259140398]]}, "properties": {"Speed": 16.8, "road_quality": 2, "marker": 7, "trip_id": "602D3_Trip1", "hrot_diff": 1, "sample_diff": 14, "time_diff_s": 0.24, "gps_distance_m": 4.2, "original_speed": "2136", "wheel_diameter_mm": 711.0003997802734, "braking_intensity": 0.0, "is_braking": false, "is_crash": false, "crash_intensity_g": 0.0, "segment_start_sample": 15183, "segment_end_sample": 15197, "time_str": "08:57:49", "Speed_display": 16.1}}, {"type": "Feature", "geometry": {"type": "LineString", "coordinates": [[24.753769633311606, 59.44123259140398], [24.753719671786477, 59.44125911661079]]}, "properties": {"Speed": 22.3, "road_quality": 2, "marker": 7, "trip_id": "602D3_Trip1", "hrot_diff": 1, "sample_diff": 11, "time_diff_s": 0.18, "gps_distance_m": 4.1, "original_speed": "2173", "wheel_diameter_mm": 711.0003997802734, "braking_intensity": 0.0, "is_braking": false, "is_crash": false, "crash_intensity_g": 0.0, "segment_start_sample": 15231, "segment_end_sample": 15242, "time_str": "08:57:50", "Speed_display": 18.6}}, {"type": "Feature", "geometry": {"type": "LineString", "coordinates": [[24.753719671786477, 59.44125911661079], [24.753668718150102, 59.4412849760742]]}, "properties": {"Speed": 9.5, "road_quality": 2, "marker": 7, "trip_id": "602D3_Trip1", "hrot_diff": 1, "sample_diff": 11, "time_diff_s": 0.422, "gps_distance_m": 4.1, "original_speed": "2173", "wheel_diameter_mm": 711.0003997802734, "braking_intensity": 0.0, "is_braking": false, "is_crash": false, "crash_intensity_g": 0.0, "segment_start_sample": 15279, "segment_end_sample": 15290, "time_str": "08:57:51", "Speed_display": 16.1}}, {"type": "Feature", "geometry": {"type": "LineString", "coordinates": [[24.753668718150102, 59.4412849760742], [24.753622926447033, 59.44131366875703]]}, "properties": {"Speed": 22.3, "road_quality": 2, "marker": 7, "trip_id": "602D3_Trip1", "hrot_diff": 1, "sample_diff": 12, "time_diff_s": 0.18, "gps_distance_m": 4.1, "original_speed": "2066", "wheel_diameter_mm": 711.0003997802734, "braking_intensity": 0.0, "is_braking": false, "is_crash": false, "crash_intensity_g": 0.0, "segment_start_sample": 15327, "segment_end_sample": 15339, "time_str": "08:57:52", "Speed_display": 14.7}}, {"type": "Feature", "geometry": {"type": "LineString", "coordinates": [[24.753622926447033, 59.44131366875703], [24.753580620927366, 59.441343724026986]]}, "properties": {"Speed": 9.6, "road_quality": 2, "marker": 7, "trip_id": "602D3_Trip1", "hrot_diff": 1, "sample_diff": 13, "time_diff_s": 0.42, "gps_distance_m": 4.1, "original_speed": "2083", "wheel_diameter_mm": 711.0003997802734, "braking_intensity": 0.0, "is_braking": false, "is_crash": false, "crash_intensity_g": 0.0, "segment_start_sample": 15387, "segment_end_sample": 15400, "time_str": "08:57:53", "Speed_display": 13.6}}, {"type": "Feature", "geometry": {"type": "LineString", "coordinates": [[24.753580620927366, 59.441343724026986], [24.753534459048826, 59.44137310321018]]}, "properties": {"Speed": 9.6, "road_quality": 2, "marker": 7, "trip_id": "602D3_Trip1", "hrot_diff": 1, "sample_diff": 12, "time_diff_s": 0.42, "gps_distance_m": 4.2, "original_speed": "2083", "wheel_diameter_mm": 711.0003997802734, "braking_intensity": 0.0, "is_braking": false, "is_crash": false, "crash_intensity_g": 0.0, "segment_start_sample": 15423, "segment_end_sample": 15435, "time_str": "08:57:54", "Speed_display": 16.2}}, {"type": "Feature", "geometry": {"type": "LineString", "coordinates": [[24.753534459048826, 59.44137310321018], [24.75349084795083, 59.44140266521272]]}, "properties": {"Speed": 16.8, "road_quality": 2, "marker": 7, "trip_id": "602D3_Trip1", "hrot_diff": 1, "sample_diff": 12, "time_diff_s": 0.24, "gps_distance_m": 4.1, "original_speed": "2155", "wheel_diameter_mm": 711.0003997802734, "braking_intensity": 0.0, "is_braking": false, "is_crash": false, "crash_intensity_g": 0.0, "segment_start_sample": 15481, "segment_end_sample": 15493, "time_str": "08:57:55", "Speed_display": 16.1}}, {"type": "Feature", "geometry": {"type": "LineString", "coordinates": [[24.75349084795083, 59.44140266521272], [24.753447021668666, 59.44143697558068]]}, "properties": {"Speed": 22.5, "road_quality": 2, "marker": 7, "trip_id": "602D3_Trip1", "hrot_diff": 1, "sample_diff": 11, "time_diff_s": 0.179, "gps_distance_m": 4.5, "original_speed": "2232", "wheel_diameter_mm": 711.0003997802734, "braking_intensity": 0.0, "is_braking": false, "is_crash": false, "crash_intensity_g": 0.0, "segment_start_sample": 15537, "segment_end_sample": 15548, "time_str": "08:57:56", "Speed_display": 16.1}}, {"type": "Feature", "geometry": {"type": "LineString", "coordinates": [[24.753447021668666, 59.44143697558068], [24.75341139939655, 59.44147250232403]]}, "properties": {"Speed": 22.2, "road_quality": 2, "marker": 7, "trip_id": "602D3_Trip1", "hrot_diff": 1, "sample_diff": 11, "time_diff_s": 0.181, "gps_distance_m": 4.4, "original_speed": "2252", "wheel_diameter_mm": 711.0003997802734, "braking_intensity": 0.0, "is_braking": false, "is_crash": false, "crash_intensity_g": 0.0, "segment_start_sample": 15581, "segment_end_sample": 15592, "time_str": "08:57:57", "Speed_display": 18.6}}, {"type": "Feature", "geometry": {"type": "LineString", "coordinates": [[24.75341139939655, 59.44147250232403], [24.75337232584779, 59.4415087860883]]}, "properties": {"Speed": 9.6, "road_quality": 2, "marker": 7, "trip_id": "602D3_Trip1", "hrot_diff": 1, "sample_diff": 11, "time_diff_s": 0.42, "gps_distance_m": 4.6, "original_speed": "2272", "wheel_diameter_mm": 711.0003997802734, "braking_intensity": 0.0, "is_braking": false, "is_crash": false, "crash_intensity_g": 0.0, "segment_start_sample": 15636, "segment_end_sample": 15647, "time_str": "08:57:58", "Speed_display": 19.7}}, {"type": "Feature", "geometry": {"type": "LineString", "coordinates": [[24.75337232584779, 59.4415087860883], [24.753336927454935, 59.44154612021616]]}, "properties": {"Speed": 22.0, "road_quality": 2, "marker": 7, "trip_id": "602D3_Trip1", "hrot_diff": 1, "sample_diff": 10, "time_diff_s": 0.183, "gps_distance_m": 4.6, "original_speed": "2252", "wheel_diameter_mm": 711.0003997802734, "braking_intensity": 0.0, "is_braking": false, "is_crash": false, "crash_intensity_g": 0.0, "segment_start_sample": 15681, "segment_end_sample": 15691, "time_str": "08:57:59", "Speed_display": 21.9}}, {"type": "Feature", "geometry": {"type": "LineString", "coordinates": [[24.753336927454935, 59.44154612021616], [24.75330295707995, 59.44158220582059]]}, "properties": {"Speed": 22.3, "road_quality": 2, "marker": 7, "trip_id": "602D3_Trip1", "hrot_diff": 1, "sample_diff": 11, "time_diff_s": 0.18, "gps_distance_m": 4.4, "original_speed": "2336", "wheel_diameter_mm": 711.0003997802734, "braking_intensity": 0.0, "is_braking": false, "is_crash": false, "crash_intensity_g": 0.0, "segment_start_sample": 15734, "segment_end_sample": 15745, "time_str": "08:58:00", "Speed_display": 21.8}}, {"type": "Feature", "geometry": {"type": "LineString", "coordinates": [[24.75330295707995, 59.44158220582059], [24.753275705476053, 59.441621465958264]]}, "properties": {"Speed": 33.2, "road_quality": 2, "marker": 7, "trip_id": "602D3_Trip1", "hrot_diff": 1, "sample_diff": 11, "time_diff_s": 0.121, "gps_distance_m": 4.6, "original_speed": "2293", "wheel_diameter_mm": 711.0003997802734, "braking_intensity": 0.0, "is_braking": false, "is_crash": false, "crash_intensity_g": 0.0, "segment_start_sample": 15778, "segment_end_sample": 15789, "time_str": "08:58:01", "Speed_display": 23.3}}, {"type": "Feature", "geometry": {"type": "LineString", "coordinates": [[24.753275705476053, 59.441621465958264], [24.75325016315052, 59.441660612706215]]}, "properties": {"Speed": 22.1, "road_quality": 2, "marker": 7, "trip_id": "602D3_Trip1", "hrot_diff": 1, "sample_diff": 12, "time_diff_s": 0.182, "gps_distance_m": 4.6, "original_speed": "2336", "wheel_diameter_mm": 711.0003997802734, "braking_intensity": 0.0, "is_braking": false, "is_crash": false, "crash_intensity_g": 0.0, "segment_start_sample": 15831, "segment_end_sample": 15843, "time_str": "08:58:02", "Speed_display": 20.4}}, {"type": "Feature", "geometry": {"type": "LineString", "coordinates": [[24.75325016315052, 59.441660612706215], [24.753222285996166, 59.44169898756098]]}, "properties": {"Speed": 16.8, "road_quality": 2, "marker": 7, "trip_id": "602D3_Trip1", "hrot_diff": 1, "sample_diff": 11, "time_diff_s": 0.24, "gps_distance_m": 4.5, "original_speed": "2336", "wheel_diameter_mm": 711.0003997802734, "braking_intensity": 0.0, "is_braking": false, "is_crash": false, "crash_intensity_g": 0.0, "segment_start_sample": 15885, "segment_end_sample": 15896, "time_str": "08:58:03", "Speed_display": 22.6}}, {"type": "Feature", "geometry": {"type": "LineString", "coordinates": [[24.753222285996166, 59.44169898756098], [24.7532007291873, 59.44173876198314]]}, "properties": {"Speed": 7.4, "road_quality": 2, "marker": 7, "trip_id": "602D3_Trip1", "hrot_diff": 1, "sample_diff": 12, "time_diff_s": 0.542, "gps_distance_m": 4.6, "original_speed": "2314", "wheel_diameter_mm": 711.0003997802734, "braking_intensity": 0.0, "is_braking": false, "is_crash": false, "crash_intensity_g": 0.0, "segment_start_sample": 15928, "segment_end_sample": 15940, "time_str": "08:58:04", "Speed_display": 20.5}}, {"type": "Feature", "geometry": {"type": "LineString", "coordinates": [[24.75315636207898, 59.44181926560252], [24.7531416589193, 59.4418586124334]]}, "properties": {"Speed": 33.5, "road_quality": 2, "marker": 7, "trip_id": "602D3_Trip1", "hrot_diff": 1, "sample_diff": 11, "time_diff_s": 0.12, "gps_distance_m": 4.5, "original_speed": "2293", "wheel_diameter_mm": 711.0003997802734, "braking_intensity": 0.0, "is_braking": false, "is_crash": false, "crash_intensity_g": 0.0, "segment_start_sample": 16088, "segment_end_sample": 16099, "time_str": "08:58:07", "Speed_display": 18.2}}, {"type": "Feature", "geometry": {"type": "LineString", "coordinates": [[24.7531416589193, 59.4418586124334], [24.753123233724875, 59.44189937993243]]}, "properties": {"Speed": 22.5, "road_quality": 2, "marker": 7, "trip_id": "602D3_Trip1", "hrot_diff": 1, "sample_diff": 12, "time_diff_s": 0.179, "gps_distance_m": 4.7, "original_speed": "2314", "wheel_diameter_mm": 711.0003997802734, "braking_intensity": 0.0, "is_braking": false, "is_crash": false, "crash_intensity_g": 0.0, "segment_start_sample": 16132, "segment_end_sample": 16144, "time_str": "08:58:08", "Speed_display": 19.4}}, {"type": "Feature", "geometry": {"type": "LineString", "coordinates": [[24.753109988194712, 59.44193851048584], [24.75309504775357, 59.44197914331903]]}, "properties": {"Speed": 11.0, "road_quality": 2, "marker": 7, "trip_id": "602D3_Trip1", "hrot_diff": 1, "sample_diff": 14, "time_diff_s": 0.366, "gps_distance_m": 4.6, "original_speed": "2358", "wheel_diameter_mm": 711.0003997802734, "braking_intensity": 0.0, "is_braking": false, "is_crash": false, "crash_intensity_g": 0.0, "segment_start_sample": 16228, "segment_end_sample": 16242, "time_str": "08:58:10", "Speed_display": 20.6}}, {"type": "Feature", "geometry": {"type": "LineString", "coordinates": [[24.75309504775357, 59.44197914331903], [24.75307916158648, 59.44202097287957]]}, "properties": {"Speed": 22.6, "road_quality": 2, "marker": 7, "trip_id": "602D3_Trip1", "hrot_diff": 1, "sample_diff": 12, "time_diff_s": 0.178, "gps_distance_m": 4.7, "original_speed": "2358", "wheel_diameter_mm": 711.0003997802734, "braking_intensity": 0.0, "is_braking": false, "is_crash": false, "crash_intensity_g": 0.0, "segment_start_sample": 16281, "segment_end_sample": 16293, "time_str": "08:58:11", "Speed_display": 16.1}}, {"type": "Feature", "geometry": {"type": "LineString", "coordinates": [[24.75307916158648, 59.44202097287957], [24.75306621806031, 59.44206193348344]]}, "properties": {"Speed": 13.4, "road_quality": 2, "marker": 7, "trip_id": "602D3_Trip1", "hrot_diff": 1, "sample_diff": 10, "time_diff_s": 0.3, "gps_distance_m": 4.6, "original_speed": "2336", "wheel_diameter_mm": 711.0003997802734, "braking_intensity": 0.0, "is_braking": false, "is_crash": false, "crash_intensity_g": 0.0, "segment_start_sample": 16326, "segment_end_sample": 16336, "time_str": "08:58:12", "Speed_display": 16.1}}, {"type": "Feature", "geometry": {"type": "LineString", "coordinates": [[24.75306621806031, 59.44206193348344], [24.75305566282992, 59.44210316151094]]}, "properties": {"Speed": 11.2, "road_quality": 2, "marker": 7, "trip_id": "602D3_Trip1", "hrot_diff": 1, "sample_diff": 12, "time_diff_s": 0.359, "gps_distance_m": 4.6, "original_speed": "2336", "wheel_diameter_mm": 711.0003997802734, "braking_intensity": 0.0, "is_braking": false, "is_crash": false, "crash_intensity_g": 0.0, "segment_start_sample": 16379, "segment_end_sample": 16391, "time_str": "08:58:13", "Speed_display": 17.2}}, {"type": "Feature", "geometry": {"type": "LineString", "coordinates": [[24.75305566282992, 59.44210316151094], [24.753051215963332, 59.442145643636806]]}, "properties": {"Speed": 22.2, "road_quality": 2, "marker": 7, "trip_id": "602D3_Trip1", "hrot_diff": 1, "sample_diff": 11, "time_diff_s": 0.181, "gps_distance_m": 4.7, "original_speed": "2427", "wheel_diameter_mm": 711.0003997802734, "braking_intensity": 0.0, "is_braking": false, "is_crash": false, "crash_intensity_g": 0.0, "segment_start_sample": 16431, "segment_end_sample": 16442, "time_str": "08:58:14", "Speed_display": 17.2}}, {"type": "Feature", "geometry": {"type": "LineString", "coordinates": [[24.753051215963332, 59.442145643636806], [24.753035981191854, 59.44218861198431]]}, "properties": {"Speed": 16.8, "road_quality": 2, "marker": 7, "trip_id": "602D3_Trip1", "hrot_diff": 1, "sample_diff": 12, "time_diff_s": 0.24, "gps_distance_m": 4.9, "original_speed": "2427", "wheel_diameter_mm": 711.0003997802734, "braking_intensity": 0.0, "is_braking": false, "is_crash": false, "crash_intensity_g": 0.0, "segment_start_sample": 16482, "segment_end_sample": 16494, "time_str": "08:58:15", "Speed_display": 16.8}}, {"type": "Feature", "geometry": {"type": "LineString", "coordinates": [[24.753035981191854, 59.44218861198431], [24.75302868054022, 59.442233533508244]]}, "properties": {"Speed": 22.5, "road_quality": 2, "marker": 7, "trip_id": "602D3_Trip1", "hrot_diff": 1, "sample_diff": 10, "time_diff_s": 0.179, "gps_distance_m": 5.0, "original_speed": "2403", "wheel_diameter_mm": 711.0003997802734, "braking_intensity": 0.0, "is_braking": false, "is_crash": false, "crash_intensity_g": 0.0, "segment_start_sample": 16534, "segment_end_sample": 16544, "time_str": "08:58:16", "Speed_display": 17.9}}, {"type": "Feature", "geometry": {"type": "LineString", "coordinates": [[24.75302868054022, 59.442233533508244], [24.753024261472643, 59.44227728547289]]}, "properties": {"Speed": 11.2, "road_quality": 2, "marker": 7, "trip_id": "602D3_Trip1", "hrot_diff": 1, "sample_diff": 11, "time_diff_s": 0.358, "gps_distance_m": 4.9, "original_speed": "2450", "wheel_diameter_mm": 711.0003997802734, "braking_intensity": 0.0, "is_braking": false, "is_crash": false, "crash_intensity_g": 0.0, "segment_start_sample": 16585, "segment_end_sample": 16596, "time_str": "08:58:17", "Speed_display": 15.7}}, {"type": "Feature", "geometry": {"type": "LineString", "coordinates": [[24.753024261472643, 59.44227728547289], [24.75301660747402, 59.44231949787643]]}, "properties": {"Speed": 16.8, "road_quality": 2, "marker": 7, "trip_id": "602D3_Trip1", "hrot_diff": 1, "sample_diff": 12, "time_diff_s": 0.24, "gps_distance_m": 4.7, "original_speed": "2521", "wheel_diameter_mm": 711.0003997802734, "braking_intensity": 0.0, "is_braking": false, "is_crash": false, "crash_intensity_g": 0.0, "segment_start_sample": 16634, "segment_end_sample": 16646, "time_str": "08:58:18", "Speed_display": 16.8}}, {"type": "Feature", "geometry": {"type": "LineString", "coordinates": [[24.75301660747402, 59.44231949787643], [24.753012027167262, 59.44236675730289]]}, "properties": {"Speed": 11.2, "road_quality": 2, "marker": 7, "trip_id": "602D3_Trip1", "hrot_diff": 1, "sample_diff": 10, "time_diff_s": 0.36, "gps_distance_m": 5.3, "original_speed": "2450", "wheel_diameter_mm": 711.0003997802734, "braking_intensity": 0.0, "is_braking": false, "is_crash": false, "crash_intensity_g": 0.0, "segment_start_sample": 16674, "segment_end_sample": 16684, "time_str": "08:58:19", "Speed_display": 16.7}}, {"type": "Feature", "geometry": {"type": "LineString", "coordinates": [[24.753012027167262, 59.44236675730289], [24.7530123758275, 59.44241109656067]]}, "properties": {"Speed": 22.1, "road_quality": 2, "marker": 7, "trip_id": "602D3_Trip1", "hrot_diff": 1, "sample_diff": 12, "time_diff_s": 0.182, "gps_distance_m": 4.9, "original_speed": "2564", "wheel_diameter_mm": 711.0003997802734, "braking_intensity": 0.0, "is_braking": false, "is_crash": false, "crash_intensity_g": 0.0, "segment_start_sample": 16732, "segment_end_sample": 16744, "time_str": "08:58:20", "Speed_display": 19.0}}, {"type": "Feature", "geometry": {"type": "LineString", "coordinates": [[24.7530123758275, 59.44241109656067], [24.753020559729908, 59.44245560280548]]}, "properties": {"Speed": 22.3, "road_quality": 2, "marker": 7, "trip_id": "602D3_Trip1", "hrot_diff": 1, "sample_diff": 7, "time_diff_s": 0.18, "gps_distance_m": 5.0, "original_speed": "2427", "wheel_diameter_mm": 711.0003997802734, "braking_intensity": 0.0, "is_braking": false, "is_crash": false, "crash_intensity_g": 0.0, "segment_start_sample": 16783, "segment_end_sample": 16790, "time_str": "08:58:21", "Speed_display": 19.0}}, {"type": "Feature", "geometry": {"type": "LineString", "coordinates": [[24.753020559729908, 59.44245560280548], [24.753024244770145, 59.44250343973354]]}, "properties": {"Speed": 22.5, "road_quality": 2, "marker": 7, "trip_id": "602D3_Trip1", "hrot_diff": 1, "sample_diff": 8, "time_diff_s": 0.179, "gps_distance_m": 5.3, "original_speed": "2608", "wheel_diameter_mm": 711.0003997802734, "braking_intensity": 0.0, "is_braking": false, "is_crash": false, "crash_intensity_g": 0.0, "segment_start_sample": 16833, "segment_end_sample": 16841, "time_str": "08:58:22", "Speed_display": 21.2}}, {"type": "Feature", "geometry": {"type": "LineString", "coordinates": [[24.753042820510576, 59.44255251474179], [24.75305352721029, 59.442595362759285]]}, "properties": {"Speed": 16.8, "road_quality": 2, "marker": 7, "trip_id": "602D3_Trip1", "hrot_diff": 1, "sample_diff": 12, "time_diff_s": 0.24, "gps_distance_m": 4.8, "original_speed": "2450", "wheel_diameter_mm": 711.0003997802734, "braking_intensity": 0.0, "is_braking": false, "is_crash": false, "crash_intensity_g": 0.0, "segment_start_sample": 16933, "segment_end_sample": 16945, "time_str": "08:58:24", "Speed_display": 18.5}}, {"type": "Feature", "geometry": {"type": "LineString", "coordinates": [[24.75305352721029, 59.442595362759285], [24.75305502511873, 59.442628056844875]]}, "properties": {"Speed": 22.3, "road_quality": 2, "marker": 7, "trip_id": "602D3_Trip1", "hrot_diff": 1, "sample_diff": 14, "time_diff_s": 0.18, "gps_distance_m": 3.6, "original_speed": "2192", "wheel_diameter_mm": 711.0003997802734, "braking_intensity": 0.0, "is_braking": false, "is_crash": false, "crash_intensity_g": 0.0, "segment_start_sample": 16981, "segment_end_sample": 16995, "time_str": "08:58:25", "Speed_display": 15.9}}, {"type": "Feature", "geometry": {"type": "LineString", "coordinates": [[24.75305502511873, 59.442628056844875], [24.753062518306916, 59.44265791278697]]}, "properties": {"Speed": 8.4, "road_quality": 2, "marker": 7, "trip_id": "602D3_Trip1", "hrot_diff": 1, "sample_diff": 19, "time_diff_s": 0.479, "gps_distance_m": 3.3, "original_speed": "1801", "wheel_diameter_mm": 711.0003997802734, "braking_intensity": 0.0, "is_braking": false, "is_crash": false, "crash_intensity_g": 0.0, "segment_start_sample": 17025, "segment_end_sample": 17044, "time_str": "08:58:26", "Speed_display": 12.5}}, {"type": "Feature", "geometry": {"type": "LineString", "coordinates": [[24.753062518306916, 59.44265791278697], [24.75307093510271, 59.442678941711435]]}, "properties": {"Speed": 9.6, "road_quality": 2, "marker": 7, "trip_id": "602D3_Trip1", "hrot_diff": 1, "sample_diff": 26, "time_diff_s": 0.42, "gps_distance_m": 2.4, "original_speed": "1388", "wheel_diameter_mm": 711.0003997802734, "braking_intensity": 0.0, "is_braking": false, "is_crash": false, "crash_intensity_g": 0.0, "segment_start_sample": 17083, "segment_end_sample": 17109, "time_str": "08:58:27", "Speed_display": 9.1}}, {"type": "Feature", "geometry": {"type": "LineString", "coordinates": [[24.75307093510271, 59.442678941711435], [24.753074034446094, 59.442696492695305]]}, "properties": {"Speed": 5.2, "road_quality": 2, "marker": 7, "trip_id": "602D3_Trip1", "hrot_diff": 1, "sample_diff": 31, "time_diff_s": 0.78, "gps_distance_m": 2.0, "original_speed": "1219", "wheel_diameter_mm": 711.0003997802734, "braking_intensity": 0.0, "is_braking": false, "is_crash": false, "crash_intensity_g": 0.0, "segment_start_sample": 17109, "segment_end_sample": 17140, "time_str": "08:58:28", "Speed_display": 6.2}}, {"type": "Feature", "geometry": {"type": "LineString", "coordinates": [[24.753074034446094, 59.442696492695305], [24.753082232459903, 59.44270632607511]]}, "properties": {"Speed": 0.2, "road_quality": 2, "marker": 7, "trip_id": "602D3_Trip1", "hrot_diff": 1, "sample_diff": 944, "time_diff_s": 18.781, "gps_distance_m": 1.2, "original_speed": "704", "wheel_diameter_mm": 711.0003997802734, "braking_intensity": 0.0, "is_braking": false, "is_crash": false, "crash_intensity_g": 0.0, "segment_start_sample": 17194, "segment_end_sample": 18138, "time_str": "08:58:30", "Speed_display": 6.4}}, {"type": "Feature", "geometry": {"type": "LineString", "coordinates": [[24.753082232459903, 59.44270632607511], [24.753075914211085, 59.44272288262112]]}, "properties": {"Speed": 7.5, "road_quality": 2, "marker": 7, "trip_id": "602D3_Trip1", "hrot_diff": 1, "sample_diff": 29, "time_diff_s": 0.538, "gps_distance_m": 1.9, "original_speed": "51", "wheel_diameter_mm": 711.0003997802734, "braking_intensity": 0.0, "is_braking": false, "is_crash": false, "crash_intensity_g": 0.0, "segment_start_sample": 18169, "segment_end_sample": 18198, "time_str": "08:58:49", "Speed_display": 6.4}}, {"type": "Feature", "geometry": {"type": "LineString", "coordinates": [[24.753075914211085, 59.44272288262112], [24.753078343483956, 59.442742010688576]]}, "properties": {"Speed": 9.6, "road_quality": 2, "marker": 7, "trip_id": "602D3_Trip1", "hrot_diff": 1, "sample_diff": 19, "time_diff_s": 0.42, "gps_distance_m": 2.1, "original_speed": "877", "wheel_diameter_mm": 711.0003997802734, "braking_intensity": 0.0, "is_braking": false, "is_crash": false, "crash_intensity_g": 0.0, "segment_start_sample": 18223, "segment_end_sample": 18242, "time_str": "08:58:50", "Speed_display": 9.8}}, {"type": "Feature", "geometry": {"type": "LineString", "coordinates": [[24.753078343483956, 59.442742010688576], [24.75308338540121, 59.442770379661226]]}, "properties": {"Speed": 9.5, "road_quality": 2, "marker": 7, "trip_id": "602D3_Trip1", "hrot_diff": 1, "sample_diff": 19, "time_diff_s": 0.422, "gps_distance_m": 3.2, "original_speed": "1351", "wheel_diameter_mm": 711.0003997802734, "braking_intensity": 0.0, "is_braking": false, "is_crash": false, "crash_intensity_g": 0.0, "segment_start_sample": 18274, "segment_end_sample": 18293, "time_str": "08:58:51", "Speed_display": 14.3}}, {"type": "Feature", "geometry": {"type": "LineString", "coordinates": [[24.75308338540121, 59.442770379661226], [24.753092888706593, 59.442804115770485]]}, "properties": {"Speed": 22.3, "road_quality": 2, "marker": 7, "trip_id": "602D3_Trip1", "hrot_diff": 1, "sample_diff": 14, "time_diff_s": 0.18, "gps_distance_m": 3.8, "original_speed": "1652", "wheel_diameter_mm": 711.0003997802734, "braking_intensity": 0.0, "is_braking": false, "is_crash": false, "crash_intensity_g": 0.0, "segment_start_sample": 18333, "segment_end_sample": 18347, "time_str": "08:58:52", "Speed_display": 16.9}}, {"type": "Feature", "geometry": {"type": "LineString", "coordinates": [[24.753092888706593, 59.442804115770485], [24.753098477124833, 59.44284290916922]]}, "properties": {"Speed": 22.5, "road_quality": 2, "marker": 7, "trip_id": "602D3_Trip1", "hrot_diff": 1, "sample_diff": 12, "time_diff_s": 0.179, "gps_distance_m": 4.3, "original_speed": "1886", "wheel_diameter_mm": 711.0003997802734, "braking_intensity": 0.0, "is_braking": false, "is_crash": false, "crash_intensity_g": 0.0, "segment_start_sample": 18386, "segment_end_sample": 18398, "time_str": "08:58:53", "Speed_display": 16.9}}, {"type": "Feature", "geometry": {"type": "LineString", "coordinates": [[24.753098477124833, 59.44284290916922], [24.753103241950146, 59.442876842634035]]}, "properties": {"Speed": 20.7, "road_quality": 2, "marker": 7, "trip_id": "602D3_Trip1", "hrot_diff": 1, "sample_diff": 13, "time_diff_s": 0.194, "gps_distance_m": 3.8, "original_speed": "2066", "wheel_diameter_mm": 711.0003997802734, "braking_intensity": 0.0, "is_braking": false, "is_crash": false, "crash_intensity_g": 0.0, "segment_start_sample": 18432, "segment_end_sample": 18445, "time_str": "08:58:54", "Speed_display": 19.5}}, {"type": "Feature", "geometry": {"type": "LineString", "coordinates": [[24.753103241950146, 59.442876842634035], [24.753112817935353, 59.44291449350424]]}, "properties": {"Speed": 9.6, "road_quality": 2, "marker": 7, "trip_id": "602D3_Trip1", "hrot_diff": 1, "sample_diff": 12, "time_diff_s": 0.419, "gps_distance_m": 4.2, "original_speed": "2173", "wheel_diameter_mm": 711.0003997802734, "braking_intensity": 0.0, "is_braking": false, "is_crash": false, "crash_intensity_g": 0.0, "segment_start_sample": 18479, "segment_end_sample": 18491, "time_str": "08:58:55", "Speed_display": 19.7}}, {"type": "Feature", "geometry": {"type": "LineString", "coordinates": [[24.753112817935353, 59.44291449350424], [24.753119529060825, 59.44295261358996]]}, "properties": {"Speed": 22.5, "road_quality": 2, "marker": 7, "trip_id": "602D3_Trip1", "hrot_diff": 1, "sample_diff": 10, "time_diff_s": 0.179, "gps_distance_m": 4.3, "original_speed": "2100", "wheel_diameter_mm": 711.0003997802734, "braking_intensity": 0.0, "is_braking": false, "is_crash": false, "crash_intensity_g": 0.0, "segment_start_sample": 18538, "segment_end_sample": 18548, "time_str": "08:58:56", "Speed_display": 18.5}}, {"type": "Feature", "geometry": {"type": "LineString", "coordinates": [[24.753119529060825, 59.44295261358996], [24.753127239980955, 59.442990537026816]]}, "properties": {"Speed": 23.1, "road_quality": 2, "marker": 7, "trip_id": "602D3_Trip1", "hrot_diff": 1, "sample_diff": 11, "time_diff_s": 0.174, "gps_distance_m": 4.2, "original_speed": "2314", "wheel_diameter_mm": 711.0003997802734, "braking_intensity": 0.0, "is_braking": false, "is_crash": false, "crash_intensity_g": 0.0, "segment_start_sample": 18581, "segment_end_sample": 18592, "time_str": "08:58:57", "Speed_display": 18.9}}, {"type": "Feature", "geometry": {"type": "LineString", "coordinates": [[24.753127239980955, 59.442990537026816], [24.753139603287472, 59.443031227871494]]}, "properties": {"Speed": 16.8, "road_quality": 2, "marker": 7, "trip_id": "602D3_Trip1", "hrot_diff": 1, "sample_diff": 12, "time_diff_s": 0.24, "gps_distance_m": 4.6, "original_speed": "2314", "wheel_diameter_mm": 711.0003997802734, "braking_intensity": 0.0, "is_braking": false, "is_crash": false, "crash_intensity_g": 0.0, "segment_start_sample": 18634, "segment_end_sample": 18646, "time_str": "08:58:58", "Speed_display": 20.3}}, {"type": "Feature", "geometry": {"type": "LineString", "coordinates": [[24.753139603287472, 59.443031227871494], [24.753153620813347, 59.443071515076774]]}, "properties": {"Speed": 22.5, "road_quality": 2, "marker": 7, "trip_id": "602D3_Trip1", "hrot_diff": 1, "sample_diff": 11, "time_diff_s": 0.179, "gps_distance_m": 4.5, "original_speed": "2380", "wheel_diameter_mm": 711.0003997802734, "braking_intensity": 0.0, "is_braking": false, "is_crash": false, "crash_intensity_g": 0.0, "segment_start_sample": 18687, "segment_end_sample": 18698, "time_str": "08:58:59", "Speed_display": 20.3}}, {"type": "Feature", "geometry": {"type": "LineString", "coordinates": [[24.753166596443762, 59.44311699446346], [24.753181225784466, 59.44315679493194]]}, "properties": {"Speed": 16.8, "road_quality": 2, "marker": 7, "trip_id": "602D3_Trip1", "hrot_diff": 1, "sample_diff": 10, "time_diff_s": 0.24, "gps_distance_m": 4.5, "original_speed": "2500", "wheel_diameter_mm": 711.0003997802734, "braking_intensity": 0.0, "is_braking": false, "is_crash": false, "crash_intensity_g": 0.0, "segment_start_sample": 18780, "segment_end_sample": 18790, "time_str": "08:59:01", "Speed_display": 19.0}}, {"type": "Feature", "geometry": {"type": "LineString", "coordinates": [[24.753191772112867, 59.44319998029698], [24.753205941058024, 59.44324239028342]]}, "properties": {"Speed": 22.3, "road_quality": 2, "marker": 7, "trip_id": "602D3_Trip1", "hrot_diff": 1, "sample_diff": 11, "time_diff_s": 0.18, "gps_distance_m": 4.8, "original_speed": "2380", "wheel_diameter_mm": 711.0003997802734, "braking_intensity": 0.0, "is_braking": false, "is_crash": false, "crash_intensity_g": 0.0, "segment_start_sample": 18881, "segment_end_sample": 18892, "time_str": "08:59:03", "Speed_display": 20.2}}, {"type": "Feature", "geometry": {"type": "LineString", "coordinates": [[24.753205941058024, 59.44324239028342], [24.753220016708507, 59.4432812863266]]}, "properties": {"Speed": 16.8, "road_quality": 2, "marker": 7, "trip_id": "602D3_Trip1", "hrot_diff": 1, "sample_diff": 11, "time_diff_s": 0.24, "gps_distance_m": 4.4, "original_speed": "2358", "wheel_diameter_mm": 711.0003997802734, "braking_intensity": 0.0, "is_braking": false, "is_crash": false, "crash_intensity_g": 0.0, "segment_start_sample": 18935, "segment_end_sample": 18946, "time_str": "08:59:04", "Speed_display": 20.2}}, {"type": "Feature", "geometry": {"type": "LineString", "coordinates": [[24.753220016708507, 59.4432812863266], [24.753224805397174, 59.44332570185772]]}, "properties": {"Speed": 22.6, "road_quality": 2, "marker": 7, "trip_id": "602D3_Trip1", "hrot_diff": 1, "sample_diff": 11, "time_diff_s": 0.178, "gps_distance_m": 4.9, "original_speed": "2380", "wheel_diameter_mm": 711.0003997802734, "braking_intensity": 0.0, "is_braking": false, "is_crash": false, "crash_intensity_g": 0.0, "segment_start_sample": 18988, "segment_end_sample": 18999, "time_str": "08:59:05", "Speed_display": 20.2}}, {"type": "Feature", "geometry": {"type": "LineString", "coordinates": [[24.753224805397174, 59.44332570185772], [24.753225321204933, 59.44336766788637]]}, "properties": {"Speed": 22.3, "road_quality": 2, "marker": 7, "trip_id": "602D3_Trip1", "hrot_diff": 1, "sample_diff": 10, "time_diff_s": 0.18, "gps_distance_m": 4.7, "original_speed": "2336", "wheel_diameter_mm": 711.0003997802734, "braking_intensity": 0.0, "is_braking": false, "is_crash": false, "crash_intensity_g": 0.0, "segment_start_sample": 19031, "segment_end_sample": 19041, "time_str": "08:59:06", "Speed_display": 20.3}}, {"type": "Feature", "geometry": {"type": "LineString", "coordinates": [[24.753225321204933, 59.44336766788637], [24.753222657831802, 59.443410372176004]]}, "properties": {"Speed": 16.8, "road_quality": 2, "marker": 7, "trip_id": "602D3_Trip1", "hrot_diff": 1, "sample_diff": 13, "time_diff_s": 0.239, "gps_distance_m": 4.8, "original_speed": "2358", "wheel_diameter_mm": 711.0003997802734, "braking_intensity": 0.0, "is_braking": false, "is_crash": false, "crash_intensity_g": 0.0, "segment_start_sample": 19083, "segment_end_sample": 19096, "time_str": "08:59:07", "Speed_display": 21.4}}, {"type": "Feature", "geometry": {"type": "LineString", "coordinates": [[24.753211021881945, 59.44345258929623], [24.753187730538553, 59.44349004079247]]}, "properties": {"Speed": 23.1, "road_quality": 2, "marker": 7, "trip_id": "602D3_Trip1", "hrot_diff": 1, "sample_diff": 12, "time_diff_s": 0.174, "gps_distance_m": 4.4, "original_speed": "2293", "wheel_diameter_mm": 711.0003997802734, "braking_intensity": 0.0, "is_braking": false, "is_crash": false, "crash_intensity_g": 0.0, "segment_start_sample": 19181, "segment_end_sample": 19193, "time_str": "08:59:09", "Speed_display": 21.3}}, {"type": "Feature", "geometry": {"type": "LineString", "coordinates": [[24.753187730538553, 59.44349004079247], [24.753143191362845, 59.44352607029325]]}, "properties": {"Speed": 22.2, "road_quality": 2, "marker": 7, "trip_id": "602D3_Trip1", "hrot_diff": 1, "sample_diff": 10, "time_diff_s": 0.181, "gps_distance_m": 4.7, "original_speed": "2252", "wheel_diameter_mm": 711.0003997802734, "braking_intensity": 0.0, "is_braking": false, "is_crash": false, "crash_intensity_g": 0.0, "segment_start_sample": 19229, "segment_end_sample": 19239, "time_str": "08:59:10", "Speed_display": 19.1}}, {"type": "Feature", "geometry": {"type": "LineString", "coordinates": [[24.753143191362845, 59.44352607029325], [24.753110240282318, 59.44355288316697]]}, "properties": {"Speed": 22.3, "road_quality": 2, "marker": 7, "trip_id": "602D3_Trip1", "hrot_diff": 1, "sample_diff": 11, "time_diff_s": 0.18, "gps_distance_m": 3.5, "original_speed": "2136", "wheel_diameter_mm": 711.0003997802734, "braking_intensity": 0.0, "is_braking": false, "is_crash": false, "crash_intensity_g": 0.0, "segment_start_sample": 19286, "segment_end_sample": 19297, "time_str": "08:59:11", "Speed_display": 20.2}}, {"type": "Feature", "geometry": {"type": "LineString", "coordinates": [[24.753051064780493, 59.44356963583995], [24.753009609317967, 59.44360422136916]]}, "properties": {"Speed": 11.2, "road_quality": 2, "marker": 7, "trip_id": "602D3_Trip1", "hrot_diff": 1, "sample_diff": 13, "time_diff_s": 0.36, "gps_distance_m": 4.5, "original_speed": "2192", "wheel_diameter_mm": 711.0003997802734, "braking_intensity": 0.0, "is_braking": false, "is_crash": false, "crash_intensity_g": 0.0, "segment_start_sample": 19377, "segment_end_sample": 19390, "time_str": "08:59:13", "Speed_display": 17.3}}, {"type": "Feature", "geometry": {"type": "LineString", "coordinates": [[24.753009609317967, 59.44360422136916], [24.75295256243332, 59.44363387684482]]}, "properties": {"Speed": 22.3, "road_quality": 2, "marker": 7, "trip_id": "602D3_Trip1", "hrot_diff": 1, "sample_diff": 13, "time_diff_s": 0.18, "gps_distance_m": 4.6, "original_speed": "2100", "wheel_diameter_mm": 711.0003997802734, "braking_intensity": 0.0, "is_braking": false, "is_crash": false, "crash_intensity_g": 0.0, "segment_start_sample": 19436, "segment_end_sample": 19449, "time_str": "08:59:14", "Speed_display": 16.2}}, {"type": "Feature", "geometry": {"type": "LineString", "coordinates": [[24.75295256243332, 59.44363387684482], [24.75289523203001, 59.44365967695863]]}, "properties": {"Speed": 8.3, "road_quality": 2, "marker": 7, "trip_id": "602D3_Trip1", "hrot_diff": 1, "sample_diff": 11, "time_diff_s": 0.483, "gps_distance_m": 4.3, "original_speed": "2100", "wheel_diameter_mm": 711.0003997802734, "braking_intensity": 0.0, "is_braking": false, "is_crash": false, "crash_intensity_g": 0.0, "segment_start_sample": 19474, "segment_end_sample": 19485, "time_str": "08:59:15", "Speed_display": 16.2}}, {"type": "Feature", "geometry": {"type": "LineString", "coordinates": [[24.75289523203001, 59.44365967695863], [24.752835862592953, 59.44367773751903]]}, "properties": {"Speed": 16.8, "road_quality": 2, "marker": 7, "trip_id": "602D3_Trip1", "hrot_diff": 1, "sample_diff": 11, "time_diff_s": 0.24, "gps_distance_m": 3.9, "original_speed": "2083", "wheel_diameter_mm": 711.0003997802734, "braking_intensity": 0.0, "is_braking": false, "is_crash": false, "crash_intensity_g": 0.0, "segment_start_sample": 19533, "segment_end_sample": 19544, "time_str": "08:59:16", "Speed_display": 18.4}}, {"type": "Feature", "geometry": {"type": "LineString", "coordinates": [[24.752835862592953, 59.44367773751903], [24.75276723562196, 59.443693217641794]]}, "properties": {"Speed": 22.3, "road_quality": 2, "marker": 7, "trip_id": "602D3_Trip1", "hrot_diff": 1, "sample_diff": 11, "time_diff_s": 0.18, "gps_distance_m": 4.2, "original_speed": "2032", "wheel_diameter_mm": 711.0003997802734, "braking_intensity": 0.0, "is_braking": false, "is_crash": false, "crash_intensity_g": 0.0, "segment_start_sample": 19582, "segment_end_sample": 19593, "time_str": "08:59:17", "Speed_display": 15.9}}, {"type": "Feature", "geometry": {"type": "LineString", "coordinates": [[24.75276723562196, 59.443693217641794], [24.75269554755902, 59.4437046770767]]}, "properties": {"Speed": 22.3, "road_quality": 2, "marker": 7, "trip_id": "602D3_Trip1", "hrot_diff": 1, "sample_diff": 12, "time_diff_s": 0.18, "gps_distance_m": 4.2, "original_speed": "2049", "wheel_diameter_mm": 711.0003997802734, "braking_intensity": 0.0, "is_braking": false, "is_crash": false, "crash_intensity_g": 0.0, "segment_start_sample": 19631, "segment_end_sample": 19643, "time_str": "08:59:18", "Speed_display": 18.7}}, {"type": "Feature", "geometry": {"type": "LineString", "coordinates": [[24.75269554755902, 59.4437046770767], [24.752629025974752, 59.44371473435886]]}, "properties": {"Speed": 9.6, "road_quality": 2, "marker": 7, "trip_id": "602D3_Trip1", "hrot_diff": 1, "sample_diff": 14, "time_diff_s": 0.42, "gps_distance_m": 3.9, "original_speed": "2049", "wheel_diameter_mm": 711.0003997802734, "braking_intensity": 0.0, "is_braking": false, "is_crash": false, "crash_intensity_g": 0.0, "segment_start_sample": 19679, "segment_end_sample": 19693, "time_str": "08:59:19", "Speed_display": 19.8}}, {"type": "Feature", "geometry": {"type": "LineString", "coordinates": [[24.752629025974752, 59.44371473435886], [24.752560821569915, 59.443722239277136]]}, "properties": {"Speed": 22.5, "road_quality": 2, "marker": 7, "trip_id": "602D3_Trip1", "hrot_diff": 1, "sample_diff": 11, "time_diff_s": 0.179, "gps_distance_m": 3.9, "original_speed": "1941", "wheel_diameter_mm": 711.0003997802734, "braking_intensity": 0.0, "is_braking": false, "is_crash": false, "crash_intensity_g": 0.0, "segment_start_sample": 19732, "segment_end_sample": 19743, "time_str": "08:59:20", "Speed_display": 17.6}}, {"type": "Feature", "geometry": {"type": "LineString", "coordinates": [[24.752560821569915, 59.443722239277136], [24.752490307517355, 59.443726184374455]]}, "properties": {"Speed": 22.3, "road_quality": 2, "marker": 7, "trip_id": "602D3_Trip1", "hrot_diff": 1, "sample_diff": 13, "time_diff_s": 0.18, "gps_distance_m": 4.0, "original_speed": "1960", "wheel_diameter_mm": 711.0003997802734, "braking_intensity": 0.0, "is_braking": false, "is_crash": false, "crash_intensity_g": 0.0, "segment_start_sample": 19783, "segment_end_sample": 19796, "time_str": "08:59:21", "Speed_display": 17.6}}, {"type": "Feature", "geometry": {"type": "LineString", "coordinates": [[24.752490307517355, 59.443726184374455], [24.75242395125519, 59.44373099927337]]}, "properties": {"Speed": 11.3, "road_quality": 2, "marker": 7, "trip_id": "602D3_Trip1", "hrot_diff": 1, "sample_diff": 14, "time_diff_s": 0.356, "gps_distance_m": 3.8, "original_speed": "2000", "wheel_diameter_mm": 711.0003997802734, "braking_intensity": 0.0, "is_braking": false, "is_crash": false, "crash_intensity_g": 0.0, "segment_start_sample": 19846, "segment_end_sample": 19860, "time_str": "08:59:23", "Speed_display": 17.6}}, {"type": "Feature", "geometry": {"type": "LineString", "coordinates": [[24.75242395125519, 59.44373099927337], [24.752358875018118, 59.44373782493718]]}, "properties": {"Speed": 22.5, "road_quality": 2, "marker": 7, "trip_id": "602D3_Trip1", "hrot_diff": 1, "sample_diff": 13, "time_diff_s": 0.179, "gps_distance_m": 3.8, "original_speed": "1869", "wheel_diameter_mm": 711.0003997802734, "braking_intensity": 0.0, "is_braking": false, "is_crash": false, "crash_intensity_g": 0.0, "segment_start_sample": 19886, "segment_end_sample": 19899, "time_str": "08:59:23", "Speed_display": 15.0}}, {"type": "Feature", "geometry": {"type": "LineString", "coordinates": [[24.752358875018118, 59.44373782493718], [24.752295631736533, 59.443741923062504]]}, "properties": {"Speed": 9.6, "road_quality": 2, "marker": 7, "trip_id": "602D3_Trip1", "hrot_diff": 1, "sample_diff": 15, "time_diff_s": 0.418, "gps_distance_m": 3.6, "original_speed": "1960", "wheel_diameter_mm": 711.0003997802734, "braking_intensity": 0.0, "is_braking": false, "is_crash": false, "crash_intensity_g": 0.0, "segment_start_sample": 19925, "segment_end_sample": 19940, "time_str": "08:59:24", "Speed_display": 12.5}}, {"type": "Feature", "geometry": {"type": "LineString", "coordinates": [[24.752295631736533, 59.443741923062504], [24.75223343105731, 59.44375783053607]]}, "properties": {"Speed": 9.5, "road_quality": 2, "marker": 7, "trip_id": "602D3_Trip1", "hrot_diff": 1, "sample_diff": 14, "time_diff_s": 0.425, "gps_distance_m": 3.9, "original_speed": "1869", "wheel_diameter_mm": 711.0003997802734, "braking_intensity": 0.0, "is_braking": false, "is_crash": false, "crash_intensity_g": 0.0, "segment_start_sample": 19979, "segment_end_sample": 19993, "time_str": "08:59:25", "Speed_display": 12.2}}, {"type": "Feature", "geometry": {"type": "LineString", "coordinates": [[24.75223343105731, 59.44375783053607], [24.75217415132238, 59.44376645497005]]}, "properties": {"Speed": 9.7, "road_quality": 2, "marker": 7, "trip_id": "602D3_Trip1", "hrot_diff": 1, "sample_diff": 14, "time_diff_s": 0.416, "gps_distance_m": 3.5, "original_speed": "1851", "wheel_diameter_mm": 711.0003997802734, "braking_intensity": 0.0, "is_braking": false, "is_crash": false, "crash_intensity_g": 0.0, "segment_start_sample": 20046, "segment_end_sample": 20060, "time_str": "08:59:27", "Speed_display": 9.4}}, {"type": "Feature", "geometry": {"type": "LineString", "coordinates": [[24.75217415132238, 59.44376645497005], [24.75211229991558, 59.44377297518409]]}, "properties": {"Speed": 9.6, "road_quality": 2, "marker": 7, "trip_id": "602D3_Trip1", "hrot_diff": 1, "sample_diff": 16, "time_diff_s": 0.42, "gps_distance_m": 3.6, "original_speed": "1851", "wheel_diameter_mm": 711.0003997802734, "braking_intensity": 0.0, "is_braking": false, "is_crash": false, "crash_intensity_g": 0.0, "segment_start_sample": 20074, "segment_end_sample": 20090, "time_str": "08:59:27", "Speed_display": 9.4}}, {"type": "Feature", "geometry": {"type": "LineString", "coordinates": [[24.75211229991558, 59.44377297518409], [24.752066045904925, 59.44378082567027]]}, "properties": {"Speed": 8.4, "road_quality": 2, "marker": 7, "trip_id": "602D3_Trip1", "hrot_diff": 1, "sample_diff": 14, "time_diff_s": 0.479, "gps_distance_m": 2.8, "original_speed": "1639", "wheel_diameter_mm": 711.0003997802734, "braking_intensity": 0.0, "is_braking": false, "is_crash": false, "crash_intensity_g": 0.0, "segment_start_sample": 20136, "segment_end_sample": 20150, "time_str": "08:59:28", "Speed_display": 9.7}}, {"type": "Feature", "geometry": {"type": "LineString", "coordinates": [[24.752066045904925, 59.44378082567027], [24.752006300000968, 59.44378415631349]]}, "properties": {"Speed": 9.6, "road_quality": 2, "marker": 7, "trip_id": "602D3_Trip1", "hrot_diff": 1, "sample_diff": 18, "time_diff_s": 0.418, "gps_distance_m": 3.4, "original_speed": "1550", "wheel_diameter_mm": 711.0003997802734, "braking_intensity": 0.0, "is_braking": false, "is_crash": false, "crash_intensity_g": 0.0, "segment_start_sample": 20185, "segment_end_sample": 20203, "time_str": "08:59:29", "Speed_display": 9.7}}, {"type": "Feature", "geometry": {"type": "LineString", "coordinates": [[24.752006300000968, 59.44378415631349], [24.751952224532257, 59.44378593642298]]}, "properties": {"Speed": 11.2, "road_quality": 2, "marker": 7, "trip_id": "602D3_Trip1", "hrot_diff": 1, "sample_diff": 20, "time_diff_s": 0.359, "gps_distance_m": 3.1, "original_speed": "1401", "wheel_diameter_mm": 711.0003997802734, "braking_intensity": 0.0, "is_braking": false, "is_crash": false, "crash_intensity_g": 0.0, "segment_start_sample": 20221, "segment_end_sample": 20241, "time_str": "08:59:30", "Speed_display": 9.1}}, {"type": "Feature", "geometry": {"type": "LineString", "coordinates": [[24.751952224532257, 59.44378593642298], [24.751914937632797, 59.4437892705562]]}, "properties": {"Speed": 9.6, "road_quality": 2, "marker": 7, "trip_id": "602D3_Trip1", "hrot_diff": 1, "sample_diff": 19, "time_diff_s": 0.418, "gps_distance_m": 2.1, "original_speed": "1250", "wheel_diameter_mm": 711.0003997802734, "braking_intensity": 0.0, "is_braking": false, "is_crash": false, "crash_intensity_g": 0.0, "segment_start_sample": 20284, "segment_end_sample": 20303, "time_str": "08:59:31", "Speed_display": 8.5}}, {"type": "Feature", "geometry": {"type": "LineString", "coordinates": [[24.751914937632797, 59.4437892705562], [24.751879100254374, 59.443792567271096]]}, "properties": {"Speed": 6.7, "road_quality": 2, "marker": 7, "trip_id": "602D3_Trip1", "hrot_diff": 1, "sample_diff": 20, "time_diff_s": 0.6, "gps_distance_m": 2.1, "original_speed": "1171", "wheel_diameter_mm": 711.0003997802734, "braking_intensity": 0.0, "is_braking": false, "is_crash": false, "crash_intensity_g": 0.0, "segment_start_sample": 20326, "segment_end_sample": 20346, "time_str": "08:59:32", "Speed_display": 8.0}}, {"type": "Feature", "geometry": {"type": "LineString", "coordinates": [[24.751879100254374, 59.443792567271096], [24.751844358731248, 59.4438034282856]]}, "properties": {"Speed": 5.2, "road_quality": 2, "marker": 7, "trip_id": "602D3_Trip1", "hrot_diff": 1, "sample_diff": 22, "time_diff_s": 0.78, "gps_distance_m": 2.3, "original_speed": "1181", "wheel_diameter_mm": 711.0003997802734, "braking_intensity": 0.0, "is_braking": false, "is_crash": false, "crash_intensity_g": 0.0, "segment_start_sample": 20368, "segment_end_sample": 20390, "time_str": "08:59:33", "Speed_display": 8.0}}, {"type": "Feature", "geometry": {"type": "LineString", "coordinates": [[24.751844358731248, 59.4438034282856], [24.751817750251636, 59.44381862267953]]}, "properties": {"Speed": 7.4, "road_quality": 2, "marker": 7, "trip_id": "602D3_Trip1", "hrot_diff": 1, "sample_diff": 20, "time_diff_s": 0.542, "gps_distance_m": 2.3, "original_speed": "1145", "wheel_diameter_mm": 711.0003997802734, "braking_intensity": 0.0, "is_braking": false, "is_crash": false, "crash_intensity_g": 0.0, "segment_start_sample": 20413, "segment_end_sample": 20433, "time_str": "08:59:34", "Speed_display": 7.5}}, {"type": "Feature", "geometry": {"type": "LineString", "coordinates": [[24.751817750251636, 59.44381862267953], [24.75178356533216, 59.44383352077978]]}, "properties": {"Speed": 11.2, "road_quality": 2, "marker": 7, "trip_id": "602D3_Trip1", "hrot_diff": 1, "sample_diff": 20, "time_diff_s": 0.36, "gps_distance_m": 2.5, "original_speed": "1145", "wheel_diameter_mm": 711.0003997802734, "braking_intensity": 0.0, "is_braking": false, "is_crash": false, "crash_intensity_g": 0.0, "segment_start_sample": 20477, "segment_end_sample": 20497, "time_str": "08:59:35", "Speed_display": 7.5}}, {"type": "Feature", "geometry": {"type": "LineString", "coordinates": [[24.75178356533216, 59.44383352077978], [24.751742808879357, 59.44383647029066]]}, "properties": {"Speed": 6.8, "road_quality": 2, "marker": 7, "trip_id": "602D3_Trip1", "hrot_diff": 1, "sample_diff": 22, "time_diff_s": 0.594, "gps_distance_m": 2.3, "original_speed": "1229", "wheel_diameter_mm": 711.0003997802734, "braking_intensity": 0.0, "is_braking": false, "is_crash": false, "crash_intensity_g": 0.0, "segment_start_sample": 20538, "segment_end_sample": 20560, "time_str": "08:59:36", "Speed_display": 7.4}}, {"type": "Feature", "geometry": {"type": "LineString", "coordinates": [[24.751742808879357, 59.44383647029066], [24.75169757931416, 59.44383251637927]]}, "properties": {"Speed": 6.7, "road_quality": 2, "marker": 7, "trip_id": "602D3_Trip1", "hrot_diff": 1, "sample_diff": 30, "time_diff_s": 0.598, "gps_distance_m": 2.6, "original_speed": "1153", "wheel_diameter_mm": 711.0003997802734, "braking_intensity": 0.0, "is_braking": false, "is_crash": false, "crash_intensity_g": 0.0, "segment_start_sample": 20585, "segment_end_sample": 20615, "time_str": "08:59:37", "Speed_display": 6.0}}, {"type": "Feature", "geometry": {"type": "LineString", "coordinates": [[24.75169757931416, 59.44383251637927], [24.751670047659815, 59.44382579485712]]}, "properties": {"Speed": 4.8, "road_quality": 2, "marker": 7, "trip_id": "602D3_Trip1", "hrot_diff": 1, "sample_diff": 44, "time_diff_s": 0.841, "gps_distance_m": 1.7, "original_speed": "980", "wheel_diameter_mm": 711.0003997802734, "braking_intensity": 0.0, "is_braking": false, "is_crash": false, "crash_intensity_g": 0.0, "segment_start_sample": 20615, "segment_end_sample": 20659, "time_str": "08:59:38", "Speed_display": 4.7}}, {"type": "Feature", "geometry": {"type": "LineString", "coordinates": [[24.751670047659815, 59.44382579485712], [24.7516669512109, 59.443800870371795]]}, "properties": {"Speed": 0.3, "road_quality": 1, "marker": 7, "trip_id": "602D3_Trip1", "hrot_diff": 1, "sample_diff": 789, "time_diff_s": 15.779, "gps_distance_m": 2.8, "original_speed": "775", "wheel_diameter_mm": 711.0003997802734, "braking_intensity": 0.0, "is_braking": false, "is_crash": false, "crash_intensity_g": 0.0, "segment_start_sample": 20659, "segment_end_sample": 21448, "time_str": "08:59:39", "Speed_display": 5.6}}, {"type": "Feature", "geometry": {"type": "LineString", "coordinates": [[24.7516669512109, 59.443800870371795], [24.75165163296323, 59.443786088740005]]}, "properties": {"Speed": 4.8, "road_quality": 2, "marker": 7, "trip_id": "602D3_Trip1", "hrot_diff": 1, "sample_diff": 37, "time_diff_s": 0.843, "gps_distance_m": 1.9, "original_speed": "60", "wheel_diameter_mm": 711.0003997802734, "braking_intensity": 0.0, "is_braking": false, "is_crash": false, "crash_intensity_g": 0.0, "segment_start_sample": 21482, "segment_end_sample": 21519, "time_str": "08:59:55", "Speed_display": 6.1}}, {"type": "Feature", "geometry": {"type": "LineString", "coordinates": [[24.75165163296323, 59.443786088740005], [24.751651778968107, 59.44376988286148]]}, "properties": {"Speed": 11.3, "road_quality": 2, "marker": 7, "trip_id": "602D3_Trip1", "hrot_diff": 1, "sample_diff": 27, "time_diff_s": 0.356, "gps_distance_m": 1.8, "original_speed": "111", "wheel_diameter_mm": 711.0003997802734, "braking_intensity": 0.0, "is_braking": false, "is_crash": false, "crash_intensity_g": 0.0, "segment_start_sample": 21519, "segment_end_sample": 21546, "time_str": "08:59:56", "Speed_display": 6.8}}, {"type": "Feature", "geometry": {"type": "LineString", "coordinates": [[24.751651778968107, 59.44376988286148], [24.751660560380827, 59.4437574989977]]}, "properties": {"Speed": 9.4, "road_quality": 2, "marker": 7, "trip_id": "602D3_Trip1", "hrot_diff": 1, "sample_diff": 23, "time_diff_s": 0.427, "gps_distance_m": 1.5, "original_speed": "854", "wheel_diameter_mm": 711.0003997802734, "braking_intensity": 0.0, "is_braking": false, "is_crash": false, "crash_intensity_g": 0.0, "segment_start_sample": 21572, "segment_end_sample": 21595, "time_str": "08:59:57", "Speed_display": 8.0}}, {"type": "Feature", "geometry": {"type": "LineString", "coordinates": [[24.751660560380827, 59.4437574989977], [24.75166456603418, 59.44373656366194]]}, "properties": {"Speed": 8.3, "road_quality": 2, "marker": 7, "trip_id": "602D3_Trip1", "hrot_diff": 1, "sample_diff": 22, "time_diff_s": 0.482, "gps_distance_m": 2.3, "original_speed": "1000", "wheel_diameter_mm": 711.0003997802734, "braking_intensity": 0.0, "is_braking": false, "is_crash": false, "crash_intensity_g": 0.0, "segment_start_sample": 21620, "segment_end_sample": 21642, "time_str": "08:59:58", "Speed_display": 8.9}}, {"type": "Feature", "geometry": {"type": "LineString", "coordinates": [[24.75166456603418, 59.44373656366194], [24.751657090028992, 59.44371942663953]]}, "properties": {"Speed": 6.1, "road_quality": 2, "marker": 7, "trip_id": "602D3_Trip1", "hrot_diff": 1, "sample_diff": 21, "time_diff_s": 0.659, "gps_distance_m": 2.0, "original_speed": "1127", "wheel_diameter_mm": 711.0003997802734, "braking_intensity": 0.0, "is_braking": false, "is_crash": false, "crash_intensity_g": 0.0, "segment_start_sample": 21684, "segment_end_sample": 21705, "time_str": "08:59:59", "Speed_display": 11.2}}, {"type": "Feature", "geometry": {"type": "LineString", "coordinates": [[24.75164514181399, 59.44369457084814], [24.75164277491755, 59.44367108812885]]}, "properties": {"Speed": 9.6, "road_quality": 2, "marker": 7, "trip_id": "602D3_Trip1", "hrot_diff": 1, "sample_diff": 16, "time_diff_s": 0.418, "gps_distance_m": 2.6, "original_speed": "1388", "wheel_diameter_mm": 711.0003997802734, "braking_intensity": 0.0, "is_braking": false, "is_crash": false, "crash_intensity_g": 0.0, "segment_start_sample": 21775, "segment_end_sample": 21791, "time_str": "09:00:01", "Speed_display": 11.6}}, {"type": "Feature", "geometry": {"type": "LineString", "coordinates": [[24.75164277491755, 59.44367108812885], [24.75164127121605, 59.44364383300773]]}, "properties": {"Speed": 22.7, "road_quality": 2, "marker": 7, "trip_id": "602D3_Trip1", "hrot_diff": 1, "sample_diff": 16, "time_diff_s": 0.177, "gps_distance_m": 3.0, "original_speed": "1515", "wheel_diameter_mm": 711.0003997802734, "braking_intensity": 0.0, "is_braking": false, "is_crash": false, "crash_intensity_g": 0.0, "segment_start_sample": 21823, "segment_end_sample": 21839, "time_str": "09:00:02", "Speed_display": 13.3}}, {"type": "Feature", "geometry": {"type": "LineString", "coordinates": [[24.75164127121605, 59.44364383300773], [24.751623742041147, 59.44361835683241]]}, "properties": {"Speed": 11.3, "road_quality": 2, "marker": 7, "trip_id": "602D3_Trip1", "hrot_diff": 1, "sample_diff": 14, "time_diff_s": 0.356, "gps_distance_m": 3.0, "original_speed": "1600", "wheel_diameter_mm": 711.0003997802734, "braking_intensity": 0.0, "is_braking": false, "is_crash": false, "crash_intensity_g": 0.0, "segment_start_sample": 21886, "segment_end_sample": 21900, "time_str": "09:00:03", "Speed_display": 14.3}}, {"type": "Feature", "geometry": {"type": "LineString", "coordinates": [[24.751623742041147, 59.44361835683241], [24.751614165527744, 59.44359428906173]]}, "properties": {"Speed": 16.8, "road_quality": 2, "marker": 7, "trip_id": "602D3_Trip1", "hrot_diff": 1, "sample_diff": 15, "time_diff_s": 0.239, "gps_distance_m": 2.7, "original_speed": "1612", "wheel_diameter_mm": 711.0003997802734, "braking_intensity": 0.0, "is_braking": false, "is_crash": false, "crash_intensity_g": 0.0, "segment_start_sample": 21932, "segment_end_sample": 21947, "time_str": "09:00:04", "Speed_display": 14.3}}, {"type": "Feature", "geometry": {"type": "LineString", "coordinates": [[24.751614165527744, 59.44359428906173], [24.751601331051216, 59.443564631551105]]}, "properties": {"Speed": 11.0, "road_quality": 2, "marker": 7, "trip_id": "602D3_Trip1", "hrot_diff": 1, "sample_diff": 16, "time_diff_s": 0.366, "gps_distance_m": 3.4, "original_speed": "1626", "wheel_diameter_mm": 711.0003997802734, "braking_intensity": 0.0, "is_braking": false, "is_crash": false, "crash_intensity_g": 0.0, "segment_start_sample": 21977, "segment_end_sample": 21993, "time_str": "09:00:05", "Speed_display": 14.1}}, {"type": "Feature", "geometry": {"type": "LineString", "coordinates": [[24.751601331051216, 59.443564631551105], [24.751569649963198, 59.44354017452263]]}, "properties": {"Speed": 9.6, "road_quality": 2, "marker": 7, "trip_id": "602D3_Trip1", "hrot_diff": 1, "sample_diff": 15, "time_diff_s": 0.421, "gps_distance_m": 3.3, "original_speed": "1600", "wheel_diameter_mm": 711.0003997802734, "braking_intensity": 0.0, "is_braking": false, "is_crash": false, "crash_intensity_g": 0.0, "segment_start_sample": 22025, "segment_end_sample": 22040, "time_str": "09:00:06", "Speed_display": 13.8}}, {"type": "Feature", "geometry": {"type": "LineString", "coordinates": [[24.751569649963198, 59.44354017452263], [24.75152737000502, 59.443520630026605]]}, "properties": {"Speed": 22.0, "road_quality": 2, "marker": 7, "trip_id": "602D3_Trip1", "hrot_diff": 1, "sample_diff": 16, "time_diff_s": 0.183, "gps_distance_m": 3.2, "original_speed": "1574", "wheel_diameter_mm": 711.0003997802734, "braking_intensity": 0.0, "is_braking": false, "is_crash": false, "crash_intensity_g": 0.0, "segment_start_sample": 22073, "segment_end_sample": 22089, "time_str": "09:00:07", "Speed_display": 12.7}}, {"type": "Feature", "geometry": {"type": "LineString", "coordinates": [[24.75152737000502, 59.443520630026605], [24.751479700883554, 59.44350825018846]]}, "properties": {"Speed": 9.6, "road_quality": 2, "marker": 7, "trip_id": "602D3_Trip1", "hrot_diff": 1, "sample_diff": 16, "time_diff_s": 0.417, "gps_distance_m": 3.0, "original_speed": "1562", "wheel_diameter_mm": 711.0003997802734, "braking_intensity": 0.0, "is_braking": false, "is_crash": false, "crash_intensity_g": 0.0, "segment_start_sample": 22136, "segment_end_sample": 22152, "time_str": "09:00:08", "Speed_display": 12.4}}, {"type": "Feature", "geometry": {"type": "LineString", "coordinates": [[24.751479700883554, 59.44350825018846], [24.751432127393862, 59.44349236064562]]}, "properties": {"Speed": 11.1, "road_quality": 2, "marker": 7, "trip_id": "602D3_Trip1", "hrot_diff": 1, "sample_diff": 16, "time_diff_s": 0.362, "gps_distance_m": 3.2, "original_speed": "1587", "wheel_diameter_mm": 711.0003997802734, "braking_intensity": 0.0, "is_braking": false, "is_crash": false, "crash_intensity_g": 0.0, "segment_start_sample": 22184, "segment_end_sample": 22200, "time_str": "09:00:09", "Speed_display": 12.4}}, {"type": "Feature", "geometry": {"type": "LineString", "coordinates": [[24.751432127393862, 59.44349236064562], [24.751392804399565, 59.44347665075772]]}, "properties": {"Speed": 9.5, "road_quality": 2, "marker": 7, "trip_id": "602D3_Trip1", "hrot_diff": 1, "sample_diff": 17, "time_diff_s": 0.424, "gps_distance_m": 2.8, "original_speed": "1538", "wheel_diameter_mm": 711.0003997802734, "braking_intensity": 0.0, "is_braking": false, "is_crash": false, "crash_intensity_g": 0.0, "segment_start_sample": 22234, "segment_end_sample": 22251, "time_str": "09:00:10", "Speed_display": 9.9}}, {"type": "Feature", "geometry": {"type": "LineString", "coordinates": [[24.751392804399565, 59.44347665075772], [24.751354218699163, 59.44346169912222]]}, "properties": {"Speed": 9.7, "road_quality": 2, "marker": 7, "trip_id": "602D3_Trip1", "hrot_diff": 1, "sample_diff": 19, "time_diff_s": 0.416, "gps_distance_m": 2.7, "original_speed": "1415", "wheel_diameter_mm": 711.0003997802734, "braking_intensity": 0.0, "is_braking": false, "is_crash": false, "crash_intensity_g": 0.0, "segment_start_sample": 22288, "segment_end_sample": 22307, "time_str": "09:00:11", "Speed_display": 9.9}}, {"type": "Feature", "geometry": {"type": "LineString", "coordinates": [[24.751354218699163, 59.44346169912222], [24.751316777658168, 59.443448303898364]]}, "properties": {"Speed": 9.6, "road_quality": 2, "marker": 7, "trip_id": "602D3_Trip1", "hrot_diff": 1, "sample_diff": 21, "time_diff_s": 0.418, "gps_distance_m": 2.6, "original_speed": "1315", "wheel_diameter_mm": 711.0003997802734, "braking_intensity": 0.0, "is_braking": false, "is_crash": false, "crash_intensity_g": 0.0, "segment_start_sample": 22327, "segment_end_sample": 22348, "time_str": "09:00:12", "Speed_display": 9.0}}, {"type": "Feature", "geometry": {"type": "LineString", "coordinates": [[24.751316777658168, 59.443448303898364], [24.751288393559594, 59.443438375544645]]}, "properties": {"Speed": 9.5, "road_quality": 2, "marker": 7, "trip_id": "602D3_Trip1", "hrot_diff": 1, "sample_diff": 23, "time_diff_s": 0.422, "gps_distance_m": 1.9, "original_speed": "1209", "wheel_diameter_mm": 711.0003997802734, "braking_intensity": 0.0, "is_braking": false, "is_crash": false, "crash_intensity_g": 0.0, "segment_start_sample": 22371, "segment_end_sample": 22394, "time_str": "09:00:13", "Speed_display": 8.1}}, {"type": "Feature", "geometry": {"type": "LineString", "coordinates": [[24.751288393559594, 59.443438375544645], [24.751265253123062, 59.44342363409696]]}, "properties": {"Speed": 6.7, "road_quality": 2, "marker": 7, "trip_id": "602D3_Trip1", "hrot_diff": 1, "sample_diff": 34, "time_diff_s": 0.6, "gps_distance_m": 2.1, "original_speed": "1071", "wheel_diameter_mm": 711.0003997802734, "braking_intensity": 0.0, "is_braking": false, "is_crash": false, "crash_intensity_g": 0.0, "segment_start_sample": 22421, "segment_end_sample": 22455, "time_str": "09:00:14", "Speed_display": 6.2}}, {"type": "Feature", "geometry": {"type": "LineString", "coordinates": [[24.751265253123062, 59.44342363409696], [24.751247244175506, 59.443414737335516]]}, "properties": {"Speed": 5.2, "road_quality": 2, "marker": 7, "trip_id": "602D3_Trip1", "hrot_diff": 1, "sample_diff": 40, "time_diff_s": 0.779, "gps_distance_m": 1.4, "original_speed": "900", "wheel_diameter_mm": 711.0003997802734, "braking_intensity": 0.0, "is_braking": false, "is_crash": false, "crash_intensity_g": 0.0, "segment_start_sample": 22455, "segment_end_sample": 22495, "time_str": "09:00:15", "Speed_display": 5.6}}, {"type": "Feature", "geometry": {"type": "LineString", "coordinates": [[24.751247244175506, 59.443414737335516], [24.751214908910757, 59.44339957436709]]}, "properties": {"Speed": 0.1, "road_quality": 1, "marker": 7, "trip_id": "602D3_Trip1", "hrot_diff": 1, "sample_diff": 3589, "time_diff_s": 71.821, "gps_distance_m": 2.5, "original_speed": "740", "wheel_diameter_mm": 711.0003997802734, "braking_intensity": 0.0, "is_braking": false, "is_crash": false, "crash_intensity_g": 0.0, "segment_start_sample": 22495, "segment_end_sample": 26084, "time_str": "09:00:16", "Speed_display": 6.0}}, {"type": "Feature", "geometry": {"type": "LineString", "coordinates": [[24.751214908910757, 59.44339957436709], [24.751184758229865, 59.44337796281351]]}, "properties": {"Speed": 6.7, "road_quality": 2, "marker": 7, "trip_id": "602D3_Trip1", "hrot_diff": 1, "sample_diff": 30, "time_diff_s": 0.6, "gps_distance_m": 2.9, "original_speed": "787", "wheel_diameter_mm": 711.0003997802734, "braking_intensity": 0.0, "is_braking": false, "is_crash": false, "crash_intensity_g": 0.0, "segment_start_sample": 26179, "segment_end_sample": 26209, "time_str": "09:01:29", "Speed_display": 6.6}}, {"type": "Feature", "geometry": {"type": "LineString", "coordinates": [[24.751184758229865, 59.44337796281351], [24.751156851727664, 59.44336704653932]]}, "properties": {"Speed": 11.3, "road_quality": 2, "marker": 7, "trip_id": "602D3_Trip1", "hrot_diff": 1, "sample_diff": 22, "time_diff_s": 0.356, "gps_distance_m": 2.0, "original_speed": "869", "wheel_diameter_mm": 711.0003997802734, "braking_intensity": 0.0, "is_braking": false, "is_crash": false, "crash_intensity_g": 0.0, "segment_start_sample": 26237, "segment_end_sample": 26259, "time_str": "09:01:30", "Speed_display": 7.8}}, {"type": "Feature", "geometry": {"type": "LineString", "coordinates": [[24.751156851727664, 59.44336704653932], [24.751123692677947, 59.443352686099985]]}, "properties": {"Speed": 9.6, "road_quality": 2, "marker": 7, "trip_id": "602D3_Trip1", "hrot_diff": 1, "sample_diff": 20, "time_diff_s": 0.419, "gps_distance_m": 2.5, "original_speed": "993", "wheel_diameter_mm": 711.0003997802734, "braking_intensity": 0.0, "is_braking": false, "is_crash": false, "crash_intensity_g": 0.0, "segment_start_sample": 26280, "segment_end_sample": 26300, "time_str": "09:01:31", "Speed_display": 9.6}}, {"type": "Feature", "geometry": {"type": "LineString", "coordinates": [[24.751123692677947, 59.443352686099985], [24.75109496451169, 59.44333954693451]]}, "properties": {"Speed": 11.1, "road_quality": 2, "marker": 7, "trip_id": "602D3_Trip1", "hrot_diff": 1, "sample_diff": 20, "time_diff_s": 0.361, "gps_distance_m": 2.2, "original_speed": "1209", "wheel_diameter_mm": 711.0003997802734, "braking_intensity": 0.0, "is_braking": false, "is_crash": false, "crash_intensity_g": 0.0, "segment_start_sample": 26320, "segment_end_sample": 26340, "time_str": "09:01:32", "Speed_display": 11.6}}, {"type": "Feature", "geometry": {"type": "LineString", "coordinates": [[24.75109496451169, 59.44333954693451], [24.751056978289956, 59.44331887701876]]}, "properties": {"Speed": 9.4, "road_quality": 2, "marker": 7, "trip_id": "602D3_Trip1", "hrot_diff": 1, "sample_diff": 17, "time_diff_s": 0.426, "gps_distance_m": 3.1, "original_speed": "1293", "wheel_diameter_mm": 711.0003997802734, "braking_intensity": 0.0, "is_braking": false, "is_crash": false, "crash_intensity_g": 0.0, "segment_start_sample": 26378, "segment_end_sample": 26395, "time_str": "09:01:33", "Speed_display": 11.0}}, {"type": "Feature", "geometry": {"type": "LineString", "coordinates": [[24.751056978289956, 59.44331887701876], [24.75103033598411, 59.44329884878289]]}, "properties": {"Speed": 16.5, "road_quality": 2, "marker": 7, "trip_id": "602D3_Trip1", "hrot_diff": 1, "sample_diff": 15, "time_diff_s": 0.243, "gps_distance_m": 2.7, "original_speed": "1415", "wheel_diameter_mm": 711.0003997802734, "braking_intensity": 0.0, "is_braking": false, "is_crash": false, "crash_intensity_g": 0.0, "segment_start_sample": 26430, "segment_end_sample": 26445, "time_str": "09:01:34", "Speed_display": 11.3}}, {"type": "Feature", "geometry": {"type": "LineString", "coordinates": [[24.75103033598411, 59.44329884878289], [24.75100049271416, 59.44327452209862]]}, "properties": {"Speed": 8.4, "road_quality": 2, "marker": 7, "trip_id": "602D3_Trip1", "hrot_diff": 1, "sample_diff": 17, "time_diff_s": 0.479, "gps_distance_m": 3.2, "original_speed": "1492", "wheel_diameter_mm": 711.0003997802734, "braking_intensity": 0.0, "is_braking": false, "is_crash": false, "crash_intensity_g": 0.0, "segment_start_sample": 26479, "segment_end_sample": 26496, "time_str": "09:01:35", "Speed_display": 10.3}}, {"type": "Feature", "geometry": {"type": "LineString", "coordinates": [[24.750976660091556, 59.44325299161531], [24.75095052564139, 59.44323221131455]]}, "properties": {"Speed": 11.0, "road_quality": 2, "marker": 7, "trip_id": "602D3_Trip1", "hrot_diff": 1, "sample_diff": 27, "time_diff_s": 0.366, "gps_distance_m": 2.7, "original_speed": "1315", "wheel_diameter_mm": 711.0003997802734, "braking_intensity": 0.0, "is_braking": false, "is_crash": false, "crash_intensity_g": 0.0, "segment_start_sample": 26572, "segment_end_sample": 26599, "time_str": "09:01:37", "Speed_display": 9.9}}, {"type": "Feature", "geometry": {"type": "LineString", "coordinates": [[24.75095052564139, 59.44323221131455], [24.750929299217542, 59.44322069832205]]}, "properties": {"Speed": 6.1, "road_quality": 2, "marker": 7, "trip_id": "602D3_Trip1", "hrot_diff": 1, "sample_diff": 34, "time_diff_s": 0.66, "gps_distance_m": 1.8, "original_speed": "943", "wheel_diameter_mm": 711.0003997802734, "braking_intensity": 0.0, "is_braking": false, "is_crash": false, "crash_intensity_g": 0.0, "segment_start_sample": 26631, "segment_end_sample": 26665, "time_str": "09:01:38", "Speed_display": 10.0}}, {"type": "Feature", "geometry": {"type": "LineString", "coordinates": [[24.750929299217542, 59.44322069832205], [24.75091796989466, 59.44321070374325]]}, "properties": {"Speed": 7.4, "road_quality": 2, "marker": 7, "trip_id": "602D3_Trip1", "hrot_diff": 1, "sample_diff": 33, "time_diff_s": 0.54, "gps_distance_m": 1.3, "original_speed": "800", "wheel_diameter_mm": 711.0003997802734, "braking_intensity": 0.0, "is_braking": false, "is_crash": false, "crash_intensity_g": 0.0, "segment_start_sample": 26665, "segment_end_sample": 26698, "time_str": "09:01:39", "Speed_display": 10.5}}, {"type": "Feature", "geometry": {"type": "LineString", "coordinates": [[24.75091796989466, 59.44321070374325], [24.75089994744387, 59.443200694506125]]}, "properties": {"Speed": 16.9, "road_quality": 2, "marker": 7, "trip_id": "602D3_Trip1", "hrot_diff": 1, "sample_diff": 26, "time_diff_s": 0.238, "gps_distance_m": 1.5, "original_speed": "806", "wheel_diameter_mm": 711.0003997802734, "braking_intensity": 0.0, "is_braking": false, "is_crash": false, "crash_intensity_g": 0.0, "segment_start_sample": 26722, "segment_end_sample": 26748, "time_str": "09:01:40", "Speed_display": 10.2}}, {"type": "Feature", "geometry": {"type": "LineString", "coordinates": [[24.75089994744387, 59.443200694506125], [24.75087690567401, 59.44317813071487]]}, "properties": {"Speed": 11.1, "road_quality": 2, "marker": 7, "trip_id": "602D3_Trip1", "hrot_diff": 1, "sample_diff": 17, "time_diff_s": 0.363, "gps_distance_m": 2.8, "original_speed": "1145", "wheel_diameter_mm": 711.0003997802734, "braking_intensity": 0.0, "is_braking": false, "is_crash": false, "crash_intensity_g": 0.0, "segment_start_sample": 26786, "segment_end_sample": 26803, "time_str": "09:01:42", "Speed_display": 11.1}}, {"type": "Feature", "geometry": {"type": "LineString", "coordinates": [[24.75087690567401, 59.44317813071487], [24.75085607784784, 59.44316066642767]]}, "properties": {"Speed": 9.5, "road_quality": 2, "marker": 7, "trip_id": "602D3_Trip1", "hrot_diff": 1, "sample_diff": 17, "time_diff_s": 0.422, "gps_distance_m": 2.3, "original_speed": "1293", "wheel_diameter_mm": 711.0003997802734, "braking_intensity": 0.0, "is_braking": false, "is_crash": false, "crash_intensity_g": 0.0, "segment_start_sample": 26826, "segment_end_sample": 26843, "time_str": "09:01:42", "Speed_display": 11.0}}, {"type": "Feature", "geometry": {"type": "LineString", "coordinates": [[24.750848201538044, 59.443142486681275], [24.75082989430259, 59.44311560794587]]}, "properties": {"Speed": 10.8, "road_quality": 2, "marker": 7, "trip_id": "602D3_Trip1", "hrot_diff": 1, "sample_diff": 20, "time_diff_s": 0.373, "gps_distance_m": 3.2, "original_speed": "1363", "wheel_diameter_mm": 711.0003997802734, "braking_intensity": 0.0, "is_braking": false, "is_crash": false, "crash_intensity_g": 0.0, "segment_start_sample": 26932, "segment_end_sample": 26952, "time_str": "09:01:45", "Speed_display": 9.3}}, {"type": "Feature", "geometry": {"type": "LineString", "coordinates": [[24.75082989430259, 59.44311560794587], [24.75081984549338, 59.44309469252998]]}, "properties": {"Speed": 6.7, "road_quality": 2, "marker": 7, "trip_id": "602D3_Trip1", "hrot_diff": 1, "sample_diff": 20, "time_diff_s": 0.597, "gps_distance_m": 2.4, "original_speed": "1339", "wheel_diameter_mm": 711.0003997802734, "braking_intensity": 0.0, "is_braking": false, "is_crash": false, "crash_intensity_g": 0.0, "segment_start_sample": 26972, "segment_end_sample": 26992, "time_str": "09:01:45", "Speed_display": 8.3}}, {"type": "Feature", "geometry": {"type": "LineString", "coordinates": [[24.75081984549338, 59.44309469252998], [24.75082067623805, 59.44307282349151]]}, "properties": {"Speed": 8.4, "road_quality": 2, "marker": 7, "trip_id": "602D3_Trip1", "hrot_diff": 1, "sample_diff": 21, "time_diff_s": 0.48, "gps_distance_m": 2.4, "original_speed": "1229", "wheel_diameter_mm": 711.0003997802734, "braking_intensity": 0.0, "is_braking": false, "is_crash": false, "crash_intensity_g": 0.0, "segment_start_sample": 27034, "segment_end_sample": 27055, "time_str": "09:01:46", "Speed_display": 7.7}}, {"type": "Feature", "geometry": {"type": "LineString", "coordinates": [[24.75082067623805, 59.44307282349151], [24.750817659565403, 59.44305214510987]]}, "properties": {"Speed": 6.1, "road_quality": 2, "marker": 7, "trip_id": "602D3_Trip1", "hrot_diff": 1, "sample_diff": 25, "time_diff_s": 0.655, "gps_distance_m": 2.3, "original_speed": "1171", "wheel_diameter_mm": 711.0003997802734, "braking_intensity": 0.0, "is_braking": false, "is_crash": false, "crash_intensity_g": 0.0, "segment_start_sample": 27077, "segment_end_sample": 27102, "time_str": "09:01:47", "Speed_display": 6.7}}, {"type": "Feature", "geometry": {"type": "LineString", "coordinates": [[24.750817659565403, 59.44305214510987], [24.75079780963557, 59.443040025098114]]}, "properties": {"Speed": 6.7, "road_quality": 2, "marker": 7, "trip_id": "602D3_Trip1", "hrot_diff": 1, "sample_diff": 24, "time_diff_s": 0.603, "gps_distance_m": 1.8, "original_speed": "1056", "wheel_diameter_mm": 711.0003997802734, "braking_intensity": 0.0, "is_braking": false, "is_crash": false, "crash_intensity_g": 0.0, "segment_start_sample": 27129, "segment_end_sample": 27153, "time_str": "09:01:48", "Speed_display": 7.6}}, {"type": "Feature", "geometry": {"type": "LineString", "coordinates": [[24.75079780963557, 59.443040025098114], [24.750786836409834, 59.443026096747765]]}, "properties": {"Speed": 5.6, "road_quality": 2, "marker": 7, "trip_id": "602D3_Trip1", "hrot_diff": 1, "sample_diff": 23, "time_diff_s": 0.72, "gps_distance_m": 1.7, "original_speed": "993", "wheel_diameter_mm": 711.0003997802734, "braking_intensity": 0.0, "is_braking": false, "is_crash": false, "crash_intensity_g": 0.0, "segment_start_sample": 27177, "segment_end_sample": 27200, "time_str": "09:01:49", "Speed_display": 7.0}}, {"type": "Feature", "geometry": {"type": "LineString", "coordinates": [[24.750786836409834, 59.443026096747765], [24.75077829020211, 59.44300799632256]]}, "properties": {"Speed": 11.1, "road_quality": 2, "marker": 7, "trip_id": "602D3_Trip1", "hrot_diff": 1, "sample_diff": 24, "time_diff_s": 0.361, "gps_distance_m": 2.1, "original_speed": "1079", "wheel_diameter_mm": 711.0003997802734, "braking_intensity": 0.0, "is_braking": false, "is_crash": false, "crash_intensity_g": 0.0, "segment_start_sample": 27221, "segment_end_sample": 27245, "time_str": "09:01:50", "Speed_display": 7.7}}, {"type": "Feature", "geometry": {"type": "LineString", "coordinates": [[24.75077829020211, 59.44300799632256], [24.750769107828468, 59.44298764452232]]}, "properties": {"Speed": 5.6, "road_quality": 2, "marker": 7, "trip_id": "602D3_Trip1", "hrot_diff": 1, "sample_diff": 23, "time_diff_s": 0.72, "gps_distance_m": 2.3, "original_speed": "1094", "wheel_diameter_mm": 711.0003997802734, "braking_intensity": 0.0, "is_braking": false, "is_crash": false, "crash_intensity_g": 0.0, "segment_start_sample": 27269, "segment_end_sample": 27292, "time_str": "09:01:51", "Speed_display": 8.3}}, {"type": "Feature", "geometry": {"type": "LineString", "coordinates": [[24.750769107828468, 59.44298764452232], [24.75075567181965, 59.44297413614201]]}, "properties": {"Speed": 9.6, "road_quality": 2, "marker": 7, "trip_id": "602D3_Trip1", "hrot_diff": 1, "sample_diff": 17, "time_diff_s": 0.42, "gps_distance_m": 1.7, "original_speed": "1127", "wheel_diameter_mm": 711.0003997802734, "braking_intensity": 0.0, "is_braking": false, "is_crash": false, "crash_intensity_g": 0.0, "segment_start_sample": 27333, "segment_end_sample": 27350, "time_str": "09:01:52", "Speed_display": 10.7}}, {"type": "Feature", "geometry": {"type": "LineString", "coordinates": [[24.75075567181965, 59.44297413614201], [24.750728518176015, 59.442951529313845]]}, "properties": {"Speed": 9.6, "road_quality": 2, "marker": 7, "trip_id": "602D3_Trip1", "hrot_diff": 1, "sample_diff": 17, "time_diff_s": 0.419, "gps_distance_m": 2.9, "original_speed": "1470", "wheel_diameter_mm": 711.0003997802734, "braking_intensity": 0.0, "is_braking": false, "is_crash": false, "crash_intensity_g": 0.0, "segment_start_sample": 27383, "segment_end_sample": 27400, "time_str": "09:01:53", "Speed_display": 10.1}}, {"type": "Feature", "geometry": {"type": "LineString", "coordinates": [[24.750728518176015, 59.442951529313845], [24.750675000937886, 59.44295088113415]]}, "properties": {"Speed": 17.4, "road_quality": 2, "marker": 7, "trip_id": "602D3_Trip1", "hrot_diff": 1, "sample_diff": 14, "time_diff_s": 0.231, "gps_distance_m": 3.0, "original_speed": "1526", "wheel_diameter_mm": 711.0003997802734, "braking_intensity": 0.0, "is_braking": false, "is_crash": false, "crash_intensity_g": 0.0, "segment_start_sample": 27432, "segment_end_sample": 27446, "time_str": "09:01:54", "Speed_display": 10.9}}, {"type": "Feature", "geometry": {"type": "LineString", "coordinates": [[24.75061398833011, 59.44296945109083], [24.75057114057424, 59.442991820169624]]}, "properties": {"Speed": 8.4, "road_quality": 2, "marker": 7, "trip_id": "602D3_Trip1", "hrot_diff": 1, "sample_diff": 15, "time_diff_s": 0.481, "gps_distance_m": 3.5, "original_speed": "1600", "wheel_diameter_mm": 711.0003997802734, "braking_intensity": 0.0, "is_braking": false, "is_crash": false, "crash_intensity_g": 0.0, "segment_start_sample": 27525, "segment_end_sample": 27540, "time_str": "09:01:56", "Speed_display": 10.7}}, {"type": "Feature", "geometry": {"type": "LineString", "coordinates": [[24.75057114057424, 59.442991820169624], [24.75051723680531, 59.44300250496062]]}, "properties": {"Speed": 9.6, "road_quality": 2, "marker": 7, "trip_id": "602D3_Trip1", "hrot_diff": 1, "sample_diff": 16, "time_diff_s": 0.42, "gps_distance_m": 3.3, "original_speed": "1612", "wheel_diameter_mm": 711.0003997802734, "braking_intensity": 0.0, "is_braking": false, "is_crash": false, "crash_intensity_g": 0.0, "segment_start_sample": 27587, "segment_end_sample": 27603, "time_str": "09:01:58", "Speed_display": 13.3}}, {"type": "Feature", "geometry": {"type": "LineString", "coordinates": [[24.75051723680531, 59.44300250496062], [24.750454911737243, 59.443006060558965]]}, "properties": {"Speed": 8.3, "road_quality": 2, "marker": 7, "trip_id": "602D3_Trip1", "hrot_diff": 1, "sample_diff": 15, "time_diff_s": 0.482, "gps_distance_m": 3.5, "original_speed": "1587", "wheel_diameter_mm": 711.0003997802734, "braking_intensity": 0.0, "is_braking": false, "is_crash": false, "crash_intensity_g": 0.0, "segment_start_sample": 27619, "segment_end_sample": 27634, "time_str": "09:01:58", "Speed_display": 12.5}}, {"type": "Feature", "geometry": {"type": "LineString", "coordinates": [[24.750454911737243, 59.443006060558965], [24.750401818280483, 59.443013211351186]]}, "properties": {"Speed": 23.0, "road_quality": 2, "marker": 7, "trip_id": "602D3_Trip1", "hrot_diff": 1, "sample_diff": 14, "time_diff_s": 0.175, "gps_distance_m": 3.1, "original_speed": "1600", "wheel_diameter_mm": 711.0003997802734, "braking_intensity": 0.0, "is_braking": false, "is_crash": false, "crash_intensity_g": 0.0, "segment_start_sample": 27681, "segment_end_sample": 27695, "time_str": "09:02:00", "Speed_display": 13.1}}, {"type": "Feature", "geometry": {"type": "LineString", "coordinates": [[24.750401818280483, 59.443013211351186], [24.75034611656711, 59.443018548385275]]}, "properties": {"Speed": 13.4, "road_quality": 2, "marker": 7, "trip_id": "602D3_Trip1", "hrot_diff": 1, "sample_diff": 15, "time_diff_s": 0.299, "gps_distance_m": 3.2, "original_speed": "1639", "wheel_diameter_mm": 711.0003997802734, "braking_intensity": 0.0, "is_braking": false, "is_crash": false, "crash_intensity_g": 0.0, "segment_start_sample": 27727, "segment_end_sample": 27742, "time_str": "09:02:00", "Speed_display": 12.5}}, {"type": "Feature", "geometry": {"type": "LineString", "coordinates": [[24.75034611656711, 59.443018548385275], [24.750286656999858, 59.44302217296292]]}, "properties": {"Speed": 11.1, "road_quality": 2, "marker": 7, "trip_id": "602D3_Trip1", "hrot_diff": 1, "sample_diff": 16, "time_diff_s": 0.361, "gps_distance_m": 3.4, "original_speed": "1639", "wheel_diameter_mm": 711.0003997802734, "braking_intensity": 0.0, "is_braking": false, "is_crash": false, "crash_intensity_g": 0.0, "segment_start_sample": 27788, "segment_end_sample": 27804, "time_str": "09:02:02", "Speed_display": 15.4}}, {"type": "Feature", "geometry": {"type": "LineString", "coordinates": [[24.750286656999858, 59.44302217296292], [24.75022946564672, 59.44302435157602]]}, "properties": {"Speed": 6.7, "road_quality": 2, "marker": 7, "trip_id": "602D3_Trip1", "hrot_diff": 1, "sample_diff": 15, "time_diff_s": 0.601, "gps_distance_m": 3.2, "original_speed": "1612", "wheel_diameter_mm": 711.0003997802734, "braking_intensity": 0.0, "is_braking": false, "is_crash": false, "crash_intensity_g": 0.0, "segment_start_sample": 27819, "segment_end_sample": 27834, "time_str": "09:02:02", "Speed_display": 12.7}}, {"type": "Feature", "geometry": {"type": "LineString", "coordinates": [[24.75022946564672, 59.44302435157602], [24.75017609391463, 59.44302797583979]]}, "properties": {"Speed": 22.6, "road_quality": 2, "marker": 7, "trip_id": "602D3_Trip1", "hrot_diff": 1, "sample_diff": 15, "time_diff_s": 0.178, "gps_distance_m": 3.0, "original_speed": "1626", "wheel_diameter_mm": 711.0003997802734, "braking_intensity": 0.0, "is_braking": false, "is_crash": false, "crash_intensity_g": 0.0, "segment_start_sample": 27881, "segment_end_sample": 27896, "time_str": "09:02:04", "Speed_display": 11.9}}, {"type": "Feature", "geometry": {"type": "LineString", "coordinates": [[24.75017609391463, 59.44302797583979], [24.750121534009363, 59.4430276950884]]}, "properties": {"Speed": 9.7, "road_quality": 2, "marker": 7, "trip_id": "602D3_Trip1", "hrot_diff": 1, "sample_diff": 15, "time_diff_s": 0.416, "gps_distance_m": 3.1, "original_speed": "1612", "wheel_diameter_mm": 711.0003997802734, "braking_intensity": 0.0, "is_braking": false, "is_crash": false, "crash_intensity_g": 0.0, "segment_start_sample": 27927, "segment_end_sample": 27942, "time_str": "09:02:04", "Speed_display": 11.6}}, {"type": "Feature", "geometry": {"type": "LineString", "coordinates": [[24.750121534009363, 59.4430276950884], [24.75006909285594, 59.443024567763366]]}, "properties": {"Speed": 9.6, "road_quality": 2, "marker": 7, "trip_id": "602D3_Trip1", "hrot_diff": 1, "sample_diff": 16, "time_diff_s": 0.421, "gps_distance_m": 3.0, "original_speed": "1626", "wheel_diameter_mm": 711.0003997802734, "braking_intensity": 0.0, "is_braking": false, "is_crash": false, "crash_intensity_g": 0.0, "segment_start_sample": 27973, "segment_end_sample": 27989, "time_str": "09:02:05", "Speed_display": 14.8}}, {"type": "Feature", "geometry": {"type": "LineString", "coordinates": [[24.75006909285594, 59.443024567763366], [24.75001218922648, 59.44302040672719]]}, "properties": {"Speed": 9.6, "road_quality": 2, "marker": 7, "trip_id": "602D3_Trip1", "hrot_diff": 1, "sample_diff": 16, "time_diff_s": 0.421, "gps_distance_m": 3.2, "original_speed": "1639", "wheel_diameter_mm": 711.0003997802734, "braking_intensity": 0.0, "is_braking": false, "is_crash": false, "crash_intensity_g": 0.0, "segment_start_sample": 28034, "segment_end_sample": 28050, "time_str": "09:02:07", "Speed_display": 11.6}}, {"type": "Feature", "geometry": {"type": "LineString", "coordinates": [[24.75001218922648, 59.44302040672719], [24.749952493980274, 59.4430160155661]]}, "properties": {"Speed": 22.3, "road_quality": 2, "marker": 7, "trip_id": "602D3_Trip1", "hrot_diff": 1, "sample_diff": 15, "time_diff_s": 0.18, "gps_distance_m": 3.4, "original_speed": "1652", "wheel_diameter_mm": 711.0003997802734, "braking_intensity": 0.0, "is_braking": false, "is_crash": false, "crash_intensity_g": 0.0, "segment_start_sample": 28080, "segment_end_sample": 28095, "time_str": "09:02:08", "Speed_display": 13.0}}, {"type": "Feature", "geometry": {"type": "LineString", "coordinates": [[24.749952493980274, 59.4430160155661], [24.749905283749513, 59.44301226748407]]}, "properties": {"Speed": 6.7, "road_quality": 2, "marker": 7, "trip_id": "602D3_Trip1", "hrot_diff": 1, "sample_diff": 15, "time_diff_s": 0.6, "gps_distance_m": 2.7, "original_speed": "1652", "wheel_diameter_mm": 711.0003997802734, "braking_intensity": 0.0, "is_braking": false, "is_crash": false, "crash_intensity_g": 0.0, "segment_start_sample": 28125, "segment_end_sample": 28140, "time_str": "09:02:08", "Speed_display": 15.7}}, {"type": "Feature", "geometry": {"type": "LineString", "coordinates": [[24.749787861815175, 59.442999081010335], [24.749728568925544, 59.44299020387187]]}, "properties": {"Speed": 16.8, "road_quality": 2, "marker": 7, "trip_id": "602D3_Trip1", "hrot_diff": 1, "sample_diff": 14, "time_diff_s": 0.24, "gps_distance_m": 3.5, "original_speed": "1652", "wheel_diameter_mm": 711.0003997802734, "braking_intensity": 0.0, "is_braking": false, "is_crash": false, "crash_intensity_g": 0.0, "segment_start_sample": 28275, "segment_end_sample": 28289, "time_str": "09:02:11", "Speed_display": 15.7}}, {"type": "Feature", "geometry": {"type": "LineString", "coordinates": [[24.749676610996154, 59.44298055625752], [24.74962037429552, 59.442970872794575]]}, "properties": {"Speed": 23.0, "road_quality": 2, "marker": 7, "trip_id": "602D3_Trip1", "hrot_diff": 1, "sample_diff": 15, "time_diff_s": 0.175, "gps_distance_m": 3.4, "original_speed": "1639", "wheel_diameter_mm": 711.0003997802734, "braking_intensity": 0.0, "is_braking": false, "is_crash": false, "crash_intensity_g": 0.0, "segment_start_sample": 28381, "segment_end_sample": 28396, "time_str": "09:02:14", "Speed_display": 13.1}}, {"type": "Feature", "geometry": {"type": "LineString", "coordinates": [[24.74962037429552, 59.442970872794575], [24.749567857554577, 59.44295959295222]]}, "properties": {"Speed": 9.5, "road_quality": 2, "marker": 7, "trip_id": "602D3_Trip1", "hrot_diff": 1, "sample_diff": 16, "time_diff_s": 0.422, "gps_distance_m": 3.2, "original_speed": "1626", "wheel_diameter_mm": 711.0003997802734, "braking_intensity": 0.0, "is_braking": false, "is_crash": false, "crash_intensity_g": 0.0, "segment_start_sample": 28428, "segment_end_sample": 28444, "time_str": "09:02:14", "Speed_display": 14.0}}, {"type": "Feature", "geometry": {"type": "LineString", "coordinates": [[24.749567857554577, 59.44295959295222], [24.749516297417067, 59.44294975208967]]}, "properties": {"Speed": 9.6, "road_quality": 2, "marker": 7, "trip_id": "602D3_Trip1", "hrot_diff": 1, "sample_diff": 17, "time_diff_s": 0.419, "gps_distance_m": 3.1, "original_speed": "1612", "wheel_diameter_mm": 711.0003997802734, "braking_intensity": 0.0, "is_braking": false, "is_crash": false, "crash_intensity_g": 0.0, "segment_start_sample": 28488, "segment_end_sample": 28505, "time_str": "09:02:16", "Speed_display": 14.0}}, {"type": "Feature", "geometry": {"type": "LineString", "coordinates": [[24.749516297417067, 59.44294975208967], [24.749463829875392, 59.442937562927014]]}, "properties": {"Speed": 11.0, "road_quality": 2, "marker": 7, "trip_id": "602D3_Trip1", "hrot_diff": 1, "sample_diff": 16, "time_diff_s": 0.364, "gps_distance_m": 3.3, "original_speed": "1652", "wheel_diameter_mm": 711.0003997802734, "braking_intensity": 0.0, "is_braking": false, "is_crash": false, "crash_intensity_g": 0.0, "segment_start_sample": 28535, "segment_end_sample": 28551, "time_str": "09:02:17", "Speed_display": 13.8}}, {"type": "Feature", "geometry": {"type": "LineString", "coordinates": [[24.749463829875392, 59.442937562927014], [24.74941451404416, 59.44292638137114]]}, "properties": {"Speed": 16.8, "road_quality": 2, "marker": 7, "trip_id": "602D3_Trip1", "hrot_diff": 1, "sample_diff": 16, "time_diff_s": 0.24, "gps_distance_m": 3.1, "original_speed": "1587", "wheel_diameter_mm": 711.0003997802734, "braking_intensity": 0.0, "is_braking": false, "is_crash": false, "crash_intensity_g": 0.0, "segment_start_sample": 28583, "segment_end_sample": 28599, "time_str": "09:02:18", "Speed_display": 13.3}}, {"type": "Feature", "geometry": {"type": "LineString", "coordinates": [[24.74941451404416, 59.44292638137114], [24.74936343081813, 59.442913618691264]]}, "properties": {"Speed": 22.2, "road_quality": 2, "marker": 7, "trip_id": "602D3_Trip1", "hrot_diff": 1, "sample_diff": 15, "time_diff_s": 0.181, "gps_distance_m": 3.2, "original_speed": "1574", "wheel_diameter_mm": 711.0003997802734, "braking_intensity": 0.0, "is_braking": false, "is_crash": false, "crash_intensity_g": 0.0, "segment_start_sample": 28631, "segment_end_sample": 28646, "time_str": "09:02:19", "Speed_display": 13.6}}, {"type": "Feature", "geometry": {"type": "LineString", "coordinates": [[24.74936343081813, 59.442913618691264], [24.749321159693643, 59.44289924128319]]}, "properties": {"Speed": 6.7, "road_quality": 2, "marker": 7, "trip_id": "602D3_Trip1", "hrot_diff": 1, "sample_diff": 17, "time_diff_s": 0.597, "gps_distance_m": 2.9, "original_speed": "1538", "wheel_diameter_mm": 711.0003997802734, "braking_intensity": 0.0, "is_braking": false, "is_crash": false, "crash_intensity_g": 0.0, "segment_start_sample": 28679, "segment_end_sample": 28696, "time_str": "09:02:19", "Speed_display": 13.6}}, {"type": "Feature", "geometry": {"type": "LineString", "coordinates": [[24.749321159693643, 59.44289924128319], [24.749268067741525, 59.442885902036885]]}, "properties": {"Speed": 11.3, "road_quality": 2, "marker": 7, "trip_id": "602D3_Trip1", "hrot_diff": 1, "sample_diff": 16, "time_diff_s": 0.357, "gps_distance_m": 3.3, "original_speed": "1587", "wheel_diameter_mm": 711.0003997802734, "braking_intensity": 0.0, "is_braking": false, "is_crash": false, "crash_intensity_g": 0.0, "segment_start_sample": 28726, "segment_end_sample": 28742, "time_str": "09:02:20", "Speed_display": 12.2}}, {"type": "Feature", "geometry": {"type": "LineString", "coordinates": [[24.749268067741525, 59.442885902036885], [24.749213485698913, 59.44287217618027]]}, "properties": {"Speed": 11.1, "road_quality": 2, "marker": 7, "trip_id": "602D3_Trip1", "hrot_diff": 1, "sample_diff": 15, "time_diff_s": 0.362, "gps_distance_m": 3.4, "original_speed": "1652", "wheel_diameter_mm": 711.0003997802734, "braking_intensity": 0.0, "is_braking": false, "is_crash": false, "crash_intensity_g": 0.0, "segment_start_sample": 28785, "segment_end_sample": 28800, "time_str": "09:02:22", "Speed_display": 12.2}}, {"type": "Feature", "geometry": {"type": "LineString", "coordinates": [[24.749213485698913, 59.44287217618027], [24.74916562194413, 59.44285659672237]]}, "properties": {"Speed": 9.6, "road_quality": 2, "marker": 7, "trip_id": "602D3_Trip1", "hrot_diff": 1, "sample_diff": 15, "time_diff_s": 0.421, "gps_distance_m": 3.2, "original_speed": "1739", "wheel_diameter_mm": 711.0003997802734, "braking_intensity": 0.0, "is_braking": false, "is_crash": false, "crash_intensity_g": 0.0, "segment_start_sample": 28828, "segment_end_sample": 28843, "time_str": "09:02:22", "Speed_display": 13.1}}, {"type": "Feature", "geometry": {"type": "LineString", "coordinates": [[24.74916562194413, 59.44285659672237], [24.74911113124751, 59.44284117579536]]}, "properties": {"Speed": 22.3, "road_quality": 2, "marker": 7, "trip_id": "602D3_Trip1", "hrot_diff": 1, "sample_diff": 14, "time_diff_s": 0.18, "gps_distance_m": 3.5, "original_speed": "1818", "wheel_diameter_mm": 711.0003997802734, "braking_intensity": 0.0, "is_braking": false, "is_crash": false, "crash_intensity_g": 0.0, "segment_start_sample": 28883, "segment_end_sample": 28897, "time_str": "09:02:24", "Speed_display": 12.7}}, {"type": "Feature", "geometry": {"type": "LineString", "coordinates": [[24.74911113124751, 59.44284117579536], [24.74905587588505, 59.44282292010074]]}, "properties": {"Speed": 11.1, "road_quality": 2, "marker": 7, "trip_id": "602D3_Trip1", "hrot_diff": 1, "sample_diff": 12, "time_diff_s": 0.361, "gps_distance_m": 3.7, "original_speed": "1834", "wheel_diameter_mm": 711.0003997802734, "braking_intensity": 0.0, "is_braking": false, "is_crash": false, "crash_intensity_g": 0.0, "segment_start_sample": 28938, "segment_end_sample": 28950, "time_str": "09:02:25", "Speed_display": 15.1}}, {"type": "Feature", "geometry": {"type": "LineString", "coordinates": [[24.74905587588505, 59.44282292010074], [24.74899854679703, 59.442807961753715]]}, "properties": {"Speed": 9.6, "road_quality": 2, "marker": 7, "trip_id": "602D3_Trip1", "hrot_diff": 1, "sample_diff": 13, "time_diff_s": 0.418, "gps_distance_m": 3.6, "original_speed": "1851", "wheel_diameter_mm": 711.0003997802734, "braking_intensity": 0.0, "is_braking": false, "is_crash": false, "crash_intensity_g": 0.0, "segment_start_sample": 28978, "segment_end_sample": 28991, "time_str": "09:02:25", "Speed_display": 17.6}}, {"type": "Feature", "geometry": {"type": "LineString", "coordinates": [[24.74899854679703, 59.442807961753715], [24.74893709441415, 59.4427904045187]]}, "properties": {"Speed": 22.8, "road_quality": 2, "marker": 7, "trip_id": "602D3_Trip1", "hrot_diff": 1, "sample_diff": 14, "time_diff_s": 0.176, "gps_distance_m": 4.0, "original_speed": "1851", "wheel_diameter_mm": 711.0003997802734, "braking_intensity": 0.0, "is_braking": false, "is_crash": false, "crash_intensity_g": 0.0, "segment_start_sample": 29031, "segment_end_sample": 29045, "time_str": "09:02:27", "Speed_display": 14.8}}, {"type": "Feature", "geometry": {"type": "LineString", "coordinates": [[24.74893709441415, 59.4427904045187], [24.748879059262066, 59.442775460280714]]}, "properties": {"Speed": 22.1, "road_quality": 2, "marker": 7, "trip_id": "602D3_Trip1", "hrot_diff": 1, "sample_diff": 12, "time_diff_s": 0.182, "gps_distance_m": 3.7, "original_speed": "1851", "wheel_diameter_mm": 711.0003997802734, "braking_intensity": 0.0, "is_braking": false, "is_crash": false, "crash_intensity_g": 0.0, "segment_start_sample": 29086, "segment_end_sample": 29098, "time_str": "09:02:28", "Speed_display": 14.8}}, {"type": "Feature", "geometry": {"type": "LineString", "coordinates": [[24.748879059262066, 59.442775460280714], [24.748824149698528, 59.4427558377829]]}, "properties": {"Speed": 8.4, "road_quality": 2, "marker": 7, "trip_id": "602D3_Trip1", "hrot_diff": 1, "sample_diff": 13, "time_diff_s": 0.48, "gps_distance_m": 3.8, "original_speed": "1886", "wheel_diameter_mm": 711.0003997802734, "braking_intensity": 0.0, "is_braking": false, "is_crash": false, "crash_intensity_g": 0.0, "segment_start_sample": 29138, "segment_end_sample": 29151, "time_str": "09:02:28", "Speed_display": 17.3}}, {"type": "Feature", "geometry": {"type": "LineString", "coordinates": [[24.748824149698528, 59.4427558377829], [24.74876192951946, 59.44273970940539]]}, "properties": {"Speed": 11.2, "road_quality": 2, "marker": 7, "trip_id": "602D3_Trip1", "hrot_diff": 1, "sample_diff": 13, "time_diff_s": 0.358, "gps_distance_m": 3.9, "original_speed": "1886", "wheel_diameter_mm": 711.0003997802734, "braking_intensity": 0.0, "is_braking": false, "is_crash": false, "crash_intensity_g": 0.0, "segment_start_sample": 29179, "segment_end_sample": 29192, "time_str": "09:02:29", "Speed_display": 14.7}}, {"type": "Feature", "geometry": {"type": "LineString", "coordinates": [[24.74876192951946, 59.44273970940539], [24.748703486903903, 59.44272334007068]]}, "properties": {"Speed": 22.2, "road_quality": 2, "marker": 7, "trip_id": "602D3_Trip1", "hrot_diff": 1, "sample_diff": 14, "time_diff_s": 0.181, "gps_distance_m": 3.8, "original_speed": "1869", "wheel_diameter_mm": 711.0003997802734, "braking_intensity": 0.0, "is_braking": false, "is_crash": false, "crash_intensity_g": 0.0, "segment_start_sample": 29232, "segment_end_sample": 29246, "time_str": "09:02:31", "Speed_display": 12.5}}, {"type": "Feature", "geometry": {"type": "LineString", "coordinates": [[24.748703486903903, 59.44272334007068], [24.748638299155623, 59.44272007224837]]}, "properties": {"Speed": 9.4, "road_quality": 2, "marker": 7, "trip_id": "602D3_Trip1", "hrot_diff": 1, "sample_diff": 15, "time_diff_s": 0.427, "gps_distance_m": 3.7, "original_speed": "1834", "wheel_diameter_mm": 711.0003997802734, "braking_intensity": 0.0, "is_braking": false, "is_crash": false, "crash_intensity_g": 0.0, "segment_start_sample": 29287, "segment_end_sample": 29302, "time_str": "09:02:31", "Speed_display": 15.3}}, {"type": "Feature", "geometry": {"type": "LineString", "coordinates": [[24.748638299155623, 59.44272007224837], [24.748589142724942, 59.44270179625004]]}, "properties": {"Speed": 11.2, "road_quality": 2, "marker": 7, "trip_id": "602D3_Trip1", "hrot_diff": 1, "sample_diff": 14, "time_diff_s": 0.359, "gps_distance_m": 3.4, "original_speed": "1785", "wheel_diameter_mm": 711.0003997802734, "braking_intensity": 0.0, "is_braking": false, "is_crash": false, "crash_intensity_g": 0.0, "segment_start_sample": 29329, "segment_end_sample": 29343, "time_str": "09:02:32", "Speed_display": 15.0}}, {"type": "Feature", "geometry": {"type": "LineString", "coordinates": [[24.748589142724942, 59.44270179625004], [24.748531876155482, 59.44268598235374]]}, "properties": {"Speed": 22.6, "road_quality": 2, "marker": 7, "trip_id": "602D3_Trip1", "hrot_diff": 1, "sample_diff": 14, "time_diff_s": 0.178, "gps_distance_m": 3.7, "original_speed": "1785", "wheel_diameter_mm": 711.0003997802734, "braking_intensity": 0.0, "is_braking": false, "is_crash": false, "crash_intensity_g": 0.0, "segment_start_sample": 29385, "segment_end_sample": 29399, "time_str": "09:02:34", "Speed_display": 15.0}}, {"type": "Feature", "geometry": {"type": "LineString", "coordinates": [[24.748531876155482, 59.44268598235374], [24.74847768797439, 59.44267108306711]]}, "properties": {"Speed": 9.6, "road_quality": 2, "marker": 7, "trip_id": "602D3_Trip1", "hrot_diff": 1, "sample_diff": 14, "time_diff_s": 0.419, "gps_distance_m": 3.5, "original_speed": "1785", "wheel_diameter_mm": 711.0003997802734, "braking_intensity": 0.0, "is_braking": false, "is_crash": false, "crash_intensity_g": 0.0, "segment_start_sample": 29427, "segment_end_sample": 29441, "time_str": "09:02:34", "Speed_display": 15.1}}, {"type": "Feature", "geometry": {"type": "LineString", "coordinates": [[24.74847768797439, 59.44267108306711], [24.74841964765106, 59.44265700854937]]}, "properties": {"Speed": 22.3, "road_quality": 2, "marker": 7, "trip_id": "602D3_Trip1", "hrot_diff": 1, "sample_diff": 14, "time_diff_s": 0.18, "gps_distance_m": 3.6, "original_speed": "1739", "wheel_diameter_mm": 711.0003997802734, "braking_intensity": 0.0, "is_braking": false, "is_crash": false, "crash_intensity_g": 0.0, "segment_start_sample": 29485, "segment_end_sample": 29499, "time_str": "09:02:36", "Speed_display": 16.1}}, {"type": "Feature", "geometry": {"type": "LineString", "coordinates": [[24.74841964765106, 59.44265700854937], [24.748370993849925, 59.44264523832762]]}, "properties": {"Speed": 9.6, "road_quality": 2, "marker": 7, "trip_id": "602D3_Trip1", "hrot_diff": 1, "sample_diff": 14, "time_diff_s": 0.42, "gps_distance_m": 3.0, "original_speed": "1739", "wheel_diameter_mm": 711.0003997802734, "braking_intensity": 0.0, "is_braking": false, "is_crash": false, "crash_intensity_g": 0.0, "segment_start_sample": 29528, "segment_end_sample": 29542, "time_str": "09:02:36", "Speed_display": 13.9}}, {"type": "Feature", "geometry": {"type": "LineString", "coordinates": [[24.748370993849925, 59.44264523832762], [24.748326765564325, 59.442633040448484]]}, "properties": {"Speed": 16.5, "road_quality": 2, "marker": 7, "trip_id": "602D3_Trip1", "hrot_diff": 1, "sample_diff": 12, "time_diff_s": 0.243, "gps_distance_m": 2.8, "original_speed": "1769", "wheel_diameter_mm": 711.0003997802734, "braking_intensity": 0.0, "is_braking": false, "is_crash": false, "crash_intensity_g": 0.0, "segment_start_sample": 29585, "segment_end_sample": 29597, "time_str": "09:02:37", "Speed_display": 13.9}}, {"type": "Feature", "geometry": {"type": "LineString", "coordinates": [[24.748326765564325, 59.442633040448484], [24.74826014667562, 59.442618811804195]]}, "properties": {"Speed": 11.3, "road_quality": 2, "marker": 7, "trip_id": "602D3_Trip1", "hrot_diff": 1, "sample_diff": 16, "time_diff_s": 0.357, "gps_distance_m": 4.1, "original_speed": "1818", "wheel_diameter_mm": 711.0003997802734, "braking_intensity": 0.0, "is_braking": false, "is_crash": false, "crash_intensity_g": 0.0, "segment_start_sample": 29624, "segment_end_sample": 29640, "time_str": "09:02:38", "Speed_display": 13.9}}, {"type": "Feature", "geometry": {"type": "LineString", "coordinates": [[24.748201117584706, 59.44260472136064], [24.74814673131746, 59.442594075673924]]}, "properties": {"Speed": 9.6, "road_quality": 2, "marker": 7, "trip_id": "602D3_Trip1", "hrot_diff": 1, "sample_diff": 13, "time_diff_s": 0.42, "gps_distance_m": 3.3, "original_speed": "1851", "wheel_diameter_mm": 711.0003997802734, "braking_intensity": 0.0, "is_braking": false, "is_crash": false, "crash_intensity_g": 0.0, "segment_start_sample": 29721, "segment_end_sample": 29734, "time_str": "09:02:40", "Speed_display": 13.8}}, {"type": "Feature", "geometry": {"type": "LineString", "coordinates": [[24.74814673131746, 59.442594075673924], [24.748088112052624, 59.44257665914815]]}, "properties": {"Speed": 22.3, "road_quality": 2, "marker": 7, "trip_id": "602D3_Trip1", "hrot_diff": 1, "sample_diff": 15, "time_diff_s": 0.18, "gps_distance_m": 3.8, "original_speed": "1869", "wheel_diameter_mm": 711.0003997802734, "braking_intensity": 0.0, "is_braking": false, "is_crash": false, "crash_intensity_g": 0.0, "segment_start_sample": 29774, "segment_end_sample": 29789, "time_str": "09:02:41", "Speed_display": 13.9}}, {"type": "Feature", "geometry": {"type": "LineString", "coordinates": [[24.748088112052624, 59.44257665914815], [24.748030229835763, 59.44256473315191]]}, "properties": {"Speed": 9.5, "road_quality": 2, "marker": 7, "trip_id": "602D3_Trip1", "hrot_diff": 1, "sample_diff": 14, "time_diff_s": 0.422, "gps_distance_m": 3.5, "original_speed": "1834", "wheel_diameter_mm": 711.0003997802734, "braking_intensity": 0.0, "is_braking": false, "is_crash": false, "crash_intensity_g": 0.0, "segment_start_sample": 29829, "segment_end_sample": 29843, "time_str": "09:02:42", "Speed_display": 16.1}}, {"type": "Feature", "geometry": {"type": "LineString", "coordinates": [[24.748030229835763, 59.44256473315191], [24.7479718967358, 59.442551653802035]]}, "properties": {"Speed": 16.8, "road_quality": 2, "marker": 7, "trip_id": "602D3_Trip1", "hrot_diff": 1, "sample_diff": 14, "time_diff_s": 0.24, "gps_distance_m": 3.6, "original_speed": "1869", "wheel_diameter_mm": 711.0003997802734, "braking_intensity": 0.0, "is_braking": false, "is_crash": false, "crash_intensity_g": 0.0, "segment_start_sample": 29882, "segment_end_sample": 29896, "time_str": "09:02:43", "Speed_display": 16.1}}, {"type": "Feature", "geometry": {"type": "LineString", "coordinates": [[24.7479718967358, 59.442551653802035], [24.747907240754216, 59.44253754247076]]}, "properties": {"Speed": 22.3, "road_quality": 2, "marker": 7, "trip_id": "602D3_Trip1", "hrot_diff": 1, "sample_diff": 13, "time_diff_s": 0.18, "gps_distance_m": 4.0, "original_speed": "1851", "wheel_diameter_mm": 711.0003997802734, "braking_intensity": 0.0, "is_braking": false, "is_crash": false, "crash_intensity_g": 0.0, "segment_start_sample": 29936, "segment_end_sample": 29949, "time_str": "09:02:45", "Speed_display": 15.0}}, {"type": "Feature", "geometry": {"type": "LineString", "coordinates": [[24.747907240754216, 59.44253754247076], [24.74784998091303, 59.44252593545256]]}, "properties": {"Speed": 9.6, "road_quality": 2, "marker": 7, "trip_id": "602D3_Trip1", "hrot_diff": 1, "sample_diff": 13, "time_diff_s": 0.419, "gps_distance_m": 3.5, "original_speed": "1834", "wheel_diameter_mm": 711.0003997802734, "braking_intensity": 0.0, "is_braking": false, "is_crash": false, "crash_intensity_g": 0.0, "segment_start_sample": 29978, "segment_end_sample": 29991, "time_str": "09:02:45", "Speed_display": 15.0}}, {"type": "Feature", "geometry": {"type": "LineString", "coordinates": [[24.74784998091303, 59.44252593545256], [24.74779780171134, 59.44250883301359]]}, "properties": {"Speed": 16.8, "road_quality": 2, "marker": 7, "trip_id": "602D3_Trip1", "hrot_diff": 1, "sample_diff": 14, "time_diff_s": 0.24, "gps_distance_m": 3.5, "original_speed": "1818", "wheel_diameter_mm": 711.0003997802734, "braking_intensity": 0.0, "is_braking": false, "is_crash": false, "crash_intensity_g": 0.0, "segment_start_sample": 30033, "segment_end_sample": 30047, "time_str": "09:02:46", "Speed_display": 16.1}}, {"type": "Feature", "geometry": {"type": "LineString", "coordinates": [[24.74779780171134, 59.44250883301359], [24.747743152073035, 59.44248956217374]]}, "properties": {"Speed": 9.6, "road_quality": 2, "marker": 7, "trip_id": "602D3_Trip1", "hrot_diff": 1, "sample_diff": 14, "time_diff_s": 0.419, "gps_distance_m": 3.8, "original_speed": "1818", "wheel_diameter_mm": 711.0003997802734, "braking_intensity": 0.0, "is_braking": false, "is_crash": false, "crash_intensity_g": 0.0, "segment_start_sample": 30088, "segment_end_sample": 30102, "time_str": "09:02:48", "Speed_display": 15.0}}, {"type": "Feature", "geometry": {"type": "LineString", "coordinates": [[24.747743152073035, 59.44248956217374], [24.74768764418862, 59.44247863909134]]}, "properties": {"Speed": 22.2, "road_quality": 2, "marker": 7, "trip_id": "602D3_Trip1", "hrot_diff": 1, "sample_diff": 14, "time_diff_s": 0.181, "gps_distance_m": 3.4, "original_speed": "1785", "wheel_diameter_mm": 711.0003997802734, "braking_intensity": 0.0, "is_braking": false, "is_crash": false, "crash_intensity_g": 0.0, "segment_start_sample": 30130, "segment_end_sample": 30144, "time_str": "09:02:49", "Speed_display": 15.3}}, {"type": "Feature", "geometry": {"type": "LineString", "coordinates": [[24.74768764418862, 59.44247863909134], [24.747630589989363, 59.442465686851186]]}, "properties": {"Speed": 16.8, "road_quality": 2, "marker": 7, "trip_id": "602D3_Trip1", "hrot_diff": 1, "sample_diff": 13, "time_diff_s": 0.24, "gps_distance_m": 3.5, "original_speed": "1801", "wheel_diameter_mm": 711.0003997802734, "braking_intensity": 0.0, "is_braking": false, "is_crash": false, "crash_intensity_g": 0.0, "segment_start_sample": 30186, "segment_end_sample": 30199, "time_str": "09:02:49", "Speed_display": 14.2}}, {"type": "Feature", "geometry": {"type": "LineString", "coordinates": [[24.747630589989363, 59.442465686851186], [24.747574577301926, 59.44245747856041]]}, "properties": {"Speed": 11.2, "road_quality": 2, "marker": 7, "trip_id": "602D3_Trip1", "hrot_diff": 1, "sample_diff": 13, "time_diff_s": 0.36, "gps_distance_m": 3.3, "original_speed": "1769", "wheel_diameter_mm": 711.0003997802734, "braking_intensity": 0.0, "is_braking": false, "is_crash": false, "crash_intensity_g": 0.0, "segment_start_sample": 30229, "segment_end_sample": 30242, "time_str": "09:02:50", "Speed_display": 14.2}}, {"type": "Feature", "geometry": {"type": "LineString", "coordinates": [[24.747574577301926, 59.44245747856041], [24.74751782336837, 59.44244076173703]]}, "properties": {"Speed": 11.1, "road_quality": 2, "marker": 7, "trip_id": "602D3_Trip1", "hrot_diff": 1, "sample_diff": 15, "time_diff_s": 0.362, "gps_distance_m": 3.7, "original_speed": "1785", "wheel_diameter_mm": 711.0003997802734, "braking_intensity": 0.0, "is_braking": false, "is_crash": false, "crash_intensity_g": 0.0, "segment_start_sample": 30284, "segment_end_sample": 30299, "time_str": "09:02:52", "Speed_display": 14.2}}, {"type": "Feature", "geometry": {"type": "LineString", "coordinates": [[24.74751782336837, 59.44244076173703], [24.74746455167752, 59.44242659367013]]}, "properties": {"Speed": 9.6, "road_quality": 2, "marker": 7, "trip_id": "602D3_Trip1", "hrot_diff": 1, "sample_diff": 12, "time_diff_s": 0.419, "gps_distance_m": 3.4, "original_speed": "1785", "wheel_diameter_mm": 711.0003997802734, "braking_intensity": 0.0, "is_braking": false, "is_crash": false, "crash_intensity_g": 0.0, "segment_start_sample": 30328, "segment_end_sample": 30340, "time_str": "09:02:52", "Speed_display": 13.5}}, {"type": "Feature", "geometry": {"type": "LineString", "coordinates": [[24.74746455167752, 59.44242659367013], [24.747385840963027, 59.442419619915285]]}, "properties": {"Speed": 22.3, "road_quality": 2, "marker": 7, "trip_id": "602D3_Trip1", "hrot_diff": 1, "sample_diff": 15, "time_diff_s": 0.18, "gps_distance_m": 4.5, "original_speed": "1801", "wheel_diameter_mm": 711.0003997802734, "braking_intensity": 0.0, "is_braking": false, "is_crash": false, "crash_intensity_g": 0.0, "segment_start_sample": 30382, "segment_end_sample": 30397, "time_str": "09:02:54", "Speed_display": 14.6}}, {"type": "Feature", "geometry": {"type": "LineString", "coordinates": [[24.747385840963027, 59.442419619915285], [24.747293026056887, 59.442404502990975]]}, "properties": {"Speed": 13.3, "road_quality": 2, "marker": 7, "trip_id": "602D3_Trip1", "hrot_diff": 1, "sample_diff": 14, "time_diff_s": 0.303, "gps_distance_m": 5.5, "original_speed": "1801", "wheel_diameter_mm": 711.0003997802734, "braking_intensity": 0.0, "is_braking": false, "is_crash": false, "crash_intensity_g": 0.0, "segment_start_sample": 30425, "segment_end_sample": 30439, "time_str": "09:02:54", "Speed_display": 16.8}}, {"type": "Feature", "geometry": {"type": "LineString", "coordinates": [[24.747293026056887, 59.442404502990975], [24.747246046428902, 59.44239067403147]]}, "properties": {"Speed": 16.8, "road_quality": 2, "marker": 7, "trip_id": "602D3_Trip1", "hrot_diff": 1, "sample_diff": 13, "time_diff_s": 0.24, "gps_distance_m": 3.1, "original_speed": "1769", "wheel_diameter_mm": 711.0003997802734, "braking_intensity": 0.0, "is_braking": false, "is_crash": false, "crash_intensity_g": 0.0, "segment_start_sample": 30481, "segment_end_sample": 30494, "time_str": "09:02:55", "Speed_display": 17.1}}, {"type": "Feature", "geometry": {"type": "LineString", "coordinates": [[24.747246046428902, 59.44239067403147], [24.747218745150416, 59.44237705842715]]}, "properties": {"Speed": 22.1, "road_quality": 2, "marker": 7, "trip_id": "602D3_Trip1", "hrot_diff": 1, "sample_diff": 13, "time_diff_s": 0.182, "gps_distance_m": 2.2, "original_speed": "1851", "wheel_diameter_mm": 711.0003997802734, "braking_intensity": 0.0, "is_braking": false, "is_crash": false, "crash_intensity_g": 0.0, "segment_start_sample": 30535, "segment_end_sample": 30548, "time_str": "09:02:57", "Speed_display": 17.2}}, {"type": "Feature", "geometry": {"type": "LineString", "coordinates": [[24.747218745150416, 59.44237705842715], [24.747165329890635, 59.44235768894369]]}, "properties": {"Speed": 11.2, "road_quality": 2, "marker": 7, "trip_id": "602D3_Trip1", "hrot_diff": 1, "sample_diff": 13, "time_diff_s": 0.36, "gps_distance_m": 3.7, "original_speed": "1886", "wheel_diameter_mm": 711.0003997802734, "braking_intensity": 0.0, "is_braking": false, "is_crash": false, "crash_intensity_g": 0.0, "segment_start_sample": 30588, "segment_end_sample": 30601, "time_str": "09:02:58", "Speed_display": 16.8}}, {"type": "Feature", "geometry": {"type": "LineString", "coordinates": [[24.747165329890635, 59.44235768894369], [24.74710809091888, 59.442341087521676]]}, "properties": {"Speed": 22.5, "road_quality": 2, "marker": 7, "trip_id": "602D3_Trip1", "hrot_diff": 1, "sample_diff": 13, "time_diff_s": 0.179, "gps_distance_m": 3.7, "original_speed": "1923", "wheel_diameter_mm": 711.0003997802734, "braking_intensity": 0.0, "is_braking": false, "is_crash": false, "crash_intensity_g": 0.0, "segment_start_sample": 30626, "segment_end_sample": 30639, "time_str": "09:02:58", "Speed_display": 15.3}}, {"type": "Feature", "geometry": {"type": "LineString", "coordinates": [[24.74710809091888, 59.442341087521676], [24.747045335175713, 59.44232118163713]]}, "properties": {"Speed": 11.2, "road_quality": 2, "marker": 7, "trip_id": "602D3_Trip1", "hrot_diff": 1, "sample_diff": 13, "time_diff_s": 0.36, "gps_distance_m": 4.2, "original_speed": "1923", "wheel_diameter_mm": 711.0003997802734, "braking_intensity": 0.0, "is_braking": false, "is_crash": false, "crash_intensity_g": 0.0, "segment_start_sample": 30678, "segment_end_sample": 30691, "time_str": "09:02:59", "Speed_display": 12.8}}, {"type": "Feature", "geometry": {"type": "LineString", "coordinates": [[24.747045335175713, 59.44232118163713], [24.74698337455967, 59.442305064292746]]}, "properties": {"Speed": 9.6, "road_quality": 2, "marker": 7, "trip_id": "602D3_Trip1", "hrot_diff": 1, "sample_diff": 12, "time_diff_s": 0.421, "gps_distance_m": 3.9, "original_speed": "1980", "wheel_diameter_mm": 711.0003997802734, "braking_intensity": 0.0, "is_braking": false, "is_crash": false, "crash_intensity_g": 0.0, "segment_start_sample": 30729, "segment_end_sample": 30741, "time_str": "09:03:00", "Speed_display": 15.0}}, {"type": "Feature", "geometry": {"type": "LineString", "coordinates": [[24.74698337455967, 59.442305064292746], [24.746924286438986, 59.44229113097273]]}, "properties": {"Speed": 9.6, "road_quality": 2, "marker": 7, "trip_id": "602D3_Trip1", "hrot_diff": 1, "sample_diff": 13, "time_diff_s": 0.421, "gps_distance_m": 3.7, "original_speed": "1960", "wheel_diameter_mm": 711.0003997802734, "braking_intensity": 0.0, "is_braking": false, "is_crash": false, "crash_intensity_g": 0.0, "segment_start_sample": 30779, "segment_end_sample": 30792, "time_str": "09:03:01", "Speed_display": 15.0}}, {"type": "Feature", "geometry": {"type": "LineString", "coordinates": [[24.746924286438986, 59.44229113097273], [24.746867957350617, 59.44227019290069]]}, "properties": {"Speed": 22.3, "road_quality": 2, "marker": 7, "trip_id": "602D3_Trip1", "hrot_diff": 1, "sample_diff": 12, "time_diff_s": 0.18, "gps_distance_m": 3.9, "original_speed": "1941", "wheel_diameter_mm": 711.0003997802734, "braking_intensity": 0.0, "is_braking": false, "is_crash": false, "crash_intensity_g": 0.0, "segment_start_sample": 30831, "segment_end_sample": 30843, "time_str": "09:03:03", "Speed_display": 16.1}}, {"type": "Feature", "geometry": {"type": "LineString", "coordinates": [[24.746867957350617, 59.44227019290069], [24.74680917201354, 59.4422487973251]]}, "properties": {"Speed": 22.3, "road_quality": 2, "marker": 7, "trip_id": "602D3_Trip1", "hrot_diff": 1, "sample_diff": 13, "time_diff_s": 0.18, "gps_distance_m": 4.1, "original_speed": "1941", "wheel_diameter_mm": 711.0003997802734, "braking_intensity": 0.0, "is_braking": false, "is_crash": false, "crash_intensity_g": 0.0, "segment_start_sample": 30882, "segment_end_sample": 30895, "time_str": "09:03:04", "Speed_display": 18.6}}, {"type": "Feature", "geometry": {"type": "LineString", "coordinates": [[24.74680917201354, 59.4422487973251], [24.746754375231596, 59.44222793556246]]}, "properties": {"Speed": 16.8, "road_quality": 2, "marker": 7, "trip_id": "602D3_Trip1", "hrot_diff": 1, "sample_diff": 12, "time_diff_s": 0.24, "gps_distance_m": 3.9, "original_speed": "1904", "wheel_diameter_mm": 711.0003997802734, "braking_intensity": 0.0, "is_braking": false, "is_crash": false, "crash_intensity_g": 0.0, "segment_start_sample": 30935, "segment_end_sample": 30947, "time_str": "09:03:04", "Speed_display": 21.2}}, {"type": "Feature", "geometry": {"type": "LineString", "coordinates": [[24.746754375231596, 59.44222793556246], [24.746697141945564, 59.44220942106691]]}, "properties": {"Speed": 22.2, "road_quality": 2, "marker": 7, "trip_id": "602D3_Trip1", "hrot_diff": 1, "sample_diff": 13, "time_diff_s": 0.181, "gps_distance_m": 3.8, "original_speed": "1984", "wheel_diameter_mm": 711.0003997802734, "braking_intensity": 0.0, "is_braking": false, "is_crash": false, "crash_intensity_g": 0.0, "segment_start_sample": 30984, "segment_end_sample": 30997, "time_str": "09:03:06", "Speed_display": 20.1}}, {"type": "Feature", "geometry": {"type": "LineString", "coordinates": [[24.746697141945564, 59.44220942106691], [24.746639127044528, 59.44218683215456]]}, "properties": {"Speed": 22.3, "road_quality": 2, "marker": 7, "trip_id": "602D3_Trip1", "hrot_diff": 1, "sample_diff": 13, "time_diff_s": 0.18, "gps_distance_m": 4.1, "original_speed": "2016", "wheel_diameter_mm": 711.0003997802734, "braking_intensity": 0.0, "is_braking": false, "is_crash": false, "crash_intensity_g": 0.0, "segment_start_sample": 31033, "segment_end_sample": 31046, "time_str": "09:03:07", "Speed_display": 17.9}}, {"type": "Feature", "geometry": {"type": "LineString", "coordinates": [[24.746639127044528, 59.44218683215456], [24.74657885695364, 59.442166076298285]]}, "properties": {"Speed": 16.8, "road_quality": 2, "marker": 7, "trip_id": "602D3_Trip1", "hrot_diff": 1, "sample_diff": 12, "time_diff_s": 0.24, "gps_distance_m": 4.1, "original_speed": "2083", "wheel_diameter_mm": 711.0003997802734, "braking_intensity": 0.0, "is_braking": false, "is_crash": false, "crash_intensity_g": 0.0, "segment_start_sample": 31082, "segment_end_sample": 31094, "time_str": "09:03:07", "Speed_display": 19.0}}, {"type": "Feature", "geometry": {"type": "LineString", "coordinates": [[24.74657885695364, 59.442166076298285], [24.746514510908735, 59.44214905053314]]}, "properties": {"Speed": 11.2, "road_quality": 2, "marker": 7, "trip_id": "602D3_Trip1", "hrot_diff": 1, "sample_diff": 11, "time_diff_s": 0.358, "gps_distance_m": 4.1, "original_speed": "2118", "wheel_diameter_mm": 711.0003997802734, "braking_intensity": 0.0, "is_braking": false, "is_crash": false, "crash_intensity_g": 0.0, "segment_start_sample": 31129, "segment_end_sample": 31140, "time_str": "09:03:08", "Speed_display": 17.9}}, {"type": "Feature", "geometry": {"type": "LineString", "coordinates": [[24.746514510908735, 59.44214905053314], [24.74645038392066, 59.442127176570445]]}, "properties": {"Speed": 22.5, "road_quality": 2, "marker": 7, "trip_id": "602D3_Trip1", "hrot_diff": 1, "sample_diff": 12, "time_diff_s": 0.179, "gps_distance_m": 4.4, "original_speed": "2155", "wheel_diameter_mm": 711.0003997802734, "braking_intensity": 0.0, "is_braking": false, "is_crash": false, "crash_intensity_g": 0.0, "segment_start_sample": 31186, "segment_end_sample": 31198, "time_str": "09:03:10", "Speed_display": 15.7}}, {"type": "Feature", "geometry": {"type": "LineString", "coordinates": [[24.74645038392066, 59.442127176570445], [24.746381732629587, 59.44210789590213]]}, "properties": {"Speed": 16.8, "road_quality": 2, "marker": 7, "trip_id": "602D3_Trip1", "hrot_diff": 1, "sample_diff": 11, "time_diff_s": 0.24, "gps_distance_m": 4.4, "original_speed": "2173", "wheel_diameter_mm": 711.0003997802734, "braking_intensity": 0.0, "is_braking": false, "is_crash": false, "crash_intensity_g": 0.0, "segment_start_sample": 31233, "segment_end_sample": 31244, "time_str": "09:03:10", "Speed_display": 16.8}}, {"type": "Feature", "geometry": {"type": "LineString", "coordinates": [[24.746381732629587, 59.44210789590213], [24.746316482852997, 59.44208777571768]]}, "properties": {"Speed": 11.2, "road_quality": 2, "marker": 7, "trip_id": "602D3_Trip1", "hrot_diff": 1, "sample_diff": 13, "time_diff_s": 0.359, "gps_distance_m": 4.3, "original_speed": "2192", "wheel_diameter_mm": 711.0003997802734, "braking_intensity": 0.0, "is_braking": false, "is_crash": false, "crash_intensity_g": 0.0, "segment_start_sample": 31278, "segment_end_sample": 31291, "time_str": "09:03:11", "Speed_display": 17.9}}, {"type": "Feature", "geometry": {"type": "LineString", "coordinates": [[24.746316482852997, 59.44208777571768], [24.746251412945103, 59.44206713671337]]}, "properties": {"Speed": 22.3, "road_quality": 2, "marker": 7, "trip_id": "602D3_Trip1", "hrot_diff": 1, "sample_diff": 11, "time_diff_s": 0.18, "gps_distance_m": 4.3, "original_speed": "2173", "wheel_diameter_mm": 711.0003997802734, "braking_intensity": 0.0, "is_braking": false, "is_crash": false, "crash_intensity_g": 0.0, "segment_start_sample": 31336, "segment_end_sample": 31347, "time_str": "09:03:13", "Speed_display": 18.0}}, {"type": "Feature", "geometry": {"type": "LineString", "coordinates": [[24.746251412945103, 59.44206713671337], [24.746177844554627, 59.44204854428514]]}, "properties": {"Speed": 16.8, "road_quality": 2, "marker": 7, "trip_id": "602D3_Trip1", "hrot_diff": 1, "sample_diff": 10, "time_diff_s": 0.239, "gps_distance_m": 4.6, "original_speed": "2192", "wheel_diameter_mm": 711.0003997802734, "braking_intensity": 0.0, "is_braking": false, "is_crash": false, "crash_intensity_g": 0.0, "segment_start_sample": 31382, "segment_end_sample": 31392, "time_str": "09:03:13", "Speed_display": 19.1}}, {"type": "Feature", "geometry": {"type": "LineString", "coordinates": [[24.746177844554627, 59.44204854428514], [24.746114394558923, 59.44202426595302]]}, "properties": {"Speed": 22.7, "road_quality": 2, "marker": 7, "trip_id": "602D3_Trip1", "hrot_diff": 1, "sample_diff": 12, "time_diff_s": 0.177, "gps_distance_m": 4.5, "original_speed": "2232", "wheel_diameter_mm": 711.0003997802734, "braking_intensity": 0.0, "is_braking": false, "is_crash": false, "crash_intensity_g": 0.0, "segment_start_sample": 31437, "segment_end_sample": 31449, "time_str": "09:03:15", "Speed_display": 20.2}}, {"type": "Feature", "geometry": {"type": "LineString", "coordinates": [[24.746114394558923, 59.44202426595302], [24.746047651351564, 59.44200664155327]]}, "properties": {"Speed": 22.3, "road_quality": 2, "marker": 7, "trip_id": "602D3_Trip1", "hrot_diff": 1, "sample_diff": 10, "time_diff_s": 0.18, "gps_distance_m": 4.3, "original_speed": "2212", "wheel_diameter_mm": 711.0003997802734, "braking_intensity": 0.0, "is_braking": false, "is_crash": false, "crash_intensity_g": 0.0, "segment_start_sample": 31483, "segment_end_sample": 31493, "time_str": "09:03:16", "Speed_display": 20.2}}, {"type": "Feature", "geometry": {"type": "LineString", "coordinates": [[24.746047651351564, 59.44200664155327], [24.745975421061647, 59.441990225416305]]}, "properties": {"Speed": 16.8, "road_quality": 2, "marker": 7, "trip_id": "602D3_Trip1", "hrot_diff": 1, "sample_diff": 11, "time_diff_s": 0.24, "gps_distance_m": 4.5, "original_speed": "2272", "wheel_diameter_mm": 711.0003997802734, "braking_intensity": 0.0, "is_braking": false, "is_crash": false, "crash_intensity_g": 0.0, "segment_start_sample": 31537, "segment_end_sample": 31548, "time_str": "09:03:16", "Speed_display": 21.3}}, {"type": "Feature", "geometry": {"type": "LineString", "coordinates": [[24.745975421061647, 59.441990225416305], [24.745905658293065, 59.44197574297442]]}, "properties": {"Speed": 22.6, "road_quality": 2, "marker": 7, "trip_id": "602D3_Trip1", "hrot_diff": 1, "sample_diff": 11, "time_diff_s": 0.178, "gps_distance_m": 4.3, "original_speed": "2293", "wheel_diameter_mm": 711.0003997802734, "braking_intensity": 0.0, "is_braking": false, "is_crash": false, "crash_intensity_g": 0.0, "segment_start_sample": 31581, "segment_end_sample": 31592, "time_str": "09:03:18", "Speed_display": 20.2}}, {"type": "Feature", "geometry": {"type": "LineString", "coordinates": [[24.745905658293065, 59.44197574297442], [24.74583011214612, 59.441965820054016]]}, "properties": {"Speed": 22.3, "road_quality": 2, "marker": 7, "trip_id": "602D3_Trip1", "hrot_diff": 1, "sample_diff": 11, "time_diff_s": 0.18, "gps_distance_m": 4.4, "original_speed": "2232", "wheel_diameter_mm": 711.0003997802734, "braking_intensity": 0.0, "is_braking": false, "is_crash": false, "crash_intensity_g": 0.0, "segment_start_sample": 31637, "segment_end_sample": 31648, "time_str": "09:03:19", "Speed_display": 20.2}}, {"type": "Feature", "geometry": {"type": "LineString", "coordinates": [[24.74583011214612, 59.441965820054016], [24.74575772289688, 59.44195789236801]]}, "properties": {"Speed": 16.8, "road_quality": 2, "marker": 7, "trip_id": "602D3_Trip1", "hrot_diff": 1, "sample_diff": 11, "time_diff_s": 0.24, "gps_distance_m": 4.2, "original_speed": "2232", "wheel_diameter_mm": 711.0003997802734, "braking_intensity": 0.0, "is_braking": false, "is_crash": false, "crash_intensity_g": 0.0, "segment_start_sample": 31682, "segment_end_sample": 31693, "time_str": "09:03:19", "Speed_display": 21.3}}, {"type": "Feature", "geometry": {"type": "LineString", "coordinates": [[24.74575772289688, 59.44195789236801], [24.74567803489007, 59.44194751964825]]}, "properties": {"Speed": 22.3, "road_quality": 2, "marker": 7, "trip_id": "602D3_Trip1", "hrot_diff": 1, "sample_diff": 11, "time_diff_s": 0.18, "gps_distance_m": 4.7, "original_speed": "2272", "wheel_diameter_mm": 711.0003997802734, "braking_intensity": 0.0, "is_braking": false, "is_crash": false, "crash_intensity_g": 0.0, "segment_start_sample": 31737, "segment_end_sample": 31748, "time_str": "09:03:21", "Speed_display": 20.2}}, {"type": "Feature", "geometry": {"type": "LineString", "coordinates": [[24.74567803489007, 59.44194751964825], [24.74560162906915, 59.441940801429645]]}, "properties": {"Speed": 22.7, "road_quality": 2, "marker": 7, "trip_id": "602D3_Trip1", "hrot_diff": 1, "sample_diff": 12, "time_diff_s": 0.177, "gps_distance_m": 4.4, "original_speed": "2272", "wheel_diameter_mm": 711.0003997802734, "braking_intensity": 0.0, "is_braking": false, "is_crash": false, "crash_intensity_g": 0.0, "segment_start_sample": 31780, "segment_end_sample": 31792, "time_str": "09:03:22", "Speed_display": 18.0}}, {"type": "Feature", "geometry": {"type": "LineString", "coordinates": [[24.74560162906915, 59.441940801429645], [24.745520835483013, 59.44193568015237]]}, "properties": {"Speed": 16.8, "road_quality": 2, "marker": 7, "trip_id": "602D3_Trip1", "hrot_diff": 1, "sample_diff": 10, "time_diff_s": 0.239, "gps_distance_m": 4.6, "original_speed": "2293", "wheel_diameter_mm": 711.0003997802734, "braking_intensity": 0.0, "is_braking": false, "is_crash": false, "crash_intensity_g": 0.0, "segment_start_sample": 31835, "segment_end_sample": 31845, "time_str": "09:03:22", "Speed_display": 19.1}}, {"type": "Feature", "geometry": {"type": "LineString", "coordinates": [[24.745520835483013, 59.44193568015237], [24.745443809335942, 59.44194014481624]]}, "properties": {"Speed": 11.2, "road_quality": 2, "marker": 7, "trip_id": "602D3_Trip1", "hrot_diff": 1, "sample_diff": 11, "time_diff_s": 0.36, "gps_distance_m": 4.4, "original_speed": "2252", "wheel_diameter_mm": 711.0003997802734, "braking_intensity": 0.0, "is_braking": false, "is_crash": false, "crash_intensity_g": 0.0, "segment_start_sample": 31879, "segment_end_sample": 31890, "time_str": "09:03:23", "Speed_display": 17.9}}, {"type": "Feature", "geometry": {"type": "LineString", "coordinates": [[24.745443809335942, 59.44194014481624], [24.745363130116708, 59.4419464237827]]}, "properties": {"Speed": 22.3, "road_quality": 2, "marker": 7, "trip_id": "602D3_Trip1", "hrot_diff": 1, "sample_diff": 12, "time_diff_s": 0.18, "gps_distance_m": 4.6, "original_speed": "2336", "wheel_diameter_mm": 711.0003997802734, "braking_intensity": 0.0, "is_braking": false, "is_crash": false, "crash_intensity_g": 0.0, "segment_start_sample": 31933, "segment_end_sample": 31945, "time_str": "09:03:25", "Speed_display": 15.6}}, {"type": "Feature", "geometry": {"type": "LineString", "coordinates": [[24.745363130116708, 59.4419464237827], [24.745283462334157, 59.441950094886245]]}, "properties": {"Speed": 16.6, "road_quality": 2, "marker": 7, "trip_id": "602D3_Trip1", "hrot_diff": 1, "sample_diff": 12, "time_diff_s": 0.242, "gps_distance_m": 4.5, "original_speed": "2358", "wheel_diameter_mm": 711.0003997802734, "braking_intensity": 0.0, "is_braking": false, "is_crash": false, "crash_intensity_g": 0.0, "segment_start_sample": 31985, "segment_end_sample": 31997, "time_str": "09:03:25", "Speed_display": 16.8}}, {"type": "Feature", "geometry": {"type": "LineString", "coordinates": [[24.745283462334157, 59.441950094886245], [24.74520475581087, 59.441955809254736]]}, "properties": {"Speed": 11.2, "road_quality": 2, "marker": 7, "trip_id": "602D3_Trip1", "hrot_diff": 1, "sample_diff": 10, "time_diff_s": 0.358, "gps_distance_m": 4.5, "original_speed": "2293", "wheel_diameter_mm": 711.0003997802734, "braking_intensity": 0.0, "is_braking": false, "is_crash": false, "crash_intensity_g": 0.0, "segment_start_sample": 32020, "segment_end_sample": 32030, "time_str": "09:03:26", "Speed_display": 18.0}}, {"type": "Feature", "geometry": {"type": "LineString", "coordinates": [[24.74520475581087, 59.441955809254736], [24.74512639040569, 59.44197355596233]]}, "properties": {"Speed": 22.8, "road_quality": 2, "marker": 7, "trip_id": "602D3_Trip1", "hrot_diff": 1, "sample_diff": 12, "time_diff_s": 0.176, "gps_distance_m": 4.8, "original_speed": "2252", "wheel_diameter_mm": 711.0003997802734, "braking_intensity": 0.0, "is_braking": false, "is_crash": false, "crash_intensity_g": 0.0, "segment_start_sample": 32086, "segment_end_sample": 32098, "time_str": "09:03:28", "Speed_display": 18.0}}, {"type": "Feature", "geometry": {"type": "LineString", "coordinates": [[24.74512639040569, 59.44197355596233], [24.74506437134368, 59.44197754033154]]}, "properties": {"Speed": 17.1, "road_quality": 2, "marker": 7, "trip_id": "602D3_Trip1", "hrot_diff": 1, "sample_diff": 10, "time_diff_s": 0.235, "gps_distance_m": 3.5, "original_speed": "2136", "wheel_diameter_mm": 711.0003997802734, "braking_intensity": 0.0, "is_braking": false, "is_crash": false, "crash_intensity_g": 0.0, "segment_start_sample": 32135, "segment_end_sample": 32145, "time_str": "09:03:29", "Speed_display": 19.2}}, {"type": "Feature", "geometry": {"type": "LineString", "coordinates": [[24.74506437134368, 59.44197754033154], [24.74499186265629, 59.44198602879807]]}, "properties": {"Speed": 22.3, "road_quality": 2, "marker": 7, "trip_id": "602D3_Trip1", "hrot_diff": 1, "sample_diff": 11, "time_diff_s": 0.18, "gps_distance_m": 4.2, "original_speed": "2118", "wheel_diameter_mm": 711.0003997802734, "braking_intensity": 0.0, "is_braking": false, "is_crash": false, "crash_intensity_g": 0.0, "segment_start_sample": 32182, "segment_end_sample": 32193, "time_str": "09:03:30", "Speed_display": 21.4}}, {"type": "Feature", "geometry": {"type": "LineString", "coordinates": [[24.74499186265629, 59.44198602879807], [24.744922793615906, 59.44199530727417]]}, "properties": {"Speed": 22.6, "road_quality": 2, "marker": 7, "trip_id": "602D3_Trip1", "hrot_diff": 1, "sample_diff": 11, "time_diff_s": 0.178, "gps_distance_m": 4.0, "original_speed": "2016", "wheel_diameter_mm": 711.0003997802734, "braking_intensity": 0.0, "is_braking": false, "is_crash": false, "crash_intensity_g": 0.0, "segment_start_sample": 32232, "segment_end_sample": 32243, "time_str": "09:03:31", "Speed_display": 18.8}}, {"type": "Feature", "geometry": {"type": "LineString", "coordinates": [[24.744851015426786, 59.44200540702849], [24.744780391598002, 59.44201539746525]]}, "properties": {"Speed": 22.3, "road_quality": 2, "marker": 7, "trip_id": "602D3_Trip1", "hrot_diff": 1, "sample_diff": 10, "time_diff_s": 0.18, "gps_distance_m": 4.1, "original_speed": "2000", "wheel_diameter_mm": 711.0003997802734, "braking_intensity": 0.0, "is_braking": false, "is_crash": false, "crash_intensity_g": 0.0, "segment_start_sample": 32330, "segment_end_sample": 32340, "time_str": "09:03:33", "Speed_display": 17.3}}, {"type": "Feature", "geometry": {"type": "LineString", "coordinates": [[24.744780391598002, 59.44201539746525], [24.744707444472777, 59.442025522815186]]}, "properties": {"Speed": 9.5, "road_quality": 2, "marker": 7, "trip_id": "602D3_Trip1", "hrot_diff": 1, "sample_diff": 15, "time_diff_s": 0.422, "gps_distance_m": 4.3, "original_speed": "2066", "wheel_diameter_mm": 711.0003997802734, "braking_intensity": 0.0, "is_braking": false, "is_crash": false, "crash_intensity_g": 0.0, "segment_start_sample": 32377, "segment_end_sample": 32392, "time_str": "09:03:33", "Speed_display": 15.0}}, {"type": "Feature", "geometry": {"type": "LineString", "coordinates": [[24.744707444472777, 59.442025522815186], [24.744637152660417, 59.442033148614414]]}, "properties": {"Speed": 9.6, "road_quality": 2, "marker": 7, "trip_id": "602D3_Trip1", "hrot_diff": 1, "sample_diff": 11, "time_diff_s": 0.419, "gps_distance_m": 4.1, "original_speed": "1960", "wheel_diameter_mm": 711.0003997802734, "braking_intensity": 0.0, "is_braking": false, "is_crash": false, "crash_intensity_g": 0.0, "segment_start_sample": 32429, "segment_end_sample": 32440, "time_str": "09:03:34", "Speed_display": 12.4}}, {"type": "Feature", "geometry": {"type": "LineString", "coordinates": [[24.744637152660417, 59.442033148614414], [24.744569204730425, 59.442036706303135]]}, "properties": {"Speed": 11.1, "road_quality": 2, "marker": 7, "trip_id": "602D3_Trip1", "hrot_diff": 1, "sample_diff": 12, "time_diff_s": 0.361, "gps_distance_m": 3.9, "original_speed": "2000", "wheel_diameter_mm": 711.0003997802734, "braking_intensity": 0.0, "is_braking": false, "is_crash": false, "crash_intensity_g": 0.0, "segment_start_sample": 32478, "segment_end_sample": 32490, "time_str": "09:03:35", "Speed_display": 9.9}}, {"type": "Feature", "geometry": {"type": "LineString", "coordinates": [[24.744569204730425, 59.442036706303135], [24.744499478373513, 59.44203553104389]]}, "properties": {"Speed": 9.5, "road_quality": 2, "marker": 7, "trip_id": "602D3_Trip1", "hrot_diff": 1, "sample_diff": 11, "time_diff_s": 0.422, "gps_distance_m": 3.9, "original_speed": "1980", "wheel_diameter_mm": 711.0003997802734, "braking_intensity": 0.0, "is_braking": false, "is_crash": false, "crash_intensity_g": 0.0, "segment_start_sample": 32529, "segment_end_sample": 32540, "time_str": "09:03:36", "Speed_display": 9.6}}, {"type": "Feature", "geometry": {"type": "LineString", "coordinates": [[24.744499478373513, 59.44203553104389], [24.744427997536814, 59.442029477202546]]}, "properties": {"Speed": 9.6, "road_quality": 2, "marker": 7, "trip_id": "602D3_Trip1", "hrot_diff": 1, "sample_diff": 13, "time_diff_s": 0.42, "gps_distance_m": 4.1, "original_speed": "2016", "wheel_diameter_mm": 711.0003997802734, "braking_intensity": 0.0, "is_braking": false, "is_crash": false, "crash_intensity_g": 0.0, "segment_start_sample": 32577, "segment_end_sample": 32590, "time_str": "09:03:37", "Speed_display": 11.1}}, {"type": "Feature", "geometry": {"type": "LineString", "coordinates": [[24.744427997536814, 59.442029477202546], [24.744376573847646, 59.44200542827588]]}, "properties": {"Speed": 8.4, "road_quality": 2, "marker": 7, "trip_id": "602D3_Trip1", "hrot_diff": 1, "sample_diff": 16, "time_diff_s": 0.477, "gps_distance_m": 3.9, "original_speed": "2049", "wheel_diameter_mm": 711.0003997802734, "braking_intensity": 0.0, "is_braking": false, "is_crash": false, "crash_intensity_g": 0.0, "segment_start_sample": 32638, "segment_end_sample": 32654, "time_str": "09:03:39", "Speed_display": 13.3}}, {"type": "Feature", "geometry": {"type": "LineString", "coordinates": [[24.744347083419328, 59.44196803609582], [24.744324128981155, 59.44193548120637]]}, "properties": {"Speed": 16.8, "road_quality": 2, "marker": 7, "trip_id": "602D3_Trip1", "hrot_diff": 1, "sample_diff": 14, "time_diff_s": 0.24, "gps_distance_m": 3.8, "original_speed": "1818", "wheel_diameter_mm": 711.0003997802734, "braking_intensity": 0.0, "is_braking": false, "is_crash": false, "crash_intensity_g": 0.0, "segment_start_sample": 32734, "segment_end_sample": 32748, "time_str": "09:03:40", "Speed_display": 13.3}}, {"type": "Feature", "geometry": {"type": "LineString", "coordinates": [[24.744324128981155, 59.44193548120637], [24.74429024928997, 59.4419054318615]]}, "properties": {"Speed": 22.3, "road_quality": 3, "marker": 7, "trip_id": "602D3_Trip1", "hrot_diff": 1, "sample_diff": 14, "time_diff_s": 0.18, "gps_distance_m": 3.9, "original_speed": "1923", "wheel_diameter_mm": 711.0003997802734, "braking_intensity": 0.0, "is_braking": false, "is_crash": false, "crash_intensity_g": 0.0, "segment_start_sample": 32785, "segment_end_sample": 32799, "time_str": "09:03:42", "Speed_display": 13.3}}, {"type": "Feature", "geometry": {"type": "LineString", "coordinates": [[24.74429024928997, 59.4419054318615], [24.744245742292904, 59.441879401921966]]}, "properties": {"Speed": 9.5, "road_quality": 3, "marker": 7, "trip_id": "602D3_Trip1", "hrot_diff": 1, "sample_diff": 14, "time_diff_s": 0.423, "gps_distance_m": 3.8, "original_speed": "1904", "wheel_diameter_mm": 711.0003997802734, "braking_intensity": 0.0, "is_braking": false, "is_crash": false, "crash_intensity_g": 0.0, "segment_start_sample": 32826, "segment_end_sample": 32840, "time_str": "09:03:42", "Speed_display": 13.6}}, {"type": "Feature", "geometry": {"type": "LineString", "coordinates": [[24.744245742292904, 59.441879401921966], [24.744194971165616, 59.44185429912901]]}, "properties": {"Speed": 9.6, "road_quality": 2, "marker": 7, "trip_id": "602D3_Trip1", "hrot_diff": 1, "sample_diff": 12, "time_diff_s": 0.417, "gps_distance_m": 4.0, "original_speed": "1923", "wheel_diameter_mm": 711.0003997802734, "braking_intensity": 0.0, "is_braking": false, "is_crash": false, "crash_intensity_g": 0.0, "segment_start_sample": 32878, "segment_end_sample": 32890, "time_str": "09:03:43", "Speed_display": 13.6}}, {"type": "Feature", "geometry": {"type": "LineString", "coordinates": [[24.744194971165616, 59.44185429912901], [24.74413797631535, 59.44183308535721]]}, "properties": {"Speed": 9.6, "road_quality": 3, "marker": 7, "trip_id": "602D3_Trip1", "hrot_diff": 1, "sample_diff": 11, "time_diff_s": 0.42, "gps_distance_m": 4.0, "original_speed": "1923", "wheel_diameter_mm": 711.0003997802734, "braking_intensity": 0.0, "is_braking": false, "is_crash": false, "crash_intensity_g": 0.0, "segment_start_sample": 32931, "segment_end_sample": 32942, "time_str": "09:03:45", "Speed_display": 11.1}}, {"type": "Feature", "geometry": {"type": "LineString", "coordinates": [[24.74413797631535, 59.44183308535721], [24.744081523611708, 59.44181718639682]]}, "properties": {"Speed": 17.0, "road_quality": 3, "marker": 7, "trip_id": "602D3_Trip1", "hrot_diff": 1, "sample_diff": 15, "time_diff_s": 0.237, "gps_distance_m": 3.6, "original_speed": "1941", "wheel_diameter_mm": 711.0003997802734, "braking_intensity": 0.0, "is_braking": false, "is_crash": false, "crash_intensity_g": 0.0, "segment_start_sample": 32982, "segment_end_sample": 32997, "time_str": "09:03:46", "Speed_display": 11.1}}, {"type": "Feature", "geometry": {"type": "LineString", "coordinates": [[24.744081523611708, 59.44181718639682], [24.744036666453486, 59.44180008924471]]}, "properties": {"Speed": 9.7, "road_quality": 2, "marker": 7, "trip_id": "602D3_Trip1", "hrot_diff": 1, "sample_diff": 13, "time_diff_s": 0.416, "gps_distance_m": 3.2, "original_speed": "1652", "wheel_diameter_mm": 711.0003997802734, "braking_intensity": 0.0, "is_braking": false, "is_crash": false, "crash_intensity_g": 0.0, "segment_start_sample": 33029, "segment_end_sample": 33042, "time_str": "09:03:46", "Speed_display": 13.6}}, {"type": "Feature", "geometry": {"type": "LineString", "coordinates": [[24.744036666453486, 59.44180008924471], [24.74398903216072, 59.44178518152983]]}, "properties": {"Speed": 9.6, "road_quality": 2, "marker": 7, "trip_id": "602D3_Trip1", "hrot_diff": 1, "sample_diff": 15, "time_diff_s": 0.418, "gps_distance_m": 3.2, "original_speed": "1709", "wheel_diameter_mm": 711.0003997802734, "braking_intensity": 0.0, "is_braking": false, "is_crash": false, "crash_intensity_g": 0.0, "segment_start_sample": 33088, "segment_end_sample": 33103, "time_str": "09:03:48", "Speed_display": 13.6}}, {"type": "Feature", "geometry": {"type": "LineString", "coordinates": [[24.74398903216072, 59.44178518152983], [24.743957125721938, 59.44178049329745]]}, "properties": {"Speed": 22.1, "road_quality": 2, "marker": 7, "trip_id": "602D3_Trip1", "hrot_diff": 1, "sample_diff": 16, "time_diff_s": 0.182, "gps_distance_m": 1.9, "original_speed": "1639", "wheel_diameter_mm": 711.0003997802734, "braking_intensity": 0.0, "is_braking": false, "is_crash": false, "crash_intensity_g": 0.0, "segment_start_sample": 33132, "segment_end_sample": 33148, "time_str": "09:03:49", "Speed_display": 12.1}}, {"type": "Feature", "geometry": {"type": "LineString", "coordinates": [[24.743957125721938, 59.44178049329745], [24.743898137621933, 59.44176709679384]]}, "properties": {"Speed": 9.4, "road_quality": 2, "marker": 7, "trip_id": "602D3_Trip1", "hrot_diff": 1, "sample_diff": 13, "time_diff_s": 0.426, "gps_distance_m": 3.7, "original_speed": "1769", "wheel_diameter_mm": 711.0003997802734, "braking_intensity": 0.0, "is_braking": false, "is_crash": false, "crash_intensity_g": 0.0, "segment_start_sample": 33188, "segment_end_sample": 33201, "time_str": "09:03:49", "Speed_display": 12.0}}, {"type": "Feature", "geometry": {"type": "LineString", "coordinates": [[24.743850890495096, 59.44174733080591], [24.743795233957144, 59.44172414513444]]}, "properties": {"Speed": 9.6, "road_quality": 2, "marker": 7, "trip_id": "602D3_Trip1", "hrot_diff": 1, "sample_diff": 12, "time_diff_s": 0.421, "gps_distance_m": 4.1, "original_speed": "1941", "wheel_diameter_mm": 711.0003997802734, "braking_intensity": 0.0, "is_braking": false, "is_crash": false, "crash_intensity_g": 0.0, "segment_start_sample": 33279, "segment_end_sample": 33291, "time_str": "09:03:51", "Speed_display": 14.5}}, {"type": "Feature", "geometry": {"type": "LineString", "coordinates": [[24.743795233957144, 59.44172414513444], [24.743735376087013, 59.44170017373864]]}, "properties": {"Speed": 9.5, "road_quality": 2, "marker": 7, "trip_id": "602D3_Trip1", "hrot_diff": 1, "sample_diff": 12, "time_diff_s": 0.423, "gps_distance_m": 4.3, "original_speed": "2016", "wheel_diameter_mm": 711.0003997802734, "braking_intensity": 0.0, "is_braking": false, "is_crash": false, "crash_intensity_g": 0.0, "segment_start_sample": 33329, "segment_end_sample": 33341, "time_str": "09:03:52", "Speed_display": 14.5}}, {"type": "Feature", "geometry": {"type": "LineString", "coordinates": [[24.743735376087013, 59.44170017373864], [24.74368001992477, 59.44167633990033]]}, "properties": {"Speed": 22.1, "road_quality": 2, "marker": 7, "trip_id": "602D3_Trip1", "hrot_diff": 1, "sample_diff": 13, "time_diff_s": 0.182, "gps_distance_m": 4.1, "original_speed": "2083", "wheel_diameter_mm": 711.0003997802734, "braking_intensity": 0.0, "is_braking": false, "is_crash": false, "crash_intensity_g": 0.0, "segment_start_sample": 33376, "segment_end_sample": 33389, "time_str": "09:03:53", "Speed_display": 15.3}}, {"type": "Feature", "geometry": {"type": "LineString", "coordinates": [[24.74368001992477, 59.44167633990033], [24.743621010555238, 59.44165484934487]]}, "properties": {"Speed": 21.9, "road_quality": 2, "marker": 7, "trip_id": "602D3_Trip1", "hrot_diff": 1, "sample_diff": 13, "time_diff_s": 0.184, "gps_distance_m": 4.1, "original_speed": "2083", "wheel_diameter_mm": 711.0003997802734, "braking_intensity": 0.0, "is_braking": false, "is_crash": false, "crash_intensity_g": 0.0, "segment_start_sample": 33436, "segment_end_sample": 33449, "time_str": "09:03:55", "Speed_display": 15.3}}, {"type": "Feature", "geometry": {"type": "LineString", "coordinates": [[24.743621010555238, 59.44165484934487], [24.743563257825365, 59.441633099282996]]}, "properties": {"Speed": 13.4, "road_quality": 2, "marker": 7, "trip_id": "602D3_Trip1", "hrot_diff": 1, "sample_diff": 11, "time_diff_s": 0.301, "gps_distance_m": 4.1, "original_speed": "2118", "wheel_diameter_mm": 711.0003997802734, "braking_intensity": 0.0, "is_braking": false, "is_crash": false, "crash_intensity_g": 0.0, "segment_start_sample": 33484, "segment_end_sample": 33495, "time_str": "09:03:55", "Speed_display": 16.7}}, {"type": "Feature", "geometry": {"type": "LineString", "coordinates": [[24.743563257825365, 59.441633099282996], [24.7435067177172, 59.44160760527633]]}, "properties": {"Speed": 9.6, "road_quality": 2, "marker": 7, "trip_id": "602D3_Trip1", "hrot_diff": 1, "sample_diff": 12, "time_diff_s": 0.42, "gps_distance_m": 4.3, "original_speed": "2136", "wheel_diameter_mm": 711.0003997802734, "braking_intensity": 0.0, "is_braking": false, "is_crash": false, "crash_intensity_g": 0.0, "segment_start_sample": 33530, "segment_end_sample": 33542, "time_str": "09:03:57", "Speed_display": 14.2}}, {"type": "Feature", "geometry": {"type": "LineString", "coordinates": [[24.743455163412545, 59.44158730419779], [24.743401881632206, 59.441562959941415]]}, "properties": {"Speed": 16.4, "road_quality": 2, "marker": 7, "trip_id": "602D3_Trip1", "hrot_diff": 1, "sample_diff": 11, "time_diff_s": 0.245, "gps_distance_m": 4.0, "original_speed": "2173", "wheel_diameter_mm": 711.0003997802734, "braking_intensity": 0.0, "is_braking": false, "is_crash": false, "crash_intensity_g": 0.0, "segment_start_sample": 33635, "segment_end_sample": 33646, "time_str": "09:03:58", "Speed_display": 13.2}}, {"type": "Feature", "geometry": {"type": "LineString", "coordinates": [[24.743401881632206, 59.441562959941415], [24.74333757882385, 59.44153980620197]]}, "properties": {"Speed": 9.6, "road_quality": 2, "marker": 7, "trip_id": "602D3_Trip1", "hrot_diff": 1, "sample_diff": 12, "time_diff_s": 0.419, "gps_distance_m": 4.5, "original_speed": "2155", "wheel_diameter_mm": 711.0003997802734, "braking_intensity": 0.0, "is_braking": false, "is_crash": false, "crash_intensity_g": 0.0, "segment_start_sample": 33681, "segment_end_sample": 33693, "time_str": "09:04:00", "Speed_display": 13.8}}, {"type": "Feature", "geometry": {"type": "LineString", "coordinates": [[24.74333757882385, 59.44153980620197], [24.743276147879502, 59.441518342877195]]}, "properties": {"Speed": 16.8, "road_quality": 2, "marker": 7, "trip_id": "602D3_Trip1", "hrot_diff": 1, "sample_diff": 12, "time_diff_s": 0.24, "gps_distance_m": 4.2, "original_speed": "2155", "wheel_diameter_mm": 711.0003997802734, "braking_intensity": 0.0, "is_braking": false, "is_crash": false, "crash_intensity_g": 0.0, "segment_start_sample": 33727, "segment_end_sample": 33739, "time_str": "09:04:00", "Speed_display": 16.4}}, {"type": "Feature", "geometry": {"type": "LineString", "coordinates": [[24.743276147879502, 59.441518342877195], [24.743216007752817, 59.44149533293338]]}, "properties": {"Speed": 16.6, "road_quality": 2, "marker": 7, "trip_id": "602D3_Trip1", "hrot_diff": 1, "sample_diff": 12, "time_diff_s": 0.242, "gps_distance_m": 4.3, "original_speed": "2136", "wheel_diameter_mm": 711.0003997802734, "braking_intensity": 0.0, "is_braking": false, "is_crash": false, "crash_intensity_g": 0.0, "segment_start_sample": 33786, "segment_end_sample": 33798, "time_str": "09:04:01", "Speed_display": 15.0}}, {"type": "Feature", "geometry": {"type": "LineString", "coordinates": [[24.743216007752817, 59.44149533293338], [24.743154644595087, 59.44147281825651]]}, "properties": {"Speed": 22.6, "road_quality": 2, "marker": 7, "trip_id": "602D3_Trip1", "hrot_diff": 1, "sample_diff": 11, "time_diff_s": 0.178, "gps_distance_m": 4.3, "original_speed": "2136", "wheel_diameter_mm": 711.0003997802734, "braking_intensity": 0.0, "is_braking": false, "is_crash": false, "crash_intensity_g": 0.0, "segment_start_sample": 33833, "segment_end_sample": 33844, "time_str": "09:04:03", "Speed_display": 16.5}}, {"type": "Feature", "geometry": {"type": "LineString", "coordinates": [[24.743154644595087, 59.44147281825651], [24.743097000475093, 59.44144837715854]]}, "properties": {"Speed": 9.6, "road_quality": 2, "marker": 7, "trip_id": "602D3_Trip1", "hrot_diff": 1, "sample_diff": 11, "time_diff_s": 0.42, "gps_distance_m": 4.2, "original_speed": "2155", "wheel_diameter_mm": 711.0003997802734, "braking_intensity": 0.0, "is_braking": false, "is_crash": false, "crash_intensity_g": 0.0, "segment_start_sample": 33879, "segment_end_sample": 33890, "time_str": "09:04:03", "Speed_display": 17.6}}, {"type": "Feature", "geometry": {"type": "LineString", "coordinates": [[24.743097000475093, 59.44144837715854], [24.7430344268724, 59.44142359269403]]}, "properties": {"Speed": 16.8, "road_quality": 2, "marker": 7, "trip_id": "602D3_Trip1", "hrot_diff": 1, "sample_diff": 12, "time_diff_s": 0.24, "gps_distance_m": 4.5, "original_speed": "2155", "wheel_diameter_mm": 711.0003997802734, "braking_intensity": 0.0, "is_braking": false, "is_crash": false, "crash_intensity_g": 0.0, "segment_start_sample": 33937, "segment_end_sample": 33949, "time_str": "09:04:04", "Speed_display": 18.8}}, {"type": "Feature", "geometry": {"type": "LineString", "coordinates": [[24.7430344268724, 59.44142359269403], [24.742973830507957, 59.44139830516306]]}, "properties": {"Speed": 22.5, "road_quality": 2, "marker": 7, "trip_id": "602D3_Trip1", "hrot_diff": 1, "sample_diff": 12, "time_diff_s": 0.179, "gps_distance_m": 4.4, "original_speed": "2136", "wheel_diameter_mm": 711.0003997802734, "braking_intensity": 0.0, "is_braking": false, "is_crash": false, "crash_intensity_g": 0.0, "segment_start_sample": 33983, "segment_end_sample": 33995, "time_str": "09:04:06", "Speed_display": 17.7}}, {"type": "Feature", "geometry": {"type": "LineString", "coordinates": [[24.742973830507957, 59.44139830516306], [24.742912769162174, 59.441374391403045]]}, "properties": {"Speed": 22.6, "road_quality": 2, "marker": 7, "trip_id": "602D3_Trip1", "hrot_diff": 1, "sample_diff": 11, "time_diff_s": 0.178, "gps_distance_m": 4.4, "original_speed": "2155", "wheel_diameter_mm": 711.0003997802734, "braking_intensity": 0.0, "is_braking": false, "is_crash": false, "crash_intensity_g": 0.0, "segment_start_sample": 34030, "segment_end_sample": 34041, "time_str": "09:04:07", "Speed_display": 20.3}}, {"type": "Feature", "geometry": {"type": "LineString", "coordinates": [[24.74285758972974, 59.44135239491419], [24.742801084734108, 59.441332487108]]}, "properties": {"Speed": 16.8, "road_quality": 2, "marker": 7, "trip_id": "602D3_Trip1", "hrot_diff": 1, "sample_diff": 12, "time_diff_s": 0.24, "gps_distance_m": 3.9, "original_speed": "2155", "wheel_diameter_mm": 711.0003997802734, "braking_intensity": 0.0, "is_braking": false, "is_crash": false, "crash_intensity_g": 0.0, "segment_start_sample": 34134, "segment_end_sample": 34146, "time_str": "09:04:09", "Speed_display": 19.1}}, {"type": "Feature", "geometry": {"type": "LineString", "coordinates": [[24.742801084734108, 59.441332487108], [24.742746400709873, 59.44130643379036]]}, "properties": {"Speed": 22.6, "road_quality": 2, "marker": 7, "trip_id": "602D3_Trip1", "hrot_diff": 1, "sample_diff": 12, "time_diff_s": 0.178, "gps_distance_m": 4.2, "original_speed": "2118", "wheel_diameter_mm": 711.0003997802734, "braking_intensity": 0.0, "is_braking": false, "is_crash": false, "crash_intensity_g": 0.0, "segment_start_sample": 34182, "segment_end_sample": 34194, "time_str": "09:04:10", "Speed_display": 19.1}}, {"type": "Feature", "geometry": {"type": "LineString", "coordinates": [[24.742746400709873, 59.44130643379036], [24.742678330326125, 59.44128463545697]]}, "properties": {"Speed": 11.2, "road_quality": 2, "marker": 7, "trip_id": "602D3_Trip1", "hrot_diff": 1, "sample_diff": 11, "time_diff_s": 0.36, "gps_distance_m": 4.5, "original_speed": "2083", "wheel_diameter_mm": 711.0003997802734, "braking_intensity": 0.0, "is_braking": false, "is_crash": false, "crash_intensity_g": 0.0, "segment_start_sample": 34230, "segment_end_sample": 34241, "time_str": "09:04:11", "Speed_display": 19.2}}, {"type": "Feature", "geometry": {"type": "LineString", "coordinates": [[24.742678330326125, 59.44128463545697], [24.74261617350631, 59.44126265809294]]}, "properties": {"Speed": 22.2, "road_quality": 2, "marker": 7, "trip_id": "602D3_Trip1", "hrot_diff": 1, "sample_diff": 12, "time_diff_s": 0.181, "gps_distance_m": 4.3, "original_speed": "2136", "wheel_diameter_mm": 711.0003997802734, "braking_intensity": 0.0, "is_braking": false, "is_crash": false, "crash_intensity_g": 0.0, "segment_start_sample": 34277, "segment_end_sample": 34289, "time_str": "09:04:11", "Speed_display": 17.7}}, {"type": "Feature", "geometry": {"type": "LineString", "coordinates": [[24.74261617350631, 59.44126265809294], [24.742558313146798, 59.44123603132886]]}, "properties": {"Speed": 23.2, "road_quality": 2, "marker": 7, "trip_id": "602D3_Trip1", "hrot_diff": 1, "sample_diff": 13, "time_diff_s": 0.173, "gps_distance_m": 4.4, "original_speed": "2118", "wheel_diameter_mm": 711.0003997802734, "braking_intensity": 0.0, "is_braking": false, "is_crash": false, "crash_intensity_g": 0.0, "segment_start_sample": 34335, "segment_end_sample": 34348, "time_str": "09:04:13", "Speed_display": 15.1}}, {"type": "Feature", "geometry": {"type": "LineString", "coordinates": [[24.742558313146798, 59.44123603132886], [24.742494101343087, 59.44120998518513]]}, "properties": {"Speed": 9.5, "road_quality": 2, "marker": 7, "trip_id": "602D3_Trip1", "hrot_diff": 1, "sample_diff": 12, "time_diff_s": 0.423, "gps_distance_m": 4.6, "original_speed": "2136", "wheel_diameter_mm": 711.0003997802734, "braking_intensity": 0.0, "is_braking": false, "is_crash": false, "crash_intensity_g": 0.0, "segment_start_sample": 34370, "segment_end_sample": 34382, "time_str": "09:04:13", "Speed_display": 17.3}}, {"type": "Feature", "geometry": {"type": "LineString", "coordinates": [[24.742494101343087, 59.44120998518513], [24.74247977453125, 59.44118519588404]]}, "properties": {"Speed": 9.6, "road_quality": 2, "marker": 7, "trip_id": "602D3_Trip1", "hrot_diff": 1, "sample_diff": 12, "time_diff_s": 0.417, "gps_distance_m": 2.9, "original_speed": "2118", "wheel_diameter_mm": 711.0003997802734, "braking_intensity": 0.0, "is_braking": false, "is_crash": false, "crash_intensity_g": 0.0, "segment_start_sample": 34429, "segment_end_sample": 34441, "time_str": "09:04:14", "Speed_display": 17.3}}, {"type": "Feature", "geometry": {"type": "LineString", "coordinates": [[24.74247977453125, 59.44118519588404], [24.742461389220736, 59.441156628223474]]}, "properties": {"Speed": 22.1, "road_quality": 2, "marker": 7, "trip_id": "602D3_Trip1", "hrot_diff": 1, "sample_diff": 12, "time_diff_s": 0.182, "gps_distance_m": 3.3, "original_speed": "2136", "wheel_diameter_mm": 711.0003997802734, "braking_intensity": 0.0, "is_braking": false, "is_crash": false, "crash_intensity_g": 0.0, "segment_start_sample": 34487, "segment_end_sample": 34499, "time_str": "09:04:16", "Speed_display": 17.2}}, {"type": "Feature", "geometry": {"type": "LineString", "coordinates": [[24.742461389220736, 59.441156628223474], [24.742336114915528, 59.4411210712346]]}, "properties": {"Speed": 22.3, "road_quality": 2, "marker": 7, "trip_id": "602D3_Trip1", "hrot_diff": 1, "sample_diff": 12, "time_diff_s": 0.18, "gps_distance_m": 8.1, "original_speed": "2118", "wheel_diameter_mm": 711.0003997802734, "braking_intensity": 0.0, "is_braking": false, "is_crash": false, "crash_intensity_g": 0.0, "segment_start_sample": 34534, "segment_end_sample": 34546, "time_str": "09:04:17", "Speed_display": 17.6}}, {"type": "Feature", "geometry": {"type": "LineString", "coordinates": [[24.742336114915528, 59.4411210712346], [24.742266974038483, 59.44110267858565]]}, "properties": {"Speed": 22.5, "road_quality": 2, "marker": 7, "trip_id": "602D3_Trip1", "hrot_diff": 1, "sample_diff": 12, "time_diff_s": 0.179, "gps_distance_m": 4.4, "original_speed": "2173", "wheel_diameter_mm": 711.0003997802734, "braking_intensity": 0.0, "is_braking": false, "is_crash": false, "crash_intensity_g": 0.0, "segment_start_sample": 34581, "segment_end_sample": 34593, "time_str": "09:04:18", "Speed_display": 20.1}}, {"type": "Feature", "geometry": {"type": "LineString", "coordinates": [[24.742266974038483, 59.44110267858565], [24.742208423102095, 59.441073887442705]]}, "properties": {"Speed": 11.3, "road_quality": 2, "marker": 7, "trip_id": "602D3_Trip1", "hrot_diff": 1, "sample_diff": 12, "time_diff_s": 0.357, "gps_distance_m": 4.6, "original_speed": "2118", "wheel_diameter_mm": 711.0003997802734, "braking_intensity": 0.0, "is_braking": false, "is_crash": false, "crash_intensity_g": 0.0, "segment_start_sample": 34628, "segment_end_sample": 34640, "time_str": "09:04:18", "Speed_display": 19.1}}, {"type": "Feature", "geometry": {"type": "LineString", "coordinates": [[24.742208423102095, 59.441073887442705], [24.742143113472636, 59.441054919091236]]}, "properties": {"Speed": 22.5, "road_quality": 2, "marker": 7, "trip_id": "602D3_Trip1", "hrot_diff": 1, "sample_diff": 12, "time_diff_s": 0.179, "gps_distance_m": 4.3, "original_speed": "2136", "wheel_diameter_mm": 711.0003997802734, "braking_intensity": 0.0, "is_braking": false, "is_crash": false, "crash_intensity_g": 0.0, "segment_start_sample": 34686, "segment_end_sample": 34698, "time_str": "09:04:20", "Speed_display": 19.1}}, {"type": "Feature", "geometry": {"type": "LineString", "coordinates": [[24.742143113472636, 59.441054919091236], [24.742086139677923, 59.44103905396997]]}, "properties": {"Speed": 16.8, "road_quality": 2, "marker": 7, "trip_id": "602D3_Trip1", "hrot_diff": 1, "sample_diff": 12, "time_diff_s": 0.24, "gps_distance_m": 3.7, "original_speed": "2118", "wheel_diameter_mm": 711.0003997802734, "braking_intensity": 0.0, "is_braking": false, "is_crash": false, "crash_intensity_g": 0.0, "segment_start_sample": 34734, "segment_end_sample": 34746, "time_str": "09:04:21", "Speed_display": 19.1}}, {"type": "Feature", "geometry": {"type": "LineString", "coordinates": [[24.742086139677923, 59.44103905396997], [24.74203154018345, 59.4410202736116]]}, "properties": {"Speed": 22.5, "road_quality": 2, "marker": 7, "trip_id": "602D3_Trip1", "hrot_diff": 1, "sample_diff": 11, "time_diff_s": 0.179, "gps_distance_m": 3.7, "original_speed": "2173", "wheel_diameter_mm": 711.0003997802734, "braking_intensity": 0.0, "is_braking": false, "is_crash": false, "crash_intensity_g": 0.0, "segment_start_sample": 34780, "segment_end_sample": 34791, "time_str": "09:04:22", "Speed_display": 20.2}}, {"type": "Feature", "geometry": {"type": "LineString", "coordinates": [[24.74203154018345, 59.4410202736116], [24.741967162038243, 59.44099228777217]]}, "properties": {"Speed": 22.5, "road_quality": 2, "marker": 7, "trip_id": "602D3_Trip1", "hrot_diff": 1, "sample_diff": 11, "time_diff_s": 0.179, "gps_distance_m": 4.8, "original_speed": "2155", "wheel_diameter_mm": 711.0003997802734, "braking_intensity": 0.0, "is_braking": false, "is_crash": false, "crash_intensity_g": 0.0, "segment_start_sample": 34838, "segment_end_sample": 34849, "time_str": "09:04:23", "Speed_display": 18.0}}, {"type": "Feature", "geometry": {"type": "LineString", "coordinates": [[24.741967162038243, 59.44099228777217], [24.74190827969196, 59.44096982274397]]}, "properties": {"Speed": 16.8, "road_quality": 2, "marker": 7, "trip_id": "602D3_Trip1", "hrot_diff": 1, "sample_diff": 13, "time_diff_s": 0.239, "gps_distance_m": 4.2, "original_speed": "2192", "wheel_diameter_mm": 711.0003997802734, "braking_intensity": 0.0, "is_braking": false, "is_crash": false, "crash_intensity_g": 0.0, "segment_start_sample": 34882, "segment_end_sample": 34895, "time_str": "09:04:24", "Speed_display": 19.0}}, {"type": "Feature", "geometry": {"type": "LineString", "coordinates": [[24.74190827969196, 59.44096982274397], [24.74185016936632, 59.44094764075907]]}, "properties": {"Speed": 11.3, "road_quality": 2, "marker": 7, "trip_id": "602D3_Trip1", "hrot_diff": 1, "sample_diff": 13, "time_diff_s": 0.357, "gps_distance_m": 4.1, "original_speed": "2173", "wheel_diameter_mm": 711.0003997802734, "braking_intensity": 0.0, "is_braking": false, "is_crash": false, "crash_intensity_g": 0.0, "segment_start_sample": 34928, "segment_end_sample": 34941, "time_str": "09:04:24", "Speed_display": 19.0}}, {"type": "Feature", "geometry": {"type": "LineString", "coordinates": [[24.74185016936632, 59.44094764075907], [24.741787481373144, 59.440927340626104]]}, "properties": {"Speed": 21.9, "road_quality": 2, "marker": 7, "trip_id": "602D3_Trip1", "hrot_diff": 1, "sample_diff": 11, "time_diff_s": 0.184, "gps_distance_m": 4.2, "original_speed": "2212", "wheel_diameter_mm": 711.0003997802734, "braking_intensity": 0.0, "is_braking": false, "is_crash": false, "crash_intensity_g": 0.0, "segment_start_sample": 34985, "segment_end_sample": 34996, "time_str": "09:04:26", "Speed_display": 16.4}}, {"type": "Feature", "geometry": {"type": "LineString", "coordinates": [[24.741787481373144, 59.440927340626104], [24.741720730069005, 59.44090199705914]]}, "properties": {"Speed": 22.6, "road_quality": 2, "marker": 7, "trip_id": "602D3_Trip1", "hrot_diff": 1, "sample_diff": 12, "time_diff_s": 0.178, "gps_distance_m": 4.7, "original_speed": "2232", "wheel_diameter_mm": 711.0003997802734, "braking_intensity": 0.0, "is_braking": false, "is_crash": false, "crash_intensity_g": 0.0, "segment_start_sample": 35030, "segment_end_sample": 35042, "time_str": "09:04:27", "Speed_display": 17.6}}, {"type": "Feature", "geometry": {"type": "LineString", "coordinates": [[24.741720730069005, 59.44090199705914], [24.741654789577954, 59.44087960462193]]}, "properties": {"Speed": 9.6, "road_quality": 2, "marker": 7, "trip_id": "602D3_Trip1", "hrot_diff": 1, "sample_diff": 17, "time_diff_s": 0.418, "gps_distance_m": 4.5, "original_speed": "2192", "wheel_diameter_mm": 711.0003997802734, "braking_intensity": 0.0, "is_braking": false, "is_crash": false, "crash_intensity_g": 0.0, "segment_start_sample": 35076, "segment_end_sample": 35093, "time_str": "09:04:27", "Speed_display": 18.6}}, {"type": "Feature", "geometry": {"type": "LineString", "coordinates": [[24.741654789577954, 59.44087960462193], [24.741590039962635, 59.4408547411452]]}, "properties": {"Speed": 22.5, "road_quality": 2, "marker": 7, "trip_id": "602D3_Trip1", "hrot_diff": 1, "sample_diff": 11, "time_diff_s": 0.179, "gps_distance_m": 4.6, "original_speed": "2173", "wheel_diameter_mm": 711.0003997802734, "braking_intensity": 0.0, "is_braking": false, "is_crash": false, "crash_intensity_g": 0.0, "segment_start_sample": 35134, "segment_end_sample": 35145, "time_str": "09:04:29", "Speed_display": 17.6}}, {"type": "Feature", "geometry": {"type": "LineString", "coordinates": [[24.741590039962635, 59.4408547411452], [24.741524632312967, 59.44083350392723]]}, "properties": {"Speed": 16.5, "road_quality": 2, "marker": 7, "trip_id": "602D3_Trip1", "hrot_diff": 1, "sample_diff": 11, "time_diff_s": 0.243, "gps_distance_m": 4.4, "original_speed": "2212", "wheel_diameter_mm": 711.0003997802734, "braking_intensity": 0.0, "is_braking": false, "is_crash": false, "crash_intensity_g": 0.0, "segment_start_sample": 35178, "segment_end_sample": 35189, "time_str": "09:04:29", "Speed_display": 17.5}}, {"type": "Feature", "geometry": {"type": "LineString", "coordinates": [[24.741524632312967, 59.44083350392723], [24.741450313873372, 59.44081140400645]]}, "properties": {"Speed": 16.8, "road_quality": 2, "marker": 7, "trip_id": "602D3_Trip1", "hrot_diff": 1, "sample_diff": 10, "time_diff_s": 0.239, "gps_distance_m": 4.9, "original_speed": "2212", "wheel_diameter_mm": 711.0003997802734, "braking_intensity": 0.0, "is_braking": false, "is_crash": false, "crash_intensity_g": 0.0, "segment_start_sample": 35235, "segment_end_sample": 35245, "time_str": "09:04:31", "Speed_display": 20.0}}, {"type": "Feature", "geometry": {"type": "LineString", "coordinates": [[24.741450313873372, 59.44081140400645], [24.741380724566547, 59.44078911452237]]}, "properties": {"Speed": 21.9, "road_quality": 2, "marker": 7, "trip_id": "602D3_Trip1", "hrot_diff": 1, "sample_diff": 11, "time_diff_s": 0.184, "gps_distance_m": 4.6, "original_speed": "2272", "wheel_diameter_mm": 711.0003997802734, "braking_intensity": 0.0, "is_braking": false, "is_crash": false, "crash_intensity_g": 0.0, "segment_start_sample": 35278, "segment_end_sample": 35289, "time_str": "09:04:31", "Speed_display": 17.4}}, {"type": "Feature", "geometry": {"type": "LineString", "coordinates": [[24.741380724566547, 59.44078911452237], [24.74130236852253, 59.44076595176111]]}, "properties": {"Speed": 22.3, "road_quality": 2, "marker": 7, "trip_id": "602D3_Trip1", "hrot_diff": 1, "sample_diff": 12, "time_diff_s": 0.18, "gps_distance_m": 5.1, "original_speed": "2272", "wheel_diameter_mm": 711.0003997802734, "braking_intensity": 0.0, "is_braking": false, "is_crash": false, "crash_intensity_g": 0.0, "segment_start_sample": 35333, "segment_end_sample": 35345, "time_str": "09:04:33", "Speed_display": 18.5}}, {"type": "Feature", "geometry": {"type": "LineString", "coordinates": [[24.74130236852253, 59.44076595176111], [24.74124074406161, 59.4407459623084]]}, "properties": {"Speed": 9.6, "road_quality": 2, "marker": 7, "trip_id": "602D3_Trip1", "hrot_diff": 1, "sample_diff": 12, "time_diff_s": 0.417, "gps_distance_m": 4.1, "original_speed": "2232", "wheel_diameter_mm": 711.0003997802734, "braking_intensity": 0.0, "is_braking": false, "is_crash": false, "crash_intensity_g": 0.0, "segment_start_sample": 35378, "segment_end_sample": 35390, "time_str": "09:04:33", "Speed_display": 19.7}}, {"type": "Feature", "geometry": {"type": "LineString", "coordinates": [[24.74117749202519, 59.44072769973626], [24.741116660001232, 59.4407056836624]]}, "properties": {"Speed": 22.1, "road_quality": 2, "marker": 7, "trip_id": "602D3_Trip1", "hrot_diff": 1, "sample_diff": 11, "time_diff_s": 0.182, "gps_distance_m": 4.2, "original_speed": "2155", "wheel_diameter_mm": 711.0003997802734, "braking_intensity": 0.0, "is_braking": false, "is_crash": false, "crash_intensity_g": 0.0, "segment_start_sample": 35482, "segment_end_sample": 35493, "time_str": "09:04:36", "Speed_display": 19.7}}, {"type": "Feature", "geometry": {"type": "LineString", "coordinates": [[24.741116660001232, 59.4407056836624], [24.741053861289547, 59.440682641653716]]}, "properties": {"Speed": 22.5, "road_quality": 2, "marker": 7, "trip_id": "602D3_Trip1", "hrot_diff": 1, "sample_diff": 11, "time_diff_s": 0.179, "gps_distance_m": 4.4, "original_speed": "2155", "wheel_diameter_mm": 711.0003997802734, "braking_intensity": 0.0, "is_braking": false, "is_crash": false, "crash_intensity_g": 0.0, "segment_start_sample": 35528, "segment_end_sample": 35539, "time_str": "09:04:36", "Speed_display": 19.7}}, {"type": "Feature", "geometry": {"type": "LineString", "coordinates": [[24.741053861289547, 59.440682641653716], [24.74099103923968, 59.440664181066154]]}, "properties": {"Speed": 21.9, "road_quality": 2, "marker": 7, "trip_id": "602D3_Trip1", "hrot_diff": 1, "sample_diff": 10, "time_diff_s": 0.184, "gps_distance_m": 4.1, "original_speed": "2192", "wheel_diameter_mm": 711.0003997802734, "braking_intensity": 0.0, "is_braking": false, "is_crash": false, "crash_intensity_g": 0.0, "segment_start_sample": 35585, "segment_end_sample": 35595, "time_str": "09:04:38", "Speed_display": 21.1}}, {"type": "Feature", "geometry": {"type": "LineString", "coordinates": [[24.74099103923968, 59.440664181066154], [24.740935800173848, 59.44064429743756]]}, "properties": {"Speed": 22.6, "road_quality": 2, "marker": 7, "trip_id": "602D3_Trip1", "hrot_diff": 1, "sample_diff": 11, "time_diff_s": 0.178, "gps_distance_m": 3.8, "original_speed": "2212", "wheel_diameter_mm": 711.0003997802734, "braking_intensity": 0.0, "is_braking": false, "is_crash": false, "crash_intensity_g": 0.0, "segment_start_sample": 35630, "segment_end_sample": 35641, "time_str": "09:04:39", "Speed_display": 21.2}}, {"type": "Feature", "geometry": {"type": "LineString", "coordinates": [[24.740935800173848, 59.44064429743756], [24.740884290490783, 59.44062221316758]]}, "properties": {"Speed": 16.4, "road_quality": 2, "marker": 7, "trip_id": "602D3_Trip1", "hrot_diff": 1, "sample_diff": 11, "time_diff_s": 0.245, "gps_distance_m": 3.8, "original_speed": "2192", "wheel_diameter_mm": 711.0003997802734, "braking_intensity": 0.0, "is_braking": false, "is_crash": false, "crash_intensity_g": 0.0, "segment_start_sample": 35687, "segment_end_sample": 35698, "time_str": "09:04:40", "Speed_display": 19.9}}, {"type": "Feature", "geometry": {"type": "LineString", "coordinates": [[24.740884290490783, 59.44062221316758], [24.740813251134472, 59.44060734078259]]}, "properties": {"Speed": 22.6, "road_quality": 2, "marker": 7, "trip_id": "602D3_Trip1", "hrot_diff": 1, "sample_diff": 10, "time_diff_s": 0.178, "gps_distance_m": 4.3, "original_speed": "2192", "wheel_diameter_mm": 711.0003997802734, "braking_intensity": 0.0, "is_braking": false, "is_crash": false, "crash_intensity_g": 0.0, "segment_start_sample": 35732, "segment_end_sample": 35742, "time_str": "09:04:41", "Speed_display": 18.8}}, {"type": "Feature", "geometry": {"type": "LineString", "coordinates": [[24.740813251134472, 59.44060734078259], [24.74074288560712, 59.44058673336079]]}, "properties": {"Speed": 15.8, "road_quality": 2, "marker": 7, "trip_id": "602D3_Trip1", "hrot_diff": 1, "sample_diff": 12, "time_diff_s": 0.255, "gps_distance_m": 4.6, "original_speed": "2252", "wheel_diameter_mm": 711.0003997802734, "braking_intensity": 0.0, "is_braking": false, "is_crash": false, "crash_intensity_g": 0.0, "segment_start_sample": 35776, "segment_end_sample": 35788, "time_str": "09:04:41", "Speed_display": 17.6}}, {"type": "Feature", "geometry": {"type": "LineString", "coordinates": [[24.74074288560712, 59.44058673336079], [24.740675730430056, 59.44056260625382]]}, "properties": {"Speed": 16.4, "road_quality": 2, "marker": 7, "trip_id": "602D3_Trip1", "hrot_diff": 1, "sample_diff": 13, "time_diff_s": 0.245, "gps_distance_m": 4.6, "original_speed": "2232", "wheel_diameter_mm": 711.0003997802734, "braking_intensity": 0.0, "is_braking": false, "is_crash": false, "crash_intensity_g": 0.0, "segment_start_sample": 35832, "segment_end_sample": 35845, "time_str": "09:04:43", "Speed_display": 19.0}}, {"type": "Feature", "geometry": {"type": "LineString", "coordinates": [[24.740675730430056, 59.44056260625382], [24.740610746383783, 59.44054123734591]]}, "properties": {"Speed": 17.0, "road_quality": 2, "marker": 7, "trip_id": "602D3_Trip1", "hrot_diff": 1, "sample_diff": 11, "time_diff_s": 0.237, "gps_distance_m": 4.4, "original_speed": "2232", "wheel_diameter_mm": 711.0003997802734, "braking_intensity": 0.0, "is_braking": false, "is_crash": false, "crash_intensity_g": 0.0, "segment_start_sample": 35877, "segment_end_sample": 35888, "time_str": "09:04:43", "Speed_display": 16.4}}, {"type": "Feature", "geometry": {"type": "LineString", "coordinates": [[24.740610746383783, 59.44054123734591], [24.740551793990438, 59.44051785442525]]}, "properties": {"Speed": 23.0, "road_quality": 2, "marker": 7, "trip_id": "602D3_Trip1", "hrot_diff": 1, "sample_diff": 11, "time_diff_s": 0.175, "gps_distance_m": 4.2, "original_speed": "2232", "wheel_diameter_mm": 711.0003997802734, "braking_intensity": 0.0, "is_braking": false, "is_crash": false, "crash_intensity_g": 0.0, "segment_start_sample": 35934, "segment_end_sample": 35945, "time_str": "09:04:45", "Speed_display": 17.7}}, {"type": "Feature", "geometry": {"type": "LineString", "coordinates": [[24.740551793990438, 59.44051785442525], [24.740482353714725, 59.44049461910199]]}, "properties": {"Speed": 9.6, "road_quality": 2, "marker": 7, "trip_id": "602D3_Trip1", "hrot_diff": 1, "sample_diff": 12, "time_diff_s": 0.421, "gps_distance_m": 4.7, "original_speed": "2192", "wheel_diameter_mm": 711.0003997802734, "braking_intensity": 0.0, "is_braking": false, "is_crash": false, "crash_intensity_g": 0.0, "segment_start_sample": 35979, "segment_end_sample": 35991, "time_str": "09:04:45", "Speed_display": 17.1}}, {"type": "Feature", "geometry": {"type": "LineString", "coordinates": [[24.740482353714725, 59.44049461910199], [24.740407595382663, 59.440475456888294]]}, "properties": {"Speed": 22.5, "road_quality": 2, "marker": 7, "trip_id": "602D3_Trip1", "hrot_diff": 1, "sample_diff": 12, "time_diff_s": 0.179, "gps_distance_m": 4.7, "original_speed": "2192", "wheel_diameter_mm": 711.0003997802734, "braking_intensity": 0.0, "is_braking": false, "is_crash": false, "crash_intensity_g": 0.0, "segment_start_sample": 36036, "segment_end_sample": 36048, "time_str": "09:04:47", "Speed_display": 18.2}}, {"type": "Feature", "geometry": {"type": "LineString", "coordinates": [[24.740407595382663, 59.440475456888294], [24.74034231253561, 59.44045658835603]]}, "properties": {"Speed": 13.4, "road_quality": 2, "marker": 7, "trip_id": "602D3_Trip1", "hrot_diff": 1, "sample_diff": 12, "time_diff_s": 0.3, "gps_distance_m": 4.2, "original_speed": "2173", "wheel_diameter_mm": 711.0003997802734, "braking_intensity": 0.0, "is_braking": false, "is_crash": false, "crash_intensity_g": 0.0, "segment_start_sample": 36070, "segment_end_sample": 36082, "time_str": "09:04:47", "Speed_display": 18.1}}, {"type": "Feature", "geometry": {"type": "LineString", "coordinates": [[24.74034231253561, 59.44045658835603], [24.740279929360263, 59.44043507975734]]}, "properties": {"Speed": 22.7, "road_quality": 2, "marker": 7, "trip_id": "602D3_Trip1", "hrot_diff": 1, "sample_diff": 12, "time_diff_s": 0.177, "gps_distance_m": 4.3, "original_speed": "2192", "wheel_diameter_mm": 711.0003997802734, "braking_intensity": 0.0, "is_braking": false, "is_crash": false, "crash_intensity_g": 0.0, "segment_start_sample": 36127, "segment_end_sample": 36139, "time_str": "09:04:48", "Speed_display": 18.1}}, {"type": "Feature", "geometry": {"type": "LineString", "coordinates": [[24.740279929360263, 59.44043507975734], [24.740224641682286, 59.44041701171808]]}, "properties": {"Speed": 22.3, "road_quality": 2, "marker": 7, "trip_id": "602D3_Trip1", "hrot_diff": 1, "sample_diff": 11, "time_diff_s": 0.18, "gps_distance_m": 3.7, "original_speed": "2192", "wheel_diameter_mm": 711.0003997802734, "braking_intensity": 0.0, "is_braking": false, "is_crash": false, "crash_intensity_g": 0.0, "segment_start_sample": 36184, "segment_end_sample": 36195, "time_str": "09:04:50", "Speed_display": 16.8}}, {"type": "Feature", "geometry": {"type": "LineString", "coordinates": [[24.740224641682286, 59.44041701171808], [24.740162322560526, 59.440394691769875]]}, "properties": {"Speed": 9.6, "road_quality": 2, "marker": 7, "trip_id": "602D3_Trip1", "hrot_diff": 1, "sample_diff": 12, "time_diff_s": 0.42, "gps_distance_m": 4.3, "original_speed": "2252", "wheel_diameter_mm": 711.0003997802734, "braking_intensity": 0.0, "is_braking": false, "is_crash": false, "crash_intensity_g": 0.0, "segment_start_sample": 36229, "segment_end_sample": 36241, "time_str": "09:04:50", "Speed_display": 18.6}}, {"type": "Feature", "geometry": {"type": "LineString", "coordinates": [[24.740162322560526, 59.440394691769875], [24.740110117647134, 59.440372793311646]]}, "properties": {"Speed": 16.2, "road_quality": 2, "marker": 7, "trip_id": "602D3_Trip1", "hrot_diff": 1, "sample_diff": 12, "time_diff_s": 0.248, "gps_distance_m": 3.8, "original_speed": "2173", "wheel_diameter_mm": 711.0003997802734, "braking_intensity": 0.0, "is_braking": false, "is_crash": false, "crash_intensity_g": 0.0, "segment_start_sample": 36286, "segment_end_sample": 36298, "time_str": "09:04:52", "Speed_display": 16.0}}, {"type": "Feature", "geometry": {"type": "LineString", "coordinates": [[24.740110117647134, 59.440372793311646], [24.740044593256314, 59.440352110763335]]}, "properties": {"Speed": 22.1, "road_quality": 2, "marker": 7, "trip_id": "602D3_Trip1", "hrot_diff": 1, "sample_diff": 12, "time_diff_s": 0.182, "gps_distance_m": 4.4, "original_speed": "2192", "wheel_diameter_mm": 711.0003997802734, "braking_intensity": 0.0, "is_braking": false, "is_crash": false, "crash_intensity_g": 0.0, "segment_start_sample": 36332, "segment_end_sample": 36344, "time_str": "09:04:53", "Speed_display": 14.8}}, {"type": "Feature", "geometry": {"type": "LineString", "coordinates": [[24.740044593256314, 59.440352110763335], [24.739979095078372, 59.440331188799014]]}, "properties": {"Speed": 9.6, "road_quality": 2, "marker": 7, "trip_id": "602D3_Trip1", "hrot_diff": 1, "sample_diff": 12, "time_diff_s": 0.417, "gps_distance_m": 4.4, "original_speed": "2173", "wheel_diameter_mm": 711.0003997802734, "braking_intensity": 0.0, "is_braking": false, "is_crash": false, "crash_intensity_g": 0.0, "segment_start_sample": 36378, "segment_end_sample": 36390, "time_str": "09:04:53", "Speed_display": 15.5}}, {"type": "Feature", "geometry": {"type": "LineString", "coordinates": [[24.739979095078372, 59.440331188799014], [24.739907913186386, 59.44031154800084]]}, "properties": {"Speed": 16.3, "road_quality": 2, "marker": 7, "trip_id": "602D3_Trip1", "hrot_diff": 1, "sample_diff": 11, "time_diff_s": 0.247, "gps_distance_m": 4.6, "original_speed": "2192", "wheel_diameter_mm": 711.0003997802734, "braking_intensity": 0.0, "is_braking": false, "is_crash": false, "crash_intensity_g": 0.0, "segment_start_sample": 36435, "segment_end_sample": 36446, "time_str": "09:04:55", "Speed_display": 17.0}}, {"type": "Feature", "geometry": {"type": "LineString", "coordinates": [[24.739907913186386, 59.44031154800084], [24.739838676215836, 59.440292040979784]]}, "properties": {"Speed": 13.4, "road_quality": 2, "marker": 7, "trip_id": "602D3_Trip1", "hrot_diff": 1, "sample_diff": 12, "time_diff_s": 0.3, "gps_distance_m": 4.5, "original_speed": "2252", "wheel_diameter_mm": 711.0003997802734, "braking_intensity": 0.0, "is_braking": false, "is_crash": false, "crash_intensity_g": 0.0, "segment_start_sample": 36479, "segment_end_sample": 36491, "time_str": "09:04:55", "Speed_display": 15.8}}, {"type": "Feature", "geometry": {"type": "LineString", "coordinates": [[24.739838676215836, 59.440292040979784], [24.739776865958486, 59.44026468601227]]}, "properties": {"Speed": 23.5, "road_quality": 2, "marker": 7, "trip_id": "602D3_Trip1", "hrot_diff": 1, "sample_diff": 12, "time_diff_s": 0.171, "gps_distance_m": 4.6, "original_speed": "2155", "wheel_diameter_mm": 711.0003997802734, "braking_intensity": 0.0, "is_braking": false, "is_crash": false, "crash_intensity_g": 0.0, "segment_start_sample": 36537, "segment_end_sample": 36549, "time_str": "09:04:57", "Speed_display": 18.3}}, {"type": "Feature", "geometry": {"type": "LineString", "coordinates": [[24.739776865958486, 59.44026468601227], [24.73971988295641, 59.440240230225456]]}, "properties": {"Speed": 16.4, "road_quality": 2, "marker": 7, "trip_id": "602D3_Trip1", "hrot_diff": 1, "sample_diff": 12, "time_diff_s": 0.245, "gps_distance_m": 4.2, "original_speed": "2118", "wheel_diameter_mm": 711.0003997802734, "braking_intensity": 0.0, "is_braking": false, "is_crash": false, "crash_intensity_g": 0.0, "segment_start_sample": 36585, "segment_end_sample": 36597, "time_str": "09:04:58", "Speed_display": 18.3}}, {"type": "Feature", "geometry": {"type": "LineString", "coordinates": [[24.73971988295641, 59.440240230225456], [24.73966021606038, 59.440219008757005]]}, "properties": {"Speed": 22.0, "road_quality": 2, "marker": 7, "trip_id": "602D3_Trip1", "hrot_diff": 1, "sample_diff": 12, "time_diff_s": 0.183, "gps_distance_m": 4.1, "original_speed": "2016", "wheel_diameter_mm": 711.0003997802734, "braking_intensity": 0.0, "is_braking": false, "is_crash": false, "crash_intensity_g": 0.0, "segment_start_sample": 36635, "segment_end_sample": 36647, "time_str": "09:04:59", "Speed_display": 20.0}}, {"type": "Feature", "geometry": {"type": "LineString", "coordinates": [[24.73966021606038, 59.440219008757005], [24.73960396130842, 59.44019713908194]]}, "properties": {"Speed": 16.1, "road_quality": 2, "marker": 7, "trip_id": "602D3_Trip1", "hrot_diff": 1, "sample_diff": 14, "time_diff_s": 0.25, "gps_distance_m": 4.0, "original_speed": "1923", "wheel_diameter_mm": 711.0003997802734, "braking_intensity": 0.0, "is_braking": false, "is_crash": false, "crash_intensity_g": 0.0, "segment_start_sample": 36675, "segment_end_sample": 36689, "time_str": "09:04:59", "Speed_display": 17.0}}, {"type": "Feature", "geometry": {"type": "LineString", "coordinates": [[24.73960396130842, 59.44019713908194], [24.73955337945401, 59.44017086691308]]}, "properties": {"Speed": 22.2, "road_quality": 2, "marker": 7, "trip_id": "602D3_Trip1", "hrot_diff": 1, "sample_diff": 18, "time_diff_s": 0.181, "gps_distance_m": 4.1, "original_speed": "1709", "wheel_diameter_mm": 711.0003997802734, "braking_intensity": 0.0, "is_braking": false, "is_crash": false, "crash_intensity_g": 0.0, "segment_start_sample": 36721, "segment_end_sample": 36739, "time_str": "09:05:00", "Speed_display": 14.8}}, {"type": "Feature", "geometry": {"type": "LineString", "coordinates": [[24.73955337945401, 59.44017086691308], [24.739527806293246, 59.440151403819016]]}, "properties": {"Speed": 8.4, "road_quality": 2, "marker": 7, "trip_id": "602D3_Trip1", "hrot_diff": 1, "sample_diff": 21, "time_diff_s": 0.479, "gps_distance_m": 2.6, "original_speed": "1415", "wheel_diameter_mm": 711.0003997802734, "braking_intensity": 0.0, "is_braking": false, "is_crash": false, "crash_intensity_g": 0.0, "segment_start_sample": 36760, "segment_end_sample": 36781, "time_str": "09:05:01", "Speed_display": 11.7}}, {"type": "Feature", "geometry": {"type": "LineString", "coordinates": [[24.739527806293246, 59.440151403819016], [24.73951754075252, 59.44013385320181]]}, "properties": {"Speed": 5.1, "road_quality": 2, "marker": 7, "trip_id": "602D3_Trip1", "hrot_diff": 1, "sample_diff": 33, "time_diff_s": 0.783, "gps_distance_m": 2.0, "original_speed": "943", "wheel_diameter_mm": 711.0003997802734, "braking_intensity": 0.0, "is_braking": false, "is_crash": false, "crash_intensity_g": 0.0, "segment_start_sample": 36838, "segment_end_sample": 36871, "time_str": "09:05:03", "Speed_display": 9.5}}, {"type": "Feature", "geometry": {"type": "LineString", "coordinates": [[24.73951754075252, 59.44013385320181], [24.739503708713283, 59.44012682018941]]}, "properties": {"Speed": 6.7, "road_quality": 2, "marker": 7, "trip_id": "602D3_Trip1", "hrot_diff": 1, "sample_diff": 31, "time_diff_s": 0.598, "gps_distance_m": 1.1, "original_speed": "840", "wheel_diameter_mm": 711.0003997802734, "braking_intensity": 0.0, "is_braking": false, "is_crash": false, "crash_intensity_g": 0.0, "segment_start_sample": 36871, "segment_end_sample": 36902, "time_str": "09:05:03", "Speed_display": 5.9}}, {"type": "Feature", "geometry": {"type": "LineString", "coordinates": [[24.739503708713283, 59.44012682018941], [24.739464707027558, 59.44012367154532]]}, "properties": {"Speed": 5.1, "road_quality": 2, "marker": 7, "trip_id": "602D3_Trip1", "hrot_diff": 1, "sample_diff": 39, "time_diff_s": 0.782, "gps_distance_m": 2.2, "original_speed": "793", "wheel_diameter_mm": 711.0003997802734, "braking_intensity": 0.0, "is_braking": false, "is_crash": false, "crash_intensity_g": 0.0, "segment_start_sample": 36902, "segment_end_sample": 36941, "time_str": "09:05:04", "Speed_display": 4.2}}, {"type": "Feature", "geometry": {"type": "LineString", "coordinates": [[24.739464707027558, 59.44012367154532], [24.73943903054339, 59.44012026783868]]}, "properties": {"Speed": 4.0, "road_quality": 2, "marker": 7, "trip_id": "602D3_Trip1", "hrot_diff": 1, "sample_diff": 49, "time_diff_s": 1.017, "gps_distance_m": 1.5, "original_speed": "746", "wheel_diameter_mm": 711.0003997802734, "braking_intensity": 0.0, "is_braking": false, "is_crash": false, "crash_intensity_g": 0.0, "segment_start_sample": 36941, "segment_end_sample": 36990, "time_str": "09:05:05", "Speed_display": 4.7}}, {"type": "Feature", "geometry": {"type": "LineString", "coordinates": [[24.73943903054339, 59.44012026783868], [24.73948349195781, 59.44012909992059]]}, "properties": {"Speed": 0.1, "road_quality": 2, "marker": 7, "trip_id": "602D3_Trip1", "hrot_diff": 1, "sample_diff": 2325, "time_diff_s": 46.503, "gps_distance_m": 2.7, "original_speed": "632", "wheel_diameter_mm": 711.0003997802734, "braking_intensity": 0.0, "is_braking": false, "is_crash": false, "crash_intensity_g": 0.0, "segment_start_sample": 36990, "segment_end_sample": 39315, "time_str": "09:05:06", "Speed_display": 4.6}}, {"type": "Feature", "geometry": {"type": "LineString", "coordinates": [[24.73948349195781, 59.44012909992059], [24.7394694928703, 59.44011168880414]]}, "properties": {"Speed": 7.5, "road_quality": 2, "marker": 3, "trip_id": "602D3_Trip1", "hrot_diff": 1, "sample_diff": 24, "time_diff_s": 0.538, "gps_distance_m": 2.1, "original_speed": "0", "wheel_diameter_mm": 711.0003997802734, "braking_intensity": 0.0, "is_braking": false, "is_crash": false, "crash_intensity_g": 0.0, "segment_start_sample": 39315, "segment_end_sample": 39339, "time_str": "09:05:52", "Speed_display": 5.8}}, {"type": "Feature", "geometry": {"type": "LineString", "coordinates": [[24.7394694928703, 59.44011168880414], [24.739470124077368, 59.44009500882488]]}, "properties": {"Speed": 6.1, "road_quality": 2, "marker": 7, "trip_id": "602D3_Trip1", "hrot_diff": 1, "sample_diff": 30, "time_diff_s": 0.663, "gps_distance_m": 1.9, "original_speed": "41", "wheel_diameter_mm": 711.0003997802734, "braking_intensity": 0.0, "is_braking": false, "is_crash": false, "crash_intensity_g": 0.0, "segment_start_sample": 39368, "segment_end_sample": 39398, "time_str": "09:05:53", "Speed_display": 7.6}}, {"type": "Feature", "geometry": {"type": "LineString", "coordinates": [[24.739470124077368, 59.44009500882488], [24.73947853569671, 59.44007930186951]]}, "properties": {"Speed": 11.1, "road_quality": 2, "marker": 7, "trip_id": "602D3_Trip1", "hrot_diff": 1, "sample_diff": 24, "time_diff_s": 0.363, "gps_distance_m": 1.8, "original_speed": "900", "wheel_diameter_mm": 711.0003997802734, "braking_intensity": 0.0, "is_braking": false, "is_crash": false, "crash_intensity_g": 0.0, "segment_start_sample": 39420, "segment_end_sample": 39444, "time_str": "09:05:54", "Speed_display": 14.4}}, {"type": "Feature", "geometry": {"type": "LineString", "coordinates": [[24.73947853569671, 59.44007930186951], [24.739479695170964, 59.44005849189818]]}, "properties": {"Speed": 13.4, "road_quality": 2, "marker": 7, "trip_id": "602D3_Trip1", "hrot_diff": 1, "sample_diff": 20, "time_diff_s": 0.3, "gps_distance_m": 2.3, "original_speed": "1063", "wheel_diameter_mm": 711.0003997802734, "braking_intensity": 0.0, "is_braking": false, "is_crash": false, "crash_intensity_g": 0.0, "segment_start_sample": 39463, "segment_end_sample": 39483, "time_str": "09:05:55", "Speed_display": 14.8}}, {"type": "Feature", "geometry": {"type": "LineString", "coordinates": [[24.739479695170964, 59.44005849189818], [24.739487924364788, 59.44003256591521]]}, "properties": {"Speed": 33.8, "road_quality": 2, "marker": 7, "trip_id": "602D3_Trip1", "hrot_diff": 1, "sample_diff": 17, "time_diff_s": 0.119, "gps_distance_m": 2.9, "original_speed": "1327", "wheel_diameter_mm": 711.0003997802734, "braking_intensity": 0.0, "is_braking": false, "is_crash": false, "crash_intensity_g": 0.0, "segment_start_sample": 39520, "segment_end_sample": 39537, "time_str": "09:05:57", "Speed_display": 15.5}}, {"type": "Feature", "geometry": {"type": "LineString", "coordinates": [[24.739487924364788, 59.44003256591521], [24.739520617609863, 59.440009866749335]]}, "properties": {"Speed": 9.6, "road_quality": 2, "marker": 7, "trip_id": "602D3_Trip1", "hrot_diff": 1, "sample_diff": 20, "time_diff_s": 0.419, "gps_distance_m": 3.1, "original_speed": "1415", "wheel_diameter_mm": 711.0003997802734, "braking_intensity": 0.0, "is_braking": false, "is_crash": false, "crash_intensity_g": 0.0, "segment_start_sample": 39570, "segment_end_sample": 39590, "time_str": "09:05:57", "Speed_display": 15.5}}, {"type": "Feature", "geometry": {"type": "LineString", "coordinates": [[24.739520617609863, 59.440009866749335], [24.73954401393868, 59.43999100867445]]}, "properties": {"Speed": 9.6, "road_quality": 2, "marker": 7, "trip_id": "602D3_Trip1", "hrot_diff": 1, "sample_diff": 21, "time_diff_s": 0.419, "gps_distance_m": 2.5, "original_speed": "1401", "wheel_diameter_mm": 711.0003997802734, "braking_intensity": 0.0, "is_braking": false, "is_crash": false, "crash_intensity_g": 0.0, "segment_start_sample": 39626, "segment_end_sample": 39647, "time_str": "09:05:58", "Speed_display": 14.2}}, {"type": "Feature", "geometry": {"type": "LineString", "coordinates": [[24.73954401393868, 59.43999100867445], [24.739555013238192, 59.43997273218478]]}, "properties": {"Speed": 11.2, "road_quality": 2, "marker": 7, "trip_id": "602D3_Trip1", "hrot_diff": 1, "sample_diff": 26, "time_diff_s": 0.36, "gps_distance_m": 2.1, "original_speed": "1229", "wheel_diameter_mm": 711.0003997802734, "braking_intensity": 0.0, "is_braking": false, "is_crash": false, "crash_intensity_g": 0.0, "segment_start_sample": 39672, "segment_end_sample": 39698, "time_str": "09:05:59", "Speed_display": 8.4}}, {"type": "Feature", "geometry": {"type": "LineString", "coordinates": [[24.739555013238192, 59.43997273218478], [24.739576529515382, 59.439960586086535]]}, "properties": {"Speed": 6.7, "road_quality": 2, "marker": 7, "trip_id": "602D3_Trip1", "hrot_diff": 1, "sample_diff": 32, "time_diff_s": 0.6, "gps_distance_m": 1.8, "original_speed": "943", "wheel_diameter_mm": 711.0003997802734, "braking_intensity": 0.0, "is_braking": false, "is_crash": false, "crash_intensity_g": 0.0, "segment_start_sample": 39727, "segment_end_sample": 39759, "time_str": "09:06:00", "Speed_display": 7.8}}, {"type": "Feature", "geometry": {"type": "LineString", "coordinates": [[24.739576529515382, 59.439960586086535], [24.739604907062677, 59.43994803196182]]}, "properties": {"Speed": 4.8, "road_quality": 2, "marker": 7, "trip_id": "602D3_Trip1", "hrot_diff": 1, "sample_diff": 38, "time_diff_s": 0.84, "gps_distance_m": 2.1, "original_speed": "763", "wheel_diameter_mm": 711.0003997802734, "braking_intensity": 0.0, "is_braking": false, "is_crash": false, "crash_intensity_g": 0.0, "segment_start_sample": 39797, "segment_end_sample": 39835, "time_str": "09:06:02", "Speed_display": 7.2}}, {"type": "Feature", "geometry": {"type": "LineString", "coordinates": [[24.739604907062677, 59.43994803196182], [24.739613490478444, 59.43993558574886]]}, "properties": {"Speed": 6.7, "road_quality": 2, "marker": 7, "trip_id": "602D3_Trip1", "hrot_diff": 1, "sample_diff": 31, "time_diff_s": 0.6, "gps_distance_m": 1.5, "original_speed": "694", "wheel_diameter_mm": 711.0003997802734, "braking_intensity": 0.0, "is_braking": false, "is_crash": false, "crash_intensity_g": 0.0, "segment_start_sample": 39865, "segment_end_sample": 39896, "time_str": "09:06:03", "Speed_display": 6.2}}, {"type": "Feature", "geometry": {"type": "LineString", "coordinates": [[24.739613490478444, 59.43993558574886], [24.73960850609889, 59.43992147376316]]}, "properties": {"Speed": 6.7, "road_quality": 2, "marker": 7, "trip_id": "602D3_Trip1", "hrot_diff": 1, "sample_diff": 32, "time_diff_s": 0.599, "gps_distance_m": 1.6, "original_speed": "840", "wheel_diameter_mm": 711.0003997802734, "braking_intensity": 0.0, "is_braking": false, "is_crash": false, "crash_intensity_g": 0.0, "segment_start_sample": 39923, "segment_end_sample": 39955, "time_str": "09:06:04", "Speed_display": 6.5}}, {"type": "Feature", "geometry": {"type": "LineString", "coordinates": [[24.73960850609889, 59.43992147376316], [24.73959096712975, 59.43990862031272]]}, "properties": {"Speed": 6.1, "road_quality": 2, "marker": 7, "trip_id": "602D3_Trip1", "hrot_diff": 1, "sample_diff": 28, "time_diff_s": 0.657, "gps_distance_m": 1.7, "original_speed": "854", "wheel_diameter_mm": 711.0003997802734, "braking_intensity": 0.0, "is_braking": false, "is_crash": false, "crash_intensity_g": 0.0, "segment_start_sample": 39955, "segment_end_sample": 39983, "time_str": "09:06:05", "Speed_display": 7.5}}, {"type": "Feature", "geometry": {"type": "LineString", "coordinates": [[24.73959096712975, 59.43990862031272], [24.73957149689288, 59.439890055406245]]}, "properties": {"Speed": 8.4, "road_quality": 2, "marker": 7, "trip_id": "602D3_Trip1", "hrot_diff": 1, "sample_diff": 23, "time_diff_s": 0.48, "gps_distance_m": 2.3, "original_speed": "862", "wheel_diameter_mm": 711.0003997802734, "braking_intensity": 0.0, "is_braking": false, "is_crash": false, "crash_intensity_g": 0.0, "segment_start_sample": 40011, "segment_end_sample": 40034, "time_str": "09:06:06", "Speed_display": 8.4}}, {"type": "Feature", "geometry": {"type": "LineString", "coordinates": [[24.73957149689288, 59.439890055406245], [24.739543505973973, 59.43987076632221]]}, "properties": {"Speed": 9.6, "road_quality": 2, "marker": 7, "trip_id": "602D3_Trip1", "hrot_diff": 1, "sample_diff": 19, "time_diff_s": 0.42, "gps_distance_m": 2.7, "original_speed": "1071", "wheel_diameter_mm": 711.0003997802734, "braking_intensity": 0.0, "is_braking": false, "is_crash": false, "crash_intensity_g": 0.0, "segment_start_sample": 40077, "segment_end_sample": 40096, "time_str": "09:06:07", "Speed_display": 8.6}}, {"type": "Feature", "geometry": {"type": "LineString", "coordinates": [[24.739543505973973, 59.43987076632221], [24.739507418392897, 59.43986453805999]]}, "properties": {"Speed": 11.2, "road_quality": 2, "marker": 7, "trip_id": "602D3_Trip1", "hrot_diff": 1, "sample_diff": 20, "time_diff_s": 0.359, "gps_distance_m": 2.2, "original_speed": "1239", "wheel_diameter_mm": 711.0003997802734, "braking_intensity": 0.0, "is_braking": false, "is_crash": false, "crash_intensity_g": 0.0, "segment_start_sample": 40116, "segment_end_sample": 40136, "time_str": "09:06:08", "Speed_display": 9.6}}, {"type": "Feature", "geometry": {"type": "LineString", "coordinates": [[24.739507418392897, 59.43986453805999], [24.739473165474323, 59.43984519707274]]}, "properties": {"Speed": 7.5, "road_quality": 2, "marker": 7, "trip_id": "602D3_Trip1", "hrot_diff": 1, "sample_diff": 21, "time_diff_s": 0.539, "gps_distance_m": 2.9, "original_speed": "1304", "wheel_diameter_mm": 711.0003997802734, "braking_intensity": 0.0, "is_braking": false, "is_crash": false, "crash_intensity_g": 0.0, "segment_start_sample": 40172, "segment_end_sample": 40193, "time_str": "09:06:09", "Speed_display": 9.2}}, {"type": "Feature", "geometry": {"type": "LineString", "coordinates": [[24.739473165474323, 59.43984519707274], [24.739431674344218, 59.43983234910992]]}, "properties": {"Speed": 11.2, "road_quality": 2, "marker": 7, "trip_id": "602D3_Trip1", "hrot_diff": 1, "sample_diff": 20, "time_diff_s": 0.358, "gps_distance_m": 2.7, "original_speed": "1339", "wheel_diameter_mm": 711.0003997802734, "braking_intensity": 0.0, "is_braking": false, "is_crash": false, "crash_intensity_g": 0.0, "segment_start_sample": 40210, "segment_end_sample": 40230, "time_str": "09:06:10", "Speed_display": 10.6}}, {"type": "Feature", "geometry": {"type": "LineString", "coordinates": [[24.739431674344218, 59.43983234910992], [24.739391088991276, 59.43982121111061]]}, "properties": {"Speed": 6.7, "road_quality": 2, "marker": 7, "trip_id": "602D3_Trip1", "hrot_diff": 1, "sample_diff": 22, "time_diff_s": 0.602, "gps_distance_m": 2.6, "original_speed": "1282", "wheel_diameter_mm": 711.0003997802734, "braking_intensity": 0.0, "is_braking": false, "is_crash": false, "crash_intensity_g": 0.0, "segment_start_sample": 40269, "segment_end_sample": 40291, "time_str": "09:06:11", "Speed_display": 10.3}}, {"type": "Feature", "geometry": {"type": "LineString", "coordinates": [[24.739391088991276, 59.43982121111061], [24.739355714093236, 59.43980895759736]]}, "properties": {"Speed": 16.6, "road_quality": 2, "marker": 7, "trip_id": "602D3_Trip1", "hrot_diff": 1, "sample_diff": 20, "time_diff_s": 0.242, "gps_distance_m": 2.4, "original_speed": "1250", "wheel_diameter_mm": 711.0003997802734, "braking_intensity": 0.0, "is_braking": false, "is_crash": false, "crash_intensity_g": 0.0, "segment_start_sample": 40310, "segment_end_sample": 40330, "time_str": "09:06:12", "Speed_display": 10.7}}, {"type": "Feature", "geometry": {"type": "LineString", "coordinates": [[24.739355714093236, 59.43980895759736], [24.739320285247917, 59.439794890549884]]}, "properties": {"Speed": 9.5, "road_quality": 2, "marker": 7, "trip_id": "602D3_Trip1", "hrot_diff": 1, "sample_diff": 20, "time_diff_s": 0.422, "gps_distance_m": 2.5, "original_speed": "1271", "wheel_diameter_mm": 711.0003997802734, "braking_intensity": 0.0, "is_braking": false, "is_crash": false, "crash_intensity_g": 0.0, "segment_start_sample": 40370, "segment_end_sample": 40390, "time_str": "09:06:13", "Speed_display": 10.4}}, {"type": "Feature", "geometry": {"type": "LineString", "coordinates": [[24.739320285247917, 59.439794890549884], [24.739286789205035, 59.43978464469429]]}, "properties": {"Speed": 9.6, "road_quality": 2, "marker": 7, "trip_id": "602D3_Trip1", "hrot_diff": 1, "sample_diff": 21, "time_diff_s": 0.421, "gps_distance_m": 2.2, "original_speed": "1209", "wheel_diameter_mm": 711.0003997802734, "braking_intensity": 0.0, "is_braking": false, "is_crash": false, "crash_intensity_g": 0.0, "segment_start_sample": 40413, "segment_end_sample": 40434, "time_str": "09:06:14", "Speed_display": 11.3}}, {"type": "Feature", "geometry": {"type": "LineString", "coordinates": [[24.739286789205035, 59.43978464469429], [24.73927552009887, 59.439763986831565]]}, "properties": {"Speed": 9.6, "road_quality": 2, "marker": 7, "trip_id": "602D3_Trip1", "hrot_diff": 1, "sample_diff": 19, "time_diff_s": 0.418, "gps_distance_m": 2.4, "original_speed": "1181", "wheel_diameter_mm": 711.0003997802734, "braking_intensity": 0.0, "is_braking": false, "is_crash": false, "crash_intensity_g": 0.0, "segment_start_sample": 40475, "segment_end_sample": 40494, "time_str": "09:06:15", "Speed_display": 9.9}}, {"type": "Feature", "geometry": {"type": "LineString", "coordinates": [[24.73927552009887, 59.439763986831565], [24.739299021748696, 59.43974103503211]]}, "properties": {"Speed": 11.2, "road_quality": 2, "marker": 7, "trip_id": "602D3_Trip1", "hrot_diff": 1, "sample_diff": 19, "time_diff_s": 0.358, "gps_distance_m": 2.9, "original_speed": "1271", "wheel_diameter_mm": 711.0003997802734, "braking_intensity": 0.0, "is_braking": false, "is_crash": false, "crash_intensity_g": 0.0, "segment_start_sample": 40513, "segment_end_sample": 40532, "time_str": "09:06:16", "Speed_display": 9.9}}, {"type": "Feature", "geometry": {"type": "LineString", "coordinates": [[24.739299021748696, 59.43974103503211], [24.73933680618119, 59.439722276689864]]}, "properties": {"Speed": 9.6, "road_quality": 2, "marker": 7, "trip_id": "602D3_Trip1", "hrot_diff": 1, "sample_diff": 19, "time_diff_s": 0.42, "gps_distance_m": 3.0, "original_speed": "1363", "wheel_diameter_mm": 711.0003997802734, "braking_intensity": 0.0, "is_braking": false, "is_crash": false, "crash_intensity_g": 0.0, "segment_start_sample": 40568, "segment_end_sample": 40587, "time_str": "09:06:17", "Speed_display": 9.7}}, {"type": "Feature", "geometry": {"type": "LineString", "coordinates": [[24.73933680618119, 59.439722276689864], [24.739373001137203, 59.439705907726065]]}, "properties": {"Speed": 9.6, "road_quality": 2, "marker": 7, "trip_id": "602D3_Trip1", "hrot_diff": 1, "sample_diff": 20, "time_diff_s": 0.419, "gps_distance_m": 2.7, "original_speed": "1363", "wheel_diameter_mm": 711.0003997802734, "braking_intensity": 0.0, "is_braking": false, "is_crash": false, "crash_intensity_g": 0.0, "segment_start_sample": 40622, "segment_end_sample": 40642, "time_str": "09:06:18", "Speed_display": 12.2}}, {"type": "Feature", "geometry": {"type": "LineString", "coordinates": [[24.739373001137203, 59.439705907726065], [24.73939165859838, 59.43968371323277]]}, "properties": {"Speed": 8.4, "road_quality": 2, "marker": 7, "trip_id": "602D3_Trip1", "hrot_diff": 1, "sample_diff": 16, "time_diff_s": 0.481, "gps_distance_m": 2.7, "original_speed": "1456", "wheel_diameter_mm": 711.0003997802734, "braking_intensity": 0.0, "is_braking": false, "is_crash": false, "crash_intensity_g": 0.0, "segment_start_sample": 40674, "segment_end_sample": 40690, "time_str": "09:06:19", "Speed_display": 12.2}}, {"type": "Feature", "geometry": {"type": "LineString", "coordinates": [[24.73939165859838, 59.43968371323277], [24.739433899528645, 59.43966446001332]]}, "properties": {"Speed": 22.2, "road_quality": 2, "marker": 7, "trip_id": "602D3_Trip1", "hrot_diff": 1, "sample_diff": 15, "time_diff_s": 0.181, "gps_distance_m": 3.2, "original_speed": "1538", "wheel_diameter_mm": 711.0003997802734, "braking_intensity": 0.0, "is_braking": false, "is_crash": false, "crash_intensity_g": 0.0, "segment_start_sample": 40723, "segment_end_sample": 40738, "time_str": "09:06:20", "Speed_display": 12.2}}, {"type": "Feature", "geometry": {"type": "LineString", "coordinates": [[24.739476788218553, 59.43964492714907], [24.739519262892685, 59.439620163345495]]}, "properties": {"Speed": 11.1, "road_quality": 2, "marker": 7, "trip_id": "602D3_Trip1", "hrot_diff": 1, "sample_diff": 15, "time_diff_s": 0.361, "gps_distance_m": 3.7, "original_speed": "1626", "wheel_diameter_mm": 711.0003997802734, "braking_intensity": 0.0, "is_braking": false, "is_crash": false, "crash_intensity_g": 0.0, "segment_start_sample": 40815, "segment_end_sample": 40830, "time_str": "09:06:22", "Speed_display": 12.2}}, {"type": "Feature", "geometry": {"type": "LineString", "coordinates": [[24.73955835140827, 59.439596794880245], [24.73959996650651, 59.43957393804607]]}, "properties": {"Speed": 9.6, "road_quality": 2, "marker": 7, "trip_id": "602D3_Trip1", "hrot_diff": 1, "sample_diff": 15, "time_diff_s": 0.419, "gps_distance_m": 3.5, "original_speed": "1666", "wheel_diameter_mm": 711.0003997802734, "braking_intensity": 0.0, "is_braking": false, "is_crash": false, "crash_intensity_g": 0.0, "segment_start_sample": 40918, "segment_end_sample": 40933, "time_str": "09:06:24", "Speed_display": 13.9}}, {"type": "Feature", "geometry": {"type": "LineString", "coordinates": [[24.739635141749496, 59.43955221099108], [24.739691206907057, 59.43952731156106]]}, "properties": {"Speed": 9.6, "road_quality": 2, "marker": 7, "trip_id": "602D3_Trip1", "hrot_diff": 1, "sample_diff": 15, "time_diff_s": 0.421, "gps_distance_m": 4.2, "original_speed": "1785", "wheel_diameter_mm": 711.0003997802734, "braking_intensity": 0.0, "is_braking": false, "is_crash": false, "crash_intensity_g": 0.0, "segment_start_sample": 41017, "segment_end_sample": 41032, "time_str": "09:06:26", "Speed_display": 11.7}}, {"type": "Feature", "geometry": {"type": "LineString", "coordinates": [[24.739691206907057, 59.43952731156106], [24.73973156974475, 59.439504078159615]]}, "properties": {"Speed": 16.8, "road_quality": 2, "marker": 7, "trip_id": "602D3_Trip1", "hrot_diff": 1, "sample_diff": 11, "time_diff_s": 0.24, "gps_distance_m": 3.4, "original_speed": "1739", "wheel_diameter_mm": 711.0003997802734, "braking_intensity": 0.0, "is_braking": false, "is_crash": false, "crash_intensity_g": 0.0, "segment_start_sample": 41074, "segment_end_sample": 41085, "time_str": "09:06:27", "Speed_display": 13.9}}, {"type": "Feature", "geometry": {"type": "LineString", "coordinates": [[24.73973156974475, 59.439504078159615], [24.739787575474068, 59.43947635397123]]}, "properties": {"Speed": 11.2, "road_quality": 2, "marker": 7, "trip_id": "602D3_Trip1", "hrot_diff": 1, "sample_diff": 16, "time_diff_s": 0.358, "gps_distance_m": 4.4, "original_speed": "1834", "wheel_diameter_mm": 711.0003997802734, "braking_intensity": 0.0, "is_braking": false, "is_crash": false, "crash_intensity_g": 0.0, "segment_start_sample": 41114, "segment_end_sample": 41130, "time_str": "09:06:28", "Speed_display": 13.9}}, {"type": "Feature", "geometry": {"type": "LineString", "coordinates": [[24.739787575474068, 59.43947635397123], [24.739831640499165, 59.43945268972288]]}, "properties": {"Speed": 22.2, "road_quality": 2, "marker": 7, "trip_id": "602D3_Trip1", "hrot_diff": 1, "sample_diff": 14, "time_diff_s": 0.181, "gps_distance_m": 3.6, "original_speed": "1724", "wheel_diameter_mm": 711.0003997802734, "braking_intensity": 0.0, "is_braking": false, "is_crash": false, "crash_intensity_g": 0.0, "segment_start_sample": 41173, "segment_end_sample": 41187, "time_str": "09:06:29", "Speed_display": 13.9}}, {"type": "Feature", "geometry": {"type": "LineString", "coordinates": [[24.739831640499165, 59.43945268972288], [24.739865739988808, 59.43943597752071]]}, "properties": {"Speed": 9.5, "road_quality": 2, "marker": 7, "trip_id": "602D3_Trip1", "hrot_diff": 1, "sample_diff": 15, "time_diff_s": 0.424, "gps_distance_m": 2.7, "original_speed": "1680", "wheel_diameter_mm": 711.0003997802734, "braking_intensity": 0.0, "is_braking": false, "is_crash": false, "crash_intensity_g": 0.0, "segment_start_sample": 41217, "segment_end_sample": 41232, "time_str": "09:06:30", "Speed_display": 13.5}}, {"type": "Feature", "geometry": {"type": "LineString", "coordinates": [[24.739865739988808, 59.43943597752071], [24.73988944721577, 59.43941418469246]]}, "properties": {"Speed": 9.6, "road_quality": 2, "marker": 7, "trip_id": "602D3_Trip1", "hrot_diff": 1, "sample_diff": 17, "time_diff_s": 0.419, "gps_distance_m": 2.8, "original_speed": "1785", "wheel_diameter_mm": 711.0003997802734, "braking_intensity": 0.0, "is_braking": false, "is_crash": false, "crash_intensity_g": 0.0, "segment_start_sample": 41273, "segment_end_sample": 41290, "time_str": "09:06:31", "Speed_display": 13.2}}, {"type": "Feature", "geometry": {"type": "LineString", "coordinates": [[24.73988944721577, 59.43941418469246], [24.739923620100868, 59.43939258753195]]}, "properties": {"Speed": 15.0, "road_quality": 2, "marker": 7, "trip_id": "602D3_Trip1", "hrot_diff": 1, "sample_diff": 13, "time_diff_s": 0.268, "gps_distance_m": 3.1, "original_speed": "1694", "wheel_diameter_mm": 711.0003997802734, "braking_intensity": 0.0, "is_braking": false, "is_crash": false, "crash_intensity_g": 0.0, "segment_start_sample": 41320, "segment_end_sample": 41333, "time_str": "09:06:32", "Speed_display": 11.0}}, {"type": "Feature", "geometry": {"type": "LineString", "coordinates": [[24.739923620100868, 59.43939258753195], [24.739962481704815, 59.43937136752218]]}, "properties": {"Speed": 9.6, "road_quality": 2, "marker": 7, "trip_id": "602D3_Trip1", "hrot_diff": 1, "sample_diff": 16, "time_diff_s": 0.42, "gps_distance_m": 3.2, "original_speed": "1694", "wheel_diameter_mm": 711.0003997802734, "braking_intensity": 0.0, "is_braking": false, "is_crash": false, "crash_intensity_g": 0.0, "segment_start_sample": 41378, "segment_end_sample": 41394, "time_str": "09:06:33", "Speed_display": 11.0}}, {"type": "Feature", "geometry": {"type": "LineString", "coordinates": [[24.739962481704815, 59.43937136752218], [24.74000222998805, 59.43935666688651]]}, "properties": {"Speed": 11.1, "road_quality": 2, "marker": 7, "trip_id": "602D3_Trip1", "hrot_diff": 1, "sample_diff": 17, "time_diff_s": 0.362, "gps_distance_m": 2.8, "original_speed": "1626", "wheel_diameter_mm": 711.0003997802734, "braking_intensity": 0.0, "is_braking": false, "is_crash": false, "crash_intensity_g": 0.0, "segment_start_sample": 41423, "segment_end_sample": 41440, "time_str": "09:06:34", "Speed_display": 13.5}}, {"type": "Feature", "geometry": {"type": "LineString", "coordinates": [[24.74000222998805, 59.43935666688651], [24.74003114425068, 59.439330954726664]]}, "properties": {"Speed": 9.6, "road_quality": 2, "marker": 7, "trip_id": "602D3_Trip1", "hrot_diff": 1, "sample_diff": 16, "time_diff_s": 0.42, "gps_distance_m": 3.3, "original_speed": "1709", "wheel_diameter_mm": 711.0003997802734, "braking_intensity": 0.0, "is_braking": false, "is_crash": false, "crash_intensity_g": 0.0, "segment_start_sample": 41467, "segment_end_sample": 41483, "time_str": "09:06:35", "Speed_display": 15.0}}, {"type": "Feature", "geometry": {"type": "LineString", "coordinates": [[24.74003114425068, 59.439330954726664], [24.74007306951567, 59.43930624495997]]}, "properties": {"Speed": 22.3, "road_quality": 2, "marker": 7, "trip_id": "602D3_Trip1", "hrot_diff": 1, "sample_diff": 16, "time_diff_s": 0.18, "gps_distance_m": 3.6, "original_speed": "1724", "wheel_diameter_mm": 711.0003997802734, "braking_intensity": 0.0, "is_braking": false, "is_crash": false, "crash_intensity_g": 0.0, "segment_start_sample": 41513, "segment_end_sample": 41529, "time_str": "09:06:36", "Speed_display": 15.0}}, {"type": "Feature", "geometry": {"type": "LineString", "coordinates": [[24.74007306951567, 59.43930624495997], [24.74010163245427, 59.43928527929578]]}, "properties": {"Speed": 22.5, "road_quality": 2, "marker": 7, "trip_id": "602D3_Trip1", "hrot_diff": 1, "sample_diff": 15, "time_diff_s": 0.179, "gps_distance_m": 2.8, "original_speed": "1680", "wheel_diameter_mm": 711.0003997802734, "braking_intensity": 0.0, "is_braking": false, "is_crash": false, "crash_intensity_g": 0.0, "segment_start_sample": 41572, "segment_end_sample": 41587, "time_str": "09:06:37", "Speed_display": 14.7}}, {"type": "Feature", "geometry": {"type": "LineString", "coordinates": [[24.74010163245427, 59.43928527929578], [24.740136598296935, 59.43926382276439]]}, "properties": {"Speed": 9.6, "road_quality": 2, "marker": 7, "trip_id": "602D3_Trip1", "hrot_diff": 1, "sample_diff": 17, "time_diff_s": 0.42, "gps_distance_m": 3.1, "original_speed": "1709", "wheel_diameter_mm": 711.0003997802734, "braking_intensity": 0.0, "is_braking": false, "is_crash": false, "crash_intensity_g": 0.0, "segment_start_sample": 41616, "segment_end_sample": 41633, "time_str": "09:06:38", "Speed_display": 17.2}}, {"type": "Feature", "geometry": {"type": "LineString", "coordinates": [[24.740136598296935, 59.43926382276439], [24.74016569456691, 59.43924372016585]]}, "properties": {"Speed": 9.6, "road_quality": 2, "marker": 7, "trip_id": "602D3_Trip1", "hrot_diff": 1, "sample_diff": 14, "time_diff_s": 0.419, "gps_distance_m": 2.8, "original_speed": "1626", "wheel_diameter_mm": 711.0003997802734, "braking_intensity": 0.0, "is_braking": false, "is_crash": false, "crash_intensity_g": 0.0, "segment_start_sample": 41677, "segment_end_sample": 41691, "time_str": "09:06:39", "Speed_display": 14.7}}, {"type": "Feature", "geometry": {"type": "LineString", "coordinates": [[24.74016569456691, 59.43924372016585], [24.74020948152995, 59.4392180423318]]}, "properties": {"Speed": 22.2, "road_quality": 2, "marker": 7, "trip_id": "602D3_Trip1", "hrot_diff": 1, "sample_diff": 14, "time_diff_s": 0.181, "gps_distance_m": 3.8, "original_speed": "1680", "wheel_diameter_mm": 711.0003997802734, "braking_intensity": 0.0, "is_braking": false, "is_crash": false, "crash_intensity_g": 0.0, "segment_start_sample": 41722, "segment_end_sample": 41736, "time_str": "09:06:40", "Speed_display": 14.7}}, {"type": "Feature", "geometry": {"type": "LineString", "coordinates": [[24.74020948152995, 59.4392180423318], [24.740251775867, 59.43919592716809]]}, "properties": {"Speed": 9.6, "road_quality": 2, "marker": 7, "trip_id": "602D3_Trip1", "hrot_diff": 1, "sample_diff": 16, "time_diff_s": 0.42, "gps_distance_m": 3.4, "original_speed": "1709", "wheel_diameter_mm": 711.0003997802734, "braking_intensity": 0.0, "is_braking": false, "is_crash": false, "crash_intensity_g": 0.0, "segment_start_sample": 41764, "segment_end_sample": 41780, "time_str": "09:06:41", "Speed_display": 14.7}}, {"type": "Feature", "geometry": {"type": "LineString", "coordinates": [[24.740251775867, 59.43919592716809], [24.740294173611964, 59.43918552064029]]}, "properties": {"Speed": 22.3, "road_quality": 2, "marker": 7, "trip_id": "602D3_Trip1", "hrot_diff": 1, "sample_diff": 15, "time_diff_s": 0.18, "gps_distance_m": 2.7, "original_speed": "1680", "wheel_diameter_mm": 711.0003997802734, "braking_intensity": 0.0, "is_braking": false, "is_crash": false, "crash_intensity_g": 0.0, "segment_start_sample": 41824, "segment_end_sample": 41839, "time_str": "09:06:42", "Speed_display": 14.7}}, {"type": "Feature", "geometry": {"type": "LineString", "coordinates": [[24.740294173611964, 59.43918552064029], [24.740326428082863, 59.43915609454245]]}, "properties": {"Speed": 9.6, "road_quality": 2, "marker": 7, "trip_id": "602D3_Trip1", "hrot_diff": 1, "sample_diff": 16, "time_diff_s": 0.42, "gps_distance_m": 3.7, "original_speed": "1754", "wheel_diameter_mm": 711.0003997802734, "braking_intensity": 0.0, "is_braking": false, "is_crash": false, "crash_intensity_g": 0.0, "segment_start_sample": 41868, "segment_end_sample": 41884, "time_str": "09:06:43", "Speed_display": 11.6}}, {"type": "Feature", "geometry": {"type": "LineString", "coordinates": [[24.740326428082863, 59.43915609454245], [24.74035882022541, 59.43913411070843]]}, "properties": {"Speed": 9.6, "road_quality": 2, "marker": 7, "trip_id": "602D3_Trip1", "hrot_diff": 1, "sample_diff": 15, "time_diff_s": 0.42, "gps_distance_m": 3.1, "original_speed": "1694", "wheel_diameter_mm": 711.0003997802734, "braking_intensity": 0.0, "is_braking": false, "is_crash": false, "crash_intensity_g": 0.0, "segment_start_sample": 41928, "segment_end_sample": 41943, "time_str": "09:06:44", "Speed_display": 11.0}}, {"type": "Feature", "geometry": {"type": "LineString", "coordinates": [[24.74035882022541, 59.43913411070843], [24.740399267598363, 59.43911922698403]]}, "properties": {"Speed": 6.7, "road_quality": 2, "marker": 7, "trip_id": "602D3_Trip1", "hrot_diff": 1, "sample_diff": 15, "time_diff_s": 0.6, "gps_distance_m": 2.8, "original_speed": "1694", "wheel_diameter_mm": 711.0003997802734, "braking_intensity": 0.0, "is_braking": false, "is_crash": false, "crash_intensity_g": 0.0, "segment_start_sample": 41957, "segment_end_sample": 41972, "time_str": "09:06:45", "Speed_display": 8.4}}, {"type": "Feature", "geometry": {"type": "LineString", "coordinates": [[24.740399267598363, 59.43911922698403], [24.740428118609486, 59.43909622610191]]}, "properties": {"Speed": 6.7, "road_quality": 2, "marker": 7, "trip_id": "602D3_Trip1", "hrot_diff": 1, "sample_diff": 14, "time_diff_s": 0.599, "gps_distance_m": 3.0, "original_speed": "1680", "wheel_diameter_mm": 711.0003997802734, "braking_intensity": 0.0, "is_braking": false, "is_crash": false, "crash_intensity_g": 0.0, "segment_start_sample": 42017, "segment_end_sample": 42031, "time_str": "09:06:46", "Speed_display": 8.8}}, {"type": "Feature", "geometry": {"type": "LineString", "coordinates": [[24.740428118609486, 59.43909622610191], [24.74047264549485, 59.4390682991753]]}, "properties": {"Speed": 9.6, "road_quality": 2, "marker": 7, "trip_id": "602D3_Trip1", "hrot_diff": 1, "sample_diff": 17, "time_diff_s": 0.42, "gps_distance_m": 4.0, "original_speed": "1680", "wheel_diameter_mm": 711.0003997802734, "braking_intensity": 0.0, "is_braking": false, "is_crash": false, "crash_intensity_g": 0.0, "segment_start_sample": 42077, "segment_end_sample": 42094, "time_str": "09:06:47", "Speed_display": 9.1}}, {"type": "Feature", "geometry": {"type": "LineString", "coordinates": [[24.74047264549485, 59.4390682991753], [24.740513857867594, 59.439042769701366]]}, "properties": {"Speed": 11.2, "road_quality": 2, "marker": 7, "trip_id": "602D3_Trip1", "hrot_diff": 1, "sample_diff": 18, "time_diff_s": 0.359, "gps_distance_m": 3.7, "original_speed": "1587", "wheel_diameter_mm": 711.0003997802734, "braking_intensity": 0.0, "is_braking": false, "is_crash": false, "crash_intensity_g": 0.0, "segment_start_sample": 42125, "segment_end_sample": 42143, "time_str": "09:06:48", "Speed_display": 9.4}}, {"type": "Feature", "geometry": {"type": "LineString", "coordinates": [[24.740513857867594, 59.439042769701366], [24.740549438714844, 59.43902395789284]]}, "properties": {"Speed": 11.1, "road_quality": 2, "marker": 7, "trip_id": "602D3_Trip1", "hrot_diff": 1, "sample_diff": 21, "time_diff_s": 0.361, "gps_distance_m": 2.9, "original_speed": "1456", "wheel_diameter_mm": 711.0003997802734, "braking_intensity": 0.0, "is_braking": false, "is_crash": false, "crash_intensity_g": 0.0, "segment_start_sample": 42178, "segment_end_sample": 42199, "time_str": "09:06:49", "Speed_display": 10.0}}, {"type": "Feature", "geometry": {"type": "LineString", "coordinates": [[24.740549438714844, 59.43902395789284], [24.740600228343194, 59.439007348593954]]}, "properties": {"Speed": 8.4, "road_quality": 2, "marker": 7, "trip_id": "602D3_Trip1", "hrot_diff": 1, "sample_diff": 21, "time_diff_s": 0.48, "gps_distance_m": 3.4, "original_speed": "1327", "wheel_diameter_mm": 711.0003997802734, "braking_intensity": 0.0, "is_braking": false, "is_crash": false, "crash_intensity_g": 0.0, "segment_start_sample": 42216, "segment_end_sample": 42237, "time_str": "09:06:50", "Speed_display": 10.0}}, {"type": "Feature", "geometry": {"type": "LineString", "coordinates": [[24.740600228343194, 59.439007348593954], [24.740632968359172, 59.43898955323519]]}, "properties": {"Speed": 9.6, "road_quality": 2, "marker": 7, "trip_id": "602D3_Trip1", "hrot_diff": 1, "sample_diff": 21, "time_diff_s": 0.42, "gps_distance_m": 2.7, "original_speed": "1282", "wheel_diameter_mm": 711.0003997802734, "braking_intensity": 0.0, "is_braking": false, "is_crash": false, "crash_intensity_g": 0.0, "segment_start_sample": 42276, "segment_end_sample": 42297, "time_str": "09:06:51", "Speed_display": 9.7}}, {"type": "Feature", "geometry": {"type": "LineString", "coordinates": [[24.740632968359172, 59.43898955323519], [24.740659355914193, 59.43896899507001]]}, "properties": {"Speed": 9.6, "road_quality": 2, "marker": 7, "trip_id": "602D3_Trip1", "hrot_diff": 1, "sample_diff": 21, "time_diff_s": 0.42, "gps_distance_m": 2.7, "original_speed": "1239", "wheel_diameter_mm": 711.0003997802734, "braking_intensity": 0.0, "is_braking": false, "is_crash": false, "crash_intensity_g": 0.0, "segment_start_sample": 42317, "segment_end_sample": 42338, "time_str": "09:06:52", "Speed_display": 8.8}}, {"type": "Feature", "geometry": {"type": "LineString", "coordinates": [[24.740659355914193, 59.43896899507001], [24.74067906136677, 59.438957190135774]]}, "properties": {"Speed": 9.6, "road_quality": 2, "marker": 7, "trip_id": "602D3_Trip1", "hrot_diff": 1, "sample_diff": 24, "time_diff_s": 0.419, "gps_distance_m": 1.7, "original_speed": "1171", "wheel_diameter_mm": 711.0003997802734, "braking_intensity": 0.0, "is_braking": false, "is_crash": false, "crash_intensity_g": 0.0, "segment_start_sample": 42363, "segment_end_sample": 42387, "time_str": "09:06:53", "Speed_display": 9.3}}, {"type": "Feature", "geometry": {"type": "LineString", "coordinates": [[24.74067906136677, 59.438957190135774], [24.74067659505089, 59.438941175739366]]}, "properties": {"Speed": 6.7, "road_quality": 2, "marker": 7, "trip_id": "602D3_Trip1", "hrot_diff": 1, "sample_diff": 32, "time_diff_s": 0.602, "gps_distance_m": 1.8, "original_speed": "1041", "wheel_diameter_mm": 711.0003997802734, "braking_intensity": 0.0, "is_braking": false, "is_crash": false, "crash_intensity_g": 0.0, "segment_start_sample": 42412, "segment_end_sample": 42444, "time_str": "09:06:54", "Speed_display": 8.4}}, {"type": "Feature", "geometry": {"type": "LineString", "coordinates": [[24.74067659505089, 59.438941175739366], [24.74065136394496, 59.438928593830376]]}, "properties": {"Speed": 11.2, "road_quality": 2, "marker": 7, "trip_id": "602D3_Trip1", "hrot_diff": 1, "sample_diff": 25, "time_diff_s": 0.36, "gps_distance_m": 2.0, "original_speed": "943", "wheel_diameter_mm": 711.0003997802734, "braking_intensity": 0.0, "is_braking": false, "is_crash": false, "crash_intensity_g": 0.0, "segment_start_sample": 42444, "segment_end_sample": 42469, "time_str": "09:06:55", "Speed_display": 7.8}}, {"type": "Feature", "geometry": {"type": "LineString", "coordinates": [[24.74065136394496, 59.438928593830376], [24.740623219452765, 59.438923107706174]]}, "properties": {"Speed": 4.8, "road_quality": 2, "marker": 7, "trip_id": "602D3_Trip1", "hrot_diff": 1, "sample_diff": 31, "time_diff_s": 0.838, "gps_distance_m": 1.7, "original_speed": "884", "wheel_diameter_mm": 711.0003997802734, "braking_intensity": 0.0, "is_braking": false, "is_crash": false, "crash_intensity_g": 0.0, "segment_start_sample": 42528, "segment_end_sample": 42559, "time_str": "09:06:56", "Speed_display": 6.9}}, {"type": "Feature", "geometry": {"type": "LineString", "coordinates": [[24.740623219452765, 59.438923107706174], [24.74059432186873, 59.43891842370139]]}, "properties": {"Speed": 6.7, "road_quality": 2, "marker": 7, "trip_id": "602D3_Trip1", "hrot_diff": 1, "sample_diff": 31, "time_diff_s": 0.6, "gps_distance_m": 1.7, "original_speed": "833", "wheel_diameter_mm": 711.0003997802734, "braking_intensity": 0.0, "is_braking": false, "is_crash": false, "crash_intensity_g": 0.0, "segment_start_sample": 42559, "segment_end_sample": 42590, "time_str": "09:06:57", "Speed_display": 7.5}}, {"type": "Feature", "geometry": {"type": "LineString", "coordinates": [[24.74059432186873, 59.43891842370139], [24.74056461719774, 59.43891414759345]]}, "properties": {"Speed": 5.2, "road_quality": 2, "marker": 7, "trip_id": "602D3_Trip1", "hrot_diff": 1, "sample_diff": 33, "time_diff_s": 0.778, "gps_distance_m": 1.7, "original_speed": "769", "wheel_diameter_mm": 711.0003997802734, "braking_intensity": 0.0, "is_braking": false, "is_crash": false, "crash_intensity_g": 0.0, "segment_start_sample": 42627, "segment_end_sample": 42660, "time_str": "09:06:58", "Speed_display": 7.5}}, {"type": "Feature", "geometry": {"type": "LineString", "coordinates": [[24.74056461719774, 59.43891414759345], [24.74053825039144, 59.438912693278]]}, "properties": {"Speed": 9.6, "road_quality": 2, "marker": 7, "trip_id": "602D3_Trip1", "hrot_diff": 1, "sample_diff": 27, "time_diff_s": 0.42, "gps_distance_m": 1.5, "original_speed": "724", "wheel_diameter_mm": 711.0003997802734, "braking_intensity": 0.0, "is_braking": false, "is_crash": false, "crash_intensity_g": 0.0, "segment_start_sample": 42660, "segment_end_sample": 42687, "time_str": "09:06:59", "Speed_display": 7.9}}, {"type": "Feature", "geometry": {"type": "LineString", "coordinates": [[24.74053825039144, 59.438912693278], [24.74051507537206, 59.438907260673766]]}, "properties": {"Speed": 11.2, "road_quality": 2, "marker": 7, "trip_id": "602D3_Trip1", "hrot_diff": 1, "sample_diff": 22, "time_diff_s": 0.36, "gps_distance_m": 1.4, "original_speed": "862", "wheel_diameter_mm": 711.0003997802734, "braking_intensity": 0.0, "is_braking": false, "is_crash": false, "crash_intensity_g": 0.0, "segment_start_sample": 42716, "segment_end_sample": 42738, "time_str": "09:07:00", "Speed_display": 8.5}}, {"type": "Feature", "geometry": {"type": "LineString", "coordinates": [[24.74051507537206, 59.438907260673766], [24.740476085100212, 59.43890380768364]]}, "properties": {"Speed": 6.7, "road_quality": 2, "marker": 7, "trip_id": "602D3_Trip1", "hrot_diff": 1, "sample_diff": 26, "time_diff_s": 0.603, "gps_distance_m": 2.2, "original_speed": "967", "wheel_diameter_mm": 711.0003997802734, "braking_intensity": 0.0, "is_braking": false, "is_crash": false, "crash_intensity_g": 0.0, "segment_start_sample": 42764, "segment_end_sample": 42790, "time_str": "09:07:01", "Speed_display": 9.7}}, {"type": "Feature", "geometry": {"type": "LineString", "coordinates": [[24.740476085100212, 59.43890380768364], [24.74044332814295, 59.43890365354406]]}, "properties": {"Speed": 9.7, "road_quality": 2, "marker": 7, "trip_id": "602D3_Trip1", "hrot_diff": 1, "sample_diff": 19, "time_diff_s": 0.414, "gps_distance_m": 1.9, "original_speed": "952", "wheel_diameter_mm": 711.0003997802734, "braking_intensity": 0.0, "is_braking": false, "is_crash": false, "crash_intensity_g": 0.0, "segment_start_sample": 42817, "segment_end_sample": 42836, "time_str": "09:07:02", "Speed_display": 9.1}}, {"type": "Feature", "geometry": {"type": "LineString", "coordinates": [[24.74044332814295, 59.43890365354406], [24.740404920676777, 59.43889646668569]]}, "properties": {"Speed": 11.2, "road_quality": 2, "marker": 7, "trip_id": "602D3_Trip1", "hrot_diff": 1, "sample_diff": 21, "time_diff_s": 0.359, "gps_distance_m": 2.3, "original_speed": "1056", "wheel_diameter_mm": 711.0003997802734, "braking_intensity": 0.0, "is_braking": false, "is_crash": false, "crash_intensity_g": 0.0, "segment_start_sample": 42860, "segment_end_sample": 42881, "time_str": "09:07:03", "Speed_display": 8.2}}, {"type": "Feature", "geometry": {"type": "LineString", "coordinates": [[24.740404920676777, 59.43889646668569], [24.74037506468029, 59.438890182546125]]}, "properties": {"Speed": 6.7, "road_quality": 2, "marker": 7, "trip_id": "602D3_Trip1", "hrot_diff": 1, "sample_diff": 25, "time_diff_s": 0.601, "gps_distance_m": 1.8, "original_speed": "1111", "wheel_diameter_mm": 711.0003997802734, "braking_intensity": 0.0, "is_braking": false, "is_crash": false, "crash_intensity_g": 0.0, "segment_start_sample": 42926, "segment_end_sample": 42951, "time_str": "09:07:04", "Speed_display": 8.2}}, {"type": "Feature", "geometry": {"type": "LineString", "coordinates": [[24.74037506468029, 59.438890182546125], [24.740335078587012, 59.43888321277732]]}, "properties": {"Speed": 6.7, "road_quality": 2, "marker": 7, "trip_id": "602D3_Trip1", "hrot_diff": 1, "sample_diff": 27, "time_diff_s": 0.601, "gps_distance_m": 2.4, "original_speed": "1056", "wheel_diameter_mm": 711.0003997802734, "braking_intensity": 0.0, "is_braking": false, "is_crash": false, "crash_intensity_g": 0.0, "segment_start_sample": 42977, "segment_end_sample": 43004, "time_str": "09:07:05", "Speed_display": 7.6}}, {"type": "Feature", "geometry": {"type": "LineString", "coordinates": [[24.740335078587012, 59.43888321277732], [24.740306396839237, 59.43887605529575]]}, "properties": {"Speed": 6.7, "road_quality": 2, "marker": 7, "trip_id": "602D3_Trip1", "hrot_diff": 1, "sample_diff": 25, "time_diff_s": 0.599, "gps_distance_m": 1.8, "original_speed": "961", "wheel_diameter_mm": 711.0003997802734, "braking_intensity": 0.0, "is_braking": false, "is_crash": false, "crash_intensity_g": 0.0, "segment_start_sample": 43004, "segment_end_sample": 43029, "time_str": "09:07:06", "Speed_display": 6.7}}, {"type": "Feature", "geometry": {"type": "LineString", "coordinates": [[24.740306396839237, 59.43887605529575], [24.74027731890985, 59.43887523512904]]}, "properties": {"Speed": 6.7, "road_quality": 2, "marker": 7, "trip_id": "602D3_Trip1", "hrot_diff": 1, "sample_diff": 25, "time_diff_s": 0.6, "gps_distance_m": 1.6, "original_speed": "1000", "wheel_diameter_mm": 711.0003997802734, "braking_intensity": 0.0, "is_braking": false, "is_crash": false, "crash_intensity_g": 0.0, "segment_start_sample": 43078, "segment_end_sample": 43103, "time_str": "09:07:07", "Speed_display": 7.3}}, {"type": "Feature", "geometry": {"type": "LineString", "coordinates": [[24.74027731890985, 59.43887523512904], [24.74025104612551, 59.43886911327683]]}, "properties": {"Speed": 6.7, "road_quality": 2, "marker": 7, "trip_id": "602D3_Trip1", "hrot_diff": 1, "sample_diff": 24, "time_diff_s": 0.6, "gps_distance_m": 1.6, "original_speed": "1027", "wheel_diameter_mm": 711.0003997802734, "braking_intensity": 0.0, "is_braking": false, "is_crash": false, "crash_intensity_g": 0.0, "segment_start_sample": 43127, "segment_end_sample": 43151, "time_str": "09:07:08", "Speed_display": 8.2}}, {"type": "Feature", "geometry": {"type": "LineString", "coordinates": [[24.74025104612551, 59.43886911327683], [24.7402083465114, 59.43886513830602]]}, "properties": {"Speed": 9.6, "road_quality": 2, "marker": 7, "trip_id": "602D3_Trip1", "hrot_diff": 1, "sample_diff": 24, "time_diff_s": 0.419, "gps_distance_m": 2.5, "original_speed": "1041", "wheel_diameter_mm": 711.0003997802734, "braking_intensity": 0.0, "is_braking": false, "is_crash": false, "crash_intensity_g": 0.0, "segment_start_sample": 43174, "segment_end_sample": 43198, "time_str": "09:07:09", "Speed_display": 8.8}}, {"type": "Feature", "geometry": {"type": "LineString", "coordinates": [[24.7402083465114, 59.43886513830602], [24.740173087503617, 59.438858085897834]]}, "properties": {"Speed": 11.2, "road_quality": 2, "marker": 7, "trip_id": "602D3_Trip1", "hrot_diff": 1, "sample_diff": 22, "time_diff_s": 0.36, "gps_distance_m": 2.1, "original_speed": "1071", "wheel_diameter_mm": 711.0003997802734, "braking_intensity": 0.0, "is_braking": false, "is_crash": false, "crash_intensity_g": 0.0, "segment_start_sample": 43220, "segment_end_sample": 43242, "time_str": "09:07:10", "Speed_display": 9.4}}, {"type": "Feature", "geometry": {"type": "LineString", "coordinates": [[24.740173087503617, 59.438858085897834], [24.740137709668407, 59.438841366253136]]}, "properties": {"Speed": 9.6, "road_quality": 2, "marker": 7, "trip_id": "602D3_Trip1", "hrot_diff": 1, "sample_diff": 23, "time_diff_s": 0.418, "gps_distance_m": 2.7, "original_speed": "1127", "wheel_diameter_mm": 711.0003997802734, "braking_intensity": 0.0, "is_braking": false, "is_crash": false, "crash_intensity_g": 0.0, "segment_start_sample": 43263, "segment_end_sample": 43286, "time_str": "09:07:11", "Speed_display": 10.3}}, {"type": "Feature", "geometry": {"type": "LineString", "coordinates": [[24.740137709668407, 59.438841366253136], [24.740104968449252, 59.4388327849465]]}, "properties": {"Speed": 9.7, "road_quality": 2, "marker": 7, "trip_id": "602D3_Trip1", "hrot_diff": 1, "sample_diff": 21, "time_diff_s": 0.416, "gps_distance_m": 2.1, "original_speed": "1171", "wheel_diameter_mm": 711.0003997802734, "braking_intensity": 0.0, "is_braking": false, "is_crash": false, "crash_intensity_g": 0.0, "segment_start_sample": 43327, "segment_end_sample": 43348, "time_str": "09:07:12", "Speed_display": 9.7}}, {"type": "Feature", "geometry": {"type": "LineString", "coordinates": [[24.740104968449252, 59.4388327849465], [24.74007477487046, 59.43882519514072]]}, "properties": {"Speed": 11.2, "road_quality": 2, "marker": 7, "trip_id": "602D3_Trip1", "hrot_diff": 1, "sample_diff": 20, "time_diff_s": 0.36, "gps_distance_m": 1.9, "original_speed": "1190", "wheel_diameter_mm": 711.0003997802734, "braking_intensity": 0.0, "is_braking": false, "is_crash": false, "crash_intensity_g": 0.0, "segment_start_sample": 43370, "segment_end_sample": 43390, "time_str": "09:07:13", "Speed_display": 9.7}}, {"type": "Feature", "geometry": {"type": "LineString", "coordinates": [[24.74007477487046, 59.43882519514072], [24.740040652708274, 59.43882007749991]]}, "properties": {"Speed": 6.7, "road_quality": 2, "marker": 7, "trip_id": "602D3_Trip1", "hrot_diff": 1, "sample_diff": 22, "time_diff_s": 0.596, "gps_distance_m": 2.0, "original_speed": "1260", "wheel_diameter_mm": 711.0003997802734, "braking_intensity": 0.0, "is_braking": false, "is_crash": false, "crash_intensity_g": 0.0, "segment_start_sample": 43428, "segment_end_sample": 43450, "time_str": "09:07:14", "Speed_display": 12.3}}, {"type": "Feature", "geometry": {"type": "LineString", "coordinates": [[24.740040652708274, 59.43882007749991], [24.73999807560304, 59.43881813299776]]}, "properties": {"Speed": 11.2, "road_quality": 2, "marker": 7, "trip_id": "602D3_Trip1", "hrot_diff": 1, "sample_diff": 19, "time_diff_s": 0.359, "gps_distance_m": 2.4, "original_speed": "1260", "wheel_diameter_mm": 711.0003997802734, "braking_intensity": 0.0, "is_braking": false, "is_crash": false, "crash_intensity_g": 0.0, "segment_start_sample": 43468, "segment_end_sample": 43487, "time_str": "09:07:15", "Speed_display": 12.2}}, {"type": "Feature", "geometry": {"type": "LineString", "coordinates": [[24.73999807560304, 59.43881813299776], [24.739950554899718, 59.438801752043446]]}, "properties": {"Speed": 22.5, "road_quality": 2, "marker": 7, "trip_id": "602D3_Trip1", "hrot_diff": 1, "sample_diff": 16, "time_diff_s": 0.179, "gps_distance_m": 3.2, "original_speed": "1388", "wheel_diameter_mm": 711.0003997802734, "braking_intensity": 0.0, "is_braking": false, "is_crash": false, "crash_intensity_g": 0.0, "segment_start_sample": 43522, "segment_end_sample": 43538, "time_str": "09:07:16", "Speed_display": 12.2}}, {"type": "Feature", "geometry": {"type": "LineString", "coordinates": [[24.739950554899718, 59.438801752043446], [24.739897547960048, 59.438790523464625]]}, "properties": {"Speed": 9.6, "road_quality": 2, "marker": 7, "trip_id": "602D3_Trip1", "hrot_diff": 1, "sample_diff": 16, "time_diff_s": 0.419, "gps_distance_m": 3.2, "original_speed": "1526", "wheel_diameter_mm": 711.0003997802734, "braking_intensity": 0.0, "is_braking": false, "is_crash": false, "crash_intensity_g": 0.0, "segment_start_sample": 43569, "segment_end_sample": 43585, "time_str": "09:07:17", "Speed_display": 15.4}}, {"type": "Feature", "geometry": {"type": "LineString", "coordinates": [[24.739897547960048, 59.438790523464625], [24.739850725070276, 59.43877772972212]]}, "properties": {"Speed": 11.2, "road_quality": 2, "marker": 7, "trip_id": "602D3_Trip1", "hrot_diff": 1, "sample_diff": 15, "time_diff_s": 0.36, "gps_distance_m": 3.0, "original_speed": "1600", "wheel_diameter_mm": 711.0003997802734, "braking_intensity": 0.0, "is_braking": false, "is_crash": false, "crash_intensity_g": 0.0, "segment_start_sample": 43616, "segment_end_sample": 43631, "time_str": "09:07:18", "Speed_display": 15.1}}, {"type": "Feature", "geometry": {"type": "LineString", "coordinates": [[24.739850725070276, 59.43877772972212], [24.739792953480052, 59.43876519721016]]}, "properties": {"Speed": 22.5, "road_quality": 2, "marker": 7, "trip_id": "602D3_Trip1", "hrot_diff": 1, "sample_diff": 14, "time_diff_s": 0.179, "gps_distance_m": 3.6, "original_speed": "1694", "wheel_diameter_mm": 711.0003997802734, "braking_intensity": 0.0, "is_braking": false, "is_crash": false, "crash_intensity_g": 0.0, "segment_start_sample": 43674, "segment_end_sample": 43688, "time_str": "09:07:19", "Speed_display": 15.1}}, {"type": "Feature", "geometry": {"type": "LineString", "coordinates": [[24.739792953480052, 59.43876519721016], [24.739739072032084, 59.43874818141178]]}, "properties": {"Speed": 9.6, "road_quality": 2, "marker": 7, "trip_id": "602D3_Trip1", "hrot_diff": 1, "sample_diff": 14, "time_diff_s": 0.419, "gps_distance_m": 3.6, "original_speed": "1754", "wheel_diameter_mm": 711.0003997802734, "braking_intensity": 0.0, "is_braking": false, "is_crash": false, "crash_intensity_g": 0.0, "segment_start_sample": 43717, "segment_end_sample": 43731, "time_str": "09:07:20", "Speed_display": 17.7}}, {"type": "Feature", "geometry": {"type": "LineString", "coordinates": [[24.739739072032084, 59.43874818141178], [24.739680098747815, 59.438731292788745]]}, "properties": {"Speed": 22.5, "road_quality": 2, "marker": 7, "trip_id": "602D3_Trip1", "hrot_diff": 1, "sample_diff": 12, "time_diff_s": 0.179, "gps_distance_m": 3.8, "original_speed": "1818", "wheel_diameter_mm": 711.0003997802734, "braking_intensity": 0.0, "is_braking": false, "is_crash": false, "crash_intensity_g": 0.0, "segment_start_sample": 43772, "segment_end_sample": 43784, "time_str": "09:07:21", "Speed_display": 19.9}}, {"type": "Feature", "geometry": {"type": "LineString", "coordinates": [[24.739680098747815, 59.438731292788745], [24.739624957187345, 59.43871042831299]]}, "properties": {"Speed": 22.5, "road_quality": 2, "marker": 7, "trip_id": "602D3_Trip1", "hrot_diff": 1, "sample_diff": 13, "time_diff_s": 0.179, "gps_distance_m": 3.9, "original_speed": "1960", "wheel_diameter_mm": 711.0003997802734, "braking_intensity": 0.0, "is_braking": false, "is_crash": false, "crash_intensity_g": 0.0, "segment_start_sample": 43822, "segment_end_sample": 43835, "time_str": "09:07:22", "Speed_display": 19.9}}, {"type": "Feature", "geometry": {"type": "LineString", "coordinates": [[24.739624957187345, 59.43871042831299], [24.739564852983996, 59.43869542390628]]}, "properties": {"Speed": 22.3, "road_quality": 2, "marker": 7, "trip_id": "602D3_Trip1", "hrot_diff": 1, "sample_diff": 12, "time_diff_s": 0.18, "gps_distance_m": 3.8, "original_speed": "1980", "wheel_diameter_mm": 711.0003997802734, "braking_intensity": 0.0, "is_braking": false, "is_crash": false, "crash_intensity_g": 0.0, "segment_start_sample": 43872, "segment_end_sample": 43884, "time_str": "09:07:23", "Speed_display": 22.5}}, {"type": "Feature", "geometry": {"type": "LineString", "coordinates": [[24.739564852983996, 59.43869542390628], [24.73949438637642, 59.43867588793419]]}, "properties": {"Speed": 22.5, "road_quality": 2, "marker": 7, "trip_id": "602D3_Trip1", "hrot_diff": 1, "sample_diff": 12, "time_diff_s": 0.179, "gps_distance_m": 4.5, "original_speed": "2049", "wheel_diameter_mm": 711.0003997802734, "braking_intensity": 0.0, "is_braking": false, "is_crash": false, "crash_intensity_g": 0.0, "segment_start_sample": 43921, "segment_end_sample": 43933, "time_str": "09:07:24", "Speed_display": 19.9}}, {"type": "Feature", "geometry": {"type": "LineString", "coordinates": [[24.73949438637642, 59.43867588793419], [24.739428830039568, 59.438653117189084]]}, "properties": {"Speed": 22.5, "road_quality": 2, "marker": 7, "trip_id": "602D3_Trip1", "hrot_diff": 1, "sample_diff": 11, "time_diff_s": 0.179, "gps_distance_m": 4.5, "original_speed": "2212", "wheel_diameter_mm": 711.0003997802734, "braking_intensity": 0.0, "is_braking": false, "is_crash": false, "crash_intensity_g": 0.0, "segment_start_sample": 43977, "segment_end_sample": 43988, "time_str": "09:07:25", "Speed_display": 19.8}}, {"type": "Feature", "geometry": {"type": "LineString", "coordinates": [[24.739428830039568, 59.438653117189084], [24.73935529004341, 59.43863832133021]]}, "properties": {"Speed": 9.6, "road_quality": 2, "marker": 7, "trip_id": "602D3_Trip1", "hrot_diff": 1, "sample_diff": 10, "time_diff_s": 0.421, "gps_distance_m": 4.5, "original_speed": "2232", "wheel_diameter_mm": 711.0003997802734, "braking_intensity": 0.0, "is_braking": false, "is_crash": false, "crash_intensity_g": 0.0, "segment_start_sample": 44010, "segment_end_sample": 44020, "time_str": "09:07:26", "Speed_display": 19.9}}, {"type": "Feature", "geometry": {"type": "LineString", "coordinates": [[24.73935529004341, 59.43863832133021], [24.739276787841145, 59.43861999155628]]}, "properties": {"Speed": 22.3, "road_quality": 2, "marker": 7, "trip_id": "602D3_Trip1", "hrot_diff": 1, "sample_diff": 10, "time_diff_s": 0.18, "gps_distance_m": 4.9, "original_speed": "2403", "wheel_diameter_mm": 711.0003997802734, "braking_intensity": 0.0, "is_braking": false, "is_crash": false, "crash_intensity_g": 0.0, "segment_start_sample": 44072, "segment_end_sample": 44082, "time_str": "09:07:27", "Speed_display": 19.8}}, {"type": "Feature", "geometry": {"type": "LineString", "coordinates": [[24.739276787841145, 59.43861999155628], [24.739205400881705, 59.438594678613825]]}, "properties": {"Speed": 22.5, "road_quality": 2, "marker": 7, "trip_id": "602D3_Trip1", "hrot_diff": 1, "sample_diff": 10, "time_diff_s": 0.179, "gps_distance_m": 4.9, "original_speed": "2358", "wheel_diameter_mm": 711.0003997802734, "braking_intensity": 0.0, "is_braking": false, "is_crash": false, "crash_intensity_g": 0.0, "segment_start_sample": 44126, "segment_end_sample": 44136, "time_str": "09:07:28", "Speed_display": 19.8}}, {"type": "Feature", "geometry": {"type": "LineString", "coordinates": [[24.739205400881705, 59.438594678613825], [24.739131671035775, 59.4385784957435]]}, "properties": {"Speed": 22.3, "road_quality": 2, "marker": 7, "trip_id": "602D3_Trip1", "hrot_diff": 1, "sample_diff": 13, "time_diff_s": 0.18, "gps_distance_m": 4.5, "original_speed": "2403", "wheel_diameter_mm": 711.0003997802734, "braking_intensity": 0.0, "is_braking": false, "is_crash": false, "crash_intensity_g": 0.0, "segment_start_sample": 44166, "segment_end_sample": 44179, "time_str": "09:07:29", "Speed_display": 22.3}}, {"type": "Feature", "geometry": {"type": "LineString", "coordinates": [[24.739131671035775, 59.4385784957435], [24.739057709315944, 59.438558108598144]]}, "properties": {"Speed": 22.3, "road_quality": 2, "marker": 7, "trip_id": "602D3_Trip1", "hrot_diff": 1, "sample_diff": 10, "time_diff_s": 0.18, "gps_distance_m": 4.8, "original_speed": "2293", "wheel_diameter_mm": 711.0003997802734, "braking_intensity": 0.0, "is_braking": false, "is_crash": false, "crash_intensity_g": 0.0, "segment_start_sample": 44221, "segment_end_sample": 44231, "time_str": "09:07:30", "Speed_display": 21.2}}, {"type": "Feature", "geometry": {"type": "LineString", "coordinates": [[24.739057709315944, 59.438558108598144], [24.738993468205205, 59.4385237056714]]}, "properties": {"Speed": 22.3, "road_quality": 2, "marker": 7, "trip_id": "602D3_Trip1", "hrot_diff": 1, "sample_diff": 11, "time_diff_s": 0.18, "gps_distance_m": 5.3, "original_speed": "2380", "wheel_diameter_mm": 711.0003997802734, "braking_intensity": 0.0, "is_braking": false, "is_crash": false, "crash_intensity_g": 0.0, "segment_start_sample": 44272, "segment_end_sample": 44283, "time_str": "09:07:31", "Speed_display": 21.2}}, {"type": "Feature", "geometry": {"type": "LineString", "coordinates": [[24.738993468205205, 59.4385237056714], [24.738915530149477, 59.43850311986475]]}, "properties": {"Speed": 16.7, "road_quality": 2, "marker": 7, "trip_id": "602D3_Trip1", "hrot_diff": 1, "sample_diff": 10, "time_diff_s": 0.241, "gps_distance_m": 5.0, "original_speed": "2450", "wheel_diameter_mm": 711.0003997802734, "braking_intensity": 0.0, "is_braking": false, "is_crash": false, "crash_intensity_g": 0.0, "segment_start_sample": 44325, "segment_end_sample": 44335, "time_str": "09:07:32", "Speed_display": 21.2}}, {"type": "Feature", "geometry": {"type": "LineString", "coordinates": [[24.738915530149477, 59.43850311986475], [24.73884318570146, 59.43848859828884]]}, "properties": {"Speed": 22.2, "road_quality": 2, "marker": 7, "trip_id": "602D3_Trip1", "hrot_diff": 1, "sample_diff": 11, "time_diff_s": 0.181, "gps_distance_m": 4.4, "original_speed": "2427", "wheel_diameter_mm": 711.0003997802734, "braking_intensity": 0.0, "is_braking": false, "is_crash": false, "crash_intensity_g": 0.0, "segment_start_sample": 44375, "segment_end_sample": 44386, "time_str": "09:07:33", "Speed_display": 18.6}}, {"type": "Feature", "geometry": {"type": "LineString", "coordinates": [[24.73884318570146, 59.43848859828884], [24.738765364204802, 59.43846106923222]]}, "properties": {"Speed": 22.3, "road_quality": 2, "marker": 7, "trip_id": "602D3_Trip1", "hrot_diff": 1, "sample_diff": 10, "time_diff_s": 0.18, "gps_distance_m": 5.4, "original_speed": "2500", "wheel_diameter_mm": 711.0003997802734, "braking_intensity": 0.0, "is_braking": false, "is_crash": false, "crash_intensity_g": 0.0, "segment_start_sample": 44425, "segment_end_sample": 44435, "time_str": "09:07:34", "Speed_display": 18.6}}, {"type": "Feature", "geometry": {"type": "LineString", "coordinates": [[24.738765364204802, 59.43846106923222], [24.73869056174329, 59.43842914436183]]}, "properties": {"Speed": 9.6, "road_quality": 2, "marker": 7, "trip_id": "602D3_Trip1", "hrot_diff": 1, "sample_diff": 11, "time_diff_s": 0.42, "gps_distance_m": 5.5, "original_speed": "2521", "wheel_diameter_mm": 711.0003997802734, "braking_intensity": 0.0, "is_braking": false, "is_crash": false, "crash_intensity_g": 0.0, "segment_start_sample": 44474, "segment_end_sample": 44485, "time_str": "09:07:35", "Speed_display": 19.7}}, {"type": "Feature", "geometry": {"type": "LineString", "coordinates": [[24.73869056174329, 59.43842914436183], [24.738612273521888, 59.43840356994373]]}, "properties": {"Speed": 22.3, "road_quality": 2, "marker": 7, "trip_id": "602D3_Trip1", "hrot_diff": 1, "sample_diff": 10, "time_diff_s": 0.18, "gps_distance_m": 5.3, "original_speed": "2586", "wheel_diameter_mm": 711.0003997802734, "braking_intensity": 0.0, "is_braking": false, "is_crash": false, "crash_intensity_g": 0.0, "segment_start_sample": 44523, "segment_end_sample": 44533, "time_str": "09:07:36", "Speed_display": 18.6}}, {"type": "Feature", "geometry": {"type": "LineString", "coordinates": [[24.738612273521888, 59.43840356994373], [24.7385425084231, 59.438377984188804]]}, "properties": {"Speed": 22.3, "road_quality": 2, "marker": 7, "trip_id": "602D3_Trip1", "hrot_diff": 1, "sample_diff": 10, "time_diff_s": 0.18, "gps_distance_m": 4.9, "original_speed": "2586", "wheel_diameter_mm": 711.0003997802734, "braking_intensity": 0.0, "is_braking": false, "is_crash": false, "crash_intensity_g": 0.0, "segment_start_sample": 44572, "segment_end_sample": 44582, "time_str": "09:07:37", "Speed_display": 18.6}}, {"type": "Feature", "geometry": {"type": "LineString", "coordinates": [[24.7385425084231, 59.438377984188804], [24.73846850331645, 59.438356530533966]]}, "properties": {"Speed": 16.6, "road_quality": 2, "marker": 7, "trip_id": "602D3_Trip1", "hrot_diff": 1, "sample_diff": 10, "time_diff_s": 0.242, "gps_distance_m": 4.8, "original_speed": "2564", "wheel_diameter_mm": 711.0003997802734, "braking_intensity": 0.0, "is_braking": false, "is_crash": false, "crash_intensity_g": 0.0, "segment_start_sample": 44621, "segment_end_sample": 44631, "time_str": "09:07:38", "Speed_display": 20.1}}, {"type": "Feature", "geometry": {"type": "LineString", "coordinates": [[24.738393693795565, 59.438326655567536], [24.738318490732627, 59.43829705886241]]}, "properties": {"Speed": 22.3, "road_quality": 2, "marker": 7, "trip_id": "602D3_Trip1", "hrot_diff": 1, "sample_diff": 10, "time_diff_s": 0.18, "gps_distance_m": 5.4, "original_speed": "2586", "wheel_diameter_mm": 711.0003997802734, "braking_intensity": 0.0, "is_braking": false, "is_crash": false, "crash_intensity_g": 0.0, "segment_start_sample": 44728, "segment_end_sample": 44738, "time_str": "09:07:40", "Speed_display": 20.1}}, {"type": "Feature", "geometry": {"type": "LineString", "coordinates": [[24.738318490732627, 59.43829705886241], [24.738248381727082, 59.438272556495114]]}, "properties": {"Speed": 16.8, "road_quality": 2, "marker": 7, "trip_id": "602D3_Trip1", "hrot_diff": 1, "sample_diff": 11, "time_diff_s": 0.24, "gps_distance_m": 4.8, "original_speed": "2521", "wheel_diameter_mm": 711.0003997802734, "braking_intensity": 0.0, "is_braking": false, "is_crash": false, "crash_intensity_g": 0.0, "segment_start_sample": 44777, "segment_end_sample": 44788, "time_str": "09:07:41", "Speed_display": 19.0}}, {"type": "Feature", "geometry": {"type": "LineString", "coordinates": [[24.738175462310448, 59.438245733269945], [24.738107545466118, 59.43821585335237]]}, "properties": {"Speed": 22.3, "road_quality": 2, "marker": 7, "trip_id": "602D3_Trip1", "hrot_diff": 1, "sample_diff": 10, "time_diff_s": 0.18, "gps_distance_m": 5.1, "original_speed": "2450", "wheel_diameter_mm": 711.0003997802734, "braking_intensity": 0.0, "is_braking": false, "is_crash": false, "crash_intensity_g": 0.0, "segment_start_sample": 44869, "segment_end_sample": 44879, "time_str": "09:07:43", "Speed_display": 20.1}}, {"type": "Feature", "geometry": {"type": "LineString", "coordinates": [[24.738107545466118, 59.43821585335237], [24.738036122715734, 59.43818360502759]]}, "properties": {"Speed": 16.8, "road_quality": 2, "marker": 7, "trip_id": "602D3_Trip1", "hrot_diff": 1, "sample_diff": 10, "time_diff_s": 0.24, "gps_distance_m": 5.4, "original_speed": "2380", "wheel_diameter_mm": 711.0003997802734, "braking_intensity": 0.0, "is_braking": false, "is_crash": false, "crash_intensity_g": 0.0, "segment_start_sample": 44923, "segment_end_sample": 44933, "time_str": "09:07:44", "Speed_display": 20.0}}, {"type": "Feature", "geometry": {"type": "LineString", "coordinates": [[24.738036122715734, 59.43818360502759], [24.737970362423425, 59.43815943592477]]}, "properties": {"Speed": 22.1, "road_quality": 2, "marker": 7, "trip_id": "602D3_Trip1", "hrot_diff": 1, "sample_diff": 13, "time_diff_s": 0.182, "gps_distance_m": 4.6, "original_speed": "2336", "wheel_diameter_mm": 711.0003997802734, "braking_intensity": 0.0, "is_braking": false, "is_crash": false, "crash_intensity_g": 0.0, "segment_start_sample": 44976, "segment_end_sample": 44989, "time_str": "09:07:45", "Speed_display": 20.0}}, {"type": "Feature", "geometry": {"type": "LineString", "coordinates": [[24.737970362423425, 59.43815943592477], [24.737915155411947, 59.43813294915615]]}, "properties": {"Speed": 22.1, "road_quality": 2, "marker": 7, "trip_id": "602D3_Trip1", "hrot_diff": 1, "sample_diff": 12, "time_diff_s": 0.182, "gps_distance_m": 4.3, "original_speed": "2212", "wheel_diameter_mm": 711.0003997802734, "braking_intensity": 0.0, "is_braking": false, "is_crash": false, "crash_intensity_g": 0.0, "segment_start_sample": 45023, "segment_end_sample": 45035, "time_str": "09:07:46", "Speed_display": 20.0}}, {"type": "Feature", "geometry": {"type": "LineString", "coordinates": [[24.737915155411947, 59.43813294915615], [24.737862341462876, 59.43810526176753]]}, "properties": {"Speed": 16.8, "road_quality": 2, "marker": 7, "trip_id": "602D3_Trip1", "hrot_diff": 1, "sample_diff": 10, "time_diff_s": 0.239, "gps_distance_m": 4.3, "original_speed": "2083", "wheel_diameter_mm": 711.0003997802734, "braking_intensity": 0.0, "is_braking": false, "is_crash": false, "crash_intensity_g": 0.0, "segment_start_sample": 45073, "segment_end_sample": 45083, "time_str": "09:07:47", "Speed_display": 21.2}}, {"type": "Feature", "geometry": {"type": "LineString", "coordinates": [[24.737862341462876, 59.43810526176753], [24.737804383573643, 59.43807767379291]]}, "properties": {"Speed": 22.3, "road_quality": 2, "marker": 7, "trip_id": "602D3_Trip1", "hrot_diff": 1, "sample_diff": 12, "time_diff_s": 0.18, "gps_distance_m": 4.5, "original_speed": "2118", "wheel_diameter_mm": 711.0003997802734, "braking_intensity": 0.0, "is_braking": false, "is_crash": false, "crash_intensity_g": 0.0, "segment_start_sample": 45117, "segment_end_sample": 45129, "time_str": "09:07:48", "Speed_display": 20.1}}, {"type": "Feature", "geometry": {"type": "LineString", "coordinates": [[24.737804383573643, 59.43807767379291], [24.73775389153222, 59.438054081211924]]}, "properties": {"Speed": 22.5, "road_quality": 2, "marker": 7, "trip_id": "602D3_Trip1", "hrot_diff": 1, "sample_diff": 12, "time_diff_s": 0.179, "gps_distance_m": 3.9, "original_speed": "2173", "wheel_diameter_mm": 711.0003997802734, "braking_intensity": 0.0, "is_braking": false, "is_crash": false, "crash_intensity_g": 0.0, "segment_start_sample": 45175, "segment_end_sample": 45187, "time_str": "09:07:49", "Speed_display": 20.1}}, {"type": "Feature", "geometry": {"type": "LineString", "coordinates": [[24.73775389153222, 59.438054081211924], [24.73770424012512, 59.438025824097224]]}, "properties": {"Speed": 16.8, "road_quality": 2, "marker": 7, "trip_id": "602D3_Trip1", "hrot_diff": 1, "sample_diff": 12, "time_diff_s": 0.239, "gps_distance_m": 4.2, "original_speed": "2192", "wheel_diameter_mm": 711.0003997802734, "braking_intensity": 0.0, "is_braking": false, "is_crash": false, "crash_intensity_g": 0.0, "segment_start_sample": 45220, "segment_end_sample": 45232, "time_str": "09:07:50", "Speed_display": 21.2}}, {"type": "Feature", "geometry": {"type": "LineString", "coordinates": [[24.73770424012512, 59.438025824097224], [24.737658067916154, 59.43799757017037]]}, "properties": {"Speed": 22.3, "road_quality": 2, "marker": 7, "trip_id": "602D3_Trip1", "hrot_diff": 1, "sample_diff": 12, "time_diff_s": 0.18, "gps_distance_m": 4.1, "original_speed": "2173", "wheel_diameter_mm": 711.0003997802734, "braking_intensity": 0.0, "is_braking": false, "is_crash": false, "crash_intensity_g": 0.0, "segment_start_sample": 45267, "segment_end_sample": 45279, "time_str": "09:07:51", "Speed_display": 20.1}}, {"type": "Feature", "geometry": {"type": "LineString", "coordinates": [[24.737658067916154, 59.43799757017037], [24.737597778398104, 59.43797224402386]]}, "properties": {"Speed": 22.3, "road_quality": 2, "marker": 7, "trip_id": "602D3_Trip1", "hrot_diff": 1, "sample_diff": 12, "time_diff_s": 0.18, "gps_distance_m": 4.4, "original_speed": "2155", "wheel_diameter_mm": 711.0003997802734, "braking_intensity": 0.0, "is_braking": false, "is_crash": false, "crash_intensity_g": 0.0, "segment_start_sample": 45325, "segment_end_sample": 45337, "time_str": "09:07:52", "Speed_display": 20.1}}, {"type": "Feature", "geometry": {"type": "LineString", "coordinates": [[24.737597778398104, 59.43797224402386], [24.737546338488862, 59.43794579674243]]}, "properties": {"Speed": 16.8, "road_quality": 2, "marker": 7, "trip_id": "602D3_Trip1", "hrot_diff": 1, "sample_diff": 12, "time_diff_s": 0.24, "gps_distance_m": 4.1, "original_speed": "2155", "wheel_diameter_mm": 711.0003997802734, "braking_intensity": 0.0, "is_braking": false, "is_crash": false, "crash_intensity_g": 0.0, "segment_start_sample": 45370, "segment_end_sample": 45382, "time_str": "09:07:53", "Speed_display": 21.1}}, {"type": "Feature", "geometry": {"type": "LineString", "coordinates": [[24.737546338488862, 59.43794579674243], [24.737487346385407, 59.437915588187956]]}, "properties": {"Speed": 22.3, "road_quality": 2, "marker": 7, "trip_id": "602D3_Trip1", "hrot_diff": 1, "sample_diff": 11, "time_diff_s": 0.18, "gps_distance_m": 4.7, "original_speed": "2155", "wheel_diameter_mm": 711.0003997802734, "braking_intensity": 0.0, "is_braking": false, "is_crash": false, "crash_intensity_g": 0.0, "segment_start_sample": 45428, "segment_end_sample": 45439, "time_str": "09:07:54", "Speed_display": 18.9}}, {"type": "Feature", "geometry": {"type": "LineString", "coordinates": [[24.737487346385407, 59.437915588187956], [24.73743955330911, 59.437887275189844]]}, "properties": {"Speed": 22.0, "road_quality": 2, "marker": 7, "trip_id": "602D3_Trip1", "hrot_diff": 1, "sample_diff": 11, "time_diff_s": 0.183, "gps_distance_m": 4.1, "original_speed": "2232", "wheel_diameter_mm": 711.0003997802734, "braking_intensity": 0.0, "is_braking": false, "is_crash": false, "crash_intensity_g": 0.0, "segment_start_sample": 45473, "segment_end_sample": 45484, "time_str": "09:07:55", "Speed_display": 18.9}}, {"type": "Feature", "geometry": {"type": "LineString", "coordinates": [[24.73743955330911, 59.437887275189844], [24.73739448671135, 59.43785262251943]]}, "properties": {"Speed": 11.3, "road_quality": 2, "marker": 7, "trip_id": "602D3_Trip1", "hrot_diff": 1, "sample_diff": 12, "time_diff_s": 0.356, "gps_distance_m": 4.6, "original_speed": "2155", "wheel_diameter_mm": 711.0003997802734, "braking_intensity": 0.0, "is_braking": false, "is_crash": false, "crash_intensity_g": 0.0, "segment_start_sample": 45519, "segment_end_sample": 45531, "time_str": "09:07:56", "Speed_display": 20.0}}, {"type": "Feature", "geometry": {"type": "LineString", "coordinates": [[24.73739448671135, 59.43785262251943], [24.737349690735027, 59.437824156888496]]}, "properties": {"Speed": 22.2, "road_quality": 2, "marker": 7, "trip_id": "602D3_Trip1", "hrot_diff": 1, "sample_diff": 12, "time_diff_s": 0.181, "gps_distance_m": 4.1, "original_speed": "2293", "wheel_diameter_mm": 711.0003997802734, "braking_intensity": 0.0, "is_braking": false, "is_crash": false, "crash_intensity_g": 0.0, "segment_start_sample": 45574, "segment_end_sample": 45586, "time_str": "09:07:57", "Speed_display": 17.5}}, {"type": "Feature", "geometry": {"type": "LineString", "coordinates": [[24.737349690735027, 59.437824156888496], [24.7373090013315, 59.437789271876234]]}, "properties": {"Speed": 22.3, "road_quality": 2, "marker": 7, "trip_id": "602D3_Trip1", "hrot_diff": 1, "sample_diff": 11, "time_diff_s": 0.18, "gps_distance_m": 4.5, "original_speed": "2136", "wheel_diameter_mm": 711.0003997802734, "braking_intensity": 0.0, "is_braking": false, "is_crash": false, "crash_intensity_g": 0.0, "segment_start_sample": 45621, "segment_end_sample": 45632, "time_str": "09:07:58", "Speed_display": 17.5}}, {"type": "Feature", "geometry": {"type": "LineString", "coordinates": [[24.7373090013315, 59.437789271876234], [24.737265789668964, 59.43776044067762]]}, "properties": {"Speed": 9.6, "road_quality": 2, "marker": 7, "trip_id": "602D3_Trip1", "hrot_diff": 1, "sample_diff": 11, "time_diff_s": 0.42, "gps_distance_m": 4.0, "original_speed": "2155", "wheel_diameter_mm": 711.0003997802734, "braking_intensity": 0.0, "is_braking": false, "is_crash": false, "crash_intensity_g": 0.0, "segment_start_sample": 45669, "segment_end_sample": 45680, "time_str": "09:07:59", "Speed_display": 18.6}}, {"type": "Feature", "geometry": {"type": "LineString", "coordinates": [[24.737265789668964, 59.43776044067762], [24.737227559600363, 59.43772967916918]]}, "properties": {"Speed": 22.2, "road_quality": 2, "marker": 7, "trip_id": "602D3_Trip1", "hrot_diff": 1, "sample_diff": 12, "time_diff_s": 0.181, "gps_distance_m": 4.0, "original_speed": "2049", "wheel_diameter_mm": 711.0003997802734, "braking_intensity": 0.0, "is_braking": false, "is_crash": false, "crash_intensity_g": 0.0, "segment_start_sample": 45717, "segment_end_sample": 45729, "time_str": "09:08:00", "Speed_display": 16.1}}, {"type": "Feature", "geometry": {"type": "LineString", "coordinates": [[24.737227559600363, 59.43772967916918], [24.73718789881775, 59.43769966670359]]}, "properties": {"Speed": 16.9, "road_quality": 2, "marker": 7, "trip_id": "602D3_Trip1", "hrot_diff": 1, "sample_diff": 14, "time_diff_s": 0.238, "gps_distance_m": 4.0, "original_speed": "2032", "wheel_diameter_mm": 711.0003997802734, "braking_intensity": 0.0, "is_braking": false, "is_crash": false, "crash_intensity_g": 0.0, "segment_start_sample": 45765, "segment_end_sample": 45779, "time_str": "09:08:01", "Speed_display": 13.6}}, {"type": "Feature", "geometry": {"type": "LineString", "coordinates": [[24.73718789881775, 59.43769966670359], [24.737144742891008, 59.43767245876785]]}, "properties": {"Speed": 9.6, "road_quality": 2, "marker": 7, "trip_id": "602D3_Trip1", "hrot_diff": 1, "sample_diff": 13, "time_diff_s": 0.42, "gps_distance_m": 3.9, "original_speed": "2016", "wheel_diameter_mm": 711.0003997802734, "braking_intensity": 0.0, "is_braking": false, "is_crash": false, "crash_intensity_g": 0.0, "segment_start_sample": 45828, "segment_end_sample": 45841, "time_str": "09:08:02", "Speed_display": 15.0}}, {"type": "Feature", "geometry": {"type": "LineString", "coordinates": [[24.737144742891008, 59.43767245876785], [24.73710705093672, 59.437637890142014]]}, "properties": {"Speed": 9.6, "road_quality": 2, "marker": 7, "trip_id": "602D3_Trip1", "hrot_diff": 1, "sample_diff": 14, "time_diff_s": 0.42, "gps_distance_m": 4.4, "original_speed": "2000", "wheel_diameter_mm": 711.0003997802734, "braking_intensity": 0.0, "is_braking": false, "is_crash": false, "crash_intensity_g": 0.0, "segment_start_sample": 45878, "segment_end_sample": 45892, "time_str": "09:08:03", "Speed_display": 12.5}}, {"type": "Feature", "geometry": {"type": "LineString", "coordinates": [[24.737076950019038, 59.43760799949816], [24.737039163221745, 59.437584019191995]]}, "properties": {"Speed": 16.8, "road_quality": 2, "marker": 7, "trip_id": "602D3_Trip1", "hrot_diff": 1, "sample_diff": 15, "time_diff_s": 0.239, "gps_distance_m": 3.4, "original_speed": "1834", "wheel_diameter_mm": 711.0003997802734, "braking_intensity": 0.0, "is_braking": false, "is_crash": false, "crash_intensity_g": 0.0, "segment_start_sample": 45971, "segment_end_sample": 45986, "time_str": "09:08:05", "Speed_display": 13.6}}, {"type": "Feature", "geometry": {"type": "LineString", "coordinates": [[24.737039163221745, 59.437584019191995], [24.73698981438867, 59.437564725710615]]}, "properties": {"Speed": 9.6, "road_quality": 2, "marker": 7, "trip_id": "602D3_Trip1", "hrot_diff": 1, "sample_diff": 14, "time_diff_s": 0.419, "gps_distance_m": 3.5, "original_speed": "1754", "wheel_diameter_mm": 711.0003997802734, "braking_intensity": 0.0, "is_braking": false, "is_crash": false, "crash_intensity_g": 0.0, "segment_start_sample": 46028, "segment_end_sample": 46042, "time_str": "09:08:06", "Speed_display": 15.0}}, {"type": "Feature", "geometry": {"type": "LineString", "coordinates": [[24.73698981438867, 59.437564725710615], [24.73694070739212, 59.43754997966293]]}, "properties": {"Speed": 22.3, "road_quality": 2, "marker": 7, "trip_id": "602D3_Trip1", "hrot_diff": 1, "sample_diff": 15, "time_diff_s": 0.18, "gps_distance_m": 3.2, "original_speed": "1680", "wheel_diameter_mm": 711.0003997802734, "braking_intensity": 0.0, "is_braking": false, "is_crash": false, "crash_intensity_g": 0.0, "segment_start_sample": 46074, "segment_end_sample": 46089, "time_str": "09:08:07", "Speed_display": 15.0}}, {"type": "Feature", "geometry": {"type": "LineString", "coordinates": [[24.73694070739212, 59.43754997966293], [24.736894665314303, 59.43754287973996]]}, "properties": {"Speed": 16.8, "road_quality": 2, "marker": 7, "trip_id": "602D3_Trip1", "hrot_diff": 1, "sample_diff": 18, "time_diff_s": 0.239, "gps_distance_m": 2.7, "original_speed": "1626", "wheel_diameter_mm": 711.0003997802734, "braking_intensity": 0.0, "is_braking": false, "is_crash": false, "crash_intensity_g": 0.0, "segment_start_sample": 46120, "segment_end_sample": 46138, "time_str": "09:08:08", "Speed_display": 13.0}}, {"type": "Feature", "geometry": {"type": "LineString", "coordinates": [[24.736894665314303, 59.43754287973996], [24.73685242704432, 59.437543235976555]]}, "properties": {"Speed": 9.6, "road_quality": 2, "marker": 7, "trip_id": "602D3_Trip1", "hrot_diff": 1, "sample_diff": 19, "time_diff_s": 0.42, "gps_distance_m": 2.4, "original_speed": "1376", "wheel_diameter_mm": 711.0003997802734, "braking_intensity": 0.0, "is_braking": false, "is_crash": false, "crash_intensity_g": 0.0, "segment_start_sample": 46177, "segment_end_sample": 46196, "time_str": "09:08:09", "Speed_display": 13.0}}, {"type": "Feature", "geometry": {"type": "LineString", "coordinates": [[24.73685242704432, 59.437543235976555], [24.73680822613364, 59.437547752871296]]}, "properties": {"Speed": 6.7, "road_quality": 2, "marker": 7, "trip_id": "602D3_Trip1", "hrot_diff": 1, "sample_diff": 25, "time_diff_s": 0.6, "gps_distance_m": 2.5, "original_speed": "1260", "wheel_diameter_mm": 711.0003997802734, "braking_intensity": 0.0, "is_braking": false, "is_crash": false, "crash_intensity_g": 0.0, "segment_start_sample": 46218, "segment_end_sample": 46243, "time_str": "09:08:10", "Speed_display": 10.5}}, {"type": "Feature", "geometry": {"type": "LineString", "coordinates": [[24.73680822613364, 59.437547752871296], [24.73677325851807, 59.43754515646621]]}, "properties": {"Speed": 9.6, "road_quality": 2, "marker": 7, "trip_id": "602D3_Trip1", "hrot_diff": 1, "sample_diff": 22, "time_diff_s": 0.42, "gps_distance_m": 2.0, "original_speed": "1119", "wheel_diameter_mm": 711.0003997802734, "braking_intensity": 0.0, "is_braking": false, "is_crash": false, "crash_intensity_g": 0.0, "segment_start_sample": 46264, "segment_end_sample": 46286, "time_str": "09:08:11", "Speed_display": 9.0}}, {"type": "Feature", "geometry": {"type": "LineString", "coordinates": [[24.73677325851807, 59.43754515646621], [24.736732824991364, 59.43754391338201]]}, "properties": {"Speed": 9.6, "road_quality": 2, "marker": 7, "trip_id": "602D3_Trip1", "hrot_diff": 1, "sample_diff": 20, "time_diff_s": 0.42, "gps_distance_m": 2.3, "original_speed": "1181", "wheel_diameter_mm": 711.0003997802734, "braking_intensity": 0.0, "is_braking": false, "is_crash": false, "crash_intensity_g": 0.0, "segment_start_sample": 46327, "segment_end_sample": 46347, "time_str": "09:08:12", "Speed_display": 9.0}}, {"type": "Feature", "geometry": {"type": "LineString", "coordinates": [[24.736732824991364, 59.43754391338201], [24.736685253932997, 59.437541222641464]]}, "properties": {"Speed": 9.6, "road_quality": 2, "marker": 7, "trip_id": "602D3_Trip1", "hrot_diff": 1, "sample_diff": 19, "time_diff_s": 0.417, "gps_distance_m": 2.7, "original_speed": "1260", "wheel_diameter_mm": 711.0003997802734, "braking_intensity": 0.0, "is_braking": false, "is_crash": false, "crash_intensity_g": 0.0, "segment_start_sample": 46365, "segment_end_sample": 46384, "time_str": "09:08:13", "Speed_display": 9.6}}, {"type": "Feature", "geometry": {"type": "LineString", "coordinates": [[24.736685253932997, 59.437541222641464], [24.736629647592554, 59.43754115648871]]}, "properties": {"Speed": 9.6, "road_quality": 2, "marker": 7, "trip_id": "602D3_Trip1", "hrot_diff": 1, "sample_diff": 16, "time_diff_s": 0.42, "gps_distance_m": 3.1, "original_speed": "1428", "wheel_diameter_mm": 711.0003997802734, "braking_intensity": 0.0, "is_braking": false, "is_crash": false, "crash_intensity_g": 0.0, "segment_start_sample": 46417, "segment_end_sample": 46433, "time_str": "09:08:14", "Speed_display": 12.2}}, {"type": "Feature", "geometry": {"type": "LineString", "coordinates": [[24.736629647592554, 59.43754115648871], [24.736563208056506, 59.43753802870303]]}, "properties": {"Speed": 9.6, "road_quality": 2, "marker": 7, "trip_id": "602D3_Trip1", "hrot_diff": 1, "sample_diff": 13, "time_diff_s": 0.418, "gps_distance_m": 3.8, "original_speed": "1626", "wheel_diameter_mm": 711.0003997802734, "braking_intensity": 0.0, "is_braking": false, "is_crash": false, "crash_intensity_g": 0.0, "segment_start_sample": 46478, "segment_end_sample": 46491, "time_str": "09:08:15", "Speed_display": 12.2}}, {"type": "Feature", "geometry": {"type": "LineString", "coordinates": [[24.736563208056506, 59.43753802870303], [24.736502173383613, 59.43753720848453]]}, "properties": {"Speed": 22.5, "road_quality": 2, "marker": 7, "trip_id": "602D3_Trip1", "hrot_diff": 1, "sample_diff": 14, "time_diff_s": 0.179, "gps_distance_m": 3.5, "original_speed": "1724", "wheel_diameter_mm": 711.0003997802734, "braking_intensity": 0.0, "is_braking": false, "is_crash": false, "crash_intensity_g": 0.0, "segment_start_sample": 46520, "segment_end_sample": 46534, "time_str": "09:08:16", "Speed_display": 12.5}}, {"type": "Feature", "geometry": {"type": "LineString", "coordinates": [[24.736502173383613, 59.43753720848453], [24.73643689288322, 59.43753805747756]]}, "properties": {"Speed": 9.6, "road_quality": 2, "marker": 7, "trip_id": "602D3_Trip1", "hrot_diff": 1, "sample_diff": 15, "time_diff_s": 0.419, "gps_distance_m": 3.7, "original_speed": "1818", "wheel_diameter_mm": 711.0003997802734, "braking_intensity": 0.0, "is_braking": false, "is_crash": false, "crash_intensity_g": 0.0, "segment_start_sample": 46575, "segment_end_sample": 46590, "time_str": "09:08:17", "Speed_display": 14.0}}, {"type": "Feature", "geometry": {"type": "LineString", "coordinates": [[24.73643689288322, 59.43753805747756], [24.736371479538086, 59.437540979044456]]}, "properties": {"Speed": 11.1, "road_quality": 2, "marker": 7, "trip_id": "602D3_Trip1", "hrot_diff": 1, "sample_diff": 13, "time_diff_s": 0.361, "gps_distance_m": 3.7, "original_speed": "1769", "wheel_diameter_mm": 711.0003997802734, "braking_intensity": 0.0, "is_braking": false, "is_crash": false, "crash_intensity_g": 0.0, "segment_start_sample": 46618, "segment_end_sample": 46631, "time_str": "09:08:18", "Speed_display": 14.0}}, {"type": "Feature", "geometry": {"type": "LineString", "coordinates": [[24.736371479538086, 59.437540979044456], [24.736311673530686, 59.437540488837534]]}, "properties": {"Speed": 17.0, "road_quality": 2, "marker": 7, "trip_id": "602D3_Trip1", "hrot_diff": 1, "sample_diff": 17, "time_diff_s": 0.237, "gps_distance_m": 3.4, "original_speed": "1724", "wheel_diameter_mm": 711.0003997802734, "braking_intensity": 0.0, "is_braking": false, "is_crash": false, "crash_intensity_g": 0.0, "segment_start_sample": 46662, "segment_end_sample": 46679, "time_str": "09:08:19", "Speed_display": 11.4}}, {"type": "Feature", "geometry": {"type": "LineString", "coordinates": [[24.736311673530686, 59.437540488837534], [24.73627312353323, 59.43753885807022]]}, "properties": {"Speed": 9.6, "road_quality": 2, "marker": 7, "trip_id": "602D3_Trip1", "hrot_diff": 1, "sample_diff": 19, "time_diff_s": 0.42, "gps_distance_m": 2.2, "original_speed": "1485", "wheel_diameter_mm": 711.0003997802734, "braking_intensity": 0.0, "is_braking": false, "is_crash": false, "crash_intensity_g": 0.0, "segment_start_sample": 46715, "segment_end_sample": 46734, "time_str": "09:08:20", "Speed_display": 11.4}}, {"type": "Feature", "geometry": {"type": "LineString", "coordinates": [[24.73627312353323, 59.43753885807022], [24.73622936325515, 59.43753802285584]]}, "properties": {"Speed": 9.5, "road_quality": 2, "marker": 7, "trip_id": "602D3_Trip1", "hrot_diff": 1, "sample_diff": 21, "time_diff_s": 0.422, "gps_distance_m": 2.5, "original_speed": "1315", "wheel_diameter_mm": 711.0003997802734, "braking_intensity": 0.0, "is_braking": false, "is_crash": false, "crash_intensity_g": 0.0, "segment_start_sample": 46772, "segment_end_sample": 46793, "time_str": "09:08:21", "Speed_display": 10.5}}, {"type": "Feature", "geometry": {"type": "LineString", "coordinates": [[24.73622936325515, 59.43753802285584], [24.736189094221242, 59.43754301971869]]}, "properties": {"Speed": 9.6, "road_quality": 2, "marker": 7, "trip_id": "602D3_Trip1", "hrot_diff": 1, "sample_diff": 22, "time_diff_s": 0.419, "gps_distance_m": 2.3, "original_speed": "1250", "wheel_diameter_mm": 711.0003997802734, "braking_intensity": 0.0, "is_braking": false, "is_crash": false, "crash_intensity_g": 0.0, "segment_start_sample": 46813, "segment_end_sample": 46835, "time_str": "09:08:22", "Speed_display": 9.0}}, {"type": "Feature", "geometry": {"type": "LineString", "coordinates": [[24.736189094221242, 59.43754301971869], [24.736155831951045, 59.43754779980608]]}, "properties": {"Speed": 6.7, "road_quality": 2, "marker": 7, "trip_id": "602D3_Trip1", "hrot_diff": 1, "sample_diff": 24, "time_diff_s": 0.6, "gps_distance_m": 2.0, "original_speed": "1181", "wheel_diameter_mm": 711.0003997802734, "braking_intensity": 0.0, "is_braking": false, "is_crash": false, "crash_intensity_g": 0.0, "segment_start_sample": 46857, "segment_end_sample": 46881, "time_str": "09:08:23", "Speed_display": 9.0}}, {"type": "Feature", "geometry": {"type": "LineString", "coordinates": [[24.736155831951045, 59.43754779980608], [24.736117204228638, 59.437549937927095]]}, "properties": {"Speed": 9.6, "road_quality": 2, "marker": 7, "trip_id": "602D3_Trip1", "hrot_diff": 1, "sample_diff": 20, "time_diff_s": 0.42, "gps_distance_m": 2.2, "original_speed": "1086", "wheel_diameter_mm": 711.0003997802734, "braking_intensity": 0.0, "is_braking": false, "is_crash": false, "crash_intensity_g": 0.0, "segment_start_sample": 46927, "segment_end_sample": 46947, "time_str": "09:08:24", "Speed_display": 11.5}}, {"type": "Feature", "geometry": {"type": "LineString", "coordinates": [[24.736117204228638, 59.437549937927095], [24.736073449771897, 59.43754648604697]]}, "properties": {"Speed": 9.6, "road_quality": 2, "marker": 7, "trip_id": "602D3_Trip1", "hrot_diff": 1, "sample_diff": 18, "time_diff_s": 0.419, "gps_distance_m": 2.5, "original_speed": "1162", "wheel_diameter_mm": 711.0003997802734, "braking_intensity": 0.0, "is_braking": false, "is_crash": false, "crash_intensity_g": 0.0, "segment_start_sample": 46966, "segment_end_sample": 46984, "time_str": "09:08:25", "Speed_display": 11.8}}, {"type": "Feature", "geometry": {"type": "LineString", "coordinates": [[24.736073449771897, 59.43754648604697], [24.73601711470184, 59.4375367796048]]}, "properties": {"Speed": 22.0, "road_quality": 2, "marker": 7, "trip_id": "602D3_Trip1", "hrot_diff": 1, "sample_diff": 15, "time_diff_s": 0.183, "gps_distance_m": 3.4, "original_speed": "1485", "wheel_diameter_mm": 711.0003997802734, "braking_intensity": 0.0, "is_braking": false, "is_crash": false, "crash_intensity_g": 0.0, "segment_start_sample": 47014, "segment_end_sample": 47029, "time_str": "09:08:26", "Speed_display": 14.3}}, {"type": "Feature", "geometry": {"type": "LineString", "coordinates": [[24.73601711470184, 59.4375367796048], [24.735958518215607, 59.43751928170592]]}, "properties": {"Speed": 11.2, "road_quality": 2, "marker": 7, "trip_id": "602D3_Trip1", "hrot_diff": 1, "sample_diff": 13, "time_diff_s": 0.359, "gps_distance_m": 3.8, "original_speed": "1834", "wheel_diameter_mm": 711.0003997802734, "braking_intensity": 0.0, "is_braking": false, "is_crash": false, "crash_intensity_g": 0.0, "segment_start_sample": 47068, "segment_end_sample": 47081, "time_str": "09:08:27", "Speed_display": 15.7}}, {"type": "Feature", "geometry": {"type": "LineString", "coordinates": [[24.735958518215607, 59.43751928170592], [24.735906001631218, 59.43749282351356]]}, "properties": {"Speed": 19.1, "road_quality": 2, "marker": 7, "trip_id": "602D3_Trip1", "hrot_diff": 1, "sample_diff": 13, "time_diff_s": 0.21, "gps_distance_m": 4.2, "original_speed": "2016", "wheel_diameter_mm": 711.0003997802734, "braking_intensity": 0.0, "is_braking": false, "is_crash": false, "crash_intensity_g": 0.0, "segment_start_sample": 47116, "segment_end_sample": 47129, "time_str": "09:08:28", "Speed_display": 18.3}}, {"type": "Feature", "geometry": {"type": "LineString", "coordinates": [[24.735906001631218, 59.43749282351356], [24.735854988698257, 59.437457294991866]]}, "properties": {"Speed": 16.8, "road_quality": 2, "marker": 7, "trip_id": "602D3_Trip1", "hrot_diff": 1, "sample_diff": 10, "time_diff_s": 0.239, "gps_distance_m": 4.9, "original_speed": "2083", "wheel_diameter_mm": 711.0003997802734, "braking_intensity": 0.0, "is_braking": false, "is_crash": false, "crash_intensity_g": 0.0, "segment_start_sample": 47176, "segment_end_sample": 47186, "time_str": "09:08:29", "Speed_display": 18.3}}, {"type": "Feature", "geometry": {"type": "LineString", "coordinates": [[24.735854988698257, 59.437457294991866], [24.735815430921654, 59.43742728890161]]}, "properties": {"Speed": 22.2, "road_quality": 2, "marker": 7, "trip_id": "602D3_Trip1", "hrot_diff": 1, "sample_diff": 13, "time_diff_s": 0.181, "gps_distance_m": 4.0, "original_speed": "2100", "wheel_diameter_mm": 711.0003997802734, "braking_intensity": 0.0, "is_braking": false, "is_crash": false, "crash_intensity_g": 0.0, "segment_start_sample": 47224, "segment_end_sample": 47237, "time_str": "09:08:30", "Speed_display": 19.4}}, {"type": "Feature", "geometry": {"type": "LineString", "coordinates": [[24.735815430921654, 59.43742728890161], [24.735779503815547, 59.43740242675449]]}, "properties": {"Speed": 22.3, "road_quality": 2, "marker": 7, "trip_id": "602D3_Trip1", "hrot_diff": 1, "sample_diff": 13, "time_diff_s": 0.18, "gps_distance_m": 3.4, "original_speed": "1960", "wheel_diameter_mm": 711.0003997802734, "braking_intensity": 0.0, "is_braking": false, "is_crash": false, "crash_intensity_g": 0.0, "segment_start_sample": 47276, "segment_end_sample": 47289, "time_str": "09:08:31", "Speed_display": 17.5}}, {"type": "Feature", "geometry": {"type": "LineString", "coordinates": [[24.735779503815547, 59.43740242675449], [24.735739475494807, 59.437378495679546]]}, "properties": {"Speed": 16.8, "road_quality": 2, "marker": 7, "trip_id": "602D3_Trip1", "hrot_diff": 1, "sample_diff": 12, "time_diff_s": 0.24, "gps_distance_m": 3.5, "original_speed": "1801", "wheel_diameter_mm": 711.0003997802734, "braking_intensity": 0.0, "is_braking": false, "is_crash": false, "crash_intensity_g": 0.0, "segment_start_sample": 47320, "segment_end_sample": 47332, "time_str": "09:08:32", "Speed_display": 17.5}}, {"type": "Feature", "geometry": {"type": "LineString", "coordinates": [[24.735739475494807, 59.437378495679546], [24.73570909898995, 59.43735455785232]]}, "properties": {"Speed": 9.6, "road_quality": 2, "marker": 7, "trip_id": "602D3_Trip1", "hrot_diff": 1, "sample_diff": 17, "time_diff_s": 0.42, "gps_distance_m": 3.2, "original_speed": "1709", "wheel_diameter_mm": 711.0003997802734, "braking_intensity": 0.0, "is_braking": false, "is_crash": false, "crash_intensity_g": 0.0, "segment_start_sample": 47378, "segment_end_sample": 47395, "time_str": "09:08:33", "Speed_display": 17.5}}, {"type": "Feature", "geometry": {"type": "LineString", "coordinates": [[24.73570909898995, 59.43735455785232], [24.735686250592963, 59.437328442632094]]}, "properties": {"Speed": 16.8, "road_quality": 2, "marker": 7, "trip_id": "602D3_Trip1", "hrot_diff": 1, "sample_diff": 17, "time_diff_s": 0.24, "gps_distance_m": 3.2, "original_speed": "1587", "wheel_diameter_mm": 711.0003997802734, "braking_intensity": 0.0, "is_braking": false, "is_crash": false, "crash_intensity_g": 0.0, "segment_start_sample": 47412, "segment_end_sample": 47429, "time_str": "09:08:34", "Speed_display": 15.3}}, {"type": "Feature", "geometry": {"type": "LineString", "coordinates": [[24.735686250592963, 59.437328442632094], [24.735669291344145, 59.43730778368307]]}, "properties": {"Speed": 22.0, "road_quality": 2, "marker": 7, "trip_id": "602D3_Trip1", "hrot_diff": 1, "sample_diff": 16, "time_diff_s": 0.183, "gps_distance_m": 2.5, "original_speed": "1500", "wheel_diameter_mm": 711.0003997802734, "braking_intensity": 0.0, "is_braking": false, "is_crash": false, "crash_intensity_g": 0.0, "segment_start_sample": 47463, "segment_end_sample": 47479, "time_str": "09:08:35", "Speed_display": 14.1}}, {"type": "Feature", "geometry": {"type": "LineString", "coordinates": [[24.735669291344145, 59.43730778368307], [24.73565230165316, 59.43728624844524]]}, "properties": {"Speed": 11.2, "road_quality": 2, "marker": 7, "trip_id": "602D3_Trip1", "hrot_diff": 1, "sample_diff": 22, "time_diff_s": 0.36, "gps_distance_m": 2.6, "original_speed": "1376", "wheel_diameter_mm": 711.0003997802734, "braking_intensity": 0.0, "is_braking": false, "is_crash": false, "crash_intensity_g": 0.0, "segment_start_sample": 47516, "segment_end_sample": 47538, "time_str": "09:08:36", "Speed_display": 13.7}}, {"type": "Feature", "geometry": {"type": "LineString", "coordinates": [[24.73565230165316, 59.43728624844524], [24.735640553813393, 59.437265882467734]]}, "properties": {"Speed": 11.1, "road_quality": 2, "marker": 7, "trip_id": "602D3_Trip1", "hrot_diff": 1, "sample_diff": 22, "time_diff_s": 0.361, "gps_distance_m": 2.4, "original_speed": "1271", "wheel_diameter_mm": 711.0003997802734, "braking_intensity": 0.0, "is_braking": false, "is_crash": false, "crash_intensity_g": 0.0, "segment_start_sample": 47577, "segment_end_sample": 47599, "time_str": "09:08:37", "Speed_display": 11.7}}, {"type": "Feature", "geometry": {"type": "LineString", "coordinates": [[24.735640553813393, 59.437265882467734], [24.73562758148295, 59.437248447300156]]}, "properties": {"Speed": 7.4, "road_quality": 2, "marker": 7, "trip_id": "602D3_Trip1", "hrot_diff": 1, "sample_diff": 26, "time_diff_s": 0.541, "gps_distance_m": 2.1, "original_speed": "1171", "wheel_diameter_mm": 711.0003997802734, "braking_intensity": 0.0, "is_braking": false, "is_crash": false, "crash_intensity_g": 0.0, "segment_start_sample": 47624, "segment_end_sample": 47650, "time_str": "09:08:38", "Speed_display": 8.3}}, {"type": "Feature", "geometry": {"type": "LineString", "coordinates": [[24.73562758148295, 59.437248447300156], [24.73561621508662, 59.43723379139757]]}, "properties": {"Speed": 6.7, "road_quality": 2, "marker": 7, "trip_id": "602D3_Trip1", "hrot_diff": 1, "sample_diff": 29, "time_diff_s": 0.601, "gps_distance_m": 1.8, "original_speed": "952", "wheel_diameter_mm": 711.0003997802734, "braking_intensity": 0.0, "is_braking": false, "is_crash": false, "crash_intensity_g": 0.0, "segment_start_sample": 47678, "segment_end_sample": 47707, "time_str": "09:08:39", "Speed_display": 7.4}}, {"type": "Feature", "geometry": {"type": "LineString", "coordinates": [[24.73561621508662, 59.43723379139757], [24.73560152853075, 59.43722184508607]]}, "properties": {"Speed": 5.2, "road_quality": 2, "marker": 7, "trip_id": "602D3_Trip1", "hrot_diff": 1, "sample_diff": 34, "time_diff_s": 0.78, "gps_distance_m": 1.6, "original_speed": "900", "wheel_diameter_mm": 711.0003997802734, "braking_intensity": 0.0, "is_braking": false, "is_crash": false, "crash_intensity_g": 0.0, "segment_start_sample": 47707, "segment_end_sample": 47741, "time_str": "09:08:40", "Speed_display": 6.4}}, {"type": "Feature", "geometry": {"type": "LineString", "coordinates": [[24.73560152853075, 59.43722184508607], [24.735588671501823, 59.43721056057312]]}, "properties": {"Speed": 6.7, "road_quality": 2, "marker": 7, "trip_id": "602D3_Trip1", "hrot_diff": 1, "sample_diff": 28, "time_diff_s": 0.597, "gps_distance_m": 1.5, "original_speed": "769", "wheel_diameter_mm": 711.0003997802734, "braking_intensity": 0.0, "is_braking": false, "is_crash": false, "crash_intensity_g": 0.0, "segment_start_sample": 47774, "segment_end_sample": 47802, "time_str": "09:08:41", "Speed_display": 6.3}}, {"type": "Feature", "geometry": {"type": "LineString", "coordinates": [[24.735588671501823, 59.43721056057312], [24.735576540801436, 59.437197995000126]]}, "properties": {"Speed": 6.1, "road_quality": 2, "marker": 7, "trip_id": "602D3_Trip1", "hrot_diff": 1, "sample_diff": 37, "time_diff_s": 0.658, "gps_distance_m": 1.6, "original_speed": "781", "wheel_diameter_mm": 711.0003997802734, "braking_intensity": 0.0, "is_braking": false, "is_crash": false, "crash_intensity_g": 0.0, "segment_start_sample": 47802, "segment_end_sample": 47839, "time_str": "09:08:42", "Speed_display": 6.3}}, {"type": "Feature", "geometry": {"type": "LineString", "coordinates": [[24.735576540801436, 59.437197995000126], [24.73556724834675, 59.43718727161601]]}, "properties": {"Speed": 6.7, "road_quality": 2, "marker": 7, "trip_id": "602D3_Trip1", "hrot_diff": 1, "sample_diff": 36, "time_diff_s": 0.6, "gps_distance_m": 1.3, "original_speed": "746", "wheel_diameter_mm": 711.0003997802734, "braking_intensity": 0.0, "is_braking": false, "is_crash": false, "crash_intensity_g": 0.0, "segment_start_sample": 47871, "segment_end_sample": 47907, "time_str": "09:08:43", "Speed_display": 6.5}}, {"type": "Feature", "geometry": {"type": "LineString", "coordinates": [[24.73556724834675, 59.43718727161601], [24.735554500444422, 59.43717124202725]]}, "properties": {"Speed": 6.7, "road_quality": 2, "marker": 7, "trip_id": "602D3_Trip1", "hrot_diff": 1, "sample_diff": 23, "time_diff_s": 0.6, "gps_distance_m": 1.9, "original_speed": "729", "wheel_diameter_mm": 711.0003997802734, "braking_intensity": 0.0, "is_braking": false, "is_crash": false, "crash_intensity_g": 0.0, "segment_start_sample": 47907, "segment_end_sample": 47930, "time_str": "09:08:44", "Speed_display": 7.1}}, {"type": "Feature", "geometry": {"type": "LineString", "coordinates": [[24.735554500444422, 59.43717124202725], [24.73553905984516, 59.43715605089503]]}, "properties": {"Speed": 6.1, "road_quality": 2, "marker": 7, "trip_id": "602D3_Trip1", "hrot_diff": 1, "sample_diff": 24, "time_diff_s": 0.659, "gps_distance_m": 1.9, "original_speed": "900", "wheel_diameter_mm": 711.0003997802734, "braking_intensity": 0.0, "is_braking": false, "is_crash": false, "crash_intensity_g": 0.0, "segment_start_sample": 47959, "segment_end_sample": 47983, "time_str": "09:08:45", "Speed_display": 7.8}}, {"type": "Feature", "geometry": {"type": "LineString", "coordinates": [[24.73553905984516, 59.43715605089503], [24.73553096940451, 59.43713637725311]]}, "properties": {"Speed": 9.7, "road_quality": 2, "marker": 7, "trip_id": "602D3_Trip1", "hrot_diff": 1, "sample_diff": 20, "time_diff_s": 0.414, "gps_distance_m": 2.2, "original_speed": "952", "wheel_diameter_mm": 711.0003997802734, "braking_intensity": 0.0, "is_braking": false, "is_crash": false, "crash_intensity_g": 0.0, "segment_start_sample": 48011, "segment_end_sample": 48031, "time_str": "09:08:46", "Speed_display": 8.3}}, {"type": "Feature", "geometry": {"type": "LineString", "coordinates": [[24.73553096940451, 59.43713637725311], [24.735529504952986, 59.43712303055596]]}, "properties": {"Speed": 9.6, "road_quality": 2, "marker": 7, "trip_id": "602D3_Trip1", "hrot_diff": 1, "sample_diff": 17, "time_diff_s": 0.42, "gps_distance_m": 1.5, "original_speed": "1119", "wheel_diameter_mm": 711.0003997802734, "braking_intensity": 0.0, "is_braking": false, "is_crash": false, "crash_intensity_g": 0.0, "segment_start_sample": 48074, "segment_end_sample": 48091, "time_str": "09:08:47", "Speed_display": 10.4}}, {"type": "Feature", "geometry": {"type": "LineString", "coordinates": [[24.735529504952986, 59.43712303055596], [24.73552370208821, 59.437099018485256]]}, "properties": {"Speed": 9.6, "road_quality": 2, "marker": 7, "trip_id": "602D3_Trip1", "hrot_diff": 1, "sample_diff": 17, "time_diff_s": 0.419, "gps_distance_m": 2.7, "original_speed": "1351", "wheel_diameter_mm": 711.0003997802734, "braking_intensity": 0.0, "is_braking": false, "is_crash": false, "crash_intensity_g": 0.0, "segment_start_sample": 48128, "segment_end_sample": 48145, "time_str": "09:08:48", "Speed_display": 11.1}}, {"type": "Feature", "geometry": {"type": "LineString", "coordinates": [[24.73552370208821, 59.437099018485256], [24.735519325665003, 59.437080784044795]]}, "properties": {"Speed": 16.8, "road_quality": 2, "marker": 7, "trip_id": "602D3_Trip1", "hrot_diff": 1, "sample_diff": 17, "time_diff_s": 0.24, "gps_distance_m": 2.0, "original_speed": "1428", "wheel_diameter_mm": 711.0003997802734, "braking_intensity": 0.0, "is_braking": false, "is_crash": false, "crash_intensity_g": 0.0, "segment_start_sample": 48162, "segment_end_sample": 48179, "time_str": "09:08:49", "Speed_display": 11.4}}, {"type": "Feature", "geometry": {"type": "LineString", "coordinates": [[24.735519325665003, 59.437080784044795], [24.735517361146012, 59.437057388719325]]}, "properties": {"Speed": 9.6, "road_quality": 2, "marker": 7, "trip_id": "602D3_Trip1", "hrot_diff": 1, "sample_diff": 15, "time_diff_s": 0.421, "gps_distance_m": 2.6, "original_speed": "1574", "wheel_diameter_mm": 711.0003997802734, "braking_intensity": 0.0, "is_braking": false, "is_crash": false, "crash_intensity_g": 0.0, "segment_start_sample": 48225, "segment_end_sample": 48240, "time_str": "09:08:50", "Speed_display": 11.7}}, {"type": "Feature", "geometry": {"type": "LineString", "coordinates": [[24.735517361146012, 59.437057388719325], [24.735505556512127, 59.43702913250668]]}, "properties": {"Speed": 11.2, "road_quality": 2, "marker": 7, "trip_id": "602D3_Trip1", "hrot_diff": 1, "sample_diff": 14, "time_diff_s": 0.36, "gps_distance_m": 3.2, "original_speed": "1626", "wheel_diameter_mm": 711.0003997802734, "braking_intensity": 0.0, "is_braking": false, "is_crash": false, "crash_intensity_g": 0.0, "segment_start_sample": 48269, "segment_end_sample": 48283, "time_str": "09:08:51", "Speed_display": 11.7}}, {"type": "Feature", "geometry": {"type": "LineString", "coordinates": [[24.735505556512127, 59.43702913250668], [24.73548858252367, 59.4369972110604]]}, "properties": {"Speed": 11.2, "road_quality": 2, "marker": 7, "trip_id": "602D3_Trip1", "hrot_diff": 1, "sample_diff": 14, "time_diff_s": 0.36, "gps_distance_m": 3.7, "original_speed": "1769", "wheel_diameter_mm": 711.0003997802734, "braking_intensity": 0.0, "is_braking": false, "is_crash": false, "crash_intensity_g": 0.0, "segment_start_sample": 48327, "segment_end_sample": 48341, "time_str": "09:08:52", "Speed_display": 12.8}}, {"type": "Feature", "geometry": {"type": "LineString", "coordinates": [[24.73548858252367, 59.4369972110604], [24.7354741008911, 59.436969995260576]]}, "properties": {"Speed": 9.6, "road_quality": 2, "marker": 7, "trip_id": "602D3_Trip1", "hrot_diff": 1, "sample_diff": 14, "time_diff_s": 0.419, "gps_distance_m": 3.1, "original_speed": "1769", "wheel_diameter_mm": 711.0003997802734, "braking_intensity": 0.0, "is_braking": false, "is_crash": false, "crash_intensity_g": 0.0, "segment_start_sample": 48368, "segment_end_sample": 48382, "time_str": "09:08:53", "Speed_display": 13.1}}, {"type": "Feature", "geometry": {"type": "LineString", "coordinates": [[24.7354741008911, 59.436969995260576], [24.7354630922956, 59.436944663751426]]}, "properties": {"Speed": 22.5, "road_quality": 2, "marker": 7, "trip_id": "602D3_Trip1", "hrot_diff": 1, "sample_diff": 13, "time_diff_s": 0.179, "gps_distance_m": 2.9, "original_speed": "1818", "wheel_diameter_mm": 711.0003997802734, "braking_intensity": 0.0, "is_braking": false, "is_crash": false, "crash_intensity_g": 0.0, "segment_start_sample": 48423, "segment_end_sample": 48436, "time_str": "09:08:54", "Speed_display": 15.4}}, {"type": "Feature", "geometry": {"type": "LineString", "coordinates": [[24.7354630922956, 59.436944663751426], [24.73545248723408, 59.43692064233991]]}, "properties": {"Speed": 11.2, "road_quality": 2, "marker": 7, "trip_id": "602D3_Trip1", "hrot_diff": 1, "sample_diff": 12, "time_diff_s": 0.36, "gps_distance_m": 2.7, "original_speed": "1834", "wheel_diameter_mm": 711.0003997802734, "braking_intensity": 0.0, "is_braking": false, "is_crash": false, "crash_intensity_g": 0.0, "segment_start_sample": 48478, "segment_end_sample": 48490, "time_str": "09:08:55", "Speed_display": 15.4}}, {"type": "Feature", "geometry": {"type": "LineString", "coordinates": [[24.73545248723408, 59.43692064233991], [24.735425389361573, 59.436884572148365]]}, "properties": {"Speed": 22.3, "road_quality": 2, "marker": 7, "trip_id": "602D3_Trip1", "hrot_diff": 1, "sample_diff": 12, "time_diff_s": 0.18, "gps_distance_m": 4.3, "original_speed": "1851", "wheel_diameter_mm": 711.0003997802734, "braking_intensity": 0.0, "is_braking": false, "is_crash": false, "crash_intensity_g": 0.0, "segment_start_sample": 48517, "segment_end_sample": 48529, "time_str": "09:08:56", "Speed_display": 17.9}}, {"type": "Feature", "geometry": {"type": "LineString", "coordinates": [[24.735425389361573, 59.436884572148365], [24.735398250246785, 59.436846564621334]]}, "properties": {"Speed": 11.2, "road_quality": 2, "marker": 7, "trip_id": "602D3_Trip1", "hrot_diff": 1, "sample_diff": 14, "time_diff_s": 0.36, "gps_distance_m": 4.5, "original_speed": "1941", "wheel_diameter_mm": 711.0003997802734, "braking_intensity": 0.0, "is_braking": false, "is_crash": false, "crash_intensity_g": 0.0, "segment_start_sample": 48569, "segment_end_sample": 48583, "time_str": "09:08:57", "Speed_display": 16.7}}, {"type": "Feature", "geometry": {"type": "LineString", "coordinates": [[24.735398250246785, 59.436846564621334], [24.73538278015226, 59.4368184872621]]}, "properties": {"Speed": 22.2, "road_quality": 2, "marker": 7, "trip_id": "602D3_Trip1", "hrot_diff": 1, "sample_diff": 11, "time_diff_s": 0.181, "gps_distance_m": 3.2, "original_speed": "1904", "wheel_diameter_mm": 711.0003997802734, "braking_intensity": 0.0, "is_braking": false, "is_crash": false, "crash_intensity_g": 0.0, "segment_start_sample": 48621, "segment_end_sample": 48632, "time_str": "09:08:58", "Speed_display": 16.7}}, {"type": "Feature", "geometry": {"type": "LineString", "coordinates": [[24.73538278015226, 59.4368184872621], [24.73536413067182, 59.43678007795524]]}, "properties": {"Speed": 16.8, "road_quality": 2, "marker": 7, "trip_id": "602D3_Trip1", "hrot_diff": 1, "sample_diff": 11, "time_diff_s": 0.239, "gps_distance_m": 4.4, "original_speed": "2000", "wheel_diameter_mm": 711.0003997802734, "braking_intensity": 0.0, "is_braking": false, "is_crash": false, "crash_intensity_g": 0.0, "segment_start_sample": 48670, "segment_end_sample": 48681, "time_str": "09:08:59", "Speed_display": 14.2}}, {"type": "Feature", "geometry": {"type": "LineString", "coordinates": [[24.73536413067182, 59.43678007795524], [24.73534512268406, 59.43674197444186]]}, "properties": {"Speed": 11.2, "road_quality": 2, "marker": 7, "trip_id": "602D3_Trip1", "hrot_diff": 1, "sample_diff": 13, "time_diff_s": 0.359, "gps_distance_m": 4.4, "original_speed": "2049", "wheel_diameter_mm": 711.0003997802734, "braking_intensity": 0.0, "is_braking": false, "is_crash": false, "crash_intensity_g": 0.0, "segment_start_sample": 48719, "segment_end_sample": 48732, "time_str": "09:09:00", "Speed_display": 13.9}}, {"type": "Feature", "geometry": {"type": "LineString", "coordinates": [[24.73534512268406, 59.43674197444186], [24.7353172774713, 59.43670959469487]]}, "properties": {"Speed": 9.6, "road_quality": 2, "marker": 7, "trip_id": "602D3_Trip1", "hrot_diff": 1, "sample_diff": 14, "time_diff_s": 0.418, "gps_distance_m": 3.9, "original_speed": "2032", "wheel_diameter_mm": 711.0003997802734, "braking_intensity": 0.0, "is_braking": false, "is_crash": false, "crash_intensity_g": 0.0, "segment_start_sample": 48768, "segment_end_sample": 48782, "time_str": "09:09:01", "Speed_display": 12.8}}, {"type": "Feature", "geometry": {"type": "LineString", "coordinates": [[24.7353172774713, 59.43670959469487], [24.735294689192482, 59.436674384488676]]}, "properties": {"Speed": 9.6, "road_quality": 2, "marker": 7, "trip_id": "602D3_Trip1", "hrot_diff": 1, "sample_diff": 13, "time_diff_s": 0.42, "gps_distance_m": 4.1, "original_speed": "1980", "wheel_diameter_mm": 711.0003997802734, "braking_intensity": 0.0, "is_braking": false, "is_crash": false, "crash_intensity_g": 0.0, "segment_start_sample": 48819, "segment_end_sample": 48832, "time_str": "09:09:02", "Speed_display": 13.9}}, {"type": "Feature", "geometry": {"type": "LineString", "coordinates": [[24.735294689192482, 59.436674384488676], [24.735271178331615, 59.4366417098658]]}, "properties": {"Speed": 16.8, "road_quality": 2, "marker": 7, "trip_id": "602D3_Trip1", "hrot_diff": 1, "sample_diff": 13, "time_diff_s": 0.24, "gps_distance_m": 3.9, "original_speed": "1941", "wheel_diameter_mm": 711.0003997802734, "braking_intensity": 0.0, "is_braking": false, "is_crash": false, "crash_intensity_g": 0.0, "segment_start_sample": 48870, "segment_end_sample": 48883, "time_str": "09:09:03", "Speed_display": 15.0}}, {"type": "Feature", "geometry": {"type": "LineString", "coordinates": [[24.735271178331615, 59.4366417098658], [24.735255861831984, 59.4366106204218]]}, "properties": {"Speed": 22.3, "road_quality": 2, "marker": 7, "trip_id": "602D3_Trip1", "hrot_diff": 1, "sample_diff": 12, "time_diff_s": 0.18, "gps_distance_m": 3.6, "original_speed": "1980", "wheel_diameter_mm": 711.0003997802734, "braking_intensity": 0.0, "is_braking": false, "is_crash": false, "crash_intensity_g": 0.0, "segment_start_sample": 48921, "segment_end_sample": 48933, "time_str": "09:09:04", "Speed_display": 15.3}}, {"type": "Feature", "geometry": {"type": "LineString", "coordinates": [[24.735255861831984, 59.4366106204218], [24.735239976079107, 59.436574087586095]]}, "properties": {"Speed": 16.8, "road_quality": 2, "marker": 7, "trip_id": "602D3_Trip1", "hrot_diff": 1, "sample_diff": 11, "time_diff_s": 0.239, "gps_distance_m": 4.2, "original_speed": "2016", "wheel_diameter_mm": 711.0003997802734, "braking_intensity": 0.0, "is_braking": false, "is_crash": false, "crash_intensity_g": 0.0, "segment_start_sample": 48971, "segment_end_sample": 48982, "time_str": "09:09:05", "Speed_display": 17.9}}, {"type": "Feature", "geometry": {"type": "LineString", "coordinates": [[24.735239976079107, 59.436574087586095], [24.73520746541189, 59.436541627883074]]}, "properties": {"Speed": 11.2, "road_quality": 2, "marker": 7, "trip_id": "602D3_Trip1", "hrot_diff": 1, "sample_diff": 12, "time_diff_s": 0.359, "gps_distance_m": 4.1, "original_speed": "1960", "wheel_diameter_mm": 711.0003997802734, "braking_intensity": 0.0, "is_braking": false, "is_crash": false, "crash_intensity_g": 0.0, "segment_start_sample": 49010, "segment_end_sample": 49022, "time_str": "09:09:06", "Speed_display": 16.5}}, {"type": "Feature", "geometry": {"type": "LineString", "coordinates": [[24.73520746541189, 59.436541627883074], [24.735186326884556, 59.436510591044204]]}, "properties": {"Speed": 22.5, "road_quality": 2, "marker": 7, "trip_id": "602D3_Trip1", "hrot_diff": 1, "sample_diff": 13, "time_diff_s": 0.179, "gps_distance_m": 3.7, "original_speed": "1869", "wheel_diameter_mm": 711.0003997802734, "braking_intensity": 0.0, "is_braking": false, "is_crash": false, "crash_intensity_g": 0.0, "segment_start_sample": 49076, "segment_end_sample": 49089, "time_str": "09:09:07", "Speed_display": 13.9}}, {"type": "Feature", "geometry": {"type": "LineString", "coordinates": [[24.735186326884556, 59.436510591044204], [24.735171786833348, 59.436473759043245]]}, "properties": {"Speed": 9.6, "road_quality": 2, "marker": 7, "trip_id": "602D3_Trip1", "hrot_diff": 1, "sample_diff": 16, "time_diff_s": 0.417, "gps_distance_m": 4.2, "original_speed": "1886", "wheel_diameter_mm": 711.0003997802734, "braking_intensity": 0.0, "is_braking": false, "is_crash": false, "crash_intensity_g": 0.0, "segment_start_sample": 49115, "segment_end_sample": 49131, "time_str": "09:09:08", "Speed_display": 12.3}}, {"type": "Feature", "geometry": {"type": "LineString", "coordinates": [[24.73514903737035, 59.43643790904471], [24.73511797238027, 59.436406240756114]]}, "properties": {"Speed": 9.6, "road_quality": 2, "marker": 7, "trip_id": "602D3_Trip1", "hrot_diff": 1, "sample_diff": 14, "time_diff_s": 0.419, "gps_distance_m": 3.9, "original_speed": "2016", "wheel_diameter_mm": 711.0003997802734, "braking_intensity": 0.0, "is_braking": false, "is_crash": false, "crash_intensity_g": 0.0, "segment_start_sample": 49216, "segment_end_sample": 49230, "time_str": "09:09:10", "Speed_display": 11.9}}, {"type": "Feature", "geometry": {"type": "LineString", "coordinates": [[24.73511797238027, 59.436406240756114], [24.735089384450013, 59.436370456890195]]}, "properties": {"Speed": 8.4, "road_quality": 2, "marker": 7, "trip_id": "602D3_Trip1", "hrot_diff": 1, "sample_diff": 12, "time_diff_s": 0.48, "gps_distance_m": 4.3, "original_speed": "2049", "wheel_diameter_mm": 711.0003997802734, "braking_intensity": 0.0, "is_braking": false, "is_crash": false, "crash_intensity_g": 0.0, "segment_start_sample": 49278, "segment_end_sample": 49290, "time_str": "09:09:11", "Speed_display": 9.4}}, {"type": "Feature", "geometry": {"type": "LineString", "coordinates": [[24.735089384450013, 59.436370456890195], [24.735049910622372, 59.43634665049843]]}, "properties": {"Speed": 9.6, "road_quality": 2, "marker": 7, "trip_id": "602D3_Trip1", "hrot_diff": 1, "sample_diff": 14, "time_diff_s": 0.42, "gps_distance_m": 3.5, "original_speed": "2118", "wheel_diameter_mm": 711.0003997802734, "braking_intensity": 0.0, "is_braking": false, "is_crash": false, "crash_intensity_g": 0.0, "segment_start_sample": 49326, "segment_end_sample": 49340, "time_str": "09:09:12", "Speed_display": 10.8}}, {"type": "Feature", "geometry": {"type": "LineString", "coordinates": [[24.735049910622372, 59.43634665049843], [24.734972689532125, 59.43632862764682]]}, "properties": {"Speed": 9.6, "road_quality": 2, "marker": 7, "trip_id": "602D3_Trip1", "hrot_diff": 1, "sample_diff": 11, "time_diff_s": 0.42, "gps_distance_m": 4.8, "original_speed": "2000", "wheel_diameter_mm": 711.0003997802734, "braking_intensity": 0.0, "is_braking": false, "is_crash": false, "crash_intensity_g": 0.0, "segment_start_sample": 49365, "segment_end_sample": 49376, "time_str": "09:09:13", "Speed_display": 10.8}}, {"type": "Feature", "geometry": {"type": "LineString", "coordinates": [[24.734972689532125, 59.43632862764682], [24.734898416475385, 59.436322564209945]]}, "properties": {"Speed": 16.8, "road_quality": 2, "marker": 7, "trip_id": "602D3_Trip1", "hrot_diff": 1, "sample_diff": 13, "time_diff_s": 0.24, "gps_distance_m": 4.3, "original_speed": "2032", "wheel_diameter_mm": 711.0003997802734, "braking_intensity": 0.0, "is_braking": false, "is_crash": false, "crash_intensity_g": 0.0, "segment_start_sample": 49426, "segment_end_sample": 49439, "time_str": "09:09:14", "Speed_display": 11.0}}, {"type": "Feature", "geometry": {"type": "LineString", "coordinates": [[24.734898416475385, 59.436322564209945], [24.734833012211585, 59.43631733349226]]}, "properties": {"Speed": 9.6, "road_quality": 2, "marker": 7, "trip_id": "602D3_Trip1", "hrot_diff": 1, "sample_diff": 13, "time_diff_s": 0.42, "gps_distance_m": 3.7, "original_speed": "1960", "wheel_diameter_mm": 711.0003997802734, "braking_intensity": 0.0, "is_braking": false, "is_crash": false, "crash_intensity_g": 0.0, "segment_start_sample": 49478, "segment_end_sample": 49491, "time_str": "09:09:15", "Speed_display": 12.5}}, {"type": "Feature", "geometry": {"type": "LineString", "coordinates": [[24.734833012211585, 59.43631733349226], [24.73477762678995, 59.43631436824703]]}, "properties": {"Speed": 9.6, "road_quality": 2, "marker": 7, "trip_id": "602D3_Trip1", "hrot_diff": 1, "sample_diff": 13, "time_diff_s": 0.418, "gps_distance_m": 3.1, "original_speed": "1851", "wheel_diameter_mm": 711.0003997802734, "braking_intensity": 0.0, "is_braking": false, "is_crash": false, "crash_intensity_g": 0.0, "segment_start_sample": 49518, "segment_end_sample": 49531, "time_str": "09:09:16", "Speed_display": 15.0}}, {"type": "Feature", "geometry": {"type": "LineString", "coordinates": [[24.73477762678995, 59.43631436824703], [24.73474132952744, 59.436306815033326]]}, "properties": {"Speed": 16.8, "road_quality": 2, "marker": 7, "trip_id": "602D3_Trip1", "hrot_diff": 1, "sample_diff": 15, "time_diff_s": 0.24, "gps_distance_m": 2.2, "original_speed": "1923", "wheel_diameter_mm": 711.0003997802734, "braking_intensity": 0.0, "is_braking": false, "is_crash": false, "crash_intensity_g": 0.0, "segment_start_sample": 49570, "segment_end_sample": 49585, "time_str": "09:09:17", "Speed_display": 15.0}}, {"type": "Feature", "geometry": {"type": "LineString", "coordinates": [[24.73474132952744, 59.436306815033326], [24.73465974801037, 59.43630248904556]]}, "properties": {"Speed": 22.3, "road_quality": 2, "marker": 7, "trip_id": "602D3_Trip1", "hrot_diff": 1, "sample_diff": 14, "time_diff_s": 0.18, "gps_distance_m": 4.6, "original_speed": "1941", "wheel_diameter_mm": 711.0003997802734, "braking_intensity": 0.0, "is_braking": false, "is_crash": false, "crash_intensity_g": 0.0, "segment_start_sample": 49621, "segment_end_sample": 49635, "time_str": "09:09:18", "Speed_display": 17.6}}, {"type": "Feature", "geometry": {"type": "LineString", "coordinates": [[24.73460292549545, 59.43630468479931], [24.73454181410143, 59.436312091931505]]}, "properties": {"Speed": 16.8, "road_quality": 2, "marker": 7, "trip_id": "602D3_Trip1", "hrot_diff": 1, "sample_diff": 16, "time_diff_s": 0.24, "gps_distance_m": 3.6, "original_speed": "1980", "wheel_diameter_mm": 711.0003997802734, "braking_intensity": 0.0, "is_braking": false, "is_crash": false, "crash_intensity_g": 0.0, "segment_start_sample": 49720, "segment_end_sample": 49736, "time_str": "09:09:20", "Speed_display": 17.6}}, {"type": "Feature", "geometry": {"type": "LineString", "coordinates": [[24.73454181410143, 59.436312091931505], [24.7344799523087, 59.436314227787456]]}, "properties": {"Speed": 22.5, "road_quality": 2, "marker": 7, "trip_id": "602D3_Trip1", "hrot_diff": 1, "sample_diff": 12, "time_diff_s": 0.179, "gps_distance_m": 3.5, "original_speed": "2000", "wheel_diameter_mm": 711.0003997802734, "braking_intensity": 0.0, "is_braking": false, "is_crash": false, "crash_intensity_g": 0.0, "segment_start_sample": 49771, "segment_end_sample": 49783, "time_str": "09:09:21", "Speed_display": 18.7}}, {"type": "Feature", "geometry": {"type": "LineString", "coordinates": [[24.7344799523087, 59.436314227787456], [24.734395682807612, 59.43631358042146]]}, "properties": {"Speed": 9.6, "road_quality": 2, "marker": 7, "trip_id": "602D3_Trip1", "hrot_diff": 1, "sample_diff": 12, "time_diff_s": 0.417, "gps_distance_m": 4.8, "original_speed": "2066", "wheel_diameter_mm": 711.0003997802734, "braking_intensity": 0.0, "is_braking": false, "is_crash": false, "crash_intensity_g": 0.0, "segment_start_sample": 49819, "segment_end_sample": 49831, "time_str": "09:09:22", "Speed_display": 18.7}}, {"type": "Feature", "geometry": {"type": "LineString", "coordinates": [[24.734395682807612, 59.43631358042146], [24.734307195452573, 59.436308402767175]]}, "properties": {"Speed": 22.5, "road_quality": 2, "marker": 7, "trip_id": "602D3_Trip1", "hrot_diff": 1, "sample_diff": 12, "time_diff_s": 0.179, "gps_distance_m": 5.0, "original_speed": "1980", "wheel_diameter_mm": 711.0003997802734, "braking_intensity": 0.0, "is_braking": false, "is_crash": false, "crash_intensity_g": 0.0, "segment_start_sample": 49857, "segment_end_sample": 49869, "time_str": "09:09:23", "Speed_display": 17.6}}, {"type": "Feature", "geometry": {"type": "LineString", "coordinates": [[24.734307195452573, 59.436308402767175], [24.734226669381663, 59.436300387707995]]}, "properties": {"Speed": 22.2, "road_quality": 2, "marker": 7, "trip_id": "602D3_Trip1", "hrot_diff": 1, "sample_diff": 16, "time_diff_s": 0.181, "gps_distance_m": 4.6, "original_speed": "1941", "wheel_diameter_mm": 711.0003997802734, "braking_intensity": 0.0, "is_braking": false, "is_crash": false, "crash_intensity_g": 0.0, "segment_start_sample": 49920, "segment_end_sample": 49936, "time_str": "09:09:24", "Speed_display": 14.4}}, {"type": "Feature", "geometry": {"type": "LineString", "coordinates": [[24.734226669381663, 59.436300387707995], [24.73416832266944, 59.43628057252993]]}, "properties": {"Speed": 11.2, "road_quality": 2, "marker": 7, "trip_id": "602D3_Trip1", "hrot_diff": 1, "sample_diff": 14, "time_diff_s": 0.36, "gps_distance_m": 4.0, "original_speed": "1834", "wheel_diameter_mm": 711.0003997802734, "braking_intensity": 0.0, "is_braking": false, "is_crash": false, "crash_intensity_g": 0.0, "segment_start_sample": 49976, "segment_end_sample": 49990, "time_str": "09:09:25", "Speed_display": 14.8}}, {"type": "Feature", "geometry": {"type": "LineString", "coordinates": [[24.73416832266944, 59.43628057252993], [24.734123041792948, 59.436258392716134]]}, "properties": {"Speed": 6.7, "road_quality": 2, "marker": 7, "trip_id": "602D3_Trip1", "hrot_diff": 1, "sample_diff": 14, "time_diff_s": 0.598, "gps_distance_m": 3.6, "original_speed": "1785", "wheel_diameter_mm": 711.0003997802734, "braking_intensity": 0.0, "is_braking": false, "is_crash": false, "crash_intensity_g": 0.0, "segment_start_sample": 50007, "segment_end_sample": 50021, "time_str": "09:09:26", "Speed_display": 13.6}}, {"type": "Feature", "geometry": {"type": "LineString", "coordinates": [[24.734123041792948, 59.436258392716134], [24.734090055050352, 59.43623216455618]]}, "properties": {"Speed": 11.2, "road_quality": 2, "marker": 7, "trip_id": "602D3_Trip1", "hrot_diff": 1, "sample_diff": 13, "time_diff_s": 0.359, "gps_distance_m": 3.5, "original_speed": "1652", "wheel_diameter_mm": 711.0003997802734, "braking_intensity": 0.0, "is_braking": false, "is_crash": false, "crash_intensity_g": 0.0, "segment_start_sample": 50066, "segment_end_sample": 50079, "time_str": "09:09:27", "Speed_display": 11.1}}, {"type": "Feature", "geometry": {"type": "LineString", "coordinates": [[24.73407712090877, 59.43619612055558], [24.734112921829947, 59.43615901867459]]}, "properties": {"Speed": 16.8, "road_quality": 2, "marker": 7, "trip_id": "602D3_Trip1", "hrot_diff": 1, "sample_diff": 13, "time_diff_s": 0.24, "gps_distance_m": 4.6, "original_speed": "1904", "wheel_diameter_mm": 711.0003997802734, "braking_intensity": 0.0, "is_braking": false, "is_crash": false, "crash_intensity_g": 0.0, "segment_start_sample": 50171, "segment_end_sample": 50184, "time_str": "09:09:29", "Speed_display": 10.8}}, {"type": "Feature", "geometry": {"type": "LineString", "coordinates": [[24.734112921829947, 59.43615901867459], [24.734135973611775, 59.43612602859873]]}, "properties": {"Speed": 9.6, "road_quality": 2, "marker": 7, "trip_id": "602D3_Trip1", "hrot_diff": 1, "sample_diff": 14, "time_diff_s": 0.42, "gps_distance_m": 3.9, "original_speed": "1834", "wheel_diameter_mm": 711.0003997802734, "braking_intensity": 0.0, "is_braking": false, "is_crash": false, "crash_intensity_g": 0.0, "segment_start_sample": 50226, "segment_end_sample": 50240, "time_str": "09:09:30", "Speed_display": 11.4}}, {"type": "Feature", "geometry": {"type": "LineString", "coordinates": [[24.734135973611775, 59.43612602859873], [24.73414477173041, 59.436093998255444]]}, "properties": {"Speed": 9.6, "road_quality": 2, "marker": 7, "trip_id": "602D3_Trip1", "hrot_diff": 1, "sample_diff": 14, "time_diff_s": 0.42, "gps_distance_m": 3.6, "original_speed": "1851", "wheel_diameter_mm": 711.0003997802734, "braking_intensity": 0.0, "is_braking": false, "is_crash": false, "crash_intensity_g": 0.0, "segment_start_sample": 50268, "segment_end_sample": 50282, "time_str": "09:09:31", "Speed_display": 11.0}}, {"type": "Feature", "geometry": {"type": "LineString", "coordinates": [[24.734140750983094, 59.4360676166191], [24.734157214992397, 59.436037687776]]}, "properties": {"Speed": 9.6, "road_quality": 2, "marker": 7, "trip_id": "602D3_Trip1", "hrot_diff": 1, "sample_diff": 16, "time_diff_s": 0.42, "gps_distance_m": 3.5, "original_speed": "1612", "wheel_diameter_mm": 711.0003997802734, "braking_intensity": 0.0, "is_braking": false, "is_crash": false, "crash_intensity_g": 0.0, "segment_start_sample": 50375, "segment_end_sample": 50391, "time_str": "09:09:33", "Speed_display": 9.6}}, {"type": "Feature", "geometry": {"type": "LineString", "coordinates": [[24.734157214992397, 59.436037687776], [24.734174201885065, 59.43601426367809]]}, "properties": {"Speed": 9.6, "road_quality": 2, "marker": 7, "trip_id": "602D3_Trip1", "hrot_diff": 1, "sample_diff": 19, "time_diff_s": 0.42, "gps_distance_m": 2.8, "original_speed": "1428", "wheel_diameter_mm": 711.0003997802734, "braking_intensity": 0.0, "is_braking": false, "is_crash": false, "crash_intensity_g": 0.0, "segment_start_sample": 50428, "segment_end_sample": 50447, "time_str": "09:09:34", "Speed_display": 9.0}}, {"type": "Feature", "geometry": {"type": "LineString", "coordinates": [[24.734174201885065, 59.43601426367809], [24.73418955541423, 59.43599079091263]]}, "properties": {"Speed": 9.7, "road_quality": 2, "marker": 7, "trip_id": "602D3_Trip1", "hrot_diff": 1, "sample_diff": 22, "time_diff_s": 0.414, "gps_distance_m": 2.8, "original_speed": "1339", "wheel_diameter_mm": 711.0003997802734, "braking_intensity": 0.0, "is_braking": false, "is_crash": false, "crash_intensity_g": 0.0, "segment_start_sample": 50467, "segment_end_sample": 50489, "time_str": "09:09:35", "Speed_display": 9.4}}, {"type": "Feature", "geometry": {"type": "LineString", "coordinates": [[24.73418955541423, 59.43599079091263], [24.734198459185365, 59.43596969910539]]}, "properties": {"Speed": 6.7, "road_quality": 2, "marker": 7, "trip_id": "602D3_Trip1", "hrot_diff": 1, "sample_diff": 21, "time_diff_s": 0.6, "gps_distance_m": 2.4, "original_speed": "1219", "wheel_diameter_mm": 711.0003997802734, "braking_intensity": 0.0, "is_braking": false, "is_crash": false, "crash_intensity_g": 0.0, "segment_start_sample": 50509, "segment_end_sample": 50530, "time_str": "09:09:36", "Speed_display": 9.4}}, {"type": "Feature", "geometry": {"type": "LineString", "coordinates": [[24.734198459185365, 59.43596969910539], [24.734212379642596, 59.435947762506224]]}, "properties": {"Speed": 11.2, "road_quality": 2, "marker": 7, "trip_id": "602D3_Trip1", "hrot_diff": 1, "sample_diff": 22, "time_diff_s": 0.359, "gps_distance_m": 2.6, "original_speed": "1229", "wheel_diameter_mm": 711.0003997802734, "braking_intensity": 0.0, "is_braking": false, "is_crash": false, "crash_intensity_g": 0.0, "segment_start_sample": 50571, "segment_end_sample": 50593, "time_str": "09:09:37", "Speed_display": 9.4}}, {"type": "Feature", "geometry": {"type": "LineString", "coordinates": [[24.734212379642596, 59.435947762506224], [24.73422253621337, 59.43592666044203]]}, "properties": {"Speed": 9.6, "road_quality": 2, "marker": 7, "trip_id": "602D3_Trip1", "hrot_diff": 1, "sample_diff": 21, "time_diff_s": 0.42, "gps_distance_m": 2.4, "original_speed": "1162", "wheel_diameter_mm": 711.0003997802734, "braking_intensity": 0.0, "is_braking": false, "is_crash": false, "crash_intensity_g": 0.0, "segment_start_sample": 50615, "segment_end_sample": 50636, "time_str": "09:09:38", "Speed_display": 9.3}}, {"type": "Feature", "geometry": {"type": "LineString", "coordinates": [[24.73422253621337, 59.43592666044203], [24.734234299946642, 59.435911224445235]]}, "properties": {"Speed": 9.6, "road_quality": 2, "marker": 7, "trip_id": "602D3_Trip1", "hrot_diff": 1, "sample_diff": 20, "time_diff_s": 0.419, "gps_distance_m": 1.8, "original_speed": "1171", "wheel_diameter_mm": 711.0003997802734, "braking_intensity": 0.0, "is_braking": false, "is_crash": false, "crash_intensity_g": 0.0, "segment_start_sample": 50678, "segment_end_sample": 50698, "time_str": "09:09:39", "Speed_display": 9.7}}, {"type": "Feature", "geometry": {"type": "LineString", "coordinates": [[24.734234299946642, 59.435911224445235], [24.73426073139285, 59.43588837564896]]}, "properties": {"Speed": 9.6, "road_quality": 2, "marker": 7, "trip_id": "602D3_Trip1", "hrot_diff": 1, "sample_diff": 18, "time_diff_s": 0.421, "gps_distance_m": 2.9, "original_speed": "1260", "wheel_diameter_mm": 711.0003997802734, "braking_intensity": 0.0, "is_braking": false, "is_crash": false, "crash_intensity_g": 0.0, "segment_start_sample": 50715, "segment_end_sample": 50733, "time_str": "09:09:40", "Speed_display": 12.0}}, {"type": "Feature", "geometry": {"type": "LineString", "coordinates": [[24.73426073139285, 59.43588837564896], [24.73432002166176, 59.43587363815871]]}, "properties": {"Speed": 8.4, "road_quality": 2, "marker": 7, "trip_id": "602D3_Trip1", "hrot_diff": 1, "sample_diff": 17, "time_diff_s": 0.48, "gps_distance_m": 3.7, "original_speed": "1442", "wheel_diameter_mm": 711.0003997802734, "braking_intensity": 0.0, "is_braking": false, "is_crash": false, "crash_intensity_g": 0.0, "segment_start_sample": 50764, "segment_end_sample": 50781, "time_str": "09:09:41", "Speed_display": 12.3}}, {"type": "Feature", "geometry": {"type": "LineString", "coordinates": [[24.73432002166176, 59.43587363815871], [24.734397194897504, 59.43587134624023]]}, "properties": {"Speed": 22.6, "road_quality": 2, "marker": 7, "trip_id": "602D3_Trip1", "hrot_diff": 1, "sample_diff": 15, "time_diff_s": 0.178, "gps_distance_m": 4.4, "original_speed": "1724", "wheel_diameter_mm": 711.0003997802734, "braking_intensity": 0.0, "is_braking": false, "is_crash": false, "crash_intensity_g": 0.0, "segment_start_sample": 50823, "segment_end_sample": 50838, "time_str": "09:09:42", "Speed_display": 12.3}}, {"type": "Feature", "geometry": {"type": "LineString", "coordinates": [[24.734397194897504, 59.43587134624023], [24.73446462240081, 59.435886726740065]]}, "properties": {"Speed": 11.2, "road_quality": 2, "marker": 7, "trip_id": "602D3_Trip1", "hrot_diff": 1, "sample_diff": 16, "time_diff_s": 0.359, "gps_distance_m": 4.2, "original_speed": "1904", "wheel_diameter_mm": 711.0003997802734, "braking_intensity": 0.0, "is_braking": false, "is_crash": false, "crash_intensity_g": 0.0, "segment_start_sample": 50875, "segment_end_sample": 50891, "time_str": "09:09:43", "Speed_display": 12.3}}, {"type": "Feature", "geometry": {"type": "LineString", "coordinates": [[24.73446462240081, 59.435886726740065], [24.734530465809602, 59.435895202939804]]}, "properties": {"Speed": 9.6, "road_quality": 2, "marker": 7, "trip_id": "602D3_Trip1", "hrot_diff": 1, "sample_diff": 13, "time_diff_s": 0.42, "gps_distance_m": 3.8, "original_speed": "1923", "wheel_diameter_mm": 711.0003997802734, "braking_intensity": 0.0, "is_braking": false, "is_crash": false, "crash_intensity_g": 0.0, "segment_start_sample": 50927, "segment_end_sample": 50940, "time_str": "09:09:44", "Speed_display": 12.8}}, {"type": "Feature", "geometry": {"type": "LineString", "coordinates": [[24.734530465809602, 59.435895202939804], [24.73459625205622, 59.43589439791085]]}, "properties": {"Speed": 9.6, "road_quality": 2, "marker": 7, "trip_id": "602D3_Trip1", "hrot_diff": 1, "sample_diff": 12, "time_diff_s": 0.419, "gps_distance_m": 3.7, "original_speed": "1980", "wheel_diameter_mm": 711.0003997802734, "braking_intensity": 0.0, "is_braking": false, "is_crash": false, "crash_intensity_g": 0.0, "segment_start_sample": 50978, "segment_end_sample": 50990, "time_str": "09:09:45", "Speed_display": 11.7}}, {"type": "Feature", "geometry": {"type": "LineString", "coordinates": [[24.73459625205622, 59.43589439791085], [24.734668603001744, 59.43589744711734]]}, "properties": {"Speed": 11.1, "road_quality": 2, "marker": 7, "trip_id": "602D3_Trip1", "hrot_diff": 1, "sample_diff": 12, "time_diff_s": 0.361, "gps_distance_m": 4.1, "original_speed": "2000", "wheel_diameter_mm": 711.0003997802734, "braking_intensity": 0.0, "is_braking": false, "is_crash": false, "crash_intensity_g": 0.0, "segment_start_sample": 51028, "segment_end_sample": 51040, "time_str": "09:09:46", "Speed_display": 13.9}}, {"type": "Feature", "geometry": {"type": "LineString", "coordinates": [[24.734668603001744, 59.43589744711734], [24.734740446267857, 59.435897435767764]]}, "properties": {"Speed": 16.8, "road_quality": 2, "marker": 7, "trip_id": "602D3_Trip1", "hrot_diff": 1, "sample_diff": 12, "time_diff_s": 0.239, "gps_distance_m": 4.1, "original_speed": "2049", "wheel_diameter_mm": 711.0003997802734, "braking_intensity": 0.0, "is_braking": false, "is_crash": false, "crash_intensity_g": 0.0, "segment_start_sample": 51076, "segment_end_sample": 51088, "time_str": "09:09:47", "Speed_display": 14.2}}, {"type": "Feature", "geometry": {"type": "LineString", "coordinates": [[24.734740446267857, 59.435897435767764], [24.734816543966794, 59.435899553616686]]}, "properties": {"Speed": 22.5, "road_quality": 2, "marker": 7, "trip_id": "602D3_Trip1", "hrot_diff": 1, "sample_diff": 13, "time_diff_s": 0.179, "gps_distance_m": 4.3, "original_speed": "2032", "wheel_diameter_mm": 711.0003997802734, "braking_intensity": 0.0, "is_braking": false, "is_crash": false, "crash_intensity_g": 0.0, "segment_start_sample": 51125, "segment_end_sample": 51138, "time_str": "09:09:48", "Speed_display": 14.2}}, {"type": "Feature", "geometry": {"type": "LineString", "coordinates": [[24.734816543966794, 59.435899553616686], [24.734884146552556, 59.435898486201935]]}, "properties": {"Speed": 11.1, "road_quality": 2, "marker": 7, "trip_id": "602D3_Trip1", "hrot_diff": 1, "sample_diff": 14, "time_diff_s": 0.361, "gps_distance_m": 3.8, "original_speed": "1941", "wheel_diameter_mm": 711.0003997802734, "braking_intensity": 0.0, "is_braking": false, "is_crash": false, "crash_intensity_g": 0.0, "segment_start_sample": 51177, "segment_end_sample": 51191, "time_str": "09:09:49", "Speed_display": 13.9}}, {"type": "Feature", "geometry": {"type": "LineString", "coordinates": [[24.734884146552556, 59.435898486201935], [24.73494747834927, 59.43590290726861]]}, "properties": {"Speed": 9.6, "road_quality": 2, "marker": 7, "trip_id": "602D3_Trip1", "hrot_diff": 1, "sample_diff": 14, "time_diff_s": 0.419, "gps_distance_m": 3.6, "original_speed": "1818", "wheel_diameter_mm": 711.0003997802734, "braking_intensity": 0.0, "is_braking": false, "is_crash": false, "crash_intensity_g": 0.0, "segment_start_sample": 51218, "segment_end_sample": 51232, "time_str": "09:09:50", "Speed_display": 12.8}}, {"type": "Feature", "geometry": {"type": "LineString", "coordinates": [[24.73494747834927, 59.43590290726861], [24.735009184465934, 59.43590503797328]]}, "properties": {"Speed": 9.6, "road_quality": 2, "marker": 7, "trip_id": "602D3_Trip1", "hrot_diff": 1, "sample_diff": 17, "time_diff_s": 0.419, "gps_distance_m": 3.5, "original_speed": "1724", "wheel_diameter_mm": 711.0003997802734, "braking_intensity": 0.0, "is_braking": false, "is_crash": false, "crash_intensity_g": 0.0, "segment_start_sample": 51277, "segment_end_sample": 51294, "time_str": "09:09:51", "Speed_display": 10.2}}, {"type": "Feature", "geometry": {"type": "LineString", "coordinates": [[24.735009184465934, 59.43590503797328], [24.735053110821703, 59.43590020694133]]}, "properties": {"Speed": 11.2, "road_quality": 2, "marker": 7, "trip_id": "602D3_Trip1", "hrot_diff": 1, "sample_diff": 16, "time_diff_s": 0.36, "gps_distance_m": 2.5, "original_speed": "1600", "wheel_diameter_mm": 711.0003997802734, "braking_intensity": 0.0, "is_braking": false, "is_crash": false, "crash_intensity_g": 0.0, "segment_start_sample": 51325, "segment_end_sample": 51341, "time_str": "09:09:52", "Speed_display": 9.9}}, {"type": "Feature", "geometry": {"type": "LineString", "coordinates": [[24.735053110821703, 59.43590020694133], [24.73510393908243, 59.43589215123882]]}, "properties": {"Speed": 9.6, "road_quality": 2, "marker": 7, "trip_id": "602D3_Trip1", "hrot_diff": 1, "sample_diff": 17, "time_diff_s": 0.42, "gps_distance_m": 3.0, "original_speed": "1574", "wheel_diameter_mm": 711.0003997802734, "braking_intensity": 0.0, "is_braking": false, "is_crash": false, "crash_intensity_g": 0.0, "segment_start_sample": 51373, "segment_end_sample": 51390, "time_str": "09:09:53", "Speed_display": 10.2}}, {"type": "Feature", "geometry": {"type": "LineString", "coordinates": [[24.73510393908243, 59.43589215123882], [24.735153995784298, 59.435883635229324]]}, "properties": {"Speed": 9.6, "road_quality": 2, "marker": 7, "trip_id": "602D3_Trip1", "hrot_diff": 1, "sample_diff": 17, "time_diff_s": 0.417, "gps_distance_m": 3.0, "original_speed": "1470", "wheel_diameter_mm": 711.0003997802734, "braking_intensity": 0.0, "is_braking": false, "is_crash": false, "crash_intensity_g": 0.0, "segment_start_sample": 51424, "segment_end_sample": 51441, "time_str": "09:09:54", "Speed_display": 11.7}}, {"type": "Feature", "geometry": {"type": "LineString", "coordinates": [[24.735153995784298, 59.435883635229324], [24.735197974861528, 59.435873940113005]]}, "properties": {"Speed": 11.2, "road_quality": 2, "marker": 7, "trip_id": "602D3_Trip1", "hrot_diff": 1, "sample_diff": 15, "time_diff_s": 0.358, "gps_distance_m": 2.7, "original_speed": "1470", "wheel_diameter_mm": 711.0003997802734, "braking_intensity": 0.0, "is_braking": false, "is_crash": false, "crash_intensity_g": 0.0, "segment_start_sample": 51475, "segment_end_sample": 51490, "time_str": "09:09:55", "Speed_display": 11.4}}, {"type": "Feature", "geometry": {"type": "LineString", "coordinates": [[24.735197974861528, 59.435873940113005], [24.735239700391457, 59.43585329193542]]}, "properties": {"Speed": 16.8, "road_quality": 2, "marker": 7, "trip_id": "602D3_Trip1", "hrot_diff": 1, "sample_diff": 15, "time_diff_s": 0.24, "gps_distance_m": 3.3, "original_speed": "1562", "wheel_diameter_mm": 711.0003997802734, "braking_intensity": 0.0, "is_braking": false, "is_crash": false, "crash_intensity_g": 0.0, "segment_start_sample": 51522, "segment_end_sample": 51537, "time_str": "09:09:56", "Speed_display": 13.9}}, {"type": "Feature", "geometry": {"type": "LineString", "coordinates": [[24.735239700391457, 59.43585329193542], [24.735268917969783, 59.43582785437138]]}, "properties": {"Speed": 9.6, "road_quality": 2, "marker": 7, "trip_id": "602D3_Trip1", "hrot_diff": 1, "sample_diff": 14, "time_diff_s": 0.417, "gps_distance_m": 3.3, "original_speed": "1612", "wheel_diameter_mm": 711.0003997802734, "braking_intensity": 0.0, "is_braking": false, "is_crash": false, "crash_intensity_g": 0.0, "segment_start_sample": 51567, "segment_end_sample": 51581, "time_str": "09:09:57", "Speed_display": 13.9}}, {"type": "Feature", "geometry": {"type": "LineString", "coordinates": [[24.735268917969783, 59.43582785437138], [24.735294198427717, 59.43579671839734]]}, "properties": {"Speed": 22.3, "road_quality": 2, "marker": 7, "trip_id": "602D3_Trip1", "hrot_diff": 1, "sample_diff": 14, "time_diff_s": 0.18, "gps_distance_m": 3.7, "original_speed": "1754", "wheel_diameter_mm": 711.0003997802734, "braking_intensity": 0.0, "is_braking": false, "is_crash": false, "crash_intensity_g": 0.0, "segment_start_sample": 51624, "segment_end_sample": 51638, "time_str": "09:09:58", "Speed_display": 13.9}}, {"type": "Feature", "geometry": {"type": "LineString", "coordinates": [[24.735294198427717, 59.43579671839734], [24.735313471555322, 59.43576364996761]]}, "properties": {"Speed": 9.6, "road_quality": 2, "marker": 7, "trip_id": "602D3_Trip1", "hrot_diff": 1, "sample_diff": 13, "time_diff_s": 0.418, "gps_distance_m": 3.8, "original_speed": "1834", "wheel_diameter_mm": 711.0003997802734, "braking_intensity": 0.0, "is_braking": false, "is_crash": false, "crash_intensity_g": 0.0, "segment_start_sample": 51678, "segment_end_sample": 51691, "time_str": "09:09:59", "Speed_display": 15.0}}, {"type": "Feature", "geometry": {"type": "LineString", "coordinates": [[24.735313471555322, 59.43576364996761], [24.735331382598147, 59.43573063263374]]}, "properties": {"Speed": 11.2, "road_quality": 2, "marker": 7, "trip_id": "602D3_Trip1", "hrot_diff": 1, "sample_diff": 14, "time_diff_s": 0.36, "gps_distance_m": 3.8, "original_speed": "1869", "wheel_diameter_mm": 711.0003997802734, "braking_intensity": 0.0, "is_braking": false, "is_crash": false, "crash_intensity_g": 0.0, "segment_start_sample": 51718, "segment_end_sample": 51732, "time_str": "09:10:00", "Speed_display": 16.5}}, {"type": "Feature", "geometry": {"type": "LineString", "coordinates": [[24.735331382598147, 59.43573063263374], [24.735356297540456, 59.4356972165429]]}, "properties": {"Speed": 22.5, "road_quality": 2, "marker": 7, "trip_id": "602D3_Trip1", "hrot_diff": 1, "sample_diff": 13, "time_diff_s": 0.179, "gps_distance_m": 4.0, "original_speed": "1886", "wheel_diameter_mm": 711.0003997802734, "braking_intensity": 0.0, "is_braking": false, "is_crash": false, "crash_intensity_g": 0.0, "segment_start_sample": 51771, "segment_end_sample": 51784, "time_str": "09:10:01", "Speed_display": 13.9}}, {"type": "Feature", "geometry": {"type": "LineString", "coordinates": [[24.735356297540456, 59.4356972165429], [24.73538701215396, 59.4356704231146]]}, "properties": {"Speed": 16.7, "road_quality": 2, "marker": 7, "trip_id": "602D3_Trip1", "hrot_diff": 1, "sample_diff": 13, "time_diff_s": 0.241, "gps_distance_m": 3.4, "original_speed": "1886", "wheel_diameter_mm": 711.0003997802734, "braking_intensity": 0.0, "is_braking": false, "is_crash": false, "crash_intensity_g": 0.0, "segment_start_sample": 51824, "segment_end_sample": 51837, "time_str": "09:10:02", "Speed_display": 15.4}}, {"type": "Feature", "geometry": {"type": "LineString", "coordinates": [[24.73538701215396, 59.4356704231146], [24.735409953329313, 59.435637481607536]]}, "properties": {"Speed": 9.6, "road_quality": 2, "marker": 7, "trip_id": "602D3_Trip1", "hrot_diff": 1, "sample_diff": 13, "time_diff_s": 0.42, "gps_distance_m": 3.9, "original_speed": "1904", "wheel_diameter_mm": 711.0003997802734, "braking_intensity": 0.0, "is_braking": false, "is_crash": false, "crash_intensity_g": 0.0, "segment_start_sample": 51877, "segment_end_sample": 51890, "time_str": "09:10:03", "Speed_display": 16.5}}, {"type": "Feature", "geometry": {"type": "LineString", "coordinates": [[24.735409953329313, 59.435637481607536], [24.7354266439257, 59.435608855215584]]}, "properties": {"Speed": 16.8, "road_quality": 2, "marker": 7, "trip_id": "602D3_Trip1", "hrot_diff": 1, "sample_diff": 12, "time_diff_s": 0.24, "gps_distance_m": 3.3, "original_speed": "1904", "wheel_diameter_mm": 711.0003997802734, "braking_intensity": 0.0, "is_braking": false, "is_crash": false, "crash_intensity_g": 0.0, "segment_start_sample": 51917, "segment_end_sample": 51929, "time_str": "09:10:04", "Speed_display": 13.9}}, {"type": "Feature", "geometry": {"type": "LineString", "coordinates": [[24.7354266439257, 59.435608855215584], [24.735434726030498, 59.4355727904372]]}, "properties": {"Speed": 16.7, "road_quality": 2, "marker": 7, "trip_id": "602D3_Trip1", "hrot_diff": 1, "sample_diff": 13, "time_diff_s": 0.241, "gps_distance_m": 4.0, "original_speed": "1851", "wheel_diameter_mm": 711.0003997802734, "braking_intensity": 0.0, "is_braking": false, "is_crash": false, "crash_intensity_g": 0.0, "segment_start_sample": 51971, "segment_end_sample": 51984, "time_str": "09:10:05", "Speed_display": 12.8}}, {"type": "Feature", "geometry": {"type": "LineString", "coordinates": [[24.735434726030498, 59.4355727904372], [24.735454676136495, 59.43554324214624]]}, "properties": {"Speed": 9.6, "road_quality": 2, "marker": 7, "trip_id": "602D3_Trip1", "hrot_diff": 1, "sample_diff": 16, "time_diff_s": 0.42, "gps_distance_m": 3.5, "original_speed": "1834", "wheel_diameter_mm": 711.0003997802734, "braking_intensity": 0.0, "is_braking": false, "is_crash": false, "crash_intensity_g": 0.0, "segment_start_sample": 52025, "segment_end_sample": 52041, "time_str": "09:10:06", "Speed_display": 12.8}}, {"type": "Feature", "geometry": {"type": "LineString", "coordinates": [[24.735454676136495, 59.43554324214624], [24.735475679660116, 59.43551593299692]]}, "properties": {"Speed": 11.1, "road_quality": 2, "marker": 7, "trip_id": "602D3_Trip1", "hrot_diff": 1, "sample_diff": 18, "time_diff_s": 0.361, "gps_distance_m": 3.3, "original_speed": "1587", "wheel_diameter_mm": 711.0003997802734, "braking_intensity": 0.0, "is_braking": false, "is_crash": false, "crash_intensity_g": 0.0, "segment_start_sample": 52078, "segment_end_sample": 52096, "time_str": "09:10:07", "Speed_display": 11.3}}, {"type": "Feature", "geometry": {"type": "LineString", "coordinates": [[24.735475679660116, 59.43551593299692], [24.735493003005097, 59.43550004755392]]}, "properties": {"Speed": 9.6, "road_quality": 2, "marker": 7, "trip_id": "602D3_Trip1", "hrot_diff": 1, "sample_diff": 20, "time_diff_s": 0.419, "gps_distance_m": 2.0, "original_speed": "1339", "wheel_diameter_mm": 711.0003997802734, "braking_intensity": 0.0, "is_braking": false, "is_crash": false, "crash_intensity_g": 0.0, "segment_start_sample": 52114, "segment_end_sample": 52134, "time_str": "09:10:08", "Speed_display": 9.3}}, {"type": "Feature", "geometry": {"type": "LineString", "coordinates": [[24.735493003005097, 59.43550004755392], [24.735523254854286, 59.435474916110316]]}, "properties": {"Speed": 9.6, "road_quality": 2, "marker": 7, "trip_id": "602D3_Trip1", "hrot_diff": 1, "sample_diff": 24, "time_diff_s": 0.419, "gps_distance_m": 3.3, "original_speed": "1304", "wheel_diameter_mm": 711.0003997802734, "braking_intensity": 0.0, "is_braking": false, "is_crash": false, "crash_intensity_g": 0.0, "segment_start_sample": 52155, "segment_end_sample": 52179, "time_str": "09:10:09", "Speed_display": 7.4}}, {"type": "Feature", "geometry": {"type": "LineString", "coordinates": [[24.735523254854286, 59.435474916110316], [24.735536961949496, 59.435459035350796]]}, "properties": {"Speed": 6.7, "road_quality": 2, "marker": 7, "trip_id": "602D3_Trip1", "hrot_diff": 1, "sample_diff": 28, "time_diff_s": 0.6, "gps_distance_m": 1.9, "original_speed": "1102", "wheel_diameter_mm": 711.0003997802734, "braking_intensity": 0.0, "is_braking": false, "is_crash": false, "crash_intensity_g": 0.0, "segment_start_sample": 52205, "segment_end_sample": 52233, "time_str": "09:10:10", "Speed_display": 5.9}}, {"type": "Feature", "geometry": {"type": "LineString", "coordinates": [[24.735536961949496, 59.435459035350796], [24.735528292185073, 59.43543543144705]]}, "properties": {"Speed": 0.2, "road_quality": 1, "marker": 7, "trip_id": "602D3_Trip1", "hrot_diff": 1, "sample_diff": 884, "time_diff_s": 17.814, "gps_distance_m": 2.7, "original_speed": "793", "wheel_diameter_mm": 711.0003997802734, "braking_intensity": 0.0, "is_braking": false, "is_crash": false, "crash_intensity_g": 0.0, "segment_start_sample": 52277, "segment_end_sample": 53161, "time_str": "09:10:11", "Speed_display": 5.0}}, {"type": "Feature", "geometry": {"type": "LineString", "coordinates": [[24.735528292185073, 59.43543543144705], [24.735509011657207, 59.435426479395346]]}, "properties": {"Speed": 3.4, "road_quality": 2, "marker": 7, "trip_id": "602D3_Trip1", "hrot_diff": 1, "sample_diff": 57, "time_diff_s": 1.2, "gps_distance_m": 1.5, "original_speed": "53", "wheel_diameter_mm": 711.0003997802734, "braking_intensity": 0.0, "is_braking": false, "is_crash": false, "crash_intensity_g": 0.0, "segment_start_sample": 53218, "segment_end_sample": 53275, "time_str": "09:10:30", "Speed_display": 4.4}}, {"type": "Feature", "geometry": {"type": "LineString", "coordinates": [[24.735509011657207, 59.435426479395346], [24.735473874046374, 59.43541992730826]]}, "properties": {"Speed": 5.2, "road_quality": 2, "marker": 7, "trip_id": "602D3_Trip1", "hrot_diff": 1, "sample_diff": 31, "time_diff_s": 0.779, "gps_distance_m": 2.1, "original_speed": "487", "wheel_diameter_mm": 711.0003997802734, "braking_intensity": 0.0, "is_braking": false, "is_crash": false, "crash_intensity_g": 0.0, "segment_start_sample": 53309, "segment_end_sample": 53340, "time_str": "09:10:32", "Speed_display": 5.0}}, {"type": "Feature", "geometry": {"type": "LineString", "coordinates": [[24.735473874046374, 59.43541992730826], [24.735448091208244, 59.435425157098365]]}, "properties": {"Speed": 6.7, "road_quality": 2, "marker": 7, "trip_id": "602D3_Trip1", "hrot_diff": 1, "sample_diff": 26, "time_diff_s": 0.6, "gps_distance_m": 1.6, "original_speed": "813", "wheel_diameter_mm": 711.0003997802734, "braking_intensity": 0.0, "is_braking": false, "is_crash": false, "crash_intensity_g": 0.0, "segment_start_sample": 53367, "segment_end_sample": 53393, "time_str": "09:10:33", "Speed_display": 6.9}}, {"type": "Feature", "geometry": {"type": "LineString", "coordinates": [[24.735448091208244, 59.435425157098365], [24.735385724894883, 59.435421909492696]]}, "properties": {"Speed": 9.5, "road_quality": 2, "marker": 7, "trip_id": "602D3_Trip1", "hrot_diff": 1, "sample_diff": 18, "time_diff_s": 0.423, "gps_distance_m": 3.5, "original_speed": "955", "wheel_diameter_mm": 711.0003997802734, "braking_intensity": 0.0, "is_braking": false, "is_crash": false, "crash_intensity_g": 0.0, "segment_start_sample": 53413, "segment_end_sample": 53431, "time_str": "09:10:34", "Speed_display": 10.7}}, {"type": "Feature", "geometry": {"type": "LineString", "coordinates": [[24.735385724894883, 59.435421909492696], [24.735333557756285, 59.43541687930548]]}, "properties": {"Speed": 9.6, "road_quality": 2, "marker": 7, "trip_id": "602D3_Trip1", "hrot_diff": 1, "sample_diff": 17, "time_diff_s": 0.421, "gps_distance_m": 3.0, "original_speed": "1401", "wheel_diameter_mm": 711.0003997802734, "braking_intensity": 0.0, "is_braking": false, "is_crash": false, "crash_intensity_g": 0.0, "segment_start_sample": 53465, "segment_end_sample": 53482, "time_str": "09:10:35", "Speed_display": 11.9}}, {"type": "Feature", "geometry": {"type": "LineString", "coordinates": [[24.735333557756285, 59.43541687930548], [24.735276445870003, 59.43541104037807]]}, "properties": {"Speed": 22.6, "road_quality": 2, "marker": 7, "trip_id": "602D3_Trip1", "hrot_diff": 1, "sample_diff": 15, "time_diff_s": 0.178, "gps_distance_m": 3.3, "original_speed": "1515", "wheel_diameter_mm": 711.0003997802734, "braking_intensity": 0.0, "is_braking": false, "is_crash": false, "crash_intensity_g": 0.0, "segment_start_sample": 53514, "segment_end_sample": 53529, "time_str": "09:10:36", "Speed_display": 13.9}}, {"type": "Feature", "geometry": {"type": "LineString", "coordinates": [[24.735276445870003, 59.43541104037807], [24.735213853528357, 59.43540430560601]]}, "properties": {"Speed": 11.2, "road_quality": 2, "marker": 7, "trip_id": "602D3_Trip1", "hrot_diff": 1, "sample_diff": 14, "time_diff_s": 0.36, "gps_distance_m": 3.6, "original_speed": "1612", "wheel_diameter_mm": 711.0003997802734, "braking_intensity": 0.0, "is_braking": false, "is_crash": false, "crash_intensity_g": 0.0, "segment_start_sample": 53576, "segment_end_sample": 53590, "time_str": "09:10:37", "Speed_display": 13.9}}, {"type": "Feature", "geometry": {"type": "LineString", "coordinates": [[24.735213853528357, 59.43540430560601], [24.735175462326087, 59.43539617162239]]}, "properties": {"Speed": 16.8, "road_quality": 2, "marker": 7, "trip_id": "602D3_Trip1", "hrot_diff": 1, "sample_diff": 12, "time_diff_s": 0.24, "gps_distance_m": 2.4, "original_speed": "1680", "wheel_diameter_mm": 711.0003997802734, "braking_intensity": 0.0, "is_braking": false, "is_crash": false, "crash_intensity_g": 0.0, "segment_start_sample": 53620, "segment_end_sample": 53632, "time_str": "09:10:38", "Speed_display": 13.9}}, {"type": "Feature", "geometry": {"type": "LineString", "coordinates": [[24.735175462326087, 59.43539617162239], [24.73510018035769, 59.43537717365865]]}, "properties": {"Speed": 9.5, "road_quality": 2, "marker": 7, "trip_id": "602D3_Trip1", "hrot_diff": 1, "sample_diff": 14, "time_diff_s": 0.422, "gps_distance_m": 4.8, "original_speed": "1709", "wheel_diameter_mm": 711.0003997802734, "braking_intensity": 0.0, "is_braking": false, "is_crash": false, "crash_intensity_g": 0.0, "segment_start_sample": 53677, "segment_end_sample": 53691, "time_str": "09:10:39", "Speed_display": 11.3}}, {"type": "Feature", "geometry": {"type": "LineString", "coordinates": [[24.73505604632029, 59.43536188906793], [24.73500022470675, 59.435366801480306]]}, "properties": {"Speed": 9.6, "road_quality": 2, "marker": 7, "trip_id": "602D3_Trip1", "hrot_diff": 1, "sample_diff": 15, "time_diff_s": 0.419, "gps_distance_m": 3.2, "original_speed": "1652", "wheel_diameter_mm": 711.0003997802734, "braking_intensity": 0.0, "is_braking": false, "is_crash": false, "crash_intensity_g": 0.0, "segment_start_sample": 53768, "segment_end_sample": 53783, "time_str": "09:10:41", "Speed_display": 13.5}}, {"type": "Feature", "geometry": {"type": "LineString", "coordinates": [[24.73500022470675, 59.435366801480306], [24.73494346102926, 59.435351477921856]]}, "properties": {"Speed": 9.6, "road_quality": 2, "marker": 7, "trip_id": "602D3_Trip1", "hrot_diff": 1, "sample_diff": 15, "time_diff_s": 0.417, "gps_distance_m": 3.6, "original_speed": "1612", "wheel_diameter_mm": 711.0003997802734, "braking_intensity": 0.0, "is_braking": false, "is_crash": false, "crash_intensity_g": 0.0, "segment_start_sample": 53827, "segment_end_sample": 53842, "time_str": "09:10:42", "Speed_display": 13.5}}, {"type": "Feature", "geometry": {"type": "LineString", "coordinates": [[24.73494346102926, 59.435351477921856], [24.734883198969527, 59.43534707079119]]}, "properties": {"Speed": 22.2, "road_quality": 2, "marker": 7, "trip_id": "602D3_Trip1", "hrot_diff": 1, "sample_diff": 10, "time_diff_s": 0.181, "gps_distance_m": 3.4, "original_speed": "1769", "wheel_diameter_mm": 711.0003997802734, "braking_intensity": 0.0, "is_braking": false, "is_crash": false, "crash_intensity_g": 0.0, "segment_start_sample": 53873, "segment_end_sample": 53883, "time_str": "09:10:43", "Speed_display": 13.6}}, {"type": "Feature", "geometry": {"type": "LineString", "coordinates": [[24.734883198969527, 59.43534707079119], [24.734849687685568, 59.43533223231562]]}, "properties": {"Speed": 16.8, "road_quality": 2, "marker": 7, "trip_id": "602D3_Trip1", "hrot_diff": 1, "sample_diff": 14, "time_diff_s": 0.24, "gps_distance_m": 2.5, "original_speed": "1851", "wheel_diameter_mm": 711.0003997802734, "braking_intensity": 0.0, "is_braking": false, "is_crash": false, "crash_intensity_g": 0.0, "segment_start_sample": 53924, "segment_end_sample": 53938, "time_str": "09:10:44", "Speed_display": 13.6}}, {"type": "Feature", "geometry": {"type": "LineString", "coordinates": [[24.734849687685568, 59.43533223231562], [24.734762987458666, 59.435333718364674]]}, "properties": {"Speed": 9.7, "road_quality": 2, "marker": 7, "trip_id": "602D3_Trip1", "hrot_diff": 1, "sample_diff": 14, "time_diff_s": 0.416, "gps_distance_m": 4.9, "original_speed": "1904", "wheel_diameter_mm": 711.0003997802734, "braking_intensity": 0.0, "is_braking": false, "is_crash": false, "crash_intensity_g": 0.0, "segment_start_sample": 53978, "segment_end_sample": 53992, "time_str": "09:10:45", "Speed_display": 13.6}}, {"type": "Feature", "geometry": {"type": "LineString", "coordinates": [[24.734762987458666, 59.435333718364674], [24.73470364012043, 59.435332575062255]]}, "properties": {"Speed": 9.5, "road_quality": 2, "marker": 7, "trip_id": "602D3_Trip1", "hrot_diff": 1, "sample_diff": 12, "time_diff_s": 0.423, "gps_distance_m": 3.4, "original_speed": "1834", "wheel_diameter_mm": 711.0003997802734, "braking_intensity": 0.0, "is_braking": false, "is_crash": false, "crash_intensity_g": 0.0, "segment_start_sample": 54018, "segment_end_sample": 54030, "time_str": "09:10:46", "Speed_display": 11.4}}, {"type": "Feature", "geometry": {"type": "LineString", "coordinates": [[24.73470364012043, 59.435332575062255], [24.73463829789057, 59.435331060006654]]}, "properties": {"Speed": 9.6, "road_quality": 2, "marker": 7, "trip_id": "602D3_Trip1", "hrot_diff": 1, "sample_diff": 17, "time_diff_s": 0.421, "gps_distance_m": 3.7, "original_speed": "1680", "wheel_diameter_mm": 711.0003997802734, "braking_intensity": 0.0, "is_braking": false, "is_crash": false, "crash_intensity_g": 0.0, "segment_start_sample": 54078, "segment_end_sample": 54095, "time_str": "09:10:47", "Speed_display": 11.3}}, {"type": "Feature", "geometry": {"type": "LineString", "coordinates": [[24.73463829789057, 59.435331060006654], [24.734579983779728, 59.435321238208346]]}, "properties": {"Speed": 11.2, "road_quality": 2, "marker": 7, "trip_id": "602D3_Trip1", "hrot_diff": 1, "sample_diff": 15, "time_diff_s": 0.359, "gps_distance_m": 3.5, "original_speed": "1612", "wheel_diameter_mm": 711.0003997802734, "braking_intensity": 0.0, "is_braking": false, "is_crash": false, "crash_intensity_g": 0.0, "segment_start_sample": 54126, "segment_end_sample": 54141, "time_str": "09:10:48", "Speed_display": 12.7}}, {"type": "Feature", "geometry": {"type": "LineString", "coordinates": [[24.734579983779728, 59.435321238208346], [24.73453205882929, 59.43531095397286]]}, "properties": {"Speed": 16.6, "road_quality": 2, "marker": 7, "trip_id": "602D3_Trip1", "hrot_diff": 1, "sample_diff": 15, "time_diff_s": 0.242, "gps_distance_m": 2.9, "original_speed": "1600", "wheel_diameter_mm": 711.0003997802734, "braking_intensity": 0.0, "is_braking": false, "is_crash": false, "crash_intensity_g": 0.0, "segment_start_sample": 54173, "segment_end_sample": 54188, "time_str": "09:10:49", "Speed_display": 13.0}}, {"type": "Feature", "geometry": {"type": "LineString", "coordinates": [[24.73453205882929, 59.43531095397286], [24.734474878075602, 59.435308735364764]]}, "properties": {"Speed": 16.5, "road_quality": 2, "marker": 7, "trip_id": "602D3_Trip1", "hrot_diff": 1, "sample_diff": 13, "time_diff_s": 0.244, "gps_distance_m": 3.2, "original_speed": "1639", "wheel_diameter_mm": 711.0003997802734, "braking_intensity": 0.0, "is_braking": false, "is_crash": false, "crash_intensity_g": 0.0, "segment_start_sample": 54234, "segment_end_sample": 54247, "time_str": "09:10:51", "Speed_display": 13.0}}, {"type": "Feature", "geometry": {"type": "LineString", "coordinates": [[24.734474878075602, 59.435308735364764], [24.734415622309488, 59.43530209217383]]}, "properties": {"Speed": 11.2, "road_quality": 2, "marker": 7, "trip_id": "602D3_Trip1", "hrot_diff": 1, "sample_diff": 18, "time_diff_s": 0.36, "gps_distance_m": 3.4, "original_speed": "1739", "wheel_diameter_mm": 711.0003997802734, "braking_intensity": 0.0, "is_braking": false, "is_crash": false, "crash_intensity_g": 0.0, "segment_start_sample": 54274, "segment_end_sample": 54292, "time_str": "09:10:51", "Speed_display": 14.1}}, {"type": "Feature", "geometry": {"type": "LineString", "coordinates": [[24.734415622309488, 59.43530209217383], [24.734350541101765, 59.43529891369363]]}, "properties": {"Speed": 9.5, "road_quality": 2, "marker": 7, "trip_id": "602D3_Trip1", "hrot_diff": 1, "sample_diff": 15, "time_diff_s": 0.423, "gps_distance_m": 3.7, "original_speed": "1709", "wheel_diameter_mm": 711.0003997802734, "braking_intensity": 0.0, "is_braking": false, "is_crash": false, "crash_intensity_g": 0.0, "segment_start_sample": 54319, "segment_end_sample": 54334, "time_str": "09:10:52", "Speed_display": 12.7}}, {"type": "Feature", "geometry": {"type": "LineString", "coordinates": [[24.734350541101765, 59.43529891369363], [24.73428878842057, 59.43529386811127]]}, "properties": {"Speed": 16.8, "road_quality": 2, "marker": 7, "trip_id": "602D3_Trip1", "hrot_diff": 1, "sample_diff": 16, "time_diff_s": 0.239, "gps_distance_m": 3.5, "original_speed": "1666", "wheel_diameter_mm": 711.0003997802734, "braking_intensity": 0.0, "is_braking": false, "is_crash": false, "crash_intensity_g": 0.0, "segment_start_sample": 54381, "segment_end_sample": 54397, "time_str": "09:10:54", "Speed_display": 11.3}}, {"type": "Feature", "geometry": {"type": "LineString", "coordinates": [[24.73428878842057, 59.43529386811127], [24.734233621789677, 59.43529380157542]]}, "properties": {"Speed": 9.6, "road_quality": 2, "marker": 7, "trip_id": "602D3_Trip1", "hrot_diff": 1, "sample_diff": 16, "time_diff_s": 0.419, "gps_distance_m": 3.1, "original_speed": "1600", "wheel_diameter_mm": 711.0003997802734, "braking_intensity": 0.0, "is_braking": false, "is_crash": false, "crash_intensity_g": 0.0, "segment_start_sample": 54412, "segment_end_sample": 54428, "time_str": "09:10:54", "Speed_display": 11.0}}, {"type": "Feature", "geometry": {"type": "LineString", "coordinates": [[24.734233621789677, 59.43529380157542], [24.734178256965393, 59.43529370724719]]}, "properties": {"Speed": 9.6, "road_quality": 2, "marker": 7, "trip_id": "602D3_Trip1", "hrot_diff": 1, "sample_diff": 16, "time_diff_s": 0.417, "gps_distance_m": 3.1, "original_speed": "1587", "wheel_diameter_mm": 711.0003997802734, "braking_intensity": 0.0, "is_braking": false, "is_crash": false, "crash_intensity_g": 0.0, "segment_start_sample": 54476, "segment_end_sample": 54492, "time_str": "09:10:55", "Speed_display": 11.3}}, {"type": "Feature", "geometry": {"type": "LineString", "coordinates": [[24.734178256965393, 59.43529370724719], [24.734128967427427, 59.43529560145864]]}, "properties": {"Speed": 9.5, "road_quality": 2, "marker": 7, "trip_id": "602D3_Trip1", "hrot_diff": 1, "sample_diff": 18, "time_diff_s": 0.425, "gps_distance_m": 2.8, "original_speed": "1500", "wheel_diameter_mm": 711.0003997802734, "braking_intensity": 0.0, "is_braking": false, "is_crash": false, "crash_intensity_g": 0.0, "segment_start_sample": 54526, "segment_end_sample": 54544, "time_str": "09:10:56", "Speed_display": 11.3}}, {"type": "Feature", "geometry": {"type": "LineString", "coordinates": [[24.734128967427427, 59.43529560145864], [24.734074261654428, 59.43529611462155]]}, "properties": {"Speed": 11.1, "road_quality": 2, "marker": 7, "trip_id": "602D3_Trip1", "hrot_diff": 1, "sample_diff": 17, "time_diff_s": 0.361, "gps_distance_m": 3.1, "original_speed": "1526", "wheel_diameter_mm": 711.0003997802734, "braking_intensity": 0.0, "is_braking": false, "is_crash": false, "crash_intensity_g": 0.0, "segment_start_sample": 54574, "segment_end_sample": 54591, "time_str": "09:10:57", "Speed_display": 11.3}}, {"type": "Feature", "geometry": {"type": "LineString", "coordinates": [[24.734074261654428, 59.43529611462155], [24.73401638415838, 59.43529246362666]]}, "properties": {"Speed": 16.9, "road_quality": 2, "marker": 7, "trip_id": "602D3_Trip1", "hrot_diff": 1, "sample_diff": 15, "time_diff_s": 0.238, "gps_distance_m": 3.3, "original_speed": "1626", "wheel_diameter_mm": 711.0003997802734, "braking_intensity": 0.0, "is_braking": false, "is_crash": false, "crash_intensity_g": 0.0, "segment_start_sample": 54620, "segment_end_sample": 54635, "time_str": "09:10:58", "Speed_display": 13.9}}, {"type": "Feature", "geometry": {"type": "LineString", "coordinates": [[24.73401638415838, 59.43529246362666], [24.73395724371075, 59.435287967946685]]}, "properties": {"Speed": 9.6, "road_quality": 2, "marker": 7, "trip_id": "602D3_Trip1", "hrot_diff": 1, "sample_diff": 16, "time_diff_s": 0.42, "gps_distance_m": 3.4, "original_speed": "1709", "wheel_diameter_mm": 711.0003997802734, "braking_intensity": 0.0, "is_braking": false, "is_crash": false, "crash_intensity_g": 0.0, "segment_start_sample": 54678, "segment_end_sample": 54694, "time_str": "09:10:59", "Speed_display": 13.5}}, {"type": "Feature", "geometry": {"type": "LineString", "coordinates": [[24.73395724371075, 59.435287967946685], [24.733895276502576, 59.43527903243048]]}, "properties": {"Speed": 22.3, "road_quality": 2, "marker": 7, "trip_id": "602D3_Trip1", "hrot_diff": 1, "sample_diff": 16, "time_diff_s": 0.18, "gps_distance_m": 3.6, "original_speed": "1724", "wheel_diameter_mm": 711.0003997802734, "braking_intensity": 0.0, "is_braking": false, "is_crash": false, "crash_intensity_g": 0.0, "segment_start_sample": 54722, "segment_end_sample": 54738, "time_str": "09:11:00", "Speed_display": 13.2}}, {"type": "Feature", "geometry": {"type": "LineString", "coordinates": [[24.733895276502576, 59.43527903243048], [24.733846205185102, 59.43527146293688]]}, "properties": {"Speed": 7.5, "road_quality": 2, "marker": 7, "trip_id": "602D3_Trip1", "hrot_diff": 1, "sample_diff": 15, "time_diff_s": 0.535, "gps_distance_m": 2.9, "original_speed": "1680", "wheel_diameter_mm": 711.0003997802734, "braking_intensity": 0.0, "is_braking": false, "is_crash": false, "crash_intensity_g": 0.0, "segment_start_sample": 54768, "segment_end_sample": 54783, "time_str": "09:11:01", "Speed_display": 11.1}}, {"type": "Feature", "geometry": {"type": "LineString", "coordinates": [[24.733846205185102, 59.43527146293688], [24.7337967925691, 59.43526041323348]]}, "properties": {"Speed": 9.6, "road_quality": 2, "marker": 7, "trip_id": "602D3_Trip1", "hrot_diff": 1, "sample_diff": 20, "time_diff_s": 0.42, "gps_distance_m": 3.1, "original_speed": "1538", "wheel_diameter_mm": 711.0003997802734, "braking_intensity": 0.0, "is_braking": false, "is_crash": false, "crash_intensity_g": 0.0, "segment_start_sample": 54834, "segment_end_sample": 54854, "time_str": "09:11:03", "Speed_display": 9.3}}, {"type": "Feature", "geometry": {"type": "LineString", "coordinates": [[24.7337967925691, 59.43526041323348], [24.733760067452977, 59.435245995738285]]}, "properties": {"Speed": 6.6, "road_quality": 2, "marker": 7, "trip_id": "602D3_Trip1", "hrot_diff": 1, "sample_diff": 28, "time_diff_s": 0.606, "gps_distance_m": 2.6, "original_speed": "1293", "wheel_diameter_mm": 711.0003997802734, "braking_intensity": 0.0, "is_braking": false, "is_crash": false, "crash_intensity_g": 0.0, "segment_start_sample": 54877, "segment_end_sample": 54905, "time_str": "09:11:03", "Speed_display": 5.6}}, {"type": "Feature", "geometry": {"type": "LineString", "coordinates": [[24.733760067452977, 59.435245995738285], [24.733715064953522, 59.435246246616465]]}, "properties": {"Speed": 0.4, "road_quality": 1, "marker": 7, "trip_id": "602D3_Trip1", "hrot_diff": 1, "sample_diff": 565, "time_diff_s": 11.398, "gps_distance_m": 2.5, "original_speed": "709", "wheel_diameter_mm": 711.0003997802734, "braking_intensity": 0.0, "is_braking": false, "is_crash": false, "crash_intensity_g": 0.0, "segment_start_sample": 54985, "segment_end_sample": 55550, "time_str": "09:11:06", "Speed_display": 4.4}}, {"type": "Feature", "geometry": {"type": "LineString", "coordinates": [[24.733715064953522, 59.435246246616465], [24.733705854996852, 59.435234263049225]]}, "properties": {"Speed": 3.9, "road_quality": 2, "marker": 3, "trip_id": "602D3_Trip1", "hrot_diff": 1, "sample_diff": 52, "time_diff_s": 1.02, "gps_distance_m": 1.4, "original_speed": "0", "wheel_diameter_mm": 711.0003997802734, "braking_intensity": 0.0, "is_braking": false, "is_crash": false, "crash_intensity_g": 0.0, "segment_start_sample": 55550, "segment_end_sample": 55602, "time_str": "09:11:17", "Speed_display": 3.5}}, {"type": "Feature", "geometry": {"type": "LineString", "coordinates": [[24.733705854996852, 59.435234263049225], [24.73369411998225, 59.43522424100268]]}, "properties": {"Speed": 1.3, "road_quality": 2, "marker": 7, "trip_id": "602D3_Trip1", "hrot_diff": 1, "sample_diff": 148, "time_diff_s": 3.001, "gps_distance_m": 1.3, "original_speed": "81", "wheel_diameter_mm": 711.0003997802734, "braking_intensity": 0.0, "is_braking": false, "is_crash": false, "crash_intensity_g": 0.0, "segment_start_sample": 55602, "segment_end_sample": 55750, "time_str": "09:11:18", "Speed_display": 3.1}}, {"type": "Feature", "geometry": {"type": "LineString", "coordinates": [[24.73369411998225, 59.43522424100268], [24.733683079530223, 59.435215793310896]]}, "properties": {"Speed": 5.2, "road_quality": 2, "marker": 3, "trip_id": "602D3_Trip1", "hrot_diff": 1, "sample_diff": 41, "time_diff_s": 0.779, "gps_distance_m": 1.1, "original_speed": "0", "wheel_diameter_mm": 711.0003997802734, "braking_intensity": 0.0, "is_braking": false, "is_crash": false, "crash_intensity_g": 0.0, "segment_start_sample": 55750, "segment_end_sample": 55791, "time_str": "09:11:21", "Speed_display": 5.0}}, {"type": "Feature", "geometry": {"type": "LineString", "coordinates": [[24.733683079530223, 59.435215793310896], [24.733663035997893, 59.435211831471676]]}, "properties": {"Speed": 4.8, "road_quality": 2, "marker": 7, "trip_id": "602D3_Trip1", "hrot_diff": 1, "sample_diff": 43, "time_diff_s": 0.84, "gps_distance_m": 1.2, "original_speed": "264", "wheel_diameter_mm": 711.0003997802734, "braking_intensity": 0.0, "is_braking": false, "is_crash": false, "crash_intensity_g": 0.0, "segment_start_sample": 55791, "segment_end_sample": 55834, "time_str": "09:11:22", "Speed_display": 6.1}}, {"type": "Feature", "geometry": {"type": "LineString", "coordinates": [[24.733663035997893, 59.435211831471676], [24.733641077357643, 59.435198365129956]]}, "properties": {"Speed": 9.6, "road_quality": 2, "marker": 7, "trip_id": "602D3_Trip1", "hrot_diff": 1, "sample_diff": 26, "time_diff_s": 0.419, "gps_distance_m": 1.9, "original_speed": "653", "wheel_diameter_mm": 711.0003997802734, "braking_intensity": 0.0, "is_braking": false, "is_crash": false, "crash_intensity_g": 0.0, "segment_start_sample": 55860, "segment_end_sample": 55886, "time_str": "09:11:23", "Speed_display": 7.8}}, {"type": "Feature", "geometry": {"type": "LineString", "coordinates": [[24.733641077357643, 59.435198365129956], [24.733601986813024, 59.43518495890377]]}, "properties": {"Speed": 9.6, "road_quality": 2, "marker": 7, "trip_id": "602D3_Trip1", "hrot_diff": 1, "sample_diff": 22, "time_diff_s": 0.42, "gps_distance_m": 2.7, "original_speed": "892", "wheel_diameter_mm": 711.0003997802734, "braking_intensity": 0.0, "is_braking": false, "is_crash": false, "crash_intensity_g": 0.0, "segment_start_sample": 55907, "segment_end_sample": 55929, "time_str": "09:11:24", "Speed_display": 8.6}}, {"type": "Feature", "geometry": {"type": "LineString", "coordinates": [[24.733601986813024, 59.43518495890377], [24.73356235886614, 59.43517332713374]]}, "properties": {"Speed": 9.6, "road_quality": 2, "marker": 7, "trip_id": "602D3_Trip1", "hrot_diff": 1, "sample_diff": 18, "time_diff_s": 0.42, "gps_distance_m": 2.6, "original_speed": "1239", "wheel_diameter_mm": 711.0003997802734, "braking_intensity": 0.0, "is_braking": false, "is_crash": false, "crash_intensity_g": 0.0, "segment_start_sample": 55966, "segment_end_sample": 55984, "time_str": "09:11:25", "Speed_display": 9.6}}, {"type": "Feature", "geometry": {"type": "LineString", "coordinates": [[24.73356235886614, 59.43517332713374], [24.7335062941261, 59.43516622869972]]}, "properties": {"Speed": 9.6, "road_quality": 2, "marker": 7, "trip_id": "602D3_Trip1", "hrot_diff": 1, "sample_diff": 14, "time_diff_s": 0.419, "gps_distance_m": 3.3, "original_speed": "1376", "wheel_diameter_mm": 711.0003997802734, "braking_intensity": 0.0, "is_braking": false, "is_crash": false, "crash_intensity_g": 0.0, "segment_start_sample": 56037, "segment_end_sample": 56051, "time_str": "09:11:27", "Speed_display": 9.6}}, {"type": "Feature", "geometry": {"type": "LineString", "coordinates": [[24.7335062941261, 59.43516622869972], [24.73344837876038, 59.435165751657344]]}, "properties": {"Speed": 9.6, "road_quality": 2, "marker": 7, "trip_id": "602D3_Trip1", "hrot_diff": 1, "sample_diff": 16, "time_diff_s": 0.42, "gps_distance_m": 3.3, "original_speed": "1526", "wheel_diameter_mm": 711.0003997802734, "braking_intensity": 0.0, "is_braking": false, "is_crash": false, "crash_intensity_g": 0.0, "segment_start_sample": 56066, "segment_end_sample": 56082, "time_str": "09:11:27", "Speed_display": 9.6}}, {"type": "Feature", "geometry": {"type": "LineString", "coordinates": [[24.73344837876038, 59.435165751657344], [24.73339269924967, 59.435159885146255]]}, "properties": {"Speed": 9.6, "road_quality": 2, "marker": 7, "trip_id": "602D3_Trip1", "hrot_diff": 1, "sample_diff": 15, "time_diff_s": 0.418, "gps_distance_m": 3.2, "original_speed": "1666", "wheel_diameter_mm": 711.0003997802734, "braking_intensity": 0.0, "is_braking": false, "is_crash": false, "crash_intensity_g": 0.0, "segment_start_sample": 56126, "segment_end_sample": 56141, "time_str": "09:11:28", "Speed_display": 9.6}}, {"type": "Feature", "geometry": {"type": "LineString", "coordinates": [[24.73339269924967, 59.435159885146255], [24.73334444251938, 59.435152249762616]]}, "properties": {"Speed": 9.6, "road_quality": 2, "marker": 7, "trip_id": "602D3_Trip1", "hrot_diff": 1, "sample_diff": 16, "time_diff_s": 0.419, "gps_distance_m": 2.9, "original_speed": "1639", "wheel_diameter_mm": 711.0003997802734, "braking_intensity": 0.0, "is_braking": false, "is_crash": false, "crash_intensity_g": 0.0, "segment_start_sample": 56187, "segment_end_sample": 56203, "time_str": "09:11:30", "Speed_display": 9.6}}, {"type": "Feature", "geometry": {"type": "LineString", "coordinates": [[24.73334444251938, 59.435152249762616], [24.733277085249757, 59.43514651386921]]}, "properties": {"Speed": 9.6, "road_quality": 2, "marker": 7, "trip_id": "602D3_Trip1", "hrot_diff": 1, "sample_diff": 17, "time_diff_s": 0.419, "gps_distance_m": 3.9, "original_speed": "1600", "wheel_diameter_mm": 711.0003997802734, "braking_intensity": 0.0, "is_braking": false, "is_crash": false, "crash_intensity_g": 0.0, "segment_start_sample": 56219, "segment_end_sample": 56236, "time_str": "09:11:30", "Speed_display": 9.6}}, {"type": "Feature", "geometry": {"type": "LineString", "coordinates": [[24.733277085249757, 59.43514651386921], [24.733229958400376, 59.4351388695892]]}, "properties": {"Speed": 9.6, "road_quality": 2, "marker": 7, "trip_id": "602D3_Trip1", "hrot_diff": 1, "sample_diff": 18, "time_diff_s": 0.419, "gps_distance_m": 2.8, "original_speed": "1428", "wheel_diameter_mm": 711.0003997802734, "braking_intensity": 0.0, "is_braking": false, "is_crash": false, "crash_intensity_g": 0.0, "segment_start_sample": 56273, "segment_end_sample": 56291, "time_str": "09:11:31", "Speed_display": 9.0}}, {"type": "Feature", "geometry": {"type": "LineString", "coordinates": [[24.733229958400376, 59.4351388695892], [24.73319606650328, 59.435133363299315]]}, "properties": {"Speed": 9.6, "road_quality": 2, "marker": 7, "trip_id": "602D3_Trip1", "hrot_diff": 1, "sample_diff": 25, "time_diff_s": 0.42, "gps_distance_m": 2.0, "original_speed": "1304", "wheel_diameter_mm": 711.0003997802734, "braking_intensity": 0.0, "is_braking": false, "is_crash": false, "crash_intensity_g": 0.0, "segment_start_sample": 56314, "segment_end_sample": 56339, "time_str": "09:11:32", "Speed_display": 8.5}}, {"type": "Feature", "geometry": {"type": "LineString", "coordinates": [[24.73319606650328, 59.435133363299315], [24.733159097600087, 59.43512705749823]]}, "properties": {"Speed": 6.7, "road_quality": 2, "marker": 7, "trip_id": "602D3_Trip1", "hrot_diff": 1, "sample_diff": 31, "time_diff_s": 0.6, "gps_distance_m": 2.2, "original_speed": "1094", "wheel_diameter_mm": 711.0003997802734, "braking_intensity": 0.0, "is_braking": false, "is_crash": false, "crash_intensity_g": 0.0, "segment_start_sample": 56362, "segment_end_sample": 56393, "time_str": "09:11:33", "Speed_display": 8.8}}, {"type": "Feature", "geometry": {"type": "LineString", "coordinates": [[24.733159097600087, 59.43512705749823], [24.733137858386876, 59.43512071235463]]}, "properties": {"Speed": 6.8, "road_quality": 2, "marker": 7, "trip_id": "602D3_Trip1", "hrot_diff": 1, "sample_diff": 27, "time_diff_s": 0.593, "gps_distance_m": 1.4, "original_speed": "900", "wheel_diameter_mm": 711.0003997802734, "braking_intensity": 0.0, "is_braking": false, "is_crash": false, "crash_intensity_g": 0.0, "segment_start_sample": 56419, "segment_end_sample": 56446, "time_str": "09:11:34", "Speed_display": 8.8}}, {"type": "Feature", "geometry": {"type": "LineString", "coordinates": [[24.733137858386876, 59.43512071235463], [24.733110296490505, 59.43511062825435]]}, "properties": {"Speed": 11.2, "road_quality": 2, "marker": 7, "trip_id": "602D3_Trip1", "hrot_diff": 1, "sample_diff": 25, "time_diff_s": 0.36, "gps_distance_m": 1.9, "original_speed": "961", "wheel_diameter_mm": 711.0003997802734, "braking_intensity": 0.0, "is_braking": false, "is_crash": false, "crash_intensity_g": 0.0, "segment_start_sample": 56470, "segment_end_sample": 56495, "time_str": "09:11:35", "Speed_display": 8.8}}, {"type": "Feature", "geometry": {"type": "LineString", "coordinates": [[24.733110296490505, 59.43511062825435], [24.73307943128511, 59.43509485534564]]}, "properties": {"Speed": 9.6, "road_quality": 2, "marker": 7, "trip_id": "602D3_Trip1", "hrot_diff": 1, "sample_diff": 20, "time_diff_s": 0.417, "gps_distance_m": 2.5, "original_speed": "1048", "wheel_diameter_mm": 711.0003997802734, "braking_intensity": 0.0, "is_braking": false, "is_crash": false, "crash_intensity_g": 0.0, "segment_start_sample": 56513, "segment_end_sample": 56533, "time_str": "09:11:36", "Speed_display": 9.4}}, {"type": "Feature", "geometry": {"type": "LineString", "coordinates": [[24.73307943128511, 59.43509485534564], [24.733062832897883, 59.43506907675467]]}, "properties": {"Speed": 9.6, "road_quality": 2, "marker": 7, "trip_id": "602D3_Trip1", "hrot_diff": 1, "sample_diff": 18, "time_diff_s": 0.42, "gps_distance_m": 3.0, "original_speed": "1339", "wheel_diameter_mm": 711.0003997802734, "braking_intensity": 0.0, "is_braking": false, "is_crash": false, "crash_intensity_g": 0.0, "segment_start_sample": 56569, "segment_end_sample": 56587, "time_str": "09:11:37", "Speed_display": 11.3}}, {"type": "Feature", "geometry": {"type": "LineString", "coordinates": [[24.733062832897883, 59.43506907675467], [24.73305849261786, 59.43503786687518]]}, "properties": {"Speed": 9.6, "road_quality": 2, "marker": 7, "trip_id": "602D3_Trip1", "hrot_diff": 1, "sample_diff": 18, "time_diff_s": 0.417, "gps_distance_m": 3.5, "original_speed": "1376", "wheel_diameter_mm": 711.0003997802734, "braking_intensity": 0.0, "is_braking": false, "is_crash": false, "crash_intensity_g": 0.0, "segment_start_sample": 56624, "segment_end_sample": 56642, "time_str": "09:11:38", "Speed_display": 12.4}}, {"type": "Feature", "geometry": {"type": "LineString", "coordinates": [[24.73305849261786, 59.43503786687518], [24.733078701992092, 59.435014418391546]]}, "properties": {"Speed": 16.6, "road_quality": 2, "marker": 7, "trip_id": "602D3_Trip1", "hrot_diff": 1, "sample_diff": 18, "time_diff_s": 0.242, "gps_distance_m": 2.8, "original_speed": "1351", "wheel_diameter_mm": 711.0003997802734, "braking_intensity": 0.0, "is_braking": false, "is_crash": false, "crash_intensity_g": 0.0, "segment_start_sample": 56661, "segment_end_sample": 56679, "time_str": "09:11:39", "Speed_display": 12.7}}, {"type": "Feature", "geometry": {"type": "LineString", "coordinates": [[24.733078701992092, 59.435014418391546], [24.7330950027988, 59.434983611177884]]}, "properties": {"Speed": 16.8, "road_quality": 2, "marker": 7, "trip_id": "602D3_Trip1", "hrot_diff": 1, "sample_diff": 20, "time_diff_s": 0.239, "gps_distance_m": 3.5, "original_speed": "1315", "wheel_diameter_mm": 711.0003997802734, "braking_intensity": 0.0, "is_braking": false, "is_crash": false, "crash_intensity_g": 0.0, "segment_start_sample": 56719, "segment_end_sample": 56739, "time_str": "09:11:40", "Speed_display": 11.5}}, {"type": "Feature", "geometry": {"type": "LineString", "coordinates": [[24.7330950027988, 59.434983611177884], [24.733110176083763, 59.43496784759495]]}, "properties": {"Speed": 11.1, "road_quality": 2, "marker": 7, "trip_id": "602D3_Trip1", "hrot_diff": 1, "sample_diff": 29, "time_diff_s": 0.362, "gps_distance_m": 2.0, "original_speed": "1229", "wheel_diameter_mm": 711.0003997802734, "braking_intensity": 0.0, "is_braking": false, "is_crash": false, "crash_intensity_g": 0.0, "segment_start_sample": 56760, "segment_end_sample": 56789, "time_str": "09:11:41", "Speed_display": 9.6}}, {"type": "Feature", "geometry": {"type": "LineString", "coordinates": [[24.733110176083763, 59.43496784759495], [24.733122963128483, 59.43495613561544]]}, "properties": {"Speed": 3.4, "road_quality": 1, "marker": 7, "trip_id": "602D3_Trip1", "hrot_diff": 1, "sample_diff": 60, "time_diff_s": 1.2, "gps_distance_m": 1.5, "original_speed": "862", "wheel_diameter_mm": 711.0003997802734, "braking_intensity": 0.0, "is_braking": false, "is_crash": false, "crash_intensity_g": 0.0, "segment_start_sample": 56826, "segment_end_sample": 56886, "time_str": "09:11:42", "Speed_display": 7.2}}, {"type": "Feature", "geometry": {"type": "LineString", "coordinates": [[24.733122963128483, 59.43495613561544], [24.733153762964598, 59.43492790279491]]}, "properties": {"Speed": 0.2, "road_quality": 1, "marker": 7, "trip_id": "602D3_Trip1", "hrot_diff": 1, "sample_diff": 1274, "time_diff_s": 25.56, "gps_distance_m": 3.6, "original_speed": "613", "wheel_diameter_mm": 711.0003997802734, "braking_intensity": 0.0, "is_braking": false, "is_crash": false, "crash_intensity_g": 0.0, "segment_start_sample": 56886, "segment_end_sample": 58160, "time_str": "09:11:44", "Speed_display": 4.9}}, {"type": "Feature", "geometry": {"type": "LineString", "coordinates": [[24.733153762964598, 59.43492790279491], [24.733164792678355, 59.43491775322737]]}, "properties": {"Speed": 4.5, "road_quality": 2, "marker": 3, "trip_id": "602D3_Trip1", "hrot_diff": 1, "sample_diff": 45, "time_diff_s": 0.899, "gps_distance_m": 1.3, "original_speed": "0", "wheel_diameter_mm": 711.0003997802734, "braking_intensity": 0.0, "is_braking": false, "is_crash": false, "crash_intensity_g": 0.0, "segment_start_sample": 58160, "segment_end_sample": 58205, "time_str": "09:12:09", "Speed_display": 3.6}}, {"type": "Feature", "geometry": {"type": "LineString", "coordinates": [[24.733164792678355, 59.43491775322737], [24.73319371961277, 59.43490432405074]]}, "properties": {"Speed": 5.2, "road_quality": 2, "marker": 7, "trip_id": "602D3_Trip1", "hrot_diff": 1, "sample_diff": 40, "time_diff_s": 0.778, "gps_distance_m": 2.2, "original_speed": "662", "wheel_diameter_mm": 711.0003997802734, "braking_intensity": 0.0, "is_braking": false, "is_crash": false, "crash_intensity_g": 0.0, "segment_start_sample": 58276, "segment_end_sample": 58316, "time_str": "09:12:11", "Speed_display": 3.9}}, {"type": "Feature", "geometry": {"type": "LineString", "coordinates": [[24.73319371961277, 59.43490432405074], [24.73322542031377, 59.43489968142198]]}, "properties": {"Speed": 4.8, "road_quality": 2, "marker": 7, "trip_id": "602D3_Trip1", "hrot_diff": 1, "sample_diff": 40, "time_diff_s": 0.839, "gps_distance_m": 1.9, "original_speed": "680", "wheel_diameter_mm": 711.0003997802734, "braking_intensity": 0.0, "is_braking": false, "is_crash": false, "crash_intensity_g": 0.0, "segment_start_sample": 58316, "segment_end_sample": 58356, "time_str": "09:12:12", "Speed_display": 4.9}}, {"type": "Feature", "geometry": {"type": "LineString", "coordinates": [[24.73322542031377, 59.43489968142198], [24.733244594763093, 59.434892595939296]]}, "properties": {"Speed": 4.8, "road_quality": 2, "marker": 7, "trip_id": "602D3_Trip1", "hrot_diff": 1, "sample_diff": 41, "time_diff_s": 0.839, "gps_distance_m": 1.3, "original_speed": "632", "wheel_diameter_mm": 711.0003997802734, "braking_intensity": 0.0, "is_braking": false, "is_crash": false, "crash_intensity_g": 0.0, "segment_start_sample": 58434, "segment_end_sample": 58475, "time_str": "09:12:15", "Speed_display": 5.3}}, {"type": "Feature", "geometry": {"type": "LineString", "coordinates": [[24.733244594763093, 59.434892595939296], [24.733238824520917, 59.43488353845788]]}, "properties": {"Speed": 5.2, "road_quality": 2, "marker": 7, "trip_id": "602D3_Trip1", "hrot_diff": 1, "sample_diff": 33, "time_diff_s": 0.78, "gps_distance_m": 1.1, "original_speed": "636", "wheel_diameter_mm": 711.0003997802734, "braking_intensity": 0.0, "is_braking": false, "is_crash": false, "crash_intensity_g": 0.0, "segment_start_sample": 58475, "segment_end_sample": 58508, "time_str": "09:12:15", "Speed_display": 5.6}}, {"type": "Feature", "geometry": {"type": "LineString", "coordinates": [[24.733238824520917, 59.43488353845788], [24.73323914425311, 59.43487441889566]]}, "properties": {"Speed": 6.7, "road_quality": 2, "marker": 7, "trip_id": "602D3_Trip1", "hrot_diff": 1, "sample_diff": 34, "time_diff_s": 0.603, "gps_distance_m": 1.0, "original_speed": "653", "wheel_diameter_mm": 711.0003997802734, "braking_intensity": 0.0, "is_braking": false, "is_crash": false, "crash_intensity_g": 0.0, "segment_start_sample": 58508, "segment_end_sample": 58542, "time_str": "09:12:16", "Speed_display": 6.0}}, {"type": "Feature", "geometry": {"type": "LineString", "coordinates": [[24.73323914425311, 59.43487441889566], [24.733237356144777, 59.434859694431296]]}, "properties": {"Speed": 6.7, "road_quality": 2, "marker": 7, "trip_id": "602D3_Trip1", "hrot_diff": 1, "sample_diff": 29, "time_diff_s": 0.604, "gps_distance_m": 1.6, "original_speed": "769", "wheel_diameter_mm": 711.0003997802734, "braking_intensity": 0.0, "is_braking": false, "is_crash": false, "crash_intensity_g": 0.0, "segment_start_sample": 58571, "segment_end_sample": 58600, "time_str": "09:12:17", "Speed_display": 6.2}}, {"type": "Feature", "geometry": {"type": "LineString", "coordinates": [[24.733237356144777, 59.434859694431296], [24.733215718318537, 59.434843832202546]]}, "properties": {"Speed": 6.8, "road_quality": 2, "marker": 7, "trip_id": "602D3_Trip1", "hrot_diff": 1, "sample_diff": 30, "time_diff_s": 0.592, "gps_distance_m": 2.1, "original_speed": "826", "wheel_diameter_mm": 711.0003997802734, "braking_intensity": 0.0, "is_braking": false, "is_crash": false, "crash_intensity_g": 0.0, "segment_start_sample": 58600, "segment_end_sample": 58630, "time_str": "09:12:18", "Speed_display": 5.9}}, {"type": "Feature", "geometry": {"type": "LineString", "coordinates": [[24.733215718318537, 59.434843832202546], [24.733187409318703, 59.434831255923775]]}, "properties": {"Speed": 5.6, "road_quality": 2, "marker": 7, "trip_id": "602D3_Trip1", "hrot_diff": 1, "sample_diff": 35, "time_diff_s": 0.719, "gps_distance_m": 2.1, "original_speed": "862", "wheel_diameter_mm": 711.0003997802734, "braking_intensity": 0.0, "is_braking": false, "is_crash": false, "crash_intensity_g": 0.0, "segment_start_sample": 58657, "segment_end_sample": 58692, "time_str": "09:12:19", "Speed_display": 6.2}}, {"type": "Feature", "geometry": {"type": "LineString", "coordinates": [[24.733187409318703, 59.434831255923775], [24.733153984909475, 59.43482583053784]]}, "properties": {"Speed": 3.5, "road_quality": 2, "marker": 7, "trip_id": "602D3_Trip1", "hrot_diff": 1, "sample_diff": 44, "time_diff_s": 1.14, "gps_distance_m": 2.0, "original_speed": "746", "wheel_diameter_mm": 711.0003997802734, "braking_intensity": 0.0, "is_braking": false, "is_crash": false, "crash_intensity_g": 0.0, "segment_start_sample": 58729, "segment_end_sample": 58773, "time_str": "09:12:20", "Speed_display": 6.2}}, {"type": "Feature", "geometry": {"type": "LineString", "coordinates": [[24.733153984909475, 59.43482583053784], [24.733125824556254, 59.43482554910459]]}, "properties": {"Speed": 8.4, "road_quality": 2, "marker": 7, "trip_id": "602D3_Trip1", "hrot_diff": 1, "sample_diff": 36, "time_diff_s": 0.48, "gps_distance_m": 1.6, "original_speed": "653", "wheel_diameter_mm": 711.0003997802734, "braking_intensity": 0.0, "is_braking": false, "is_crash": false, "crash_intensity_g": 0.0, "segment_start_sample": 58773, "segment_end_sample": 58809, "time_str": "09:12:22", "Speed_display": 6.5}}, {"type": "Feature", "geometry": {"type": "LineString", "coordinates": [[24.733125824556254, 59.43482554910459], [24.733094782040006, 59.43482998663678]]}, "properties": {"Speed": 6.7, "road_quality": 2, "marker": 7, "trip_id": "602D3_Trip1", "hrot_diff": 1, "sample_diff": 30, "time_diff_s": 0.6, "gps_distance_m": 1.8, "original_speed": "621", "wheel_diameter_mm": 711.0003997802734, "braking_intensity": 0.0, "is_braking": false, "is_crash": false, "crash_intensity_g": 0.0, "segment_start_sample": 58809, "segment_end_sample": 58839, "time_str": "09:12:22", "Speed_display": 6.7}}, {"type": "Feature", "geometry": {"type": "LineString", "coordinates": [[24.733094782040006, 59.43482998663678], [24.73305556689967, 59.434829045251774]]}, "properties": {"Speed": 8.4, "road_quality": 2, "marker": 7, "trip_id": "602D3_Trip1", "hrot_diff": 1, "sample_diff": 34, "time_diff_s": 0.48, "gps_distance_m": 2.2, "original_speed": "775", "wheel_diameter_mm": 711.0003997802734, "braking_intensity": 0.0, "is_braking": false, "is_crash": false, "crash_intensity_g": 0.0, "segment_start_sample": 58872, "segment_end_sample": 58906, "time_str": "09:12:24", "Speed_display": 7.4}}, {"type": "Feature", "geometry": {"type": "LineString", "coordinates": [[24.73305556689967, 59.434829045251774], [24.733031212374705, 59.43483017735626]]}, "properties": {"Speed": 6.7, "road_quality": 2, "marker": 7, "trip_id": "602D3_Trip1", "hrot_diff": 1, "sample_diff": 32, "time_diff_s": 0.6, "gps_distance_m": 1.4, "original_speed": "769", "wheel_diameter_mm": 711.0003997802734, "braking_intensity": 0.0, "is_braking": false, "is_crash": false, "crash_intensity_g": 0.0, "segment_start_sample": 58906, "segment_end_sample": 58938, "time_str": "09:12:24", "Speed_display": 6.6}}, {"type": "Feature", "geometry": {"type": "LineString", "coordinates": [[24.733031212374705, 59.43483017735626], [24.7330038802379, 59.43483260943392]]}, "properties": {"Speed": 6.7, "road_quality": 2, "marker": 7, "trip_id": "602D3_Trip1", "hrot_diff": 1, "sample_diff": 32, "time_diff_s": 0.6, "gps_distance_m": 1.6, "original_speed": "769", "wheel_diameter_mm": 711.0003997802734, "braking_intensity": 0.0, "is_braking": false, "is_crash": false, "crash_intensity_g": 0.0, "segment_start_sample": 58970, "segment_end_sample": 59002, "time_str": "09:12:25", "Speed_display": 6.6}}, {"type": "Feature", "geometry": {"type": "LineString", "coordinates": [[24.7330038802379, 59.43483260943392], [24.732976095841906, 59.434832550574285]]}, "properties": {"Speed": 4.5, "road_quality": 2, "marker": 7, "trip_id": "602D3_Trip1", "hrot_diff": 1, "sample_diff": 37, "time_diff_s": 0.901, "gps_distance_m": 1.6, "original_speed": "781", "wheel_diameter_mm": 711.0003997802734, "braking_intensity": 0.0, "is_braking": false, "is_crash": false, "crash_intensity_g": 0.0, "segment_start_sample": 59002, "segment_end_sample": 59039, "time_str": "09:12:26", "Speed_display": 6.3}}, {"type": "Feature", "geometry": {"type": "LineString", "coordinates": [[24.732976095841906, 59.434832550574285], [24.732956660330277, 59.43483284661071]]}, "properties": {"Speed": 6.7, "road_quality": 2, "marker": 7, "trip_id": "602D3_Trip1", "hrot_diff": 1, "sample_diff": 30, "time_diff_s": 0.6, "gps_distance_m": 1.1, "original_speed": "699", "wheel_diameter_mm": 711.0003997802734, "braking_intensity": 0.0, "is_braking": false, "is_crash": false, "crash_intensity_g": 0.0, "segment_start_sample": 59076, "segment_end_sample": 59106, "time_str": "09:12:27", "Speed_display": 6.8}}, {"type": "Feature", "geometry": {"type": "LineString", "coordinates": [[24.732956660330277, 59.43483284661071], [24.73292270044477, 59.43482978925792]]}, "properties": {"Speed": 6.7, "road_quality": 2, "marker": 7, "trip_id": "602D3_Trip1", "hrot_diff": 1, "sample_diff": 25, "time_diff_s": 0.6, "gps_distance_m": 2.0, "original_speed": "709", "wheel_diameter_mm": 711.0003997802734, "braking_intensity": 0.0, "is_braking": false, "is_crash": false, "crash_intensity_g": 0.0, "segment_start_sample": 59106, "segment_end_sample": 59131, "time_str": "09:12:28", "Speed_display": 8.9}}, {"type": "Feature", "geometry": {"type": "LineString", "coordinates": [[24.732882524331607, 59.434817634998765], [24.73284620497108, 59.43479011096121]]}, "properties": {"Speed": 9.6, "road_quality": 2, "marker": 7, "trip_id": "602D3_Trip1", "hrot_diff": 1, "sample_diff": 15, "time_diff_s": 0.42, "gps_distance_m": 3.7, "original_speed": "1459", "wheel_diameter_mm": 711.0003997802734, "braking_intensity": 0.0, "is_braking": false, "is_crash": false, "crash_intensity_g": 0.0, "segment_start_sample": 59218, "segment_end_sample": 59233, "time_str": "09:12:30", "Speed_display": 9.9}}, {"type": "Feature", "geometry": {"type": "LineString", "coordinates": [[24.73284620497108, 59.43479011096121], [24.73284902396288, 59.43475862487036]]}, "properties": {"Speed": 16.8, "road_quality": 2, "marker": 7, "trip_id": "602D3_Trip1", "hrot_diff": 1, "sample_diff": 12, "time_diff_s": 0.239, "gps_distance_m": 3.5, "original_speed": "1724", "wheel_diameter_mm": 711.0003997802734, "braking_intensity": 0.0, "is_braking": false, "is_crash": false, "crash_intensity_g": 0.0, "segment_start_sample": 59275, "segment_end_sample": 59287, "time_str": "09:12:31", "Speed_display": 11.9}}, {"type": "Feature", "geometry": {"type": "LineString", "coordinates": [[24.73284902396288, 59.43475862487036], [24.732870667164025, 59.43472467601425]]}, "properties": {"Speed": 9.6, "road_quality": 2, "marker": 7, "trip_id": "602D3_Trip1", "hrot_diff": 1, "sample_diff": 11, "time_diff_s": 0.42, "gps_distance_m": 4.0, "original_speed": "1869", "wheel_diameter_mm": 711.0003997802734, "braking_intensity": 0.0, "is_braking": false, "is_crash": false, "crash_intensity_g": 0.0, "segment_start_sample": 59329, "segment_end_sample": 59340, "time_str": "09:12:32", "Speed_display": 15.0}}, {"type": "Feature", "geometry": {"type": "LineString", "coordinates": [[24.732870667164025, 59.43472467601425], [24.73290725391449, 59.43469240847576]]}, "properties": {"Speed": 16.9, "road_quality": 2, "marker": 7, "trip_id": "602D3_Trip1", "hrot_diff": 1, "sample_diff": 14, "time_diff_s": 0.238, "gps_distance_m": 4.1, "original_speed": "1923", "wheel_diameter_mm": 711.0003997802734, "braking_intensity": 0.0, "is_braking": false, "is_crash": false, "crash_intensity_g": 0.0, "segment_start_sample": 59365, "segment_end_sample": 59379, "time_str": "09:12:33", "Speed_display": 16.5}}, {"type": "Feature", "geometry": {"type": "LineString", "coordinates": [[24.73290725391449, 59.43469240847576], [24.732939801285607, 59.434665112797525]]}, "properties": {"Speed": 22.2, "road_quality": 2, "marker": 7, "trip_id": "602D3_Trip1", "hrot_diff": 1, "sample_diff": 12, "time_diff_s": 0.181, "gps_distance_m": 3.5, "original_speed": "1941", "wheel_diameter_mm": 711.0003997802734, "braking_intensity": 0.0, "is_braking": false, "is_crash": false, "crash_intensity_g": 0.0, "segment_start_sample": 59417, "segment_end_sample": 59429, "time_str": "09:12:34", "Speed_display": 15.3}}, {"type": "Feature", "geometry": {"type": "LineString", "coordinates": [[24.732939801285607, 59.434665112797525], [24.732961054491277, 59.434637873125816]]}, "properties": {"Speed": 16.8, "road_quality": 2, "marker": 7, "trip_id": "602D3_Trip1", "hrot_diff": 1, "sample_diff": 12, "time_diff_s": 0.239, "gps_distance_m": 3.3, "original_speed": "1980", "wheel_diameter_mm": 711.0003997802734, "braking_intensity": 0.0, "is_braking": false, "is_crash": false, "crash_intensity_g": 0.0, "segment_start_sample": 59480, "segment_end_sample": 59492, "time_str": "09:12:36", "Speed_display": 16.8}}, {"type": "Feature", "geometry": {"type": "LineString", "coordinates": [[24.732961054491277, 59.434637873125816], [24.732989031729886, 59.43460032983]]}, "properties": {"Speed": 11.2, "road_quality": 2, "marker": 7, "trip_id": "602D3_Trip1", "hrot_diff": 1, "sample_diff": 15, "time_diff_s": 0.36, "gps_distance_m": 4.5, "original_speed": "2083", "wheel_diameter_mm": 711.0003997802734, "braking_intensity": 0.0, "is_braking": false, "is_crash": false, "crash_intensity_g": 0.0, "segment_start_sample": 59526, "segment_end_sample": 59541, "time_str": "09:12:36", "Speed_display": 15.1}}, {"type": "Feature", "geometry": {"type": "LineString", "coordinates": [[24.732989031729886, 59.43460032983], [24.73301884312597, 59.43456701796873]]}, "properties": {"Speed": 16.8, "road_quality": 2, "marker": 7, "trip_id": "602D3_Trip1", "hrot_diff": 1, "sample_diff": 11, "time_diff_s": 0.239, "gps_distance_m": 4.1, "original_speed": "2100", "wheel_diameter_mm": 711.0003997802734, "braking_intensity": 0.0, "is_braking": false, "is_crash": false, "crash_intensity_g": 0.0, "segment_start_sample": 59576, "segment_end_sample": 59587, "time_str": "09:12:37", "Speed_display": 15.1}}, {"type": "Feature", "geometry": {"type": "LineString", "coordinates": [[24.73301884312597, 59.43456701796873], [24.733049167146252, 59.434535276151706]]}, "properties": {"Speed": 8.4, "road_quality": 2, "marker": 7, "trip_id": "602D3_Trip1", "hrot_diff": 1, "sample_diff": 12, "time_diff_s": 0.477, "gps_distance_m": 3.9, "original_speed": "2066", "wheel_diameter_mm": 711.0003997802734, "braking_intensity": 0.0, "is_braking": false, "is_crash": false, "crash_intensity_g": 0.0, "segment_start_sample": 59635, "segment_end_sample": 59647, "time_str": "09:12:39", "Speed_display": 15.1}}, {"type": "Feature", "geometry": {"type": "LineString", "coordinates": [[24.733049167146252, 59.434535276151706], [24.73308451513367, 59.43450087786873]]}, "properties": {"Speed": 22.3, "road_quality": 2, "marker": 7, "trip_id": "602D3_Trip1", "hrot_diff": 1, "sample_diff": 12, "time_diff_s": 0.18, "gps_distance_m": 4.3, "original_speed": "2100", "wheel_diameter_mm": 711.0003997802734, "braking_intensity": 0.0, "is_braking": false, "is_crash": false, "crash_intensity_g": 0.0, "segment_start_sample": 59672, "segment_end_sample": 59684, "time_str": "09:12:39", "Speed_display": 16.2}}, {"type": "Feature", "geometry": {"type": "LineString", "coordinates": [[24.73308451513367, 59.43450087786873], [24.73311601439136, 59.434473042230195]]}, "properties": {"Speed": 16.8, "road_quality": 2, "marker": 7, "trip_id": "602D3_Trip1", "hrot_diff": 1, "sample_diff": 12, "time_diff_s": 0.24, "gps_distance_m": 3.6, "original_speed": "2049", "wheel_diameter_mm": 711.0003997802734, "braking_intensity": 0.0, "is_braking": false, "is_crash": false, "crash_intensity_g": 0.0, "segment_start_sample": 59721, "segment_end_sample": 59733, "time_str": "09:12:40", "Speed_display": 14.8}}, {"type": "Feature", "geometry": {"type": "LineString", "coordinates": [[24.73311601439136, 59.434473042230195], [24.73314175234635, 59.434446697927285]]}, "properties": {"Speed": 16.8, "road_quality": 2, "marker": 7, "trip_id": "602D3_Trip1", "hrot_diff": 1, "sample_diff": 13, "time_diff_s": 0.239, "gps_distance_m": 3.3, "original_speed": "2066", "wheel_diameter_mm": 711.0003997802734, "braking_intensity": 0.0, "is_braking": false, "is_crash": false, "crash_intensity_g": 0.0, "segment_start_sample": 59781, "segment_end_sample": 59794, "time_str": "09:12:42", "Speed_display": 15.0}}, {"type": "Feature", "geometry": {"type": "LineString", "coordinates": [[24.73314175234635, 59.434446697927285], [24.73318249151236, 59.43440834773187]]}, "properties": {"Speed": 9.6, "road_quality": 2, "marker": 7, "trip_id": "602D3_Trip1", "hrot_diff": 1, "sample_diff": 12, "time_diff_s": 0.419, "gps_distance_m": 4.8, "original_speed": "2032", "wheel_diameter_mm": 711.0003997802734, "braking_intensity": 0.0, "is_braking": false, "is_crash": false, "crash_intensity_g": 0.0, "segment_start_sample": 59819, "segment_end_sample": 59831, "time_str": "09:12:42", "Speed_display": 12.5}}, {"type": "Feature", "geometry": {"type": "LineString", "coordinates": [[24.73318249151236, 59.43440834773187], [24.733216392677353, 59.434376691052414]]}, "properties": {"Speed": 9.6, "road_quality": 2, "marker": 7, "trip_id": "602D3_Trip1", "hrot_diff": 1, "sample_diff": 14, "time_diff_s": 0.417, "gps_distance_m": 4.0, "original_speed": "2032", "wheel_diameter_mm": 711.0003997802734, "braking_intensity": 0.0, "is_braking": false, "is_crash": false, "crash_intensity_g": 0.0, "segment_start_sample": 59867, "segment_end_sample": 59881, "time_str": "09:12:43", "Speed_display": 12.5}}, {"type": "Feature", "geometry": {"type": "LineString", "coordinates": [[24.733216392677353, 59.434376691052414], [24.733251731324955, 59.43434442633939]]}, "properties": {"Speed": 9.6, "road_quality": 2, "marker": 7, "trip_id": "602D3_Trip1", "hrot_diff": 1, "sample_diff": 12, "time_diff_s": 0.42, "gps_distance_m": 4.1, "original_speed": "2032", "wheel_diameter_mm": 711.0003997802734, "braking_intensity": 0.0, "is_braking": false, "is_crash": false, "crash_intensity_g": 0.0, "segment_start_sample": 59929, "segment_end_sample": 59941, "time_str": "09:12:44", "Speed_display": 11.0}}, {"type": "Feature", "geometry": {"type": "LineString", "coordinates": [[24.733251731324955, 59.43434442633939], [24.733282637487445, 59.43431342927689]]}, "properties": {"Speed": 16.8, "road_quality": 2, "marker": 7, "trip_id": "602D3_Trip1", "hrot_diff": 1, "sample_diff": 13, "time_diff_s": 0.24, "gps_distance_m": 3.9, "original_speed": "2083", "wheel_diameter_mm": 711.0003997802734, "braking_intensity": 0.0, "is_braking": false, "is_crash": false, "crash_intensity_g": 0.0, "segment_start_sample": 59966, "segment_end_sample": 59979, "time_str": "09:12:45", "Speed_display": 11.0}}, {"type": "Feature", "geometry": {"type": "LineString", "coordinates": [[24.733282637487445, 59.43431342927689], [24.733308319649414, 59.43428024060599]]}, "properties": {"Speed": 9.5, "road_quality": 2, "marker": 7, "trip_id": "602D3_Trip1", "hrot_diff": 1, "sample_diff": 12, "time_diff_s": 0.425, "gps_distance_m": 4.0, "original_speed": "2032", "wheel_diameter_mm": 711.0003997802734, "braking_intensity": 0.0, "is_braking": false, "is_crash": false, "crash_intensity_g": 0.0, "segment_start_sample": 60027, "segment_end_sample": 60039, "time_str": "09:12:46", "Speed_display": 13.6}}, {"type": "Feature", "geometry": {"type": "LineString", "coordinates": [[24.733308319649414, 59.43428024060599], [24.733339100170678, 59.43424731627575]]}, "properties": {"Speed": 9.7, "road_quality": 2, "marker": 7, "trip_id": "602D3_Trip1", "hrot_diff": 1, "sample_diff": 12, "time_diff_s": 0.416, "gps_distance_m": 4.1, "original_speed": "2083", "wheel_diameter_mm": 711.0003997802734, "braking_intensity": 0.0, "is_braking": false, "is_crash": false, "crash_intensity_g": 0.0, "segment_start_sample": 60075, "segment_end_sample": 60087, "time_str": "09:12:47", "Speed_display": 15.0}}, {"type": "Feature", "geometry": {"type": "LineString", "coordinates": [[24.733339100170678, 59.43424731627575], [24.733377089083447, 59.43421655616457]]}, "properties": {"Speed": 22.2, "road_quality": 2, "marker": 7, "trip_id": "602D3_Trip1", "hrot_diff": 1, "sample_diff": 13, "time_diff_s": 0.181, "gps_distance_m": 4.0, "original_speed": "2083", "wheel_diameter_mm": 711.0003997802734, "braking_intensity": 0.0, "is_braking": false, "is_crash": false, "crash_intensity_g": 0.0, "segment_start_sample": 60123, "segment_end_sample": 60136, "time_str": "09:12:48", "Speed_display": 15.0}}, {"type": "Feature", "geometry": {"type": "LineString", "coordinates": [[24.733377089083447, 59.43421655616457], [24.73340898256796, 59.43418239372046]]}, "properties": {"Speed": 16.8, "road_quality": 2, "marker": 7, "trip_id": "602D3_Trip1", "hrot_diff": 1, "sample_diff": 13, "time_diff_s": 0.239, "gps_distance_m": 4.2, "original_speed": "2066", "wheel_diameter_mm": 711.0003997802734, "braking_intensity": 0.0, "is_braking": false, "is_crash": false, "crash_intensity_g": 0.0, "segment_start_sample": 60172, "segment_end_sample": 60185, "time_str": "09:12:49", "Speed_display": 16.8}}, {"type": "Feature", "geometry": {"type": "LineString", "coordinates": [[24.73340898256796, 59.43418239372046], [24.733436564053864, 59.43415103907937]]}, "properties": {"Speed": 17.0, "road_quality": 2, "marker": 7, "trip_id": "602D3_Trip1", "hrot_diff": 1, "sample_diff": 12, "time_diff_s": 0.237, "gps_distance_m": 3.8, "original_speed": "2032", "wheel_diameter_mm": 711.0003997802734, "braking_intensity": 0.0, "is_braking": false, "is_crash": false, "crash_intensity_g": 0.0, "segment_start_sample": 60234, "segment_end_sample": 60246, "time_str": "09:12:51", "Speed_display": 18.2}}, {"type": "Feature", "geometry": {"type": "LineString", "coordinates": [[24.733436564053864, 59.43415103907937], [24.733473121011937, 59.43412029456574]]}, "properties": {"Speed": 18.5, "road_quality": 2, "marker": 7, "trip_id": "602D3_Trip1", "hrot_diff": 1, "sample_diff": 12, "time_diff_s": 0.217, "gps_distance_m": 4.0, "original_speed": "2016", "wheel_diameter_mm": 711.0003997802734, "braking_intensity": 0.0, "is_braking": false, "is_crash": false, "crash_intensity_g": 0.0, "segment_start_sample": 60271, "segment_end_sample": 60283, "time_str": "09:12:51", "Speed_display": 17.1}}, {"type": "Feature", "geometry": {"type": "LineString", "coordinates": [[24.733473121011937, 59.43412029456574], [24.733496152972602, 59.43408709966148]]}, "properties": {"Speed": 16.6, "road_quality": 2, "marker": 7, "trip_id": "602D3_Trip1", "hrot_diff": 1, "sample_diff": 12, "time_diff_s": 0.242, "gps_distance_m": 3.9, "original_speed": "2032", "wheel_diameter_mm": 711.0003997802734, "braking_intensity": 0.0, "is_braking": false, "is_crash": false, "crash_intensity_g": 0.0, "segment_start_sample": 60320, "segment_end_sample": 60332, "time_str": "09:12:52", "Speed_display": 17.1}}, {"type": "Feature", "geometry": {"type": "LineString", "coordinates": [[24.733496152972602, 59.43408709966148], [24.733523317279605, 59.43405416957448]]}, "properties": {"Speed": 16.7, "road_quality": 2, "marker": 7, "trip_id": "602D3_Trip1", "hrot_diff": 1, "sample_diff": 13, "time_diff_s": 0.241, "gps_distance_m": 4.0, "original_speed": "2066", "wheel_diameter_mm": 711.0003997802734, "braking_intensity": 0.0, "is_braking": false, "is_crash": false, "crash_intensity_g": 0.0, "segment_start_sample": 60380, "segment_end_sample": 60393, "time_str": "09:12:54", "Speed_display": 15.6}}, {"type": "Feature", "geometry": {"type": "LineString", "coordinates": [[24.733523317279605, 59.43405416957448], [24.73354167083176, 59.43402211729546]]}, "properties": {"Speed": 16.8, "road_quality": 2, "marker": 7, "trip_id": "602D3_Trip1", "hrot_diff": 1, "sample_diff": 12, "time_diff_s": 0.239, "gps_distance_m": 3.7, "original_speed": "2083", "wheel_diameter_mm": 711.0003997802734, "braking_intensity": 0.0, "is_braking": false, "is_crash": false, "crash_intensity_g": 0.0, "segment_start_sample": 60417, "segment_end_sample": 60429, "time_str": "09:12:54", "Speed_display": 13.8}}, {"type": "Feature", "geometry": {"type": "LineString", "coordinates": [[24.73354167083176, 59.43402211729546], [24.73357713407048, 59.433985652396345]]}, "properties": {"Speed": 9.5, "road_quality": 2, "marker": 7, "trip_id": "602D3_Trip1", "hrot_diff": 1, "sample_diff": 13, "time_diff_s": 0.424, "gps_distance_m": 4.5, "original_speed": "2066", "wheel_diameter_mm": 711.0003997802734, "braking_intensity": 0.0, "is_braking": false, "is_crash": false, "crash_intensity_g": 0.0, "segment_start_sample": 60477, "segment_end_sample": 60490, "time_str": "09:12:55", "Speed_display": 15.0}}, {"type": "Feature", "geometry": {"type": "LineString", "coordinates": [[24.73357713407048, 59.433985652396345], [24.73361817187765, 59.433951715584286]]}, "properties": {"Speed": 9.5, "road_quality": 2, "marker": 7, "trip_id": "602D3_Trip1", "hrot_diff": 1, "sample_diff": 13, "time_diff_s": 0.422, "gps_distance_m": 4.4, "original_speed": "2100", "wheel_diameter_mm": 711.0003997802734, "braking_intensity": 0.0, "is_braking": false, "is_crash": false, "crash_intensity_g": 0.0, "segment_start_sample": 60537, "segment_end_sample": 60550, "time_str": "09:12:57", "Speed_display": 15.0}}, {"type": "Feature", "geometry": {"type": "LineString", "coordinates": [[24.73361817187765, 59.433951715584286], [24.733656473704098, 59.43391749363079]]}, "properties": {"Speed": 22.6, "road_quality": 2, "marker": 7, "trip_id": "602D3_Trip1", "hrot_diff": 1, "sample_diff": 11, "time_diff_s": 0.178, "gps_distance_m": 4.4, "original_speed": "2100", "wheel_diameter_mm": 711.0003997802734, "braking_intensity": 0.0, "is_braking": false, "is_crash": false, "crash_intensity_g": 0.0, "segment_start_sample": 60573, "segment_end_sample": 60584, "time_str": "09:12:57", "Speed_display": 13.6}}, {"type": "Feature", "geometry": {"type": "LineString", "coordinates": [[24.733656473704098, 59.43391749363079], [24.733689433602578, 59.433886100205136]]}, "properties": {"Speed": 16.8, "road_quality": 2, "marker": 7, "trip_id": "602D3_Trip1", "hrot_diff": 1, "sample_diff": 13, "time_diff_s": 0.239, "gps_distance_m": 4.0, "original_speed": "2100", "wheel_diameter_mm": 711.0003997802734, "braking_intensity": 0.0, "is_braking": false, "is_crash": false, "crash_intensity_g": 0.0, "segment_start_sample": 60621, "segment_end_sample": 60634, "time_str": "09:12:58", "Speed_display": 16.2}}, {"type": "Feature", "geometry": {"type": "LineString", "coordinates": [[24.733689433602578, 59.433886100205136], [24.73372087419579, 59.43384979643445]]}, "properties": {"Speed": 9.6, "road_quality": 2, "marker": 7, "trip_id": "602D3_Trip1", "hrot_diff": 1, "sample_diff": 12, "time_diff_s": 0.42, "gps_distance_m": 4.4, "original_speed": "2100", "wheel_diameter_mm": 711.0003997802734, "braking_intensity": 0.0, "is_braking": false, "is_crash": false, "crash_intensity_g": 0.0, "segment_start_sample": 60681, "segment_end_sample": 60693, "time_str": "09:13:00", "Speed_display": 17.6}}, {"type": "Feature", "geometry": {"type": "LineString", "coordinates": [[24.73372087419579, 59.43384979643445], [24.733758651595686, 59.43381533951355]]}, "properties": {"Speed": 22.3, "road_quality": 2, "marker": 7, "trip_id": "602D3_Trip1", "hrot_diff": 1, "sample_diff": 12, "time_diff_s": 0.18, "gps_distance_m": 4.4, "original_speed": "2100", "wheel_diameter_mm": 711.0003997802734, "braking_intensity": 0.0, "is_braking": false, "is_crash": false, "crash_intensity_g": 0.0, "segment_start_sample": 60727, "segment_end_sample": 60739, "time_str": "09:13:00", "Speed_display": 16.4}}, {"type": "Feature", "geometry": {"type": "LineString", "coordinates": [[24.733758651595686, 59.43381533951355], [24.733790124853336, 59.43377995478559]]}, "properties": {"Speed": 16.7, "road_quality": 2, "marker": 7, "trip_id": "602D3_Trip1", "hrot_diff": 1, "sample_diff": 12, "time_diff_s": 0.241, "gps_distance_m": 4.3, "original_speed": "2118", "wheel_diameter_mm": 711.0003997802734, "braking_intensity": 0.0, "is_braking": false, "is_crash": false, "crash_intensity_g": 0.0, "segment_start_sample": 60775, "segment_end_sample": 60787, "time_str": "09:13:01", "Speed_display": 15.0}}, {"type": "Feature", "geometry": {"type": "LineString", "coordinates": [[24.733790124853336, 59.43377995478559], [24.73382158059157, 59.4337432983302]]}, "properties": {"Speed": 16.8, "road_quality": 2, "marker": 7, "trip_id": "602D3_Trip1", "hrot_diff": 1, "sample_diff": 11, "time_diff_s": 0.24, "gps_distance_m": 4.4, "original_speed": "2155", "wheel_diameter_mm": 711.0003997802734, "braking_intensity": 0.0, "is_braking": false, "is_crash": false, "crash_intensity_g": 0.0, "segment_start_sample": 60834, "segment_end_sample": 60845, "time_str": "09:13:03", "Speed_display": 16.4}}, {"type": "Feature", "geometry": {"type": "LineString", "coordinates": [[24.73382158059157, 59.4337432983302], [24.73385522098763, 59.43370624965187]]}, "properties": {"Speed": 9.6, "road_quality": 2, "marker": 7, "trip_id": "602D3_Trip1", "hrot_diff": 1, "sample_diff": 12, "time_diff_s": 0.42, "gps_distance_m": 4.5, "original_speed": "2155", "wheel_diameter_mm": 711.0003997802734, "braking_intensity": 0.0, "is_braking": false, "is_crash": false, "crash_intensity_g": 0.0, "segment_start_sample": 60868, "segment_end_sample": 60880, "time_str": "09:13:03", "Speed_display": 15.3}}, {"type": "Feature", "geometry": {"type": "LineString", "coordinates": [[24.73385522098763, 59.43370624965187], [24.7338865401941, 59.43367114576829]]}, "properties": {"Speed": 16.8, "road_quality": 2, "marker": 7, "trip_id": "602D3_Trip1", "hrot_diff": 1, "sample_diff": 12, "time_diff_s": 0.24, "gps_distance_m": 4.3, "original_speed": "2118", "wheel_diameter_mm": 711.0003997802734, "braking_intensity": 0.0, "is_braking": false, "is_crash": false, "crash_intensity_g": 0.0, "segment_start_sample": 60926, "segment_end_sample": 60938, "time_str": "09:13:04", "Speed_display": 13.9}}, {"type": "Feature", "geometry": {"type": "LineString", "coordinates": [[24.7338865401941, 59.43367114576829], [24.73391624888233, 59.43363569709717]]}, "properties": {"Speed": 16.6, "road_quality": 2, "marker": 7, "trip_id": "602D3_Trip1", "hrot_diff": 1, "sample_diff": 12, "time_diff_s": 0.242, "gps_distance_m": 4.3, "original_speed": "2173", "wheel_diameter_mm": 711.0003997802734, "braking_intensity": 0.0, "is_braking": false, "is_crash": false, "crash_intensity_g": 0.0, "segment_start_sample": 60984, "segment_end_sample": 60996, "time_str": "09:13:06", "Speed_display": 13.9}}, {"type": "Feature", "geometry": {"type": "LineString", "coordinates": [[24.73391624888233, 59.43363569709717], [24.733944016310662, 59.433599657221855]]}, "properties": {"Speed": 9.5, "road_quality": 2, "marker": 7, "trip_id": "602D3_Trip1", "hrot_diff": 1, "sample_diff": 11, "time_diff_s": 0.422, "gps_distance_m": 4.3, "original_speed": "2155", "wheel_diameter_mm": 711.0003997802734, "braking_intensity": 0.0, "is_braking": false, "is_crash": false, "crash_intensity_g": 0.0, "segment_start_sample": 61019, "segment_end_sample": 61030, "time_str": "09:13:06", "Speed_display": 16.4}}, {"type": "Feature", "geometry": {"type": "LineString", "coordinates": [[24.733944016310662, 59.433599657221855], [24.733970632319963, 59.43356509129247]]}, "properties": {"Speed": 16.8, "road_quality": 2, "marker": 7, "trip_id": "602D3_Trip1", "hrot_diff": 1, "sample_diff": 12, "time_diff_s": 0.239, "gps_distance_m": 4.1, "original_speed": "2155", "wheel_diameter_mm": 711.0003997802734, "braking_intensity": 0.0, "is_braking": false, "is_crash": false, "crash_intensity_g": 0.0, "segment_start_sample": 61077, "segment_end_sample": 61089, "time_str": "09:13:07", "Speed_display": 16.4}}, {"type": "Feature", "geometry": {"type": "LineString", "coordinates": [[24.733993677176844, 59.43353205704695], [24.73402536644002, 59.43349582498153]]}, "properties": {"Speed": 22.3, "road_quality": 2, "marker": 7, "trip_id": "602D3_Trip1", "hrot_diff": 1, "sample_diff": 11, "time_diff_s": 0.18, "gps_distance_m": 4.4, "original_speed": "2155", "wheel_diameter_mm": 711.0003997802734, "braking_intensity": 0.0, "is_braking": false, "is_crash": false, "crash_intensity_g": 0.0, "segment_start_sample": 61170, "segment_end_sample": 61181, "time_str": "09:13:09", "Speed_display": 16.4}}, {"type": "Feature", "geometry": {"type": "LineString", "coordinates": [[24.734058033658798, 59.43346104808447], [24.734090856736586, 59.433424326001166]]}, "properties": {"Speed": 16.8, "road_quality": 2, "marker": 7, "trip_id": "602D3_Trip1", "hrot_diff": 1, "sample_diff": 11, "time_diff_s": 0.24, "gps_distance_m": 4.5, "original_speed": "2212", "wheel_diameter_mm": 711.0003997802734, "braking_intensity": 0.0, "is_braking": false, "is_crash": false, "crash_intensity_g": 0.0, "segment_start_sample": 61284, "segment_end_sample": 61295, "time_str": "09:13:12", "Speed_display": 17.9}}, {"type": "Feature", "geometry": {"type": "LineString", "coordinates": [[24.734090856736586, 59.433424326001166], [24.73412515082397, 59.43339045518591]]}, "properties": {"Speed": 16.8, "road_quality": 2, "marker": 7, "trip_id": "602D3_Trip1", "hrot_diff": 1, "sample_diff": 14, "time_diff_s": 0.24, "gps_distance_m": 4.2, "original_speed": "2293", "wheel_diameter_mm": 711.0003997802734, "braking_intensity": 0.0, "is_braking": false, "is_crash": false, "crash_intensity_g": 0.0, "segment_start_sample": 61315, "segment_end_sample": 61329, "time_str": "09:13:12", "Speed_display": 17.9}}, {"type": "Feature", "geometry": {"type": "LineString", "coordinates": [[24.73412515082397, 59.43339045518591], [24.73415532979646, 59.43335761374661]]}, "properties": {"Speed": 16.8, "road_quality": 2, "marker": 7, "trip_id": "602D3_Trip1", "hrot_diff": 1, "sample_diff": 13, "time_diff_s": 0.24, "gps_distance_m": 4.0, "original_speed": "2173", "wheel_diameter_mm": 711.0003997802734, "braking_intensity": 0.0, "is_braking": false, "is_crash": false, "crash_intensity_g": 0.0, "segment_start_sample": 61373, "segment_end_sample": 61386, "time_str": "09:13:13", "Speed_display": 17.9}}, {"type": "Feature", "geometry": {"type": "LineString", "coordinates": [[24.73415532979646, 59.43335761374661], [24.73418684973521, 59.43332174983422]]}, "properties": {"Speed": 16.8, "road_quality": 2, "marker": 7, "trip_id": "602D3_Trip1", "hrot_diff": 1, "sample_diff": 11, "time_diff_s": 0.239, "gps_distance_m": 4.4, "original_speed": "2212", "wheel_diameter_mm": 711.0003997802734, "braking_intensity": 0.0, "is_braking": false, "is_crash": false, "crash_intensity_g": 0.0, "segment_start_sample": 61430, "segment_end_sample": 61441, "time_str": "09:13:15", "Speed_display": 16.5}}, {"type": "Feature", "geometry": {"type": "LineString", "coordinates": [[24.73418684973521, 59.43332174983422], [24.73421895879516, 59.4332854680492]]}, "properties": {"Speed": 22.3, "road_quality": 2, "marker": 7, "trip_id": "602D3_Trip1", "hrot_diff": 1, "sample_diff": 13, "time_diff_s": 0.18, "gps_distance_m": 4.4, "original_speed": "2252", "wheel_diameter_mm": 711.0003997802734, "braking_intensity": 0.0, "is_braking": false, "is_crash": false, "crash_intensity_g": 0.0, "segment_start_sample": 61474, "segment_end_sample": 61487, "time_str": "09:13:15", "Speed_display": 14.9}}, {"type": "Feature", "geometry": {"type": "LineString", "coordinates": [[24.73421895879516, 59.4332854680492], [24.734254339748723, 59.43324904816578]]}, "properties": {"Speed": 9.6, "road_quality": 2, "marker": 7, "trip_id": "602D3_Trip1", "hrot_diff": 1, "sample_diff": 12, "time_diff_s": 0.421, "gps_distance_m": 4.5, "original_speed": "2212", "wheel_diameter_mm": 711.0003997802734, "braking_intensity": 0.0, "is_braking": false, "is_crash": false, "crash_intensity_g": 0.0, "segment_start_sample": 61519, "segment_end_sample": 61531, "time_str": "09:13:16", "Speed_display": 16.1}}, {"type": "Feature", "geometry": {"type": "LineString", "coordinates": [[24.734254339748723, 59.43324904816578], [24.734288735095664, 59.43321423358363]]}, "properties": {"Speed": 9.1, "road_quality": 2, "marker": 7, "trip_id": "602D3_Trip1", "hrot_diff": 1, "sample_diff": 12, "time_diff_s": 0.44, "gps_distance_m": 4.3, "original_speed": "2155", "wheel_diameter_mm": 711.0003997802734, "braking_intensity": 0.0, "is_braking": false, "is_crash": false, "crash_intensity_g": 0.0, "segment_start_sample": 61588, "segment_end_sample": 61600, "time_str": "09:13:18", "Speed_display": 16.1}}, {"type": "Feature", "geometry": {"type": "LineString", "coordinates": [[24.734288735095664, 59.43321423358363], [24.734317540653787, 59.43317919285975]]}, "properties": {"Speed": 22.5, "road_quality": 2, "marker": 7, "trip_id": "602D3_Trip1", "hrot_diff": 1, "sample_diff": 11, "time_diff_s": 0.179, "gps_distance_m": 4.2, "original_speed": "2212", "wheel_diameter_mm": 711.0003997802734, "braking_intensity": 0.0, "is_braking": false, "is_crash": false, "crash_intensity_g": 0.0, "segment_start_sample": 61622, "segment_end_sample": 61633, "time_str": "09:13:18", "Speed_display": 14.9}}, {"type": "Feature", "geometry": {"type": "LineString", "coordinates": [[24.734317540653787, 59.43317919285975], [24.73434655182106, 59.433140135520524]]}, "properties": {"Speed": 16.8, "road_quality": 2, "marker": 7, "trip_id": "602D3_Trip1", "hrot_diff": 1, "sample_diff": 12, "time_diff_s": 0.239, "gps_distance_m": 4.6, "original_speed": "2232", "wheel_diameter_mm": 711.0003997802734, "braking_intensity": 0.0, "is_braking": false, "is_crash": false, "crash_intensity_g": 0.0, "segment_start_sample": 61677, "segment_end_sample": 61689, "time_str": "09:13:19", "Speed_display": 16.4}}, {"type": "Feature", "geometry": {"type": "LineString", "coordinates": [[24.73434655182106, 59.433140135520524], [24.734375134255256, 59.43311256271732]]}, "properties": {"Speed": 16.7, "road_quality": 2, "marker": 7, "trip_id": "602D3_Trip1", "hrot_diff": 1, "sample_diff": 12, "time_diff_s": 0.241, "gps_distance_m": 3.5, "original_speed": "2212", "wheel_diameter_mm": 711.0003997802734, "braking_intensity": 0.0, "is_braking": false, "is_crash": false, "crash_intensity_g": 0.0, "segment_start_sample": 61734, "segment_end_sample": 61746, "time_str": "09:13:21", "Speed_display": 17.9}}, {"type": "Feature", "geometry": {"type": "LineString", "coordinates": [[24.734411897641646, 59.43307673256345], [24.73444145611371, 59.43304202762025]]}, "properties": {"Speed": 16.8, "road_quality": 2, "marker": 7, "trip_id": "602D3_Trip1", "hrot_diff": 1, "sample_diff": 11, "time_diff_s": 0.24, "gps_distance_m": 4.2, "original_speed": "2232", "wheel_diameter_mm": 711.0003997802734, "braking_intensity": 0.0, "is_braking": false, "is_crash": false, "crash_intensity_g": 0.0, "segment_start_sample": 61824, "segment_end_sample": 61835, "time_str": "09:13:22", "Speed_display": 17.9}}, {"type": "Feature", "geometry": {"type": "LineString", "coordinates": [[24.73444145611371, 59.43304202762025], [24.73447688281702, 59.43300734220649]]}, "properties": {"Speed": 16.8, "road_quality": 2, "marker": 7, "trip_id": "602D3_Trip1", "hrot_diff": 1, "sample_diff": 10, "time_diff_s": 0.24, "gps_distance_m": 4.3, "original_speed": "2232", "wheel_diameter_mm": 711.0003997802734, "braking_intensity": 0.0, "is_braking": false, "is_crash": false, "crash_intensity_g": 0.0, "segment_start_sample": 61881, "segment_end_sample": 61891, "time_str": "09:13:24", "Speed_display": 17.9}}, {"type": "Feature", "geometry": {"type": "LineString", "coordinates": [[24.73447688281702, 59.43300734220649], [24.73450881874672, 59.43296938466529]]}, "properties": {"Speed": 22.2, "road_quality": 2, "marker": 7, "trip_id": "602D3_Trip1", "hrot_diff": 1, "sample_diff": 11, "time_diff_s": 0.181, "gps_distance_m": 4.6, "original_speed": "2232", "wheel_diameter_mm": 711.0003997802734, "braking_intensity": 0.0, "is_braking": false, "is_crash": false, "crash_intensity_g": 0.0, "segment_start_sample": 61925, "segment_end_sample": 61936, "time_str": "09:13:24", "Speed_display": 17.9}}, {"type": "Feature", "geometry": {"type": "LineString", "coordinates": [[24.73450881874672, 59.43296938466529], [24.73454141935961, 59.43293695220815]]}, "properties": {"Speed": 16.8, "road_quality": 2, "marker": 7, "trip_id": "602D3_Trip1", "hrot_diff": 1, "sample_diff": 11, "time_diff_s": 0.24, "gps_distance_m": 4.1, "original_speed": "2192", "wheel_diameter_mm": 711.0003997802734, "braking_intensity": 0.0, "is_braking": false, "is_crash": false, "crash_intensity_g": 0.0, "segment_start_sample": 61970, "segment_end_sample": 61981, "time_str": "09:13:25", "Speed_display": 19.0}}, {"type": "Feature", "geometry": {"type": "LineString", "coordinates": [[24.73454141935961, 59.43293695220815], [24.734575993273218, 59.43290165423049]]}, "properties": {"Speed": 16.8, "road_quality": 2, "marker": 7, "trip_id": "602D3_Trip1", "hrot_diff": 1, "sample_diff": 10, "time_diff_s": 0.239, "gps_distance_m": 4.4, "original_speed": "2192", "wheel_diameter_mm": 711.0003997802734, "braking_intensity": 0.0, "is_braking": false, "is_crash": false, "crash_intensity_g": 0.0, "segment_start_sample": 62038, "segment_end_sample": 62048, "time_str": "09:13:27", "Speed_display": 20.1}}, {"type": "Feature", "geometry": {"type": "LineString", "coordinates": [[24.734575993273218, 59.43290165423049], [24.734608708943586, 59.432866255725735]]}, "properties": {"Speed": 22.2, "road_quality": 2, "marker": 7, "trip_id": "602D3_Trip1", "hrot_diff": 1, "sample_diff": 12, "time_diff_s": 0.181, "gps_distance_m": 4.3, "original_speed": "2232", "wheel_diameter_mm": 711.0003997802734, "braking_intensity": 0.0, "is_braking": false, "is_crash": false, "crash_intensity_g": 0.0, "segment_start_sample": 62071, "segment_end_sample": 62083, "time_str": "09:13:27", "Speed_display": 19.0}}, {"type": "Feature", "geometry": {"type": "LineString", "coordinates": [[24.734608708943586, 59.432866255725735], [24.734642168544667, 59.432827850498136]]}, "properties": {"Speed": 22.3, "road_quality": 2, "marker": 7, "trip_id": "602D3_Trip1", "hrot_diff": 1, "sample_diff": 12, "time_diff_s": 0.18, "gps_distance_m": 4.7, "original_speed": "2173", "wheel_diameter_mm": 711.0003997802734, "braking_intensity": 0.0, "is_braking": false, "is_crash": false, "crash_intensity_g": 0.0, "segment_start_sample": 62117, "segment_end_sample": 62129, "time_str": "09:13:28", "Speed_display": 20.1}}, {"type": "Feature", "geometry": {"type": "LineString", "coordinates": [[24.734642168544667, 59.432827850498136], [24.734669216590465, 59.43278833516903]]}, "properties": {"Speed": 16.8, "road_quality": 2, "marker": 7, "trip_id": "602D3_Trip1", "hrot_diff": 1, "sample_diff": 12, "time_diff_s": 0.24, "gps_distance_m": 4.7, "original_speed": "2155", "wheel_diameter_mm": 711.0003997802734, "braking_intensity": 0.0, "is_braking": false, "is_crash": false, "crash_intensity_g": 0.0, "segment_start_sample": 62187, "segment_end_sample": 62199, "time_str": "09:13:30", "Speed_display": 20.1}}, {"type": "Feature", "geometry": {"type": "LineString", "coordinates": [[24.734669216590465, 59.43278833516903], [24.734674100844934, 59.432754193348686]]}, "properties": {"Speed": 22.2, "road_quality": 2, "marker": 7, "trip_id": "602D3_Trip1", "hrot_diff": 1, "sample_diff": 13, "time_diff_s": 0.181, "gps_distance_m": 3.8, "original_speed": "2049", "wheel_diameter_mm": 711.0003997802734, "braking_intensity": 0.0, "is_braking": false, "is_crash": false, "crash_intensity_g": 0.0, "segment_start_sample": 62223, "segment_end_sample": 62236, "time_str": "09:13:30", "Speed_display": 19.0}}, {"type": "Feature", "geometry": {"type": "LineString", "coordinates": [[24.734674100844934, 59.432754193348686], [24.7346891992932, 59.432720355361134]]}, "properties": {"Speed": 16.8, "road_quality": 2, "marker": 7, "trip_id": "602D3_Trip1", "hrot_diff": 1, "sample_diff": 10, "time_diff_s": 0.239, "gps_distance_m": 3.9, "original_speed": "2100", "wheel_diameter_mm": 711.0003997802734, "braking_intensity": 0.0, "is_braking": false, "is_crash": false, "crash_intensity_g": 0.0, "segment_start_sample": 62272, "segment_end_sample": 62282, "time_str": "09:13:31", "Speed_display": 16.8}}, {"type": "Feature", "geometry": {"type": "LineString", "coordinates": [[24.7346891992932, 59.432720355361134], [24.734717652064557, 59.432681078971974]]}, "properties": {"Speed": 16.8, "road_quality": 2, "marker": 7, "trip_id": "602D3_Trip1", "hrot_diff": 1, "sample_diff": 10, "time_diff_s": 0.239, "gps_distance_m": 4.7, "original_speed": "2083", "wheel_diameter_mm": 711.0003997802734, "braking_intensity": 0.0, "is_braking": false, "is_crash": false, "crash_intensity_g": 0.0, "segment_start_sample": 62331, "segment_end_sample": 62341, "time_str": "09:13:33", "Speed_display": 16.7}}, {"type": "Feature", "geometry": {"type": "LineString", "coordinates": [[24.734717652064557, 59.432681078971974], [24.734744816953015, 59.4326452434173]]}, "properties": {"Speed": 11.2, "road_quality": 2, "marker": 7, "trip_id": "602D3_Trip1", "hrot_diff": 1, "sample_diff": 14, "time_diff_s": 0.36, "gps_distance_m": 4.3, "original_speed": "2136", "wheel_diameter_mm": 711.0003997802734, "braking_intensity": 0.0, "is_braking": false, "is_crash": false, "crash_intensity_g": 0.0, "segment_start_sample": 62377, "segment_end_sample": 62391, "time_str": "09:13:33", "Speed_display": 16.7}}, {"type": "Feature", "geometry": {"type": "LineString", "coordinates": [[24.734744816953015, 59.4326452434173], [24.734778270981305, 59.43260648553899]]}, "properties": {"Speed": 16.7, "road_quality": 2, "marker": 7, "trip_id": "602D3_Trip1", "hrot_diff": 1, "sample_diff": 12, "time_diff_s": 0.241, "gps_distance_m": 4.7, "original_speed": "2100", "wheel_diameter_mm": 711.0003997802734, "braking_intensity": 0.0, "is_braking": false, "is_crash": false, "crash_intensity_g": 0.0, "segment_start_sample": 62426, "segment_end_sample": 62438, "time_str": "09:13:34", "Speed_display": 16.7}}, {"type": "Feature", "geometry": {"type": "LineString", "coordinates": [[24.734800514116195, 59.43257166847982], [24.734840164206066, 59.43254331380842]]}, "properties": {"Speed": 22.1, "road_quality": 2, "marker": 7, "trip_id": "602D3_Trip1", "hrot_diff": 1, "sample_diff": 12, "time_diff_s": 0.182, "gps_distance_m": 3.9, "original_speed": "2118", "wheel_diameter_mm": 711.0003997802734, "braking_intensity": 0.0, "is_braking": false, "is_crash": false, "crash_intensity_g": 0.0, "segment_start_sample": 62520, "segment_end_sample": 62532, "time_str": "09:13:36", "Speed_display": 15.3}}, {"type": "Feature", "geometry": {"type": "LineString", "coordinates": [[24.734840164206066, 59.43254331380842], [24.73487730788489, 59.432510524538436]]}, "properties": {"Speed": 16.8, "road_quality": 2, "marker": 7, "trip_id": "602D3_Trip1", "hrot_diff": 1, "sample_diff": 12, "time_diff_s": 0.24, "gps_distance_m": 4.2, "original_speed": "2173", "wheel_diameter_mm": 711.0003997802734, "braking_intensity": 0.0, "is_braking": false, "is_crash": false, "crash_intensity_g": 0.0, "segment_start_sample": 62577, "segment_end_sample": 62589, "time_str": "09:13:37", "Speed_display": 16.4}}, {"type": "Feature", "geometry": {"type": "LineString", "coordinates": [[24.73487730788489, 59.432510524538436], [24.734918026099553, 59.4324741203713]]}, "properties": {"Speed": 9.5, "road_quality": 2, "marker": 7, "trip_id": "602D3_Trip1", "hrot_diff": 1, "sample_diff": 12, "time_diff_s": 0.423, "gps_distance_m": 4.7, "original_speed": "2212", "wheel_diameter_mm": 711.0003997802734, "braking_intensity": 0.0, "is_braking": false, "is_crash": false, "crash_intensity_g": 0.0, "segment_start_sample": 62633, "segment_end_sample": 62645, "time_str": "09:13:39", "Speed_display": 16.4}}, {"type": "Feature", "geometry": {"type": "LineString", "coordinates": [[24.734918026099553, 59.4324741203713], [24.734961225517758, 59.43244282984658]]}, "properties": {"Speed": 16.8, "road_quality": 2, "marker": 7, "trip_id": "602D3_Trip1", "hrot_diff": 1, "sample_diff": 11, "time_diff_s": 0.24, "gps_distance_m": 4.3, "original_speed": "2212", "wheel_diameter_mm": 711.0003997802734, "braking_intensity": 0.0, "is_braking": false, "is_crash": false, "crash_intensity_g": 0.0, "segment_start_sample": 62668, "segment_end_sample": 62679, "time_str": "09:13:39", "Speed_display": 16.4}}, {"type": "Feature", "geometry": {"type": "LineString", "coordinates": [[24.734961225517758, 59.43244282984658], [24.735013685844454, 59.432412870540055]]}, "properties": {"Speed": 16.7, "road_quality": 2, "marker": 7, "trip_id": "602D3_Trip1", "hrot_diff": 1, "sample_diff": 9, "time_diff_s": 0.241, "gps_distance_m": 4.5, "original_speed": "2232", "wheel_diameter_mm": 711.0003997802734, "braking_intensity": 0.0, "is_braking": false, "is_crash": false, "crash_intensity_g": 0.0, "segment_start_sample": 62724, "segment_end_sample": 62733, "time_str": "09:13:40", "Speed_display": 17.5}}, {"type": "Feature", "geometry": {"type": "LineString", "coordinates": [[24.735013685844454, 59.432412870540055], [24.73507408029381, 59.43238491700747]]}, "properties": {"Speed": 22.3, "road_quality": 2, "marker": 7, "trip_id": "602D3_Trip1", "hrot_diff": 1, "sample_diff": 11, "time_diff_s": 0.18, "gps_distance_m": 4.6, "original_speed": "2314", "wheel_diameter_mm": 711.0003997802734, "braking_intensity": 0.0, "is_braking": false, "is_crash": false, "crash_intensity_g": 0.0, "segment_start_sample": 62778, "segment_end_sample": 62789, "time_str": "09:13:41", "Speed_display": 18.9}}, {"type": "Feature", "geometry": {"type": "LineString", "coordinates": [[24.73507408029381, 59.43238491700747], [24.735140460128004, 59.43235641195451]]}, "properties": {"Speed": 22.0, "road_quality": 2, "marker": 7, "trip_id": "602D3_Trip1", "hrot_diff": 1, "sample_diff": 10, "time_diff_s": 0.183, "gps_distance_m": 4.9, "original_speed": "2293", "wheel_diameter_mm": 711.0003997802734, "braking_intensity": 0.0, "is_braking": false, "is_crash": false, "crash_intensity_g": 0.0, "segment_start_sample": 62822, "segment_end_sample": 62832, "time_str": "09:13:42", "Speed_display": 17.5}}, {"type": "Feature", "geometry": {"type": "LineString", "coordinates": [[24.735140460128004, 59.43235641195451], [24.73520614259083, 59.43232705986596]]}, "properties": {"Speed": 16.8, "road_quality": 2, "marker": 7, "trip_id": "602D3_Trip1", "hrot_diff": 1, "sample_diff": 11, "time_diff_s": 0.239, "gps_distance_m": 4.9, "original_speed": "2314", "wheel_diameter_mm": 711.0003997802734, "braking_intensity": 0.0, "is_braking": false, "is_crash": false, "crash_intensity_g": 0.0, "segment_start_sample": 62875, "segment_end_sample": 62886, "time_str": "09:13:43", "Speed_display": 18.6}}, {"type": "Feature", "geometry": {"type": "LineString", "coordinates": [[24.73520614259083, 59.43232705986596], [24.735272691435675, 59.4322956371303]]}, "properties": {"Speed": 9.6, "road_quality": 2, "marker": 7, "trip_id": "602D3_Trip1", "hrot_diff": 1, "sample_diff": 11, "time_diff_s": 0.42, "gps_distance_m": 5.1, "original_speed": "2403", "wheel_diameter_mm": 711.0003997802734, "braking_intensity": 0.0, "is_braking": false, "is_crash": false, "crash_intensity_g": 0.0, "segment_start_sample": 62927, "segment_end_sample": 62938, "time_str": "09:13:44", "Speed_display": 17.5}}, {"type": "Feature", "geometry": {"type": "LineString", "coordinates": [[24.735272691435675, 59.4322956371303], [24.73533776979559, 59.43226772350291]]}, "properties": {"Speed": 22.3, "road_quality": 2, "marker": 7, "trip_id": "602D3_Trip1", "hrot_diff": 1, "sample_diff": 11, "time_diff_s": 0.18, "gps_distance_m": 4.8, "original_speed": "2358", "wheel_diameter_mm": 711.0003997802734, "braking_intensity": 0.0, "is_braking": false, "is_crash": false, "crash_intensity_g": 0.0, "segment_start_sample": 62970, "segment_end_sample": 62981, "time_str": "09:13:45", "Speed_display": 15.0}}, {"type": "Feature", "geometry": {"type": "LineString", "coordinates": [[24.73533776979559, 59.43226772350291], [24.735408899712596, 59.43224662614652]]}, "properties": {"Speed": 16.7, "road_quality": 2, "marker": 7, "trip_id": "602D3_Trip1", "hrot_diff": 1, "sample_diff": 8, "time_diff_s": 0.241, "gps_distance_m": 4.7, "original_speed": "2252", "wheel_diameter_mm": 711.0003997802734, "braking_intensity": 0.0, "is_braking": false, "is_crash": false, "crash_intensity_g": 0.0, "segment_start_sample": 63027, "segment_end_sample": 63035, "time_str": "09:13:46", "Speed_display": 16.2}}, {"type": "Feature", "geometry": {"type": "LineString", "coordinates": [[24.735479349086177, 59.432228673002164], [24.735545335488695, 59.432204017194366]]}, "properties": {"Speed": 9.6, "road_quality": 2, "marker": 7, "trip_id": "602D3_Trip1", "hrot_diff": 1, "sample_diff": 10, "time_diff_s": 0.42, "gps_distance_m": 4.6, "original_speed": "2272", "wheel_diameter_mm": 711.0003997802734, "braking_intensity": 0.0, "is_braking": false, "is_crash": false, "crash_intensity_g": 0.0, "segment_start_sample": 63125, "segment_end_sample": 63135, "time_str": "09:13:48", "Speed_display": 17.6}}, {"type": "Feature", "geometry": {"type": "LineString", "coordinates": [[24.735545335488695, 59.432204017194366], [24.735616084007823, 59.4321765717301]]}, "properties": {"Speed": 22.8, "road_quality": 2, "marker": 7, "trip_id": "602D3_Trip1", "hrot_diff": 1, "sample_diff": 10, "time_diff_s": 0.176, "gps_distance_m": 5.0, "original_speed": "2314", "wheel_diameter_mm": 711.0003997802734, "braking_intensity": 0.0, "is_braking": false, "is_crash": false, "crash_intensity_g": 0.0, "segment_start_sample": 63169, "segment_end_sample": 63179, "time_str": "09:13:49", "Speed_display": 17.6}}, {"type": "Feature", "geometry": {"type": "LineString", "coordinates": [[24.735616084007823, 59.4321765717301], [24.73568451705884, 59.43215513678593]]}, "properties": {"Speed": 16.8, "road_quality": 2, "marker": 7, "trip_id": "602D3_Trip1", "hrot_diff": 1, "sample_diff": 11, "time_diff_s": 0.24, "gps_distance_m": 4.5, "original_speed": "2293", "wheel_diameter_mm": 711.0003997802734, "braking_intensity": 0.0, "is_braking": false, "is_crash": false, "crash_intensity_g": 0.0, "segment_start_sample": 63234, "segment_end_sample": 63245, "time_str": "09:13:51", "Speed_display": 17.7}}, {"type": "Feature", "geometry": {"type": "LineString", "coordinates": [[24.73568451705884, 59.43215513678593], [24.735750245721956, 59.4321356143609]]}, "properties": {"Speed": 22.3, "road_quality": 2, "marker": 7, "trip_id": "602D3_Trip1", "hrot_diff": 1, "sample_diff": 11, "time_diff_s": 0.18, "gps_distance_m": 4.3, "original_speed": "2272", "wheel_diameter_mm": 711.0003997802734, "braking_intensity": 0.0, "is_braking": false, "is_crash": false, "crash_intensity_g": 0.0, "segment_start_sample": 63278, "segment_end_sample": 63289, "time_str": "09:13:51", "Speed_display": 17.7}}, {"type": "Feature", "geometry": {"type": "LineString", "coordinates": [[24.735750245721956, 59.4321356143609], [24.73581905670777, 59.432119025051655]]}, "properties": {"Speed": 16.8, "road_quality": 2, "marker": 7, "trip_id": "602D3_Trip1", "hrot_diff": 1, "sample_diff": 9, "time_diff_s": 0.24, "gps_distance_m": 4.3, "original_speed": "2252", "wheel_diameter_mm": 711.0003997802734, "braking_intensity": 0.0, "is_braking": false, "is_crash": false, "crash_intensity_g": 0.0, "segment_start_sample": 63323, "segment_end_sample": 63332, "time_str": "09:13:52", "Speed_display": 17.6}}, {"type": "Feature", "geometry": {"type": "LineString", "coordinates": [[24.73581905670777, 59.432119025051655], [24.735884726267027, 59.43209535543596]]}, "properties": {"Speed": 9.7, "road_quality": 2, "marker": 7, "trip_id": "602D3_Trip1", "hrot_diff": 1, "sample_diff": 13, "time_diff_s": 0.416, "gps_distance_m": 4.6, "original_speed": "2252", "wheel_diameter_mm": 711.0003997802734, "braking_intensity": 0.0, "is_braking": false, "is_crash": false, "crash_intensity_g": 0.0, "segment_start_sample": 63388, "segment_end_sample": 63401, "time_str": "09:13:54", "Speed_display": 17.6}}, {"type": "Feature", "geometry": {"type": "LineString", "coordinates": [[24.735884726267027, 59.43209535543596], [24.735952732318232, 59.432077184962345]]}, "properties": {"Speed": 22.3, "road_quality": 2, "marker": 7, "trip_id": "602D3_Trip1", "hrot_diff": 1, "sample_diff": 11, "time_diff_s": 0.18, "gps_distance_m": 4.3, "original_speed": "2212", "wheel_diameter_mm": 711.0003997802734, "braking_intensity": 0.0, "is_braking": false, "is_crash": false, "crash_intensity_g": 0.0, "segment_start_sample": 63423, "segment_end_sample": 63434, "time_str": "09:13:54", "Speed_display": 15.0}}, {"type": "Feature", "geometry": {"type": "LineString", "coordinates": [[24.735952732318232, 59.432077184962345], [24.736017306753464, 59.43205779765755]]}, "properties": {"Speed": 16.8, "road_quality": 2, "marker": 7, "trip_id": "602D3_Trip1", "hrot_diff": 1, "sample_diff": 11, "time_diff_s": 0.239, "gps_distance_m": 4.2, "original_speed": "2155", "wheel_diameter_mm": 711.0003997802734, "braking_intensity": 0.0, "is_braking": false, "is_crash": false, "crash_intensity_g": 0.0, "segment_start_sample": 63470, "segment_end_sample": 63481, "time_str": "09:13:55", "Speed_display": 16.2}}, {"type": "Feature", "geometry": {"type": "LineString", "coordinates": [[24.736017306753464, 59.43205779765755], [24.736074266068346, 59.432038761396264]]}, "properties": {"Speed": 9.6, "road_quality": 2, "marker": 7, "trip_id": "602D3_Trip1", "hrot_diff": 1, "sample_diff": 12, "time_diff_s": 0.419, "gps_distance_m": 3.9, "original_speed": "2232", "wheel_diameter_mm": 711.0003997802734, "braking_intensity": 0.0, "is_braking": false, "is_crash": false, "crash_intensity_g": 0.0, "segment_start_sample": 63538, "segment_end_sample": 63550, "time_str": "09:13:57", "Speed_display": 17.6}}, {"type": "Feature", "geometry": {"type": "LineString", "coordinates": [[24.736074266068346, 59.432038761396264], [24.736135735007544, 59.43201311574115]]}, "properties": {"Speed": 22.5, "road_quality": 2, "marker": 7, "trip_id": "602D3_Trip1", "hrot_diff": 1, "sample_diff": 12, "time_diff_s": 0.179, "gps_distance_m": 4.5, "original_speed": "2173", "wheel_diameter_mm": 711.0003997802734, "braking_intensity": 0.0, "is_braking": false, "is_crash": false, "crash_intensity_g": 0.0, "segment_start_sample": 63574, "segment_end_sample": 63586, "time_str": "09:13:57", "Speed_display": 17.6}}, {"type": "Feature", "geometry": {"type": "LineString", "coordinates": [[24.736135735007544, 59.43201311574115], [24.736193808731613, 59.4319941138682]]}, "properties": {"Speed": 16.8, "road_quality": 2, "marker": 7, "trip_id": "602D3_Trip1", "hrot_diff": 1, "sample_diff": 13, "time_diff_s": 0.24, "gps_distance_m": 3.9, "original_speed": "2173", "wheel_diameter_mm": 711.0003997802734, "braking_intensity": 0.0, "is_braking": false, "is_crash": false, "crash_intensity_g": 0.0, "segment_start_sample": 63620, "segment_end_sample": 63633, "time_str": "09:13:58", "Speed_display": 17.6}}, {"type": "Feature", "geometry": {"type": "LineString", "coordinates": [[24.73626143316144, 59.431971567022025], [24.7363202895064, 59.431953272746895]]}, "properties": {"Speed": 22.5, "road_quality": 2, "marker": 7, "trip_id": "602D3_Trip1", "hrot_diff": 1, "sample_diff": 12, "time_diff_s": 0.179, "gps_distance_m": 3.9, "original_speed": "2136", "wheel_diameter_mm": 711.0003997802734, "braking_intensity": 0.0, "is_braking": false, "is_crash": false, "crash_intensity_g": 0.0, "segment_start_sample": 63725, "segment_end_sample": 63737, "time_str": "09:14:00", "Speed_display": 19.1}}, {"type": "Feature", "geometry": {"type": "LineString", "coordinates": [[24.7363202895064, 59.431953272746895], [24.736372008956014, 59.43193463758444]]}, "properties": {"Speed": 16.7, "road_quality": 2, "marker": 7, "trip_id": "602D3_Trip1", "hrot_diff": 1, "sample_diff": 10, "time_diff_s": 0.241, "gps_distance_m": 3.6, "original_speed": "2100", "wheel_diameter_mm": 711.0003997802734, "braking_intensity": 0.0, "is_braking": false, "is_crash": false, "crash_intensity_g": 0.0, "segment_start_sample": 63774, "segment_end_sample": 63784, "time_str": "09:14:01", "Speed_display": 19.0}}, {"type": "Feature", "geometry": {"type": "LineString", "coordinates": [[24.736372008956014, 59.43193463758444], [24.73644232517309, 59.43191496443482]]}, "properties": {"Speed": 16.8, "road_quality": 2, "marker": 7, "trip_id": "602D3_Trip1", "hrot_diff": 1, "sample_diff": 13, "time_diff_s": 0.24, "gps_distance_m": 4.5, "original_speed": "2049", "wheel_diameter_mm": 711.0003997802734, "braking_intensity": 0.0, "is_braking": false, "is_crash": false, "crash_intensity_g": 0.0, "segment_start_sample": 63833, "segment_end_sample": 63846, "time_str": "09:14:03", "Speed_display": 19.0}}, {"type": "Feature", "geometry": {"type": "LineString", "coordinates": [[24.73644232517309, 59.43191496443482], [24.73649482304088, 59.4318977712784]]}, "properties": {"Speed": 22.3, "road_quality": 2, "marker": 7, "trip_id": "602D3_Trip1", "hrot_diff": 1, "sample_diff": 12, "time_diff_s": 0.18, "gps_distance_m": 3.5, "original_speed": "2000", "wheel_diameter_mm": 711.0003997802734, "braking_intensity": 0.0, "is_braking": false, "is_crash": false, "crash_intensity_g": 0.0, "segment_start_sample": 63872, "segment_end_sample": 63884, "time_str": "09:14:03", "Speed_display": 19.0}}, {"type": "Feature", "geometry": {"type": "LineString", "coordinates": [[24.73649482304088, 59.4318977712784], [24.73655657499578, 59.43187892222626]]}, "properties": {"Speed": 16.7, "road_quality": 2, "marker": 7, "trip_id": "602D3_Trip1", "hrot_diff": 1, "sample_diff": 12, "time_diff_s": 0.241, "gps_distance_m": 4.1, "original_speed": "1923", "wheel_diameter_mm": 711.0003997802734, "braking_intensity": 0.0, "is_braking": false, "is_crash": false, "crash_intensity_g": 0.0, "segment_start_sample": 63925, "segment_end_sample": 63937, "time_str": "09:14:04", "Speed_display": 19.0}}, {"type": "Feature", "geometry": {"type": "LineString", "coordinates": [[24.73655657499578, 59.43187892222626], [24.73660923111937, 59.43186347688566]]}, "properties": {"Speed": 22.3, "road_quality": 2, "marker": 7, "trip_id": "602D3_Trip1", "hrot_diff": 1, "sample_diff": 13, "time_diff_s": 0.18, "gps_distance_m": 3.4, "original_speed": "1941", "wheel_diameter_mm": 711.0003997802734, "braking_intensity": 0.0, "is_braking": false, "is_crash": false, "crash_intensity_g": 0.0, "segment_start_sample": 63976, "segment_end_sample": 63989, "time_str": "09:14:05", "Speed_display": 19.0}}, {"type": "Feature", "geometry": {"type": "LineString", "coordinates": [[24.73660923111937, 59.43186347688566], [24.736666609174954, 59.43184533977262]]}, "properties": {"Speed": 16.8, "road_quality": 2, "marker": 7, "trip_id": "602D3_Trip1", "hrot_diff": 1, "sample_diff": 14, "time_diff_s": 0.24, "gps_distance_m": 3.8, "original_speed": "1904", "wheel_diameter_mm": 711.0003997802734, "braking_intensity": 0.0, "is_braking": false, "is_crash": false, "crash_intensity_g": 0.0, "segment_start_sample": 64015, "segment_end_sample": 64029, "time_str": "09:14:06", "Speed_display": 16.4}}, {"type": "Feature", "geometry": {"type": "LineString", "coordinates": [[24.736666609174954, 59.43184533977262], [24.736721515811094, 59.43183648519573]]}, "properties": {"Speed": 16.8, "road_quality": 2, "marker": 7, "trip_id": "602D3_Trip1", "hrot_diff": 1, "sample_diff": 14, "time_diff_s": 0.24, "gps_distance_m": 3.3, "original_speed": "1834", "wheel_diameter_mm": 711.0003997802734, "braking_intensity": 0.0, "is_braking": false, "is_crash": false, "crash_intensity_g": 0.0, "segment_start_sample": 64070, "segment_end_sample": 64084, "time_str": "09:14:07", "Speed_display": 17.5}}, {"type": "Feature", "geometry": {"type": "LineString", "coordinates": [[24.736721515811094, 59.43183648519573], [24.736770828845348, 59.43181928631802]]}, "properties": {"Speed": 9.6, "road_quality": 2, "marker": 7, "trip_id": "602D3_Trip1", "hrot_diff": 1, "sample_diff": 15, "time_diff_s": 0.419, "gps_distance_m": 3.4, "original_speed": "1769", "wheel_diameter_mm": 711.0003997802734, "braking_intensity": 0.0, "is_braking": false, "is_crash": false, "crash_intensity_g": 0.0, "segment_start_sample": 64127, "segment_end_sample": 64142, "time_str": "09:14:08", "Speed_display": 15.0}}, {"type": "Feature", "geometry": {"type": "LineString", "coordinates": [[24.736770828845348, 59.43181928631802], [24.736826625834805, 59.431798236332874]]}, "properties": {"Speed": 22.1, "road_quality": 2, "marker": 7, "trip_id": "602D3_Trip1", "hrot_diff": 1, "sample_diff": 15, "time_diff_s": 0.182, "gps_distance_m": 3.9, "original_speed": "1724", "wheel_diameter_mm": 711.0003997802734, "braking_intensity": 0.0, "is_braking": false, "is_crash": false, "crash_intensity_g": 0.0, "segment_start_sample": 64170, "segment_end_sample": 64185, "time_str": "09:14:09", "Speed_display": 13.5}}, {"type": "Feature", "geometry": {"type": "LineString", "coordinates": [[24.736826625834805, 59.431798236332874], [24.736870606946823, 59.431785624967176]]}, "properties": {"Speed": 9.7, "road_quality": 2, "marker": 7, "trip_id": "602D3_Trip1", "hrot_diff": 1, "sample_diff": 17, "time_diff_s": 0.416, "gps_distance_m": 2.9, "original_speed": "1652", "wheel_diameter_mm": 711.0003997802734, "braking_intensity": 0.0, "is_braking": false, "is_crash": false, "crash_intensity_g": 0.0, "segment_start_sample": 64217, "segment_end_sample": 64234, "time_str": "09:14:10", "Speed_display": 12.1}}, {"type": "Feature", "geometry": {"type": "LineString", "coordinates": [[24.736870606946823, 59.431785624967176], [24.736919966296842, 59.43177301034089]]}, "properties": {"Speed": 9.5, "road_quality": 2, "marker": 7, "trip_id": "602D3_Trip1", "hrot_diff": 1, "sample_diff": 17, "time_diff_s": 0.424, "gps_distance_m": 3.1, "original_speed": "1538", "wheel_diameter_mm": 711.0003997802734, "braking_intensity": 0.0, "is_braking": false, "is_crash": false, "crash_intensity_g": 0.0, "segment_start_sample": 64283, "segment_end_sample": 64300, "time_str": "09:14:12", "Speed_display": 12.4}}, {"type": "Feature", "geometry": {"type": "LineString", "coordinates": [[24.736919966296842, 59.43177301034089], [24.73695848583835, 59.43176182718413]]}, "properties": {"Speed": 9.5, "road_quality": 2, "marker": 7, "trip_id": "602D3_Trip1", "hrot_diff": 1, "sample_diff": 18, "time_diff_s": 0.422, "gps_distance_m": 2.5, "original_speed": "1485", "wheel_diameter_mm": 711.0003997802734, "braking_intensity": 0.0, "is_braking": false, "is_crash": false, "crash_intensity_g": 0.0, "segment_start_sample": 64318, "segment_end_sample": 64336, "time_str": "09:14:12", "Speed_display": 8.0}}, {"type": "Feature", "geometry": {"type": "LineString", "coordinates": [[24.73695848583835, 59.43176182718413], [24.736994565519076, 59.43174897013598]]}, "properties": {"Speed": 11.2, "road_quality": 2, "marker": 7, "trip_id": "602D3_Trip1", "hrot_diff": 1, "sample_diff": 20, "time_diff_s": 0.36, "gps_distance_m": 2.5, "original_speed": "1339", "wheel_diameter_mm": 711.0003997802734, "braking_intensity": 0.0, "is_braking": false, "is_crash": false, "crash_intensity_g": 0.0, "segment_start_sample": 64359, "segment_end_sample": 64379, "time_str": "09:14:13", "Speed_display": 7.0}}, {"type": "Feature", "geometry": {"type": "LineString", "coordinates": [[24.736994565519076, 59.43174897013598], [24.737013500623217, 59.43174019312449]]}, "properties": {"Speed": 0.1, "road_quality": 2, "marker": 7, "trip_id": "602D3_Trip1", "hrot_diff": 1, "sample_diff": 1389, "time_diff_s": 27.976, "gps_distance_m": 1.4, "original_speed": "1136", "wheel_diameter_mm": 711.0003997802734, "braking_intensity": 0.0, "is_braking": false, "is_crash": false, "crash_intensity_g": 0.0, "segment_start_sample": 64407, "segment_end_sample": 65796, "time_str": "09:14:14", "Speed_display": 6.4}}, {"type": "Feature", "geometry": {"type": "LineString", "coordinates": [[24.737013500623217, 59.43174019312449], [24.737035513814376, 59.43173606244435]]}, "properties": {"Speed": 4.9, "road_quality": 2, "marker": 3, "trip_id": "602D3_Trip1", "hrot_diff": 1, "sample_diff": 44, "time_diff_s": 0.825, "gps_distance_m": 1.3, "original_speed": "0", "wheel_diameter_mm": 711.0003997802734, "braking_intensity": 0.0, "is_braking": false, "is_crash": false, "crash_intensity_g": 0.0, "segment_start_sample": 65796, "segment_end_sample": 65840, "time_str": "09:14:42", "Speed_display": 5.9}}, {"type": "Feature", "geometry": {"type": "LineString", "coordinates": [[24.737035513814376, 59.43173606244435], [24.737070256162365, 59.431736780846094]]}, "properties": {"Speed": 6.1, "road_quality": 2, "marker": 7, "trip_id": "602D3_Trip1", "hrot_diff": 1, "sample_diff": 28, "time_diff_s": 0.661, "gps_distance_m": 2.0, "original_speed": "757", "wheel_diameter_mm": 711.0003997802734, "braking_intensity": 0.0, "is_braking": false, "is_crash": false, "crash_intensity_g": 0.0, "segment_start_sample": 65936, "segment_end_sample": 65964, "time_str": "09:14:45", "Speed_display": 5.2}}, {"type": "Feature", "geometry": {"type": "LineString", "coordinates": [[24.737070256162365, 59.431736780846094], [24.737099936018748, 59.43173099527174]]}, "properties": {"Speed": 7.4, "road_quality": 2, "marker": 7, "trip_id": "602D3_Trip1", "hrot_diff": 1, "sample_diff": 27, "time_diff_s": 0.54, "gps_distance_m": 1.8, "original_speed": "781", "wheel_diameter_mm": 711.0003997802734, "braking_intensity": 0.0, "is_braking": false, "is_crash": false, "crash_intensity_g": 0.0, "segment_start_sample": 65964, "segment_end_sample": 65991, "time_str": "09:14:45", "Speed_display": 7.1}}, {"type": "Feature", "geometry": {"type": "LineString", "coordinates": [[24.737099936018748, 59.43173099527174], [24.737135342342985, 59.43171879543499]]}, "properties": {"Speed": 7.5, "road_quality": 2, "marker": 7, "trip_id": "602D3_Trip1", "hrot_diff": 1, "sample_diff": 25, "time_diff_s": 0.537, "gps_distance_m": 2.4, "original_speed": "970", "wheel_diameter_mm": 711.0003997802734, "braking_intensity": 0.0, "is_braking": false, "is_crash": false, "crash_intensity_g": 0.0, "segment_start_sample": 66012, "segment_end_sample": 66037, "time_str": "09:14:46", "Speed_display": 8.0}}, {"type": "Feature", "geometry": {"type": "LineString", "coordinates": [[24.737135342342985, 59.43171879543499], [24.73717416355637, 59.43170565926343]]}, "properties": {"Speed": 9.6, "road_quality": 2, "marker": 7, "trip_id": "602D3_Trip1", "hrot_diff": 1, "sample_diff": 21, "time_diff_s": 0.417, "gps_distance_m": 2.6, "original_speed": "1136", "wheel_diameter_mm": 711.0003997802734, "braking_intensity": 0.0, "is_braking": false, "is_crash": false, "crash_intensity_g": 0.0, "segment_start_sample": 66078, "segment_end_sample": 66099, "time_str": "09:14:47", "Speed_display": 9.1}}, {"type": "Feature", "geometry": {"type": "LineString", "coordinates": [[24.73717416355637, 59.43170565926343], [24.737206646410666, 59.431692535802554]]}, "properties": {"Speed": 9.6, "road_quality": 2, "marker": 7, "trip_id": "602D3_Trip1", "hrot_diff": 1, "sample_diff": 20, "time_diff_s": 0.42, "gps_distance_m": 2.3, "original_speed": "1219", "wheel_diameter_mm": 711.0003997802734, "braking_intensity": 0.0, "is_braking": false, "is_crash": false, "crash_intensity_g": 0.0, "segment_start_sample": 66118, "segment_end_sample": 66138, "time_str": "09:14:48", "Speed_display": 9.5}}, {"type": "Feature", "geometry": {"type": "LineString", "coordinates": [[24.737206646410666, 59.431692535802554], [24.73725332131673, 59.43167676166809]]}, "properties": {"Speed": 11.2, "road_quality": 2, "marker": 7, "trip_id": "602D3_Trip1", "hrot_diff": 1, "sample_diff": 18, "time_diff_s": 0.36, "gps_distance_m": 3.2, "original_speed": "1293", "wheel_diameter_mm": 711.0003997802734, "braking_intensity": 0.0, "is_braking": false, "is_crash": false, "crash_intensity_g": 0.0, "segment_start_sample": 66176, "segment_end_sample": 66194, "time_str": "09:14:49", "Speed_display": 10.6}}, {"type": "Feature", "geometry": {"type": "LineString", "coordinates": [[24.73725332131673, 59.43167676166809], [24.73729275941567, 59.43166043526104]]}, "properties": {"Speed": 9.5, "road_quality": 2, "marker": 7, "trip_id": "602D3_Trip1", "hrot_diff": 1, "sample_diff": 18, "time_diff_s": 0.422, "gps_distance_m": 2.9, "original_speed": "1401", "wheel_diameter_mm": 711.0003997802734, "braking_intensity": 0.0, "is_braking": false, "is_crash": false, "crash_intensity_g": 0.0, "segment_start_sample": 66228, "segment_end_sample": 66246, "time_str": "09:14:50", "Speed_display": 10.9}}, {"type": "Feature", "geometry": {"type": "LineString", "coordinates": [[24.73729275941567, 59.43166043526104], [24.73733405799075, 59.431643109837985]]}, "properties": {"Speed": 13.3, "road_quality": 2, "marker": 7, "trip_id": "602D3_Trip1", "hrot_diff": 1, "sample_diff": 16, "time_diff_s": 0.302, "gps_distance_m": 3.0, "original_speed": "1503", "wheel_diameter_mm": 711.0003997802734, "braking_intensity": 0.0, "is_braking": false, "is_crash": false, "crash_intensity_g": 0.0, "segment_start_sample": 66278, "segment_end_sample": 66294, "time_str": "09:14:51", "Speed_display": 10.4}}, {"type": "Feature", "geometry": {"type": "LineString", "coordinates": [[24.73733405799075, 59.431643109837985], [24.737381427896384, 59.43162554347478]]}, "properties": {"Speed": 11.1, "road_quality": 2, "marker": 7, "trip_id": "602D3_Trip1", "hrot_diff": 1, "sample_diff": 15, "time_diff_s": 0.362, "gps_distance_m": 3.3, "original_speed": "1574", "wheel_diameter_mm": 711.0003997802734, "braking_intensity": 0.0, "is_braking": false, "is_crash": false, "crash_intensity_g": 0.0, "segment_start_sample": 66325, "segment_end_sample": 66340, "time_str": "09:14:52", "Speed_display": 9.8}}, {"type": "Feature", "geometry": {"type": "LineString", "coordinates": [[24.73743083420785, 59.43161020225156], [24.73748069478137, 59.43159443660798]]}, "properties": {"Speed": 6.7, "road_quality": 2, "marker": 7, "trip_id": "602D3_Trip1", "hrot_diff": 1, "sample_diff": 14, "time_diff_s": 0.6, "gps_distance_m": 3.3, "original_speed": "1612", "wheel_diameter_mm": 711.0003997802734, "braking_intensity": 0.0, "is_braking": false, "is_crash": false, "crash_intensity_g": 0.0, "segment_start_sample": 66416, "segment_end_sample": 66430, "time_str": "09:14:54", "Speed_display": 9.8}}, {"type": "Feature", "geometry": {"type": "LineString", "coordinates": [[24.73748069478137, 59.43159443660798], [24.737529807154907, 59.43157795106701]]}, "properties": {"Speed": 8.4, "road_quality": 2, "marker": 7, "trip_id": "602D3_Trip1", "hrot_diff": 1, "sample_diff": 15, "time_diff_s": 0.48, "gps_distance_m": 3.3, "original_speed": "1694", "wheel_diameter_mm": 711.0003997802734, "braking_intensity": 0.0, "is_braking": false, "is_crash": false, "crash_intensity_g": 0.0, "segment_start_sample": 66476, "segment_end_sample": 66491, "time_str": "09:14:55", "Speed_display": 9.1}}, {"type": "Feature", "geometry": {"type": "LineString", "coordinates": [[24.737529807154907, 59.43157795106701], [24.737581047354595, 59.43156223105213]]}, "properties": {"Speed": 9.6, "road_quality": 2, "marker": 7, "trip_id": "602D3_Trip1", "hrot_diff": 1, "sample_diff": 15, "time_diff_s": 0.42, "gps_distance_m": 3.4, "original_speed": "1600", "wheel_diameter_mm": 711.0003997802734, "braking_intensity": 0.0, "is_braking": false, "is_crash": false, "crash_intensity_g": 0.0, "segment_start_sample": 66538, "segment_end_sample": 66553, "time_str": "09:14:57", "Speed_display": 9.1}}, {"type": "Feature", "geometry": {"type": "LineString", "coordinates": [[24.737581047354595, 59.43156223105213], [24.737630177058925, 59.43154721015288]]}, "properties": {"Speed": 9.6, "road_quality": 2, "marker": 7, "trip_id": "602D3_Trip1", "hrot_diff": 1, "sample_diff": 16, "time_diff_s": 0.421, "gps_distance_m": 3.2, "original_speed": "1600", "wheel_diameter_mm": 711.0003997802734, "braking_intensity": 0.0, "is_braking": false, "is_crash": false, "crash_intensity_g": 0.0, "segment_start_sample": 66569, "segment_end_sample": 66585, "time_str": "09:14:57", "Speed_display": 12.2}}, {"type": "Feature", "geometry": {"type": "LineString", "coordinates": [[24.737630177058925, 59.43154721015288], [24.73767704579484, 59.43153372119716]]}, "properties": {"Speed": 11.2, "road_quality": 2, "marker": 7, "trip_id": "602D3_Trip1", "hrot_diff": 1, "sample_diff": 17, "time_diff_s": 0.36, "gps_distance_m": 3.0, "original_speed": "1639", "wheel_diameter_mm": 711.0003997802734, "braking_intensity": 0.0, "is_braking": false, "is_crash": false, "crash_intensity_g": 0.0, "segment_start_sample": 66613, "segment_end_sample": 66630, "time_str": "09:14:58", "Speed_display": 13.9}}, {"type": "Feature", "geometry": {"type": "LineString", "coordinates": [[24.737729210235376, 59.431519987952655], [24.737776499280567, 59.43150137893753]]}, "properties": {"Speed": 22.2, "road_quality": 2, "marker": 7, "trip_id": "602D3_Trip1", "hrot_diff": 1, "sample_diff": 12, "time_diff_s": 0.181, "gps_distance_m": 3.4, "original_speed": "1666", "wheel_diameter_mm": 711.0003997802734, "braking_intensity": 0.0, "is_braking": false, "is_crash": false, "crash_intensity_g": 0.0, "segment_start_sample": 66721, "segment_end_sample": 66733, "time_str": "09:15:00", "Speed_display": 15.3}}, {"type": "Feature", "geometry": {"type": "LineString", "coordinates": [[24.737776499280567, 59.43150137893753], [24.737830351497227, 59.43148654620676]]}, "properties": {"Speed": 16.8, "road_quality": 2, "marker": 7, "trip_id": "602D3_Trip1", "hrot_diff": 1, "sample_diff": 14, "time_diff_s": 0.239, "gps_distance_m": 3.5, "original_speed": "1801", "wheel_diameter_mm": 711.0003997802734, "braking_intensity": 0.0, "is_braking": false, "is_crash": false, "crash_intensity_g": 0.0, "segment_start_sample": 66775, "segment_end_sample": 66789, "time_str": "09:15:01", "Speed_display": 16.7}}, {"type": "Feature", "geometry": {"type": "LineString", "coordinates": [[24.737830351497227, 59.43148654620676], [24.737886408104877, 59.431469468792464]]}, "properties": {"Speed": 16.9, "road_quality": 2, "marker": 7, "trip_id": "602D3_Trip1", "hrot_diff": 1, "sample_diff": 14, "time_diff_s": 0.238, "gps_distance_m": 3.7, "original_speed": "1769", "wheel_diameter_mm": 711.0003997802734, "braking_intensity": 0.0, "is_braking": false, "is_crash": false, "crash_intensity_g": 0.0, "segment_start_sample": 66831, "segment_end_sample": 66845, "time_str": "09:15:03", "Speed_display": 19.0}}, {"type": "Feature", "geometry": {"type": "LineString", "coordinates": [[24.737886408104877, 59.431469468792464], [24.737941078071596, 59.43145162142539]]}, "properties": {"Speed": 16.6, "road_quality": 2, "marker": 7, "trip_id": "602D3_Trip1", "hrot_diff": 1, "sample_diff": 15, "time_diff_s": 0.242, "gps_distance_m": 3.7, "original_speed": "1818", "wheel_diameter_mm": 711.0003997802734, "braking_intensity": 0.0, "is_braking": false, "is_crash": false, "crash_intensity_g": 0.0, "segment_start_sample": 66873, "segment_end_sample": 66888, "time_str": "09:15:03", "Speed_display": 17.9}}, {"type": "Feature", "geometry": {"type": "LineString", "coordinates": [[24.737941078071596, 59.43145162142539], [24.737992644945084, 59.431432379660556]]}, "properties": {"Speed": 22.5, "road_quality": 2, "marker": 7, "trip_id": "602D3_Trip1", "hrot_diff": 1, "sample_diff": 13, "time_diff_s": 0.179, "gps_distance_m": 3.6, "original_speed": "1769", "wheel_diameter_mm": 711.0003997802734, "braking_intensity": 0.0, "is_braking": false, "is_crash": false, "crash_intensity_g": 0.0, "segment_start_sample": 66916, "segment_end_sample": 66929, "time_str": "09:15:04", "Speed_display": 16.4}}, {"type": "Feature", "geometry": {"type": "LineString", "coordinates": [[24.737992644945084, 59.431432379660556], [24.738042187517387, 59.431414925519746]]}, "properties": {"Speed": 16.6, "road_quality": 2, "marker": 7, "trip_id": "602D3_Trip1", "hrot_diff": 1, "sample_diff": 13, "time_diff_s": 0.242, "gps_distance_m": 3.4, "original_speed": "1769", "wheel_diameter_mm": 711.0003997802734, "braking_intensity": 0.0, "is_braking": false, "is_crash": false, "crash_intensity_g": 0.0, "segment_start_sample": 66986, "segment_end_sample": 66999, "time_str": "09:15:06", "Speed_display": 16.4}}, {"type": "Feature", "geometry": {"type": "LineString", "coordinates": [[24.738042187517387, 59.431414925519746], [24.73809513889247, 59.43139734886821]]}, "properties": {"Speed": 9.6, "road_quality": 2, "marker": 7, "trip_id": "602D3_Trip1", "hrot_diff": 1, "sample_diff": 15, "time_diff_s": 0.42, "gps_distance_m": 3.6, "original_speed": "1785", "wheel_diameter_mm": 711.0003997802734, "braking_intensity": 0.0, "is_braking": false, "is_crash": false, "crash_intensity_g": 0.0, "segment_start_sample": 67027, "segment_end_sample": 67042, "time_str": "09:15:06", "Speed_display": 15.0}}, {"type": "Feature", "geometry": {"type": "LineString", "coordinates": [[24.73809513889247, 59.43139734886821], [24.738146924489534, 59.43137876405242]]}, "properties": {"Speed": 16.5, "road_quality": 2, "marker": 7, "trip_id": "602D3_Trip1", "hrot_diff": 1, "sample_diff": 12, "time_diff_s": 0.243, "gps_distance_m": 3.6, "original_speed": "1801", "wheel_diameter_mm": 711.0003997802734, "braking_intensity": 0.0, "is_braking": false, "is_crash": false, "crash_intensity_g": 0.0, "segment_start_sample": 67082, "segment_end_sample": 67094, "time_str": "09:15:08", "Speed_display": 12.4}}, {"type": "Feature", "geometry": {"type": "LineString", "coordinates": [[24.738146924489534, 59.43137876405242], [24.738199379943058, 59.4313599817746]]}, "properties": {"Speed": 9.6, "road_quality": 2, "marker": 7, "trip_id": "602D3_Trip1", "hrot_diff": 1, "sample_diff": 14, "time_diff_s": 0.42, "gps_distance_m": 3.6, "original_speed": "1851", "wheel_diameter_mm": 711.0003997802734, "braking_intensity": 0.0, "is_braking": false, "is_crash": false, "crash_intensity_g": 0.0, "segment_start_sample": 67137, "segment_end_sample": 67151, "time_str": "09:15:09", "Speed_display": 11.0}}, {"type": "Feature", "geometry": {"type": "LineString", "coordinates": [[24.738199379943058, 59.4313599817746], [24.738251890677812, 59.4313429311608]]}, "properties": {"Speed": 9.6, "road_quality": 2, "marker": 7, "trip_id": "602D3_Trip1", "hrot_diff": 1, "sample_diff": 13, "time_diff_s": 0.421, "gps_distance_m": 3.5, "original_speed": "1754", "wheel_diameter_mm": 711.0003997802734, "braking_intensity": 0.0, "is_braking": false, "is_crash": false, "crash_intensity_g": 0.0, "segment_start_sample": 67166, "segment_end_sample": 67179, "time_str": "09:15:09", "Speed_display": 11.0}}, {"type": "Feature", "geometry": {"type": "LineString", "coordinates": [[24.738251890677812, 59.4313429311608], [24.73830574082808, 59.43132412831823]]}, "properties": {"Speed": 9.6, "road_quality": 2, "marker": 7, "trip_id": "602D3_Trip1", "hrot_diff": 1, "sample_diff": 14, "time_diff_s": 0.42, "gps_distance_m": 3.7, "original_speed": "1754", "wheel_diameter_mm": 711.0003997802734, "braking_intensity": 0.0, "is_braking": false, "is_crash": false, "crash_intensity_g": 0.0, "segment_start_sample": 67237, "segment_end_sample": 67251, "time_str": "09:15:11", "Speed_display": 11.0}}, {"type": "Feature", "geometry": {"type": "LineString", "coordinates": [[24.73830574082808, 59.43132412831823], [24.738349802420768, 59.431307048173366]]}, "properties": {"Speed": 9.6, "road_quality": 2, "marker": 7, "trip_id": "602D3_Trip1", "hrot_diff": 1, "sample_diff": 14, "time_diff_s": 0.421, "gps_distance_m": 3.1, "original_speed": "1680", "wheel_diameter_mm": 711.0003997802734, "braking_intensity": 0.0, "is_braking": false, "is_crash": false, "crash_intensity_g": 0.0, "segment_start_sample": 67282, "segment_end_sample": 67296, "time_str": "09:15:12", "Speed_display": 12.4}}, {"type": "Feature", "geometry": {"type": "LineString", "coordinates": [[24.738349802420768, 59.431307048173366], [24.7383969106624, 59.43129083357554]]}, "properties": {"Speed": 16.8, "road_quality": 2, "marker": 7, "trip_id": "602D3_Trip1", "hrot_diff": 1, "sample_diff": 13, "time_diff_s": 0.24, "gps_distance_m": 3.2, "original_speed": "1709", "wheel_diameter_mm": 711.0003997802734, "braking_intensity": 0.0, "is_braking": false, "is_crash": false, "crash_intensity_g": 0.0, "segment_start_sample": 67325, "segment_end_sample": 67338, "time_str": "09:15:12", "Speed_display": 12.4}}, {"type": "Feature", "geometry": {"type": "LineString", "coordinates": [[24.7383969106624, 59.43129083357554], [24.738445887340344, 59.4312760145591]]}, "properties": {"Speed": 16.6, "road_quality": 2, "marker": 7, "trip_id": "602D3_Trip1", "hrot_diff": 1, "sample_diff": 14, "time_diff_s": 0.242, "gps_distance_m": 3.2, "original_speed": "1694", "wheel_diameter_mm": 711.0003997802734, "braking_intensity": 0.0, "is_braking": false, "is_crash": false, "crash_intensity_g": 0.0, "segment_start_sample": 67384, "segment_end_sample": 67398, "time_str": "09:15:14", "Speed_display": 12.8}}, {"type": "Feature", "geometry": {"type": "LineString", "coordinates": [[24.73849339826517, 59.43125957562601], [24.73853446267655, 59.431245432755766]]}, "properties": {"Speed": 9.6, "road_quality": 2, "marker": 7, "trip_id": "602D3_Trip1", "hrot_diff": 1, "sample_diff": 17, "time_diff_s": 0.419, "gps_distance_m": 2.8, "original_speed": "1574", "wheel_diameter_mm": 711.0003997802734, "braking_intensity": 0.0, "is_braking": false, "is_crash": false, "crash_intensity_g": 0.0, "segment_start_sample": 67463, "segment_end_sample": 67480, "time_str": "09:15:15", "Speed_display": 12.2}}, {"type": "Feature", "geometry": {"type": "LineString", "coordinates": [[24.73853446267655, 59.431245432755766], [24.73858042816086, 59.43123099969763]]}, "properties": {"Speed": 11.3, "road_quality": 2, "marker": 7, "trip_id": "602D3_Trip1", "hrot_diff": 1, "sample_diff": 20, "time_diff_s": 0.357, "gps_distance_m": 3.1, "original_speed": "1376", "wheel_diameter_mm": 711.0003997802734, "braking_intensity": 0.0, "is_braking": false, "is_crash": false, "crash_intensity_g": 0.0, "segment_start_sample": 67519, "segment_end_sample": 67539, "time_str": "09:15:16", "Speed_display": 10.1}}, {"type": "Feature", "geometry": {"type": "LineString", "coordinates": [[24.73858042816086, 59.43123099969763], [24.738641321289847, 59.431226929950874]]}, "properties": {"Speed": 6.7, "road_quality": 2, "marker": 7, "trip_id": "602D3_Trip1", "hrot_diff": 1, "sample_diff": 23, "time_diff_s": 0.601, "gps_distance_m": 3.5, "original_speed": "1260", "wheel_diameter_mm": 711.0003997802734, "braking_intensity": 0.0, "is_braking": false, "is_crash": false, "crash_intensity_g": 0.0, "segment_start_sample": 67559, "segment_end_sample": 67582, "time_str": "09:15:17", "Speed_display": 8.5}}, {"type": "Feature", "geometry": {"type": "LineString", "coordinates": [[24.738641321289847, 59.431226929950874], [24.738644070203847, 59.431207128259096]]}, "properties": {"Speed": 6.5, "road_quality": 2, "marker": 7, "trip_id": "602D3_Trip1", "hrot_diff": 1, "sample_diff": 30, "time_diff_s": 0.623, "gps_distance_m": 2.2, "original_speed": "1145", "wheel_diameter_mm": 711.0003997802734, "braking_intensity": 0.0, "is_braking": false, "is_crash": false, "crash_intensity_g": 0.0, "segment_start_sample": 67607, "segment_end_sample": 67637, "time_str": "09:15:18", "Speed_display": 7.7}}, {"type": "Feature", "geometry": {"type": "LineString", "coordinates": [[24.738644070203847, 59.431207128259096], [24.738664501884507, 59.4312013745419]]}, "properties": {"Speed": 8.4, "road_quality": 2, "marker": 7, "trip_id": "602D3_Trip1", "hrot_diff": 1, "sample_diff": 34, "time_diff_s": 0.479, "gps_distance_m": 1.3, "original_speed": "847", "wheel_diameter_mm": 711.0003997802734, "braking_intensity": 0.0, "is_braking": false, "is_crash": false, "crash_intensity_g": 0.0, "segment_start_sample": 67670, "segment_end_sample": 67704, "time_str": "09:15:20", "Speed_display": 5.5}}, {"type": "Feature", "geometry": {"type": "LineString", "coordinates": [[24.738664501884507, 59.4312013745419], [24.738682254466443, 59.43119219586232]]}, "properties": {"Speed": 5.6, "road_quality": 2, "marker": 7, "trip_id": "602D3_Trip1", "hrot_diff": 1, "sample_diff": 41, "time_diff_s": 0.719, "gps_distance_m": 1.4, "original_speed": "769", "wheel_diameter_mm": 711.0003997802734, "braking_intensity": 0.0, "is_braking": false, "is_crash": false, "crash_intensity_g": 0.0, "segment_start_sample": 67704, "segment_end_sample": 67745, "time_str": "09:15:20", "Speed_display": 5.5}}, {"type": "Feature", "geometry": {"type": "LineString", "coordinates": [[24.738682254466443, 59.43119219586232], [24.738715529241205, 59.43118350532542]]}, "properties": {"Speed": 0.1, "road_quality": 1, "marker": 7, "trip_id": "602D3_Trip1", "hrot_diff": 1, "sample_diff": 2322, "time_diff_s": 46.44, "gps_distance_m": 2.1, "original_speed": "578", "wheel_diameter_mm": 711.0003997802734, "braking_intensity": 0.0, "is_braking": false, "is_crash": false, "crash_intensity_g": 0.0, "segment_start_sample": 67834, "segment_end_sample": 70156, "time_str": "09:15:23", "Speed_display": 5.5}}, {"type": "Feature", "geometry": {"type": "LineString", "coordinates": [[24.738715529241205, 59.43118350532542], [24.738752850567742, 59.43116813891105]]}, "properties": {"Speed": 6.7, "road_quality": 2, "marker": 7, "trip_id": "602D3_Trip1", "hrot_diff": 1, "sample_diff": 27, "time_diff_s": 0.6, "gps_distance_m": 2.7, "original_speed": "41", "wheel_diameter_mm": 711.0003997802734, "braking_intensity": 0.0, "is_braking": false, "is_crash": false, "crash_intensity_g": 0.0, "segment_start_sample": 70213, "segment_end_sample": 70240, "time_str": "09:16:10", "Speed_display": 5.7}}, {"type": "Feature", "geometry": {"type": "LineString", "coordinates": [[24.738752850567742, 59.43116813891105], [24.738785296286387, 59.43115972626018]]}, "properties": {"Speed": 6.7, "road_quality": 2, "marker": 7, "trip_id": "602D3_Trip1", "hrot_diff": 1, "sample_diff": 25, "time_diff_s": 0.599, "gps_distance_m": 2.1, "original_speed": "993", "wheel_diameter_mm": 711.0003997802734, "braking_intensity": 0.0, "is_braking": false, "is_crash": false, "crash_intensity_g": 0.0, "segment_start_sample": 70284, "segment_end_sample": 70309, "time_str": "09:16:12", "Speed_display": 6.5}}, {"type": "Feature", "geometry": {"type": "LineString", "coordinates": [[24.738785296286387, 59.43115972626018], [24.738817893079393, 59.43115141446317]]}, "properties": {"Speed": 9.6, "road_quality": 2, "marker": 7, "trip_id": "602D3_Trip1", "hrot_diff": 1, "sample_diff": 17, "time_diff_s": 0.42, "gps_distance_m": 2.1, "original_speed": "1071", "wheel_diameter_mm": 711.0003997802734, "braking_intensity": 0.0, "is_braking": false, "is_crash": false, "crash_intensity_g": 0.0, "segment_start_sample": 70309, "segment_end_sample": 70326, "time_str": "09:16:12", "Speed_display": 6.6}}, {"type": "Feature", "geometry": {"type": "LineString", "coordinates": [[24.738861520922903, 59.43113453309167], [24.738880777913693, 59.431125668091056]]}, "properties": {"Speed": 9.6, "road_quality": 2, "marker": 7, "trip_id": "602D3_Trip1", "hrot_diff": 1, "sample_diff": 26, "time_diff_s": 0.42, "gps_distance_m": 1.5, "original_speed": "1181", "wheel_diameter_mm": 711.0003997802734, "braking_intensity": 0.0, "is_braking": false, "is_crash": false, "crash_intensity_g": 0.0, "segment_start_sample": 70412, "segment_end_sample": 70438, "time_str": "09:16:14", "Speed_display": 5.9}}, {"type": "Feature", "geometry": {"type": "LineString", "coordinates": [[24.738880777913693, 59.431125668091056], [24.73889938343609, 59.431123213330764]]}, "properties": {"Speed": 0.5, "road_quality": 1, "marker": 7, "trip_id": "602D3_Trip1", "hrot_diff": 1, "sample_diff": 438, "time_diff_s": 8.763, "gps_distance_m": 1.1, "original_speed": "1079", "wheel_diameter_mm": 711.0003997802734, "braking_intensity": 0.0, "is_braking": false, "is_crash": false, "crash_intensity_g": 0.0, "segment_start_sample": 70438, "segment_end_sample": 70876, "time_str": "09:16:15", "Speed_display": 5.3}}, {"type": "Feature", "geometry": {"type": "LineString", "coordinates": [[24.73889938343609, 59.431123213330764], [24.738916371993977, 59.43111936235841]]}, "properties": {"Speed": 2.9, "road_quality": 2, "marker": 3, "trip_id": "602D3_Trip1", "hrot_diff": 1, "sample_diff": 66, "time_diff_s": 1.377, "gps_distance_m": 1.1, "original_speed": "0", "wheel_diameter_mm": 711.0003997802734, "braking_intensity": 0.0, "is_braking": false, "is_crash": false, "crash_intensity_g": 0.0, "segment_start_sample": 70876, "segment_end_sample": 70942, "time_str": "09:16:23", "Speed_display": 4.7}}, {"type": "Feature", "geometry": {"type": "LineString", "coordinates": [[24.738916371993977, 59.43111936235841], [24.738943864577912, 59.4311182275845]]}, "properties": {"Speed": 3.9, "road_quality": 2, "marker": 3, "trip_id": "602D3_Trip1", "hrot_diff": 1, "sample_diff": 51, "time_diff_s": 1.02, "gps_distance_m": 1.6, "original_speed": "0", "wheel_diameter_mm": 711.0003997802734, "braking_intensity": 0.0, "is_braking": false, "is_crash": false, "crash_intensity_g": 0.0, "segment_start_sample": 71876, "segment_end_sample": 71927, "time_str": "09:16:43", "Speed_display": 3.8}}, {"type": "Feature", "geometry": {"type": "LineString", "coordinates": [[24.738943864577912, 59.4311182275845], [24.738977353025263, 59.43113336820766]]}, "properties": {"Speed": 6.7, "road_quality": 2, "marker": 7, "trip_id": "602D3_Trip1", "hrot_diff": 1, "sample_diff": 33, "time_diff_s": 0.6, "gps_distance_m": 2.5, "original_speed": "93", "wheel_diameter_mm": 711.0003997802734, "braking_intensity": 0.0, "is_braking": false, "is_crash": false, "crash_intensity_g": 0.0, "segment_start_sample": 71965, "segment_end_sample": 71998, "time_str": "09:16:45", "Speed_display": 4.6}}, {"type": "Feature", "geometry": {"type": "LineString", "coordinates": [[24.738977353025263, 59.43113336820766], [24.738992421731435, 59.43114100680434]]}, "properties": {"Speed": 4.8, "road_quality": 2, "marker": 7, "trip_id": "602D3_Trip1", "hrot_diff": 1, "sample_diff": 37, "time_diff_s": 0.841, "gps_distance_m": 1.2, "original_speed": "709", "wheel_diameter_mm": 711.0003997802734, "braking_intensity": 0.0, "is_braking": false, "is_crash": false, "crash_intensity_g": 0.0, "segment_start_sample": 72035, "segment_end_sample": 72072, "time_str": "09:16:47", "Speed_display": 5.5}}, {"type": "Feature", "geometry": {"type": "LineString", "coordinates": [[24.738992421731435, 59.43114100680434], [24.739008302099545, 59.43114918645229]]}, "properties": {"Speed": 4.8, "road_quality": 2, "marker": 7, "trip_id": "602D3_Trip1", "hrot_diff": 1, "sample_diff": 38, "time_diff_s": 0.84, "gps_distance_m": 1.3, "original_speed": "694", "wheel_diameter_mm": 711.0003997802734, "braking_intensity": 0.0, "is_braking": false, "is_crash": false, "crash_intensity_g": 0.0, "segment_start_sample": 72072, "segment_end_sample": 72110, "time_str": "09:16:47", "Speed_display": 5.7}}, {"type": "Feature", "geometry": {"type": "LineString", "coordinates": [[24.739008302099545, 59.43114918645229], [24.7390254182637, 59.431157867101]]}, "properties": {"Speed": 7.4, "road_quality": 2, "marker": 7, "trip_id": "602D3_Trip1", "hrot_diff": 1, "sample_diff": 38, "time_diff_s": 0.54, "gps_distance_m": 1.4, "original_speed": "671", "wheel_diameter_mm": 711.0003997802734, "braking_intensity": 0.0, "is_braking": false, "is_crash": false, "crash_intensity_g": 0.0, "segment_start_sample": 72110, "segment_end_sample": 72148, "time_str": "09:16:48", "Speed_display": 5.7}}, {"type": "Feature", "geometry": {"type": "LineString", "coordinates": [[24.7390254182637, 59.431157867101], [24.73903900575729, 59.43116836231781]]}, "properties": {"Speed": 4.8, "road_quality": 2, "marker": 7, "trip_id": "602D3_Trip1", "hrot_diff": 1, "sample_diff": 35, "time_diff_s": 0.841, "gps_distance_m": 1.4, "original_speed": "653", "wheel_diameter_mm": 711.0003997802734, "braking_intensity": 0.0, "is_braking": false, "is_crash": false, "crash_intensity_g": 0.0, "segment_start_sample": 72187, "segment_end_sample": 72222, "time_str": "09:16:50", "Speed_display": 5.8}}, {"type": "Feature", "geometry": {"type": "LineString", "coordinates": [[24.73903900575729, 59.43116836231781], [24.739049359490636, 59.43117960035454]]}, "properties": {"Speed": 6.7, "road_quality": 2, "marker": 7, "trip_id": "602D3_Trip1", "hrot_diff": 1, "sample_diff": 36, "time_diff_s": 0.6, "gps_distance_m": 1.4, "original_speed": "662", "wheel_diameter_mm": 711.0003997802734, "braking_intensity": 0.0, "is_braking": false, "is_crash": false, "crash_intensity_g": 0.0, "segment_start_sample": 72222, "segment_end_sample": 72258, "time_str": "09:16:50", "Speed_display": 5.8}}, {"type": "Feature", "geometry": {"type": "LineString", "coordinates": [[24.739049359490636, 59.43117960035454], [24.73905954068601, 59.43119017385944]]}, "properties": {"Speed": 5.1, "road_quality": 2, "marker": 7, "trip_id": "602D3_Trip1", "hrot_diff": 1, "sample_diff": 37, "time_diff_s": 0.782, "gps_distance_m": 1.3, "original_speed": "689", "wheel_diameter_mm": 711.0003997802734, "braking_intensity": 0.0, "is_braking": false, "is_crash": false, "crash_intensity_g": 0.0, "segment_start_sample": 72258, "segment_end_sample": 72295, "time_str": "09:16:51", "Speed_display": 5.2}}, {"type": "Feature", "geometry": {"type": "LineString", "coordinates": [[24.73905954068601, 59.43119017385944], [24.73907243335286, 59.43120062265824]]}, "properties": {"Speed": 4.8, "road_quality": 2, "marker": 7, "trip_id": "602D3_Trip1", "hrot_diff": 1, "sample_diff": 40, "time_diff_s": 0.838, "gps_distance_m": 1.4, "original_speed": "680", "wheel_diameter_mm": 711.0003997802734, "braking_intensity": 0.0, "is_braking": false, "is_crash": false, "crash_intensity_g": 0.0, "segment_start_sample": 72332, "segment_end_sample": 72372, "time_str": "09:16:53", "Speed_display": 5.3}}, {"type": "Feature", "geometry": {"type": "LineString", "coordinates": [[24.73907243335286, 59.43120062265824], [24.73908607013715, 59.43121141443828]]}, "properties": {"Speed": 4.8, "road_quality": 2, "marker": 7, "trip_id": "602D3_Trip1", "hrot_diff": 1, "sample_diff": 40, "time_diff_s": 0.839, "gps_distance_m": 1.4, "original_speed": "662", "wheel_diameter_mm": 711.0003997802734, "braking_intensity": 0.0, "is_braking": false, "is_crash": false, "crash_intensity_g": 0.0, "segment_start_sample": 72372, "segment_end_sample": 72412, "time_str": "09:16:53", "Speed_display": 4.8}}, {"type": "Feature", "geometry": {"type": "LineString", "coordinates": [[24.73908607013715, 59.43121141443828], [24.7390981851894, 59.431219893332205]]}, "properties": {"Speed": 5.1, "road_quality": 2, "marker": 7, "trip_id": "602D3_Trip1", "hrot_diff": 1, "sample_diff": 38, "time_diff_s": 0.782, "gps_distance_m": 1.2, "original_speed": "636", "wheel_diameter_mm": 711.0003997802734, "braking_intensity": 0.0, "is_braking": false, "is_crash": false, "crash_intensity_g": 0.0, "segment_start_sample": 72412, "segment_end_sample": 72450, "time_str": "09:16:54", "Speed_display": 4.8}}, {"type": "Feature", "geometry": {"type": "LineString", "coordinates": [[24.7390981851894, 59.431219893332205], [24.739113552829778, 59.431230543668235]]}, "properties": {"Speed": 4.2, "road_quality": 2, "marker": 7, "trip_id": "602D3_Trip1", "hrot_diff": 1, "sample_diff": 42, "time_diff_s": 0.958, "gps_distance_m": 1.5, "original_speed": "632", "wheel_diameter_mm": 711.0003997802734, "braking_intensity": 0.0, "is_braking": false, "is_crash": false, "crash_intensity_g": 0.0, "segment_start_sample": 72450, "segment_end_sample": 72492, "time_str": "09:16:55", "Speed_display": 5.2}}, {"type": "Feature", "geometry": {"type": "LineString", "coordinates": [[24.739113552829778, 59.431230543668235], [24.73912662773757, 59.431240521724966]]}, "properties": {"Speed": 5.2, "road_quality": 2, "marker": 7, "trip_id": "602D3_Trip1", "hrot_diff": 1, "sample_diff": 39, "time_diff_s": 0.78, "gps_distance_m": 1.3, "original_speed": "621", "wheel_diameter_mm": 711.0003997802734, "braking_intensity": 0.0, "is_braking": false, "is_crash": false, "crash_intensity_g": 0.0, "segment_start_sample": 72531, "segment_end_sample": 72570, "time_str": "09:16:57", "Speed_display": 5.0}}, {"type": "Feature", "geometry": {"type": "LineString", "coordinates": [[24.73912662773757, 59.431240521724966], [24.739141920634875, 59.431247755340124]]}, "properties": {"Speed": 6.7, "road_quality": 2, "marker": 7, "trip_id": "602D3_Trip1", "hrot_diff": 1, "sample_diff": 37, "time_diff_s": 0.601, "gps_distance_m": 1.2, "original_speed": "628", "wheel_diameter_mm": 711.0003997802734, "braking_intensity": 0.0, "is_braking": false, "is_crash": false, "crash_intensity_g": 0.0, "segment_start_sample": 72570, "segment_end_sample": 72607, "time_str": "09:16:57", "Speed_display": 4.4}}, {"type": "Feature", "geometry": {"type": "LineString", "coordinates": [[24.739141920634875, 59.431247755340124], [24.73916273470288, 59.43125608912634]]}, "properties": {"Speed": 3.9, "road_quality": 2, "marker": 7, "trip_id": "602D3_Trip1", "hrot_diff": 1, "sample_diff": 37, "time_diff_s": 1.019, "gps_distance_m": 1.5, "original_speed": "649", "wheel_diameter_mm": 711.0003997802734, "braking_intensity": 0.0, "is_braking": false, "is_crash": false, "crash_intensity_g": 0.0, "segment_start_sample": 72607, "segment_end_sample": 72644, "time_str": "09:16:58", "Speed_display": 3.6}}, {"type": "Feature", "geometry": {"type": "LineString", "coordinates": [[24.73916273470288, 59.43125608912634], [24.739199752203252, 59.43126677874302]]}, "properties": {"Speed": 2.0, "road_quality": 2, "marker": 7, "trip_id": "602D3_Trip1", "hrot_diff": 1, "sample_diff": 105, "time_diff_s": 1.978, "gps_distance_m": 2.4, "original_speed": "666", "wheel_diameter_mm": 711.0003997802734, "braking_intensity": 0.0, "is_braking": false, "is_crash": false, "crash_intensity_g": 0.0, "segment_start_sample": 72683, "segment_end_sample": 72788, "time_str": "09:17:00", "Speed_display": 3.8}}, {"type": "Feature", "geometry": {"type": "LineString", "coordinates": [[24.739199752203252, 59.43126677874302], [24.739226302535563, 59.43128190169039]]}, "properties": {"Speed": 0.4, "road_quality": 2, "marker": 3, "trip_id": "602D3_Trip1", "hrot_diff": 1, "sample_diff": 472, "time_diff_s": 9.602, "gps_distance_m": 2.3, "original_speed": "0", "wheel_diameter_mm": 711.0003997802734, "braking_intensity": 0.0, "is_braking": false, "is_crash": false, "crash_intensity_g": 0.0, "segment_start_sample": 72788, "segment_end_sample": 73260, "time_str": "09:17:02", "Speed_display": 3.3}}, {"type": "Feature", "geometry": {"type": "LineString", "coordinates": [[24.739226302535563, 59.43128190169039], [24.739247623942646, 59.43129309790969]]}, "properties": {"Speed": 6.1, "road_quality": 2, "marker": 7, "trip_id": "602D3_Trip1", "hrot_diff": 1, "sample_diff": 46, "time_diff_s": 0.661, "gps_distance_m": 1.7, "original_speed": "95", "wheel_diameter_mm": 711.0003997802734, "braking_intensity": 0.0, "is_braking": false, "is_crash": false, "crash_intensity_g": 0.0, "segment_start_sample": 73310, "segment_end_sample": 73356, "time_str": "09:17:12", "Speed_display": 3.5}}, {"type": "Feature", "geometry": {"type": "LineString", "coordinates": [[24.739247623942646, 59.43129309790969], [24.739262525754267, 59.43130227245825]]}, "properties": {"Speed": 3.9, "road_quality": 2, "marker": 7, "trip_id": "602D3_Trip1", "hrot_diff": 1, "sample_diff": 44, "time_diff_s": 1.02, "gps_distance_m": 1.3, "original_speed": "161", "wheel_diameter_mm": 711.0003997802734, "braking_intensity": 0.0, "is_braking": false, "is_crash": false, "crash_intensity_g": 0.0, "segment_start_sample": 73356, "segment_end_sample": 73400, "time_str": "09:17:13", "Speed_display": 4.1}}, {"type": "Feature", "geometry": {"type": "LineString", "coordinates": [[24.739262525754267, 59.43130227245825], [24.739275226219824, 59.431310926047786]]}, "properties": {"Speed": 5.2, "road_quality": 2, "marker": 7, "trip_id": "602D3_Trip1", "hrot_diff": 1, "sample_diff": 40, "time_diff_s": 0.779, "gps_distance_m": 1.2, "original_speed": "537", "wheel_diameter_mm": 711.0003997802734, "braking_intensity": 0.0, "is_braking": false, "is_crash": false, "crash_intensity_g": 0.0, "segment_start_sample": 73400, "segment_end_sample": 73440, "time_str": "09:17:14", "Speed_display": 5.3}}, {"type": "Feature", "geometry": {"type": "LineString", "coordinates": [[24.739275226219824, 59.431310926047786], [24.739285791253476, 59.43132140978721]]}, "properties": {"Speed": 4.8, "road_quality": 2, "marker": 7, "trip_id": "602D3_Trip1", "hrot_diff": 1, "sample_diff": 40, "time_diff_s": 0.846, "gps_distance_m": 1.3, "original_speed": "574", "wheel_diameter_mm": 711.0003997802734, "braking_intensity": 0.0, "is_braking": false, "is_crash": false, "crash_intensity_g": 0.0, "segment_start_sample": 73440, "segment_end_sample": 73480, "time_str": "09:17:15", "Speed_display": 5.1}}, {"type": "Feature", "geometry": {"type": "LineString", "coordinates": [[24.739285791253476, 59.43132140978721], [24.739299646753793, 59.43133144715665]]}, "properties": {"Speed": 6.7, "road_quality": 2, "marker": 7, "trip_id": "602D3_Trip1", "hrot_diff": 1, "sample_diff": 37, "time_diff_s": 0.601, "gps_distance_m": 1.4, "original_speed": "657", "wheel_diameter_mm": 711.0003997802734, "braking_intensity": 0.0, "is_braking": false, "is_crash": false, "crash_intensity_g": 0.0, "segment_start_sample": 73512, "segment_end_sample": 73549, "time_str": "09:17:16", "Speed_display": 5.3}}, {"type": "Feature", "geometry": {"type": "LineString", "coordinates": [[24.739299646753793, 59.43133144715665], [24.739317163536107, 59.431339578395836]]}, "properties": {"Speed": 4.8, "road_quality": 2, "marker": 7, "trip_id": "602D3_Trip1", "hrot_diff": 1, "sample_diff": 38, "time_diff_s": 0.842, "gps_distance_m": 1.3, "original_speed": "709", "wheel_diameter_mm": 711.0003997802734, "braking_intensity": 0.0, "is_braking": false, "is_crash": false, "crash_intensity_g": 0.0, "segment_start_sample": 73584, "segment_end_sample": 73622, "time_str": "09:17:18", "Speed_display": 5.6}}, {"type": "Feature", "geometry": {"type": "LineString", "coordinates": [[24.739317163536107, 59.431339578395836], [24.73933624959037, 59.431348416444536]]}, "properties": {"Speed": 5.1, "road_quality": 2, "marker": 7, "trip_id": "602D3_Trip1", "hrot_diff": 1, "sample_diff": 38, "time_diff_s": 0.781, "gps_distance_m": 1.5, "original_speed": "689", "wheel_diameter_mm": 711.0003997802734, "braking_intensity": 0.0, "is_braking": false, "is_crash": false, "crash_intensity_g": 0.0, "segment_start_sample": 73622, "segment_end_sample": 73660, "time_str": "09:17:18", "Speed_display": 5.6}}, {"type": "Feature", "geometry": {"type": "LineString", "coordinates": [[24.73933624959037, 59.431348416444536], [24.73934969257429, 59.43135614430898]]}, "properties": {"Speed": 6.7, "road_quality": 2, "marker": 7, "trip_id": "602D3_Trip1", "hrot_diff": 1, "sample_diff": 39, "time_diff_s": 0.597, "gps_distance_m": 1.1, "original_speed": "671", "wheel_diameter_mm": 711.0003997802734, "braking_intensity": 0.0, "is_braking": false, "is_crash": false, "crash_intensity_g": 0.0, "segment_start_sample": 73660, "segment_end_sample": 73699, "time_str": "09:17:19", "Speed_display": 5.6}}, {"type": "Feature", "geometry": {"type": "LineString", "coordinates": [[24.73934969257429, 59.43135614430898], [24.73936525445556, 59.43136648575883]]}, "properties": {"Speed": 4.8, "road_quality": 2, "marker": 7, "trip_id": "602D3_Trip1", "hrot_diff": 1, "sample_diff": 34, "time_diff_s": 0.839, "gps_distance_m": 1.4, "original_speed": "653", "wheel_diameter_mm": 711.0003997802734, "braking_intensity": 0.0, "is_braking": false, "is_crash": false, "crash_intensity_g": 0.0, "segment_start_sample": 73699, "segment_end_sample": 73733, "time_str": "09:17:20", "Speed_display": 5.4}}, {"type": "Feature", "geometry": {"type": "LineString", "coordinates": [[24.73936525445556, 59.43136648575883], [24.739377556222053, 59.431374623241425]]}, "properties": {"Speed": 6.7, "road_quality": 2, "marker": 7, "trip_id": "602D3_Trip1", "hrot_diff": 1, "sample_diff": 33, "time_diff_s": 0.6, "gps_distance_m": 1.1, "original_speed": "714", "wheel_diameter_mm": 711.0003997802734, "braking_intensity": 0.0, "is_braking": false, "is_crash": false, "crash_intensity_g": 0.0, "segment_start_sample": 73766, "segment_end_sample": 73799, "time_str": "09:17:21", "Speed_display": 5.4}}, {"type": "Feature", "geometry": {"type": "LineString", "coordinates": [[24.739377556222053, 59.431374623241425], [24.739397005360143, 59.4313850427956]]}, "properties": {"Speed": 3.9, "road_quality": 2, "marker": 7, "trip_id": "602D3_Trip1", "hrot_diff": 1, "sample_diff": 32, "time_diff_s": 1.02, "gps_distance_m": 1.6, "original_speed": "751", "wheel_diameter_mm": 711.0003997802734, "braking_intensity": 0.0, "is_braking": false, "is_crash": false, "crash_intensity_g": 0.0, "segment_start_sample": 73799, "segment_end_sample": 73831, "time_str": "09:17:22", "Speed_display": 5.4}}, {"type": "Feature", "geometry": {"type": "LineString", "coordinates": [[24.739397005360143, 59.4313850427956], [24.73941438697357, 59.43139732494122]]}, "properties": {"Speed": 4.8, "road_quality": 2, "marker": 7, "trip_id": "602D3_Trip1", "hrot_diff": 1, "sample_diff": 36, "time_diff_s": 0.84, "gps_distance_m": 1.7, "original_speed": "769", "wheel_diameter_mm": 711.0003997802734, "braking_intensity": 0.0, "is_braking": false, "is_crash": false, "crash_intensity_g": 0.0, "segment_start_sample": 73864, "segment_end_sample": 73900, "time_str": "09:17:23", "Speed_display": 5.8}}, {"type": "Feature", "geometry": {"type": "LineString", "coordinates": [[24.73941438697357, 59.43139732494122], [24.739432220645178, 59.431406702195005]]}, "properties": {"Speed": 6.7, "road_quality": 2, "marker": 7, "trip_id": "602D3_Trip1", "hrot_diff": 1, "sample_diff": 34, "time_diff_s": 0.6, "gps_distance_m": 1.5, "original_speed": "746", "wheel_diameter_mm": 711.0003997802734, "braking_intensity": 0.0, "is_braking": false, "is_crash": false, "crash_intensity_g": 0.0, "segment_start_sample": 73900, "segment_end_sample": 73934, "time_str": "09:17:24", "Speed_display": 5.5}}, {"type": "Feature", "geometry": {"type": "LineString", "coordinates": [[24.739432220645178, 59.431406702195005], [24.73944583197631, 59.43141836253803]]}, "properties": {"Speed": 6.7, "road_quality": 2, "marker": 7, "trip_id": "602D3_Trip1", "hrot_diff": 1, "sample_diff": 35, "time_diff_s": 0.6, "gps_distance_m": 1.5, "original_speed": "699", "wheel_diameter_mm": 711.0003997802734, "braking_intensity": 0.0, "is_braking": false, "is_crash": false, "crash_intensity_g": 0.0, "segment_start_sample": 73973, "segment_end_sample": 74008, "time_str": "09:17:25", "Speed_display": 5.6}}, {"type": "Feature", "geometry": {"type": "LineString", "coordinates": [[24.73944583197631, 59.43141836253803], [24.739461821825003, 59.43142744216622]]}, "properties": {"Speed": 5.2, "road_quality": 2, "marker": 7, "trip_id": "602D3_Trip1", "hrot_diff": 1, "sample_diff": 35, "time_diff_s": 0.78, "gps_distance_m": 1.4, "original_speed": "680", "wheel_diameter_mm": 711.0003997802734, "braking_intensity": 0.0, "is_braking": false, "is_crash": false, "crash_intensity_g": 0.0, "segment_start_sample": 74008, "segment_end_sample": 74043, "time_str": "09:17:26", "Speed_display": 6.1}}, {"type": "Feature", "geometry": {"type": "LineString", "coordinates": [[24.739461821825003, 59.43142744216622], [24.739477011961856, 59.4314365210753]]}, "properties": {"Speed": 4.5, "road_quality": 2, "marker": 7, "trip_id": "602D3_Trip1", "hrot_diff": 1, "sample_diff": 32, "time_diff_s": 0.9, "gps_distance_m": 1.3, "original_speed": "714", "wheel_diameter_mm": 711.0003997802734, "braking_intensity": 0.0, "is_braking": false, "is_crash": false, "crash_intensity_g": 0.0, "segment_start_sample": 74078, "segment_end_sample": 74110, "time_str": "09:17:27", "Speed_display": 5.7}}, {"type": "Feature", "geometry": {"type": "LineString", "coordinates": [[24.739477011961856, 59.4314365210753], [24.739507676069103, 59.43144856121646]]}, "properties": {"Speed": 7.5, "road_quality": 2, "marker": 7, "trip_id": "602D3_Trip1", "hrot_diff": 1, "sample_diff": 33, "time_diff_s": 0.538, "gps_distance_m": 2.2, "original_speed": "729", "wheel_diameter_mm": 711.0003997802734, "braking_intensity": 0.0, "is_braking": false, "is_crash": false, "crash_intensity_g": 0.0, "segment_start_sample": 74110, "segment_end_sample": 74143, "time_str": "09:17:28", "Speed_display": 5.4}}, {"type": "Feature", "geometry": {"type": "LineString", "coordinates": [[24.739507676069103, 59.43144856121646], [24.739529687257264, 59.431459116209986]]}, "properties": {"Speed": 4.8, "road_quality": 2, "marker": 7, "trip_id": "602D3_Trip1", "hrot_diff": 1, "sample_diff": 34, "time_diff_s": 0.84, "gps_distance_m": 1.7, "original_speed": "746", "wheel_diameter_mm": 711.0003997802734, "braking_intensity": 0.0, "is_braking": false, "is_crash": false, "crash_intensity_g": 0.0, "segment_start_sample": 74179, "segment_end_sample": 74213, "time_str": "09:17:30", "Speed_display": 5.7}}, {"type": "Feature", "geometry": {"type": "LineString", "coordinates": [[24.739529687257264, 59.431459116209986], [24.739549093905282, 59.43146760536275]]}, "properties": {"Speed": 4.8, "road_quality": 2, "marker": 7, "trip_id": "602D3_Trip1", "hrot_diff": 1, "sample_diff": 38, "time_diff_s": 0.841, "gps_distance_m": 1.4, "original_speed": "719", "wheel_diameter_mm": 711.0003997802734, "braking_intensity": 0.0, "is_braking": false, "is_crash": false, "crash_intensity_g": 0.0, "segment_start_sample": 74213, "segment_end_sample": 74251, "time_str": "09:17:30", "Speed_display": 5.8}}, {"type": "Feature", "geometry": {"type": "LineString", "coordinates": [[24.739549093905282, 59.43146760536275], [24.73957183732408, 59.43147760049281]]}, "properties": {"Speed": 6.7, "road_quality": 2, "marker": 7, "trip_id": "602D3_Trip1", "hrot_diff": 1, "sample_diff": 35, "time_diff_s": 0.601, "gps_distance_m": 1.7, "original_speed": "704", "wheel_diameter_mm": 711.0003997802734, "braking_intensity": 0.0, "is_braking": false, "is_crash": false, "crash_intensity_g": 0.0, "segment_start_sample": 74251, "segment_end_sample": 74286, "time_str": "09:17:31", "Speed_display": 5.1}}, {"type": "Feature", "geometry": {"type": "LineString", "coordinates": [[24.73957183732408, 59.43147760049281], [24.739589800753066, 59.43148260916023]]}, "properties": {"Speed": 5.1, "road_quality": 2, "marker": 7, "trip_id": "602D3_Trip1", "hrot_diff": 1, "sample_diff": 39, "time_diff_s": 0.781, "gps_distance_m": 1.2, "original_speed": "680", "wheel_diameter_mm": 711.0003997802734, "braking_intensity": 0.0, "is_braking": false, "is_crash": false, "crash_intensity_g": 0.0, "segment_start_sample": 74325, "segment_end_sample": 74364, "time_str": "09:17:32", "Speed_display": 4.2}}, {"type": "Feature", "geometry": {"type": "LineString", "coordinates": [[24.739589800753066, 59.43148260916023], [24.739606658503686, 59.43148730386856]]}, "properties": {"Speed": 3.9, "road_quality": 2, "marker": 7, "trip_id": "602D3_Trip1", "hrot_diff": 1, "sample_diff": 51, "time_diff_s": 1.02, "gps_distance_m": 1.1, "original_speed": "657", "wheel_diameter_mm": 711.0003997802734, "braking_intensity": 0.0, "is_braking": false, "is_crash": false, "crash_intensity_g": 0.0, "segment_start_sample": 74364, "segment_end_sample": 74415, "time_str": "09:17:33", "Speed_display": 3.2}}, {"type": "Feature", "geometry": {"type": "LineString", "coordinates": [[24.739606658503686, 59.43148730386856], [24.739626764601834, 59.431498638946096]]}, "properties": {"Speed": 0.4, "road_quality": 1, "marker": 7, "trip_id": "602D3_Trip1", "hrot_diff": 1, "sample_diff": 550, "time_diff_s": 10.979, "gps_distance_m": 1.7, "original_speed": "595", "wheel_diameter_mm": 711.0003997802734, "braking_intensity": 0.0, "is_braking": false, "is_crash": false, "crash_intensity_g": 0.0, "segment_start_sample": 74415, "segment_end_sample": 74965, "time_str": "09:17:34", "Speed_display": 2.0}}, {"type": "Feature", "geometry": {"type": "LineString", "coordinates": [[24.739626764601834, 59.431498638946096], [24.73964797274704, 59.4314750684832]]}, "properties": {"Speed": 0.1, "road_quality": 1, "marker": 3, "trip_id": "602D3_Trip1", "hrot_diff": 1, "sample_diff": 1493, "time_diff_s": 29.817, "gps_distance_m": 2.9, "original_speed": "0", "wheel_diameter_mm": 711.0003997802734, "braking_intensity": 0.0, "is_braking": false, "is_crash": true, "crash_intensity_g": 6.99, "segment_start_sample": 75191, "segment_end_sample": 76684, "time_str": "09:17:50", "Speed_display": 1.2}}, {"type": "Feature", "geometry": {"type": "LineString", "coordinates": [[24.73964797274704, 59.4314750684832], [24.739655354959925, 59.431474898941005]]}, "properties": {"Speed": 0.5, "road_quality": 2, "marker": 3, "trip_id": "602D3_Trip1", "hrot_diff": 1, "sample_diff": 422, "time_diff_s": 8.404, "gps_distance_m": 0.4, "original_speed": "0", "wheel_diameter_mm": 711.0003997802734, "braking_intensity": 0.0, "is_braking": false, "is_crash": false, "crash_intensity_g": 0.0, "segment_start_sample": 76927, "segment_end_sample": 77349, "time_str": "09:18:24", "Speed_display": 0.3}}, {"type": "Feature", "geometry": {"type": "Point", "coordinates": [24.75772403949551, 59.43432611404469]}, "properties": {"event_type": "crash", "trip_id": "602D3_Trip1", "severity": "Severe", "peak_g": 15.92, "suddenness_s": 0.0, "speed_at_impact_kmh": "0", "came_to_stop": true, "recovery_time_s": 5.5, "unresolved": false, "preimpact_speed_kmh": 4.0, "crash_type": "Low-Speed Fall", "crash_outcome": "Resolved", "time_str": "08:53:04"}}, {"type": "Feature", "geometry": {"type": "Point", "coordinates": [24.739626764601834, 59.431498638946096]}, "properties": {"event_type": "crash", "trip_id": "602D3_Trip1", "severity": "Minor", "peak_g": 6.99, "suddenness_s": 0.0, "speed_at_impact_kmh": 0.1, "came_to_stop": true, "recovery_time_s": null, "unresolved": true, "preimpact_speed_kmh": 4.0, "crash_type": "Low-Speed Fall", "crash_outcome": "Unresolved", "time_str": "09:17:50"}}]}