{"type": "FeatureCollection", "features": [{"type": "Feature", "geometry": {"type": "LineString", "coordinates": [[4.8069519, 52.3542016], [4.8069724, 52.3541576]]}, "properties": {"Speed": 40, "road_quality": 3, "marker": 6, "trip_id": "NORMA_Trip1", "hrot_diff": 1, "sample_diff": 4, "time_diff_s": 0.08, "gps_distance_m": 5.1, "original_speed": "-1", "wheel_diameter_mm": 711.1999999999999, "braking_intensity": 0.0, "is_braking": false}}, {"type": "Feature", "geometry": {"type": "LineString", "coordinates": [[4.8069724, 52.3541576], [4.8070016, 52.3540982]]}, "properties": {"Speed": 15.5, "road_quality": 3, "marker": 6, "trip_id": "NORMA_Trip1", "hrot_diff": 1, "sample_diff": 13, "time_diff_s": 0.26, "gps_distance_m": 6.9, "original_speed": "-1", "wheel_diameter_mm": 711.1999999999999, "braking_intensity": 0.0, "is_braking": false}}, {"type": "Feature", "geometry": {"type": "LineString", "coordinates": [[4.8070016, 52.3540982], [4.8070293, 52.3540364]]}, "properties": {"Speed": 6.5, "road_quality": 3, "marker": 7, "trip_id": "NORMA_Trip1", "hrot_diff": 1, "sample_diff": 31, "time_diff_s": 0.62, "gps_distance_m": 7.1, "original_speed": "3398", "wheel_diameter_mm": 711.1999999999999, "braking_intensity": 0.0, "is_braking": false}}, {"type": "Feature", "geometry": {"type": "LineString", "coordinates": [[4.8070571, 52.353977], [4.807087, 52.3539154]]}, "properties": {"Speed": 28.7, "road_quality": 3, "marker": 6, "trip_id": "NORMA_Trip1", "hrot_diff": 1, "sample_diff": 7, "time_diff_s": 0.14, "gps_distance_m": 7.1, "original_speed": "-1", "wheel_diameter_mm": 711.1999999999999, "braking_intensity": 0.0, "is_braking": false}}, {"type": "Feature", "geometry": {"type": "LineString", "coordinates": [[4.807087, 52.3539154], [4.8071167, 52.3538535]]}, "properties": {"Speed": 6.3, "road_quality": 3, "marker": 7, "trip_id": "NORMA_Trip1", "hrot_diff": 1, "sample_diff": 32, "time_diff_s": 0.64, "gps_distance_m": 7.2, "original_speed": "2941", "wheel_diameter_mm": 711.1999999999999, "braking_intensity": 0.0, "is_braking": false}}, {"type": "Feature", "geometry": {"type": "LineString", "coordinates": [[4.8071452, 52.353805], [4.8071765, 52.3537536]]}, "properties": {"Speed": 3.9, "road_quality": 3, "marker": 6, "trip_id": "NORMA_Trip1", "hrot_diff": 1, "sample_diff": 52, "time_diff_s": 1.04, "gps_distance_m": 6.1, "original_speed": "-1", "wheel_diameter_mm": 711.1999999999999, "braking_intensity": 0.0, "is_braking": false}}, {"type": "Feature", "geometry": {"type": "LineString", "coordinates": [[4.8071969, 52.3537147], [4.807209, 52.3536726]]}, "properties": {"Speed": 14.4, "road_quality": 3, "marker": 7, "trip_id": "NORMA_Trip1", "hrot_diff": 1, "sample_diff": 14, "time_diff_s": 0.28, "gps_distance_m": 4.8, "original_speed": "2049", "wheel_diameter_mm": 711.1999999999999, "braking_intensity": 0.0, "is_braking": false}}, {"type": "Feature", "geometry": {"type": "LineString", "coordinates": [[4.807209, 52.3536726], [4.8072176, 52.3536297]]}, "properties": {"Speed": 13.4, "road_quality": 3, "marker": 7, "trip_id": "NORMA_Trip1", "hrot_diff": 1, "sample_diff": 15, "time_diff_s": 0.3, "gps_distance_m": 4.8, "original_speed": "2212", "wheel_diameter_mm": 711.1999999999999, "braking_intensity": 0.0, "is_braking": false}}, {"type": "Feature", "geometry": {"type": "LineString", "coordinates": [[4.8072176, 52.3536297], [4.8072376, 52.3535875]]}, "properties": {"Speed": 11.2, "road_quality": 3, "marker": 6, "trip_id": "NORMA_Trip1", "hrot_diff": 1, "sample_diff": 18, "time_diff_s": 0.36, "gps_distance_m": 4.9, "original_speed": "-1", "wheel_diameter_mm": 711.1999999999999, "braking_intensity": 0.0, "is_braking": false}}, {"type": "Feature", "geometry": {"type": "LineString", "coordinates": [[4.8072376, 52.3535875], [4.8072613, 52.3535556]]}, "properties": {"Speed": 9.6, "road_quality": 3, "marker": 6, "trip_id": "NORMA_Trip1", "hrot_diff": 1, "sample_diff": 21, "time_diff_s": 0.42, "gps_distance_m": 3.9, "original_speed": "-1", "wheel_diameter_mm": 711.1999999999999, "braking_intensity": 0.0, "is_braking": false}}, {"type": "Feature", "geometry": {"type": "LineString", "coordinates": [[4.8072613, 52.3535556], [4.8072954, 52.353524]]}, "properties": {"Speed": 15.5, "road_quality": 3, "marker": 7, "trip_id": "NORMA_Trip1", "hrot_diff": 1, "sample_diff": 13, "time_diff_s": 0.26, "gps_distance_m": 4.2, "original_speed": "1327", "wheel_diameter_mm": 711.1999999999999, "braking_intensity": 0.0, "is_braking": false}}, {"type": "Feature", "geometry": {"type": "LineString", "coordinates": [[4.8072954, 52.353524], [4.8073321, 52.3535]]}, "properties": {"Speed": 3.4, "road_quality": 3, "marker": 7, "trip_id": "NORMA_Trip1", "hrot_diff": 1, "sample_diff": 59, "time_diff_s": 1.18, "gps_distance_m": 3.7, "original_speed": "1190", "wheel_diameter_mm": 711.1999999999999, "braking_intensity": 0.0, "is_braking": false}}, {"type": "Feature", "geometry": {"type": "LineString", "coordinates": [[4.8073862, 52.3534666], [4.8074257, 52.3534529]]}, "properties": {"Speed": 5.2, "road_quality": 3, "marker": 7, "trip_id": "NORMA_Trip1", "hrot_diff": 1, "sample_diff": 39, "time_diff_s": 0.78, "gps_distance_m": 3.1, "original_speed": "1388", "wheel_diameter_mm": 711.1999999999999, "braking_intensity": 0.0, "is_braking": false}}, {"type": "Feature", "geometry": {"type": "LineString", "coordinates": [[4.8074257, 52.3534529], [4.8074636, 52.3534472]]}, "properties": {"Speed": 18.3, "road_quality": 3, "marker": 6, "trip_id": "NORMA_Trip1", "hrot_diff": 1, "sample_diff": 11, "time_diff_s": 0.22, "gps_distance_m": 2.7, "original_speed": "-1", "wheel_diameter_mm": 711.1999999999999, "braking_intensity": 0.0, "is_braking": false}}, {"type": "Feature", "geometry": {"type": "LineString", "coordinates": [[4.8075147, 52.3534576], [4.8075792, 52.3534759]]}, "properties": {"Speed": 12.6, "road_quality": 3, "marker": 6, "trip_id": "NORMA_Trip1", "hrot_diff": 1, "sample_diff": 16, "time_diff_s": 0.32, "gps_distance_m": 4.8, "original_speed": "-1", "wheel_diameter_mm": 711.1999999999999, "braking_intensity": 0.0, "is_braking": false}}, {"type": "Feature", "geometry": {"type": "LineString", "coordinates": [[4.8075792, 52.3534759], [4.8076593, 52.3534909]]}, "properties": {"Speed": 18.3, "road_quality": 3, "marker": 6, "trip_id": "NORMA_Trip1", "hrot_diff": 1, "sample_diff": 11, "time_diff_s": 0.22, "gps_distance_m": 5.7, "original_speed": "-1", "wheel_diameter_mm": 711.1999999999999, "braking_intensity": 0.0, "is_braking": false}}, {"type": "Feature", "geometry": {"type": "LineString", "coordinates": [[4.8076593, 52.3534909], [4.8077438, 52.3535114]]}, "properties": {"Speed": 7.7, "road_quality": 3, "marker": 7, "trip_id": "NORMA_Trip1", "hrot_diff": 1, "sample_diff": 26, "time_diff_s": 0.52, "gps_distance_m": 6.2, "original_speed": "2752", "wheel_diameter_mm": 711.1999999999999, "braking_intensity": 0.0, "is_braking": false}}, {"type": "Feature", "geometry": {"type": "LineString", "coordinates": [[4.8078962, 52.3535476], [4.8080174, 52.3535763]]}, "properties": {"Speed": 18.3, "road_quality": 3, "marker": 6, "trip_id": "NORMA_Trip1", "hrot_diff": 1, "sample_diff": 11, "time_diff_s": 0.22, "gps_distance_m": 8.8, "original_speed": "-1", "wheel_diameter_mm": 711.1999999999999, "braking_intensity": 0.0, "is_braking": false}}, {"type": "Feature", "geometry": {"type": "LineString", "coordinates": [[4.8080174, 52.3535763], [4.8080955, 52.3535915]]}, "properties": {"Speed": 6.5, "road_quality": 3, "marker": 7, "trip_id": "NORMA_Trip1", "hrot_diff": 1, "sample_diff": 31, "time_diff_s": 0.62, "gps_distance_m": 5.6, "original_speed": "1442", "wheel_diameter_mm": 711.1999999999999, "braking_intensity": 0.0, "is_braking": false}}, {"type": "Feature", "geometry": {"type": "LineString", "coordinates": [[4.8080955, 52.3535915], [4.8081637, 52.3536049]]}, "properties": {"Speed": 25.1, "road_quality": 3, "marker": 6, "trip_id": "NORMA_Trip1", "hrot_diff": 1, "sample_diff": 8, "time_diff_s": 0.16, "gps_distance_m": 4.9, "original_speed": "-1", "wheel_diameter_mm": 711.1999999999999, "braking_intensity": 0.0, "is_braking": false}}, {"type": "Feature", "geometry": {"type": "LineString", "coordinates": [[4.8081637, 52.3536049], [4.8082446, 52.3536217]]}, "properties": {"Speed": 13.4, "road_quality": 3, "marker": 6, "trip_id": "NORMA_Trip1", "hrot_diff": 1, "sample_diff": 15, "time_diff_s": 0.3, "gps_distance_m": 5.8, "original_speed": "-1", "wheel_diameter_mm": 711.1999999999999, "braking_intensity": 0.0, "is_braking": false}}, {"type": "Feature", "geometry": {"type": "LineString", "coordinates": [[4.8082446, 52.3536217], [4.8083314, 52.3536355]]}, "properties": {"Speed": 22.3, "road_quality": 3, "marker": 6, "trip_id": "NORMA_Trip1", "hrot_diff": 1, "sample_diff": 9, "time_diff_s": 0.18, "gps_distance_m": 6.1, "original_speed": "-1", "wheel_diameter_mm": 711.1999999999999, "braking_intensity": 0.0, "is_braking": false}}, {"type": "Feature", "geometry": {"type": "LineString", "coordinates": [[4.8083314, 52.3536355], [4.8084256, 52.3536506]]}, "properties": {"Speed": 40, "road_quality": 3, "marker": 6, "trip_id": "NORMA_Trip1", "hrot_diff": 1, "sample_diff": 4, "time_diff_s": 0.08, "gps_distance_m": 6.6, "original_speed": "-1", "wheel_diameter_mm": 711.1999999999999, "braking_intensity": 0.0, "is_braking": false}}, {"type": "Feature", "geometry": {"type": "LineString", "coordinates": [[4.8085149, 52.3536652], [4.8085735, 52.3536772]]}, "properties": {"Speed": 11.8, "road_quality": 2, "marker": 6, "trip_id": "NORMA_Trip1", "hrot_diff": 1, "sample_diff": 17, "time_diff_s": 0.34, "gps_distance_m": 4.2, "original_speed": "-1", "wheel_diameter_mm": 711.1999999999999, "braking_intensity": 0.0, "is_braking": false}}, {"type": "Feature", "geometry": {"type": "LineString", "coordinates": [[4.8085735, 52.3536772], [4.8086652, 52.3536988]]}, "properties": {"Speed": 10.1, "road_quality": 2, "marker": 6, "trip_id": "NORMA_Trip1", "hrot_diff": 1, "sample_diff": 20, "time_diff_s": 0.4, "gps_distance_m": 6.7, "original_speed": "-1", "wheel_diameter_mm": 711.1999999999999, "braking_intensity": 0.0, "is_braking": false}}, {"type": "Feature", "geometry": {"type": "LineString", "coordinates": [[4.8086652, 52.3536988], [4.8087479, 52.3537148]]}, "properties": {"Speed": 28.7, "road_quality": 3, "marker": 7, "trip_id": "NORMA_Trip1", "hrot_diff": 1, "sample_diff": 7, "time_diff_s": 0.14, "gps_distance_m": 5.9, "original_speed": "1886", "wheel_diameter_mm": 711.1999999999999, "braking_intensity": 0.0, "is_braking": false}}, {"type": "Feature", "geometry": {"type": "LineString", "coordinates": [[4.8087479, 52.3537148], [4.8088323, 52.3537339]]}, "properties": {"Speed": 22.3, "road_quality": 3, "marker": 6, "trip_id": "NORMA_Trip1", "hrot_diff": 1, "sample_diff": 9, "time_diff_s": 0.18, "gps_distance_m": 6.1, "original_speed": "-1", "wheel_diameter_mm": 711.1999999999999, "braking_intensity": 0.0, "is_braking": false}}, {"type": "Feature", "geometry": {"type": "LineString", "coordinates": [[4.8088323, 52.3537339], [4.8089141, 52.3537528]]}, "properties": {"Speed": 22.3, "road_quality": 2, "marker": 6, "trip_id": "NORMA_Trip1", "hrot_diff": 1, "sample_diff": 9, "time_diff_s": 0.18, "gps_distance_m": 5.9, "original_speed": "-1", "wheel_diameter_mm": 711.1999999999999, "braking_intensity": 0.0, "is_braking": false}}, {"type": "Feature", "geometry": {"type": "LineString", "coordinates": [[4.8089141, 52.3537528], [4.8090435, 52.3537814]]}, "properties": {"Speed": 15.5, "road_quality": 2, "marker": 7, "trip_id": "NORMA_Trip1", "hrot_diff": 1, "sample_diff": 13, "time_diff_s": 0.26, "gps_distance_m": 9.3, "original_speed": "2358", "wheel_diameter_mm": 711.1999999999999, "braking_intensity": 0.0, "is_braking": false}}, {"type": "Feature", "geometry": {"type": "LineString", "coordinates": [[4.8090435, 52.3537814], [4.8090982, 52.3537952]]}, "properties": {"Speed": 16.8, "road_quality": 2, "marker": 7, "trip_id": "NORMA_Trip1", "hrot_diff": 1, "sample_diff": 12, "time_diff_s": 0.24, "gps_distance_m": 4.0, "original_speed": "1941", "wheel_diameter_mm": 711.1999999999999, "braking_intensity": 0.0, "is_braking": false}}, {"type": "Feature", "geometry": {"type": "LineString", "coordinates": [[4.8090982, 52.3537952], [4.809147, 52.3538055]]}, "properties": {"Speed": 10.6, "road_quality": 2, "marker": 7, "trip_id": "NORMA_Trip1", "hrot_diff": 1, "sample_diff": 19, "time_diff_s": 0.38, "gps_distance_m": 3.5, "original_speed": "1739", "wheel_diameter_mm": 711.1999999999999, "braking_intensity": 0.0, "is_braking": false}}, {"type": "Feature", "geometry": {"type": "LineString", "coordinates": [[4.809147, 52.3538055], [4.8091865, 52.3538133]]}, "properties": {"Speed": 10.1, "road_quality": 2, "marker": 7, "trip_id": "NORMA_Trip1", "hrot_diff": 1, "sample_diff": 20, "time_diff_s": 0.4, "gps_distance_m": 2.8, "original_speed": "1415", "wheel_diameter_mm": 711.1999999999999, "braking_intensity": 0.0, "is_braking": false}}, {"type": "Feature", "geometry": {"type": "LineString", "coordinates": [[4.8091865, 52.3538133], [4.8092236, 52.3538189]]}, "properties": {"Speed": 6.8, "road_quality": 2, "marker": 7, "trip_id": "NORMA_Trip1", "hrot_diff": 1, "sample_diff": 30, "time_diff_s": 0.592, "gps_distance_m": 2.6, "original_speed": "1304", "wheel_diameter_mm": 711.1999999999999, "braking_intensity": 0.0, "is_braking": false}}, {"type": "Feature", "geometry": {"type": "LineString", "coordinates": [[4.8092236, 52.3538189], [4.8092904, 52.3538492]]}, "properties": {"Speed": 1.1, "road_quality": 2, "marker": 7, "trip_id": "NORMA_Trip1", "hrot_diff": 1, "sample_diff": 182, "time_diff_s": 3.64, "gps_distance_m": 5.7, "original_speed": "819", "wheel_diameter_mm": 711.1999999999999, "braking_intensity": 0.0, "is_braking": false}}, {"type": "Feature", "geometry": {"type": "LineString", "coordinates": [[4.8092904, 52.3538492], [4.8092931, 52.3538439]]}, "properties": {"Speed": 4.5, "road_quality": 2, "marker": 3, "trip_id": "NORMA_Trip1", "hrot_diff": 1, "sample_diff": 45, "time_diff_s": 0.9, "gps_distance_m": 0.6, "original_speed": "0", "wheel_diameter_mm": 711.1999999999999, "braking_intensity": 0.0, "is_braking": false}}, {"type": "Feature", "geometry": {"type": "LineString", "coordinates": [[4.8092931, 52.3538439], [4.8093194, 52.3538458]]}, "properties": {"Speed": 6.5, "road_quality": 2, "marker": 7, "trip_id": "NORMA_Trip1", "hrot_diff": 1, "sample_diff": 31, "time_diff_s": 0.62, "gps_distance_m": 1.8, "original_speed": "220", "wheel_diameter_mm": 711.1999999999999, "braking_intensity": 0.0, "is_braking": false}}, {"type": "Feature", "geometry": {"type": "LineString", "coordinates": [[4.8093194, 52.3538458], [4.8093404, 52.3538598]]}, "properties": {"Speed": 7.2, "road_quality": 2, "marker": 7, "trip_id": "NORMA_Trip1", "hrot_diff": 1, "sample_diff": 28, "time_diff_s": 0.56, "gps_distance_m": 2.1, "original_speed": "735", "wheel_diameter_mm": 711.1999999999999, "braking_intensity": 0.0, "is_braking": false}}, {"type": "Feature", "geometry": {"type": "LineString", "coordinates": [[4.8093404, 52.3538598], [4.809372, 52.3538581]]}, "properties": {"Speed": 11.2, "road_quality": 2, "marker": 7, "trip_id": "NORMA_Trip1", "hrot_diff": 1, "sample_diff": 18, "time_diff_s": 0.36, "gps_distance_m": 2.2, "original_speed": "952", "wheel_diameter_mm": 711.1999999999999, "braking_intensity": 0.0, "is_braking": false}}, {"type": "Feature", "geometry": {"type": "LineString", "coordinates": [[4.809372, 52.3538581], [4.8094064, 52.3538633]]}, "properties": {"Speed": 6.7, "road_quality": 2, "marker": 7, "trip_id": "NORMA_Trip1", "hrot_diff": 1, "sample_diff": 30, "time_diff_s": 0.6, "gps_distance_m": 2.4, "original_speed": "1119", "wheel_diameter_mm": 711.1999999999999, "braking_intensity": 0.0, "is_braking": false}}, {"type": "Feature", "geometry": {"type": "LineString", "coordinates": [[4.8094064, 52.3538633], [4.8094057, 52.3538683]]}, "properties": {"Speed": 11.8, "road_quality": 2, "marker": 7, "trip_id": "NORMA_Trip1", "hrot_diff": 1, "sample_diff": 17, "time_diff_s": 0.34, "gps_distance_m": 0.6, "original_speed": "1079", "wheel_diameter_mm": 711.1999999999999, "braking_intensity": 0.0, "is_braking": false}}, {"type": "Feature", "geometry": {"type": "LineString", "coordinates": [[4.8094057, 52.3538683], [4.8094379, 52.3538749]]}, "properties": {"Speed": 13.4, "road_quality": 3, "marker": 7, "trip_id": "NORMA_Trip1", "hrot_diff": 1, "sample_diff": 15, "time_diff_s": 0.3, "gps_distance_m": 2.3, "original_speed": "1550", "wheel_diameter_mm": 711.1999999999999, "braking_intensity": 0.0, "is_braking": false}}, {"type": "Feature", "geometry": {"type": "LineString", "coordinates": [[4.8094379, 52.3538749], [4.8094834, 52.353892]]}, "properties": {"Speed": 9.6, "road_quality": 3, "marker": 7, "trip_id": "NORMA_Trip1", "hrot_diff": 1, "sample_diff": 21, "time_diff_s": 0.42, "gps_distance_m": 3.6, "original_speed": "1574", "wheel_diameter_mm": 711.1999999999999, "braking_intensity": 0.0, "is_braking": false}}, {"type": "Feature", "geometry": {"type": "LineString", "coordinates": [[4.8094834, 52.353892], [4.8095609, 52.3539106]]}, "properties": {"Speed": 18.3, "road_quality": 2, "marker": 7, "trip_id": "NORMA_Trip1", "hrot_diff": 1, "sample_diff": 11, "time_diff_s": 0.22, "gps_distance_m": 5.7, "original_speed": "1834", "wheel_diameter_mm": 711.1999999999999, "braking_intensity": 0.0, "is_braking": false}}, {"type": "Feature", "geometry": {"type": "LineString", "coordinates": [[4.8095609, 52.3539106], [4.8096288, 52.3539261]]}, "properties": {"Speed": 11.8, "road_quality": 3, "marker": 7, "trip_id": "NORMA_Trip1", "hrot_diff": 1, "sample_diff": 17, "time_diff_s": 0.34, "gps_distance_m": 4.9, "original_speed": "2272", "wheel_diameter_mm": 711.1999999999999, "braking_intensity": 0.0, "is_braking": false}}, {"type": "Feature", "geometry": {"type": "LineString", "coordinates": [[4.8096288, 52.3539261], [4.8096925, 52.3539387]]}, "properties": {"Speed": 14.4, "road_quality": 3, "marker": 7, "trip_id": "NORMA_Trip1", "hrot_diff": 1, "sample_diff": 14, "time_diff_s": 0.28, "gps_distance_m": 4.5, "original_speed": "2173", "wheel_diameter_mm": 711.1999999999999, "braking_intensity": 0.0, "is_braking": false}}, {"type": "Feature", "geometry": {"type": "LineString", "coordinates": [[4.8096925, 52.3539387], [4.8097763, 52.353955]]}, "properties": {"Speed": 18.3, "road_quality": 3, "marker": 7, "trip_id": "NORMA_Trip1", "hrot_diff": 1, "sample_diff": 11, "time_diff_s": 0.22, "gps_distance_m": 6.0, "original_speed": "2336", "wheel_diameter_mm": 711.1999999999999, "braking_intensity": 0.0, "is_braking": false}}, {"type": "Feature", "geometry": {"type": "LineString", "coordinates": [[4.8097763, 52.353955], [4.8098472, 52.3539693]]}, "properties": {"Speed": 6.9, "road_quality": 3, "marker": 7, "trip_id": "NORMA_Trip1", "hrot_diff": 1, "sample_diff": 29, "time_diff_s": 0.58, "gps_distance_m": 5.1, "original_speed": "2272", "wheel_diameter_mm": 711.1999999999999, "braking_intensity": 0.0, "is_braking": false}}, {"type": "Feature", "geometry": {"type": "LineString", "coordinates": [[4.8098472, 52.3539693], [4.8099246, 52.353986]]}, "properties": {"Speed": 7.2, "road_quality": 3, "marker": 7, "trip_id": "NORMA_Trip1", "hrot_diff": 1, "sample_diff": 28, "time_diff_s": 0.56, "gps_distance_m": 5.6, "original_speed": "1612", "wheel_diameter_mm": 711.1999999999999, "braking_intensity": 0.0, "is_braking": false}}, {"type": "Feature", "geometry": {"type": "LineString", "coordinates": [[4.8099246, 52.353986], [4.8099988, 52.3539949]]}, "properties": {"Speed": 22.3, "road_quality": 3, "marker": 6, "trip_id": "NORMA_Trip1", "hrot_diff": 1, "sample_diff": 9, "time_diff_s": 0.18, "gps_distance_m": 5.1, "original_speed": "-1", "wheel_diameter_mm": 711.1999999999999, "braking_intensity": 0.0, "is_braking": false}}, {"type": "Feature", "geometry": {"type": "LineString", "coordinates": [[4.8099988, 52.3539949], [4.8100689, 52.3539999]]}, "properties": {"Speed": 6.5, "road_quality": 3, "marker": 7, "trip_id": "NORMA_Trip1", "hrot_diff": 1, "sample_diff": 31, "time_diff_s": 0.62, "gps_distance_m": 4.8, "original_speed": "2564", "wheel_diameter_mm": 711.1999999999999, "braking_intensity": 0.0, "is_braking": false}}, {"type": "Feature", "geometry": {"type": "LineString", "coordinates": [[4.8100689, 52.3539999], [4.8101202, 52.3539978]]}, "properties": {"Speed": 28.7, "road_quality": 3, "marker": 7, "trip_id": "NORMA_Trip1", "hrot_diff": 1, "sample_diff": 7, "time_diff_s": 0.14, "gps_distance_m": 3.5, "original_speed": "1456", "wheel_diameter_mm": 711.1999999999999, "braking_intensity": 0.0, "is_braking": false}}, {"type": "Feature", "geometry": {"type": "LineString", "coordinates": [[4.8101202, 52.3539978], [4.8101754, 52.3539983]]}, "properties": {"Speed": 22.3, "road_quality": 2, "marker": 7, "trip_id": "NORMA_Trip1", "hrot_diff": 1, "sample_diff": 9, "time_diff_s": 0.18, "gps_distance_m": 3.7, "original_speed": "2631", "wheel_diameter_mm": 711.1999999999999, "braking_intensity": 0.0, "is_braking": false}}, {"type": "Feature", "geometry": {"type": "LineString", "coordinates": [[4.8102222, 52.3540043], [4.8102898, 52.3540155]]}, "properties": {"Speed": 7.2, "road_quality": 3, "marker": 7, "trip_id": "NORMA_Trip1", "hrot_diff": 1, "sample_diff": 28, "time_diff_s": 0.56, "gps_distance_m": 4.8, "original_speed": "1500", "wheel_diameter_mm": 711.1999999999999, "braking_intensity": 0.0, "is_braking": false}}, {"type": "Feature", "geometry": {"type": "LineString", "coordinates": [[4.8102898, 52.3540155], [4.810363, 52.3540258]]}, "properties": {"Speed": 25.1, "road_quality": 3, "marker": 6, "trip_id": "NORMA_Trip1", "hrot_diff": 1, "sample_diff": 8, "time_diff_s": 0.16, "gps_distance_m": 5.1, "original_speed": "-1", "wheel_diameter_mm": 711.1999999999999, "braking_intensity": 0.0, "is_braking": false}}, {"type": "Feature", "geometry": {"type": "LineString", "coordinates": [[4.8105214, 52.3540459], [4.8105804, 52.3540665]]}, "properties": {"Speed": 20.1, "road_quality": 3, "marker": 7, "trip_id": "NORMA_Trip1", "hrot_diff": 1, "sample_diff": 10, "time_diff_s": 0.2, "gps_distance_m": 4.6, "original_speed": "2752", "wheel_diameter_mm": 711.1999999999999, "braking_intensity": 0.0, "is_braking": false}}, {"type": "Feature", "geometry": {"type": "LineString", "coordinates": [[4.8106336, 52.3540858], [4.8107055, 52.3541021]]}, "properties": {"Speed": 16.8, "road_quality": 3, "marker": 7, "trip_id": "NORMA_Trip1", "hrot_diff": 1, "sample_diff": 12, "time_diff_s": 0.24, "gps_distance_m": 5.2, "original_speed": "2542", "wheel_diameter_mm": 711.1999999999999, "braking_intensity": 0.0, "is_braking": false}}, {"type": "Feature", "geometry": {"type": "LineString", "coordinates": [[4.8107055, 52.3541021], [4.8107894, 52.3541211]]}, "properties": {"Speed": 16.8, "road_quality": 3, "marker": 7, "trip_id": "NORMA_Trip1", "hrot_diff": 1, "sample_diff": 12, "time_diff_s": 0.24, "gps_distance_m": 6.1, "original_speed": "3000", "wheel_diameter_mm": 711.1999999999999, "braking_intensity": 0.0, "is_braking": false}}, {"type": "Feature", "geometry": {"type": "LineString", "coordinates": [[4.8107894, 52.3541211], [4.8108681, 52.3541406]]}, "properties": {"Speed": 20.1, "road_quality": 3, "marker": 7, "trip_id": "NORMA_Trip1", "hrot_diff": 1, "sample_diff": 10, "time_diff_s": 0.2, "gps_distance_m": 5.8, "original_speed": "2912", "wheel_diameter_mm": 711.1999999999999, "braking_intensity": 0.0, "is_braking": false}}, {"type": "Feature", "geometry": {"type": "LineString", "coordinates": [[4.8108681, 52.3541406], [4.8109566, 52.354164]]}, "properties": {"Speed": 25.1, "road_quality": 2, "marker": 7, "trip_id": "NORMA_Trip1", "hrot_diff": 1, "sample_diff": 8, "time_diff_s": 0.16, "gps_distance_m": 6.5, "original_speed": "3000", "wheel_diameter_mm": 711.1999999999999, "braking_intensity": 0.0, "is_braking": false}}, {"type": "Feature", "geometry": {"type": "LineString", "coordinates": [[4.8109566, 52.354164], [4.8110536, 52.35419]]}, "properties": {"Speed": 10.1, "road_quality": 2, "marker": 7, "trip_id": "NORMA_Trip1", "hrot_diff": 1, "sample_diff": 20, "time_diff_s": 0.4, "gps_distance_m": 7.2, "original_speed": "3043", "wheel_diameter_mm": 711.1999999999999, "braking_intensity": 0.0, "is_braking": false}}, {"type": "Feature", "geometry": {"type": "LineString", "coordinates": [[4.8110536, 52.35419], [4.8111409, 52.35421]]}, "properties": {"Speed": 25.1, "road_quality": 3, "marker": 6, "trip_id": "NORMA_Trip1", "hrot_diff": 1, "sample_diff": 8, "time_diff_s": 0.16, "gps_distance_m": 6.3, "original_speed": "-1", "wheel_diameter_mm": 711.1999999999999, "braking_intensity": 0.0, "is_braking": false}}, {"type": "Feature", "geometry": {"type": "LineString", "coordinates": [[4.8111409, 52.35421], [4.8112461, 52.3542308]]}, "properties": {"Speed": 8.4, "road_quality": 2, "marker": 6, "trip_id": "NORMA_Trip1", "hrot_diff": 1, "sample_diff": 24, "time_diff_s": 0.48, "gps_distance_m": 7.5, "original_speed": "-1", "wheel_diameter_mm": 711.1999999999999, "braking_intensity": 0.0, "is_braking": false}}, {"type": "Feature", "geometry": {"type": "LineString", "coordinates": [[4.811356, 52.3542503], [4.8114567, 52.3542756]]}, "properties": {"Speed": 15.5, "road_quality": 3, "marker": 6, "trip_id": "NORMA_Trip1", "hrot_diff": 1, "sample_diff": 13, "time_diff_s": 0.26, "gps_distance_m": 7.4, "original_speed": "-1", "wheel_diameter_mm": 711.1999999999999, "braking_intensity": 0.0, "is_braking": false}}, {"type": "Feature", "geometry": {"type": "LineString", "coordinates": [[4.8114567, 52.3542756], [4.8115639, 52.3543042]]}, "properties": {"Speed": 22.3, "road_quality": 3, "marker": 6, "trip_id": "NORMA_Trip1", "hrot_diff": 1, "sample_diff": 9, "time_diff_s": 0.18, "gps_distance_m": 7.9, "original_speed": "-1", "wheel_diameter_mm": 711.1999999999999, "braking_intensity": 0.0, "is_braking": false}}, {"type": "Feature", "geometry": {"type": "LineString", "coordinates": [[4.8115639, 52.3543042], [4.8116664, 52.3543313]]}, "properties": {"Speed": 16.8, "road_quality": 3, "marker": 7, "trip_id": "NORMA_Trip1", "hrot_diff": 1, "sample_diff": 12, "time_diff_s": 0.24, "gps_distance_m": 7.6, "original_speed": "3301", "wheel_diameter_mm": 711.1999999999999, "braking_intensity": 0.0, "is_braking": false}}, {"type": "Feature", "geometry": {"type": "LineString", "coordinates": [[4.8116664, 52.3543313], [4.8117887, 52.3543639]]}, "properties": {"Speed": 28.7, "road_quality": 3, "marker": 7, "trip_id": "NORMA_Trip1", "hrot_diff": 1, "sample_diff": 7, "time_diff_s": 0.14, "gps_distance_m": 9.1, "original_speed": "3125", "wheel_diameter_mm": 711.1999999999999, "braking_intensity": 0.0, "is_braking": false}}, {"type": "Feature", "geometry": {"type": "LineString", "coordinates": [[4.8117887, 52.3543639], [4.8118693, 52.3543869]]}, "properties": {"Speed": 28.7, "road_quality": 2, "marker": 7, "trip_id": "NORMA_Trip1", "hrot_diff": 1, "sample_diff": 7, "time_diff_s": 0.14, "gps_distance_m": 6.0, "original_speed": "3070", "wheel_diameter_mm": 711.1999999999999, "braking_intensity": 0.0, "is_braking": false}}, {"type": "Feature", "geometry": {"type": "LineString", "coordinates": [[4.8118693, 52.3543869], [4.8119484, 52.3544112]]}, "properties": {"Speed": 22.3, "road_quality": 3, "marker": 7, "trip_id": "NORMA_Trip1", "hrot_diff": 1, "sample_diff": 9, "time_diff_s": 0.18, "gps_distance_m": 6.0, "original_speed": "2941", "wheel_diameter_mm": 711.1999999999999, "braking_intensity": 0.0, "is_braking": false}}, {"type": "Feature", "geometry": {"type": "LineString", "coordinates": [[4.8119484, 52.3544112], [4.8120147, 52.3544312]]}, "properties": {"Speed": 28.7, "road_quality": 3, "marker": 7, "trip_id": "NORMA_Trip1", "hrot_diff": 1, "sample_diff": 7, "time_diff_s": 0.14, "gps_distance_m": 5.0, "original_speed": "2941", "wheel_diameter_mm": 711.1999999999999, "braking_intensity": 0.0, "is_braking": false}}, {"type": "Feature", "geometry": {"type": "LineString", "coordinates": [[4.8120147, 52.3544312], [4.8121173, 52.3544571]]}, "properties": {"Speed": 20.1, "road_quality": 3, "marker": 7, "trip_id": "NORMA_Trip1", "hrot_diff": 1, "sample_diff": 10, "time_diff_s": 0.2, "gps_distance_m": 7.5, "original_speed": "2500", "wheel_diameter_mm": 711.1999999999999, "braking_intensity": 0.0, "is_braking": false}}, {"type": "Feature", "geometry": {"type": "LineString", "coordinates": [[4.8121173, 52.3544571], [4.8122037, 52.3544771]]}, "properties": {"Speed": 6.5, "road_quality": 3, "marker": 7, "trip_id": "NORMA_Trip1", "hrot_diff": 1, "sample_diff": 31, "time_diff_s": 0.62, "gps_distance_m": 6.3, "original_speed": "2678", "wheel_diameter_mm": 711.1999999999999, "braking_intensity": 0.0, "is_braking": false}}, {"type": "Feature", "geometry": {"type": "LineString", "coordinates": [[4.8122037, 52.3544771], [4.8122714, 52.3544917]]}, "properties": {"Speed": 6.5, "road_quality": 3, "marker": 7, "trip_id": "NORMA_Trip1", "hrot_diff": 1, "sample_diff": 31, "time_diff_s": 0.62, "gps_distance_m": 4.9, "original_speed": "1709", "wheel_diameter_mm": 711.1999999999999, "braking_intensity": 0.0, "is_braking": false}}, {"type": "Feature", "geometry": {"type": "LineString", "coordinates": [[4.8123522, 52.35451], [4.8124463, 52.3545221]]}, "properties": {"Speed": 40, "road_quality": 3, "marker": 7, "trip_id": "NORMA_Trip1", "hrot_diff": 1, "sample_diff": 5, "time_diff_s": 0.1, "gps_distance_m": 6.5, "original_speed": "3153", "wheel_diameter_mm": 711.1999999999999, "braking_intensity": 0.0, "is_braking": false}}, {"type": "Feature", "geometry": {"type": "LineString", "coordinates": [[4.8124463, 52.3545221], [4.8125298, 52.3545316]]}, "properties": {"Speed": 40, "road_quality": 3, "marker": 7, "trip_id": "NORMA_Trip1", "hrot_diff": 1, "sample_diff": 5, "time_diff_s": 0.1, "gps_distance_m": 5.8, "original_speed": "3431", "wheel_diameter_mm": 711.1999999999999, "braking_intensity": 0.0, "is_braking": false}}, {"type": "Feature", "geometry": {"type": "LineString", "coordinates": [[4.8125298, 52.3545316], [4.8125968, 52.3545414]]}, "properties": {"Speed": 20.1, "road_quality": 2, "marker": 7, "trip_id": "NORMA_Trip1", "hrot_diff": 1, "sample_diff": 10, "time_diff_s": 0.2, "gps_distance_m": 4.7, "original_speed": "2884", "wheel_diameter_mm": 711.1999999999999, "braking_intensity": 0.0, "is_braking": false}}, {"type": "Feature", "geometry": {"type": "LineString", "coordinates": [[4.8125968, 52.3545414], [4.8126655, 52.3545571]]}, "properties": {"Speed": 15.5, "road_quality": 2, "marker": 7, "trip_id": "NORMA_Trip1", "hrot_diff": 1, "sample_diff": 13, "time_diff_s": 0.26, "gps_distance_m": 5.0, "original_speed": "2542", "wheel_diameter_mm": 711.1999999999999, "braking_intensity": 0.0, "is_braking": false}}, {"type": "Feature", "geometry": {"type": "LineString", "coordinates": [[4.8126655, 52.3545571], [4.8127273, 52.3545658]]}, "properties": {"Speed": 18.3, "road_quality": 3, "marker": 7, "trip_id": "NORMA_Trip1", "hrot_diff": 1, "sample_diff": 11, "time_diff_s": 0.22, "gps_distance_m": 4.3, "original_speed": "2752", "wheel_diameter_mm": 711.1999999999999, "braking_intensity": 0.0, "is_braking": false}}, {"type": "Feature", "geometry": {"type": "LineString", "coordinates": [[4.8127273, 52.3545658], [4.8127912, 52.354582]]}, "properties": {"Speed": 22.3, "road_quality": 2, "marker": 7, "trip_id": "NORMA_Trip1", "hrot_diff": 1, "sample_diff": 9, "time_diff_s": 0.18, "gps_distance_m": 4.7, "original_speed": "2631", "wheel_diameter_mm": 711.1999999999999, "braking_intensity": 0.0, "is_braking": false}}, {"type": "Feature", "geometry": {"type": "LineString", "coordinates": [[4.8127912, 52.354582], [4.8128493, 52.3545942]]}, "properties": {"Speed": 25.1, "road_quality": 2, "marker": 7, "trip_id": "NORMA_Trip1", "hrot_diff": 1, "sample_diff": 8, "time_diff_s": 0.16, "gps_distance_m": 4.2, "original_speed": "2678", "wheel_diameter_mm": 711.1999999999999, "braking_intensity": 0.0, "is_braking": false}}, {"type": "Feature", "geometry": {"type": "LineString", "coordinates": [[4.8129267, 52.3546159], [4.8130114, 52.3546367]]}, "properties": {"Speed": 6.9, "road_quality": 2, "marker": 7, "trip_id": "NORMA_Trip1", "hrot_diff": 1, "sample_diff": 29, "time_diff_s": 0.58, "gps_distance_m": 6.2, "original_speed": "909", "wheel_diameter_mm": 711.1999999999999, "braking_intensity": 0.0, "is_braking": false}}, {"type": "Feature", "geometry": {"type": "LineString", "coordinates": [[4.8130114, 52.3546367], [4.8131062, 52.3546561]]}, "properties": {"Speed": 16.8, "road_quality": 2, "marker": 6, "trip_id": "NORMA_Trip1", "hrot_diff": 1, "sample_diff": 12, "time_diff_s": 0.24, "gps_distance_m": 6.8, "original_speed": "-1", "wheel_diameter_mm": 711.1999999999999, "braking_intensity": 0.0, "is_braking": false}}, {"type": "Feature", "geometry": {"type": "LineString", "coordinates": [[4.8131062, 52.3546561], [4.81317, 52.3546719]]}, "properties": {"Speed": 22.3, "road_quality": 2, "marker": 7, "trip_id": "NORMA_Trip1", "hrot_diff": 1, "sample_diff": 9, "time_diff_s": 0.18, "gps_distance_m": 4.7, "original_speed": "2272", "wheel_diameter_mm": 711.1999999999999, "braking_intensity": 0.0, "is_braking": false}}, {"type": "Feature", "geometry": {"type": "LineString", "coordinates": [[4.8133168, 52.354711], [4.8133941, 52.3547287]]}, "properties": {"Speed": 25.1, "road_quality": 2, "marker": 6, "trip_id": "NORMA_Trip1", "hrot_diff": 1, "sample_diff": 8, "time_diff_s": 0.16, "gps_distance_m": 5.6, "original_speed": "-1", "wheel_diameter_mm": 711.1999999999999, "braking_intensity": 0.0, "is_braking": false}}, {"type": "Feature", "geometry": {"type": "LineString", "coordinates": [[4.8134512, 52.3547387], [4.8135355, 52.3547551]]}, "properties": {"Speed": 4.5, "road_quality": 2, "marker": 6, "trip_id": "NORMA_Trip1", "hrot_diff": 1, "sample_diff": 45, "time_diff_s": 0.9, "gps_distance_m": 6.0, "original_speed": "-1", "wheel_diameter_mm": 711.1999999999999, "braking_intensity": 0.0, "is_braking": false}}, {"type": "Feature", "geometry": {"type": "LineString", "coordinates": [[4.8135355, 52.3547551], [4.8136227, 52.354772]]}, "properties": {"Speed": 20.1, "road_quality": 2, "marker": 6, "trip_id": "NORMA_Trip1", "hrot_diff": 1, "sample_diff": 10, "time_diff_s": 0.2, "gps_distance_m": 6.2, "original_speed": "-1", "wheel_diameter_mm": 711.1999999999999, "braking_intensity": 0.0, "is_braking": false}}, {"type": "Feature", "geometry": {"type": "LineString", "coordinates": [[4.8136227, 52.354772], [4.8136969, 52.3547901]]}, "properties": {"Speed": 28.7, "road_quality": 2, "marker": 7, "trip_id": "NORMA_Trip1", "hrot_diff": 1, "sample_diff": 7, "time_diff_s": 0.14, "gps_distance_m": 5.4, "original_speed": "2970", "wheel_diameter_mm": 711.1999999999999, "braking_intensity": 0.0, "is_braking": false}}, {"type": "Feature", "geometry": {"type": "LineString", "coordinates": [[4.8136969, 52.3547901], [4.813792, 52.3548106]]}, "properties": {"Speed": 20.1, "road_quality": 2, "marker": 7, "trip_id": "NORMA_Trip1", "hrot_diff": 1, "sample_diff": 10, "time_diff_s": 0.2, "gps_distance_m": 6.8, "original_speed": "2380", "wheel_diameter_mm": 711.1999999999999, "braking_intensity": 0.0, "is_braking": false}}, {"type": "Feature", "geometry": {"type": "LineString", "coordinates": [[4.813792, 52.3548106], [4.8138685, 52.3548249]]}, "properties": {"Speed": 18.3, "road_quality": 2, "marker": 7, "trip_id": "NORMA_Trip1", "hrot_diff": 1, "sample_diff": 11, "time_diff_s": 0.22, "gps_distance_m": 5.4, "original_speed": "2654", "wheel_diameter_mm": 711.1999999999999, "braking_intensity": 0.0, "is_braking": false}}, {"type": "Feature", "geometry": {"type": "LineString", "coordinates": [[4.8138685, 52.3548249], [4.8139485, 52.3548415]]}, "properties": {"Speed": 8.7, "road_quality": 2, "marker": 7, "trip_id": "NORMA_Trip1", "hrot_diff": 1, "sample_diff": 23, "time_diff_s": 0.46, "gps_distance_m": 5.7, "original_speed": "1960", "wheel_diameter_mm": 711.1999999999999, "braking_intensity": 0.0, "is_braking": false}}, {"type": "Feature", "geometry": {"type": "LineString", "coordinates": [[4.8139485, 52.3548415], [4.8140391, 52.3548609]]}, "properties": {"Speed": 22.3, "road_quality": 2, "marker": 6, "trip_id": "NORMA_Trip1", "hrot_diff": 1, "sample_diff": 9, "time_diff_s": 0.18, "gps_distance_m": 6.5, "original_speed": "-1", "wheel_diameter_mm": 711.1999999999999, "braking_intensity": 0.0, "is_braking": false}}, {"type": "Feature", "geometry": {"type": "LineString", "coordinates": [[4.8140391, 52.3548609], [4.8141183, 52.3548782]]}, "properties": {"Speed": 25.1, "road_quality": 2, "marker": 6, "trip_id": "NORMA_Trip1", "hrot_diff": 1, "sample_diff": 8, "time_diff_s": 0.16, "gps_distance_m": 5.7, "original_speed": "-1", "wheel_diameter_mm": 711.1999999999999, "braking_intensity": 0.0, "is_braking": false}}, {"type": "Feature", "geometry": {"type": "LineString", "coordinates": [[4.8141183, 52.3548782], [4.8141964, 52.3548973]]}, "properties": {"Speed": 28.7, "road_quality": 2, "marker": 7, "trip_id": "NORMA_Trip1", "hrot_diff": 1, "sample_diff": 7, "time_diff_s": 0.14, "gps_distance_m": 5.7, "original_speed": "2912", "wheel_diameter_mm": 711.1999999999999, "braking_intensity": 0.0, "is_braking": false}}, {"type": "Feature", "geometry": {"type": "LineString", "coordinates": [[4.8141964, 52.3548973], [4.8142672, 52.3549193]]}, "properties": {"Speed": 8.4, "road_quality": 3, "marker": 7, "trip_id": "NORMA_Trip1", "hrot_diff": 1, "sample_diff": 24, "time_diff_s": 0.48, "gps_distance_m": 5.4, "original_speed": "2173", "wheel_diameter_mm": 711.1999999999999, "braking_intensity": 0.0, "is_braking": false}}, {"type": "Feature", "geometry": {"type": "LineString", "coordinates": [[4.8142672, 52.3549193], [4.8143456, 52.3549379]]}, "properties": {"Speed": 22.3, "road_quality": 3, "marker": 6, "trip_id": "NORMA_Trip1", "hrot_diff": 1, "sample_diff": 9, "time_diff_s": 0.18, "gps_distance_m": 5.7, "original_speed": "-1", "wheel_diameter_mm": 711.1999999999999, "braking_intensity": 0.0, "is_braking": false}}, {"type": "Feature", "geometry": {"type": "LineString", "coordinates": [[4.8143456, 52.3549379], [4.8144296, 52.3549546]]}, "properties": {"Speed": 25.1, "road_quality": 2, "marker": 7, "trip_id": "NORMA_Trip1", "hrot_diff": 1, "sample_diff": 8, "time_diff_s": 0.16, "gps_distance_m": 6.0, "original_speed": "3043", "wheel_diameter_mm": 711.1999999999999, "braking_intensity": 0.0, "is_braking": false}}, {"type": "Feature", "geometry": {"type": "LineString", "coordinates": [[4.8144296, 52.3549546], [4.8145201, 52.3549691]]}, "properties": {"Speed": 28.7, "road_quality": 3, "marker": 7, "trip_id": "NORMA_Trip1", "hrot_diff": 1, "sample_diff": 7, "time_diff_s": 0.14, "gps_distance_m": 6.4, "original_speed": "3000", "wheel_diameter_mm": 711.1999999999999, "braking_intensity": 0.0, "is_braking": false}}, {"type": "Feature", "geometry": {"type": "LineString", "coordinates": [[4.8145201, 52.3549691], [4.8146019, 52.3549836]]}, "properties": {"Speed": 25.1, "road_quality": 3, "marker": 7, "trip_id": "NORMA_Trip1", "hrot_diff": 1, "sample_diff": 8, "time_diff_s": 0.16, "gps_distance_m": 5.8, "original_speed": "3125", "wheel_diameter_mm": 711.1999999999999, "braking_intensity": 0.0, "is_braking": false}}, {"type": "Feature", "geometry": {"type": "LineString", "coordinates": [[4.8146019, 52.3549836], [4.8146968, 52.3550032]]}, "properties": {"Speed": 33.5, "road_quality": 2, "marker": 7, "trip_id": "NORMA_Trip1", "hrot_diff": 1, "sample_diff": 6, "time_diff_s": 0.12, "gps_distance_m": 6.8, "original_speed": "3070", "wheel_diameter_mm": 711.1999999999999, "braking_intensity": 0.0, "is_braking": false}}, {"type": "Feature", "geometry": {"type": "LineString", "coordinates": [[4.8146968, 52.3550032], [4.8147838, 52.3550207]]}, "properties": {"Speed": 18.3, "road_quality": 3, "marker": 7, "trip_id": "NORMA_Trip1", "hrot_diff": 1, "sample_diff": 11, "time_diff_s": 0.22, "gps_distance_m": 6.2, "original_speed": "3271", "wheel_diameter_mm": 711.1999999999999, "braking_intensity": 0.0, "is_braking": false}}, {"type": "Feature", "geometry": {"type": "LineString", "coordinates": [[4.814968, 52.3550536], [4.8150715, 52.3550759]]}, "properties": {"Speed": 20.1, "road_quality": 3, "marker": 6, "trip_id": "NORMA_Trip1", "hrot_diff": 1, "sample_diff": 10, "time_diff_s": 0.2, "gps_distance_m": 7.5, "original_speed": "-1", "wheel_diameter_mm": 711.1999999999999, "braking_intensity": 0.0, "is_braking": false}}, {"type": "Feature", "geometry": {"type": "LineString", "coordinates": [[4.8150715, 52.3550759], [4.8151651, 52.3550961]]}, "properties": {"Speed": 28.7, "road_quality": 3, "marker": 7, "trip_id": "NORMA_Trip1", "hrot_diff": 1, "sample_diff": 7, "time_diff_s": 0.14, "gps_distance_m": 6.7, "original_speed": "3043", "wheel_diameter_mm": 711.1999999999999, "braking_intensity": 0.0, "is_braking": false}}, {"type": "Feature", "geometry": {"type": "LineString", "coordinates": [[4.8152574, 52.3551177], [4.815341, 52.3551381]]}, "properties": {"Speed": 22.3, "road_quality": 2, "marker": 6, "trip_id": "NORMA_Trip1", "hrot_diff": 1, "sample_diff": 9, "time_diff_s": 0.18, "gps_distance_m": 6.1, "original_speed": "-1", "wheel_diameter_mm": 711.1999999999999, "braking_intensity": 0.0, "is_braking": false}}, {"type": "Feature", "geometry": {"type": "LineString", "coordinates": [[4.815341, 52.3551381], [4.8154248, 52.355155]]}, "properties": {"Speed": 28.7, "road_quality": 3, "marker": 6, "trip_id": "NORMA_Trip1", "hrot_diff": 1, "sample_diff": 7, "time_diff_s": 0.14, "gps_distance_m": 6.0, "original_speed": "-1", "wheel_diameter_mm": 711.1999999999999, "braking_intensity": 0.0, "is_braking": false}}, {"type": "Feature", "geometry": {"type": "LineString", "coordinates": [[4.8154248, 52.355155], [4.8155119, 52.355175]]}, "properties": {"Speed": 25.1, "road_quality": 2, "marker": 7, "trip_id": "NORMA_Trip1", "hrot_diff": 1, "sample_diff": 8, "time_diff_s": 0.16, "gps_distance_m": 6.3, "original_speed": "2631", "wheel_diameter_mm": 711.1999999999999, "braking_intensity": 0.0, "is_braking": false}}, {"type": "Feature", "geometry": {"type": "LineString", "coordinates": [[4.8155119, 52.355175], [4.8155992, 52.3552]]}, "properties": {"Speed": 25.1, "road_quality": 2, "marker": 6, "trip_id": "NORMA_Trip1", "hrot_diff": 1, "sample_diff": 8, "time_diff_s": 0.16, "gps_distance_m": 6.5, "original_speed": "-1", "wheel_diameter_mm": 711.1999999999999, "braking_intensity": 0.0, "is_braking": false}}, {"type": "Feature", "geometry": {"type": "LineString", "coordinates": [[4.8155992, 52.3552], [4.8156996, 52.3552222]]}, "properties": {"Speed": 22.3, "road_quality": 2, "marker": 6, "trip_id": "NORMA_Trip1", "hrot_diff": 1, "sample_diff": 9, "time_diff_s": 0.18, "gps_distance_m": 7.3, "original_speed": "-1", "wheel_diameter_mm": 711.1999999999999, "braking_intensity": 0.0, "is_braking": false}}, {"type": "Feature", "geometry": {"type": "LineString", "coordinates": [[4.8158826, 52.3552558], [4.8159531, 52.3552728]]}, "properties": {"Speed": 8.7, "road_quality": 2, "marker": 7, "trip_id": "NORMA_Trip1", "hrot_diff": 1, "sample_diff": 23, "time_diff_s": 0.46, "gps_distance_m": 5.1, "original_speed": "1282", "wheel_diameter_mm": 711.1999999999999, "braking_intensity": 0.0, "is_braking": false}}, {"type": "Feature", "geometry": {"type": "LineString", "coordinates": [[4.8159531, 52.3552728], [4.8160349, 52.355291]]}, "properties": {"Speed": 33.5, "road_quality": 2, "marker": 6, "trip_id": "NORMA_Trip1", "hrot_diff": 1, "sample_diff": 6, "time_diff_s": 0.12, "gps_distance_m": 5.9, "original_speed": "-1", "wheel_diameter_mm": 711.1999999999999, "braking_intensity": 0.0, "is_braking": false}}, {"type": "Feature", "geometry": {"type": "LineString", "coordinates": [[4.8160349, 52.355291], [4.8161215, 52.355312]]}, "properties": {"Speed": 25.1, "road_quality": 2, "marker": 7, "trip_id": "NORMA_Trip1", "hrot_diff": 1, "sample_diff": 8, "time_diff_s": 0.16, "gps_distance_m": 6.3, "original_speed": "3070", "wheel_diameter_mm": 711.1999999999999, "braking_intensity": 0.0, "is_braking": false}}, {"type": "Feature", "geometry": {"type": "LineString", "coordinates": [[4.8161215, 52.355312], [4.8162874, 52.3553426]]}, "properties": {"Speed": 15.5, "road_quality": 2, "marker": 7, "trip_id": "NORMA_Trip1", "hrot_diff": 1, "sample_diff": 13, "time_diff_s": 0.26, "gps_distance_m": 11.8, "original_speed": "3153", "wheel_diameter_mm": 711.1999999999999, "braking_intensity": 0.0, "is_braking": false}}, {"type": "Feature", "geometry": {"type": "LineString", "coordinates": [[4.8163771, 52.355364], [4.8164705, 52.3553878]]}, "properties": {"Speed": 25.1, "road_quality": 2, "marker": 6, "trip_id": "NORMA_Trip1", "hrot_diff": 1, "sample_diff": 8, "time_diff_s": 0.16, "gps_distance_m": 6.9, "original_speed": "-1", "wheel_diameter_mm": 711.1999999999999, "braking_intensity": 0.0, "is_braking": false}}, {"type": "Feature", "geometry": {"type": "LineString", "coordinates": [[4.8164705, 52.3553878], [4.8165543, 52.3554062]]}, "properties": {"Speed": 22.3, "road_quality": 2, "marker": 6, "trip_id": "NORMA_Trip1", "hrot_diff": 1, "sample_diff": 9, "time_diff_s": 0.18, "gps_distance_m": 6.0, "original_speed": "-1", "wheel_diameter_mm": 711.1999999999999, "braking_intensity": 0.0, "is_braking": false}}, {"type": "Feature", "geometry": {"type": "LineString", "coordinates": [[4.8165543, 52.3554062], [4.8166304, 52.3554217]]}, "properties": {"Speed": 28.7, "road_quality": 2, "marker": 7, "trip_id": "NORMA_Trip1", "hrot_diff": 1, "sample_diff": 7, "time_diff_s": 0.14, "gps_distance_m": 5.4, "original_speed": "3240", "wheel_diameter_mm": 711.1999999999999, "braking_intensity": 0.0, "is_braking": false}}, {"type": "Feature", "geometry": {"type": "LineString", "coordinates": [[4.8166304, 52.3554217], [4.8167164, 52.3554374]]}, "properties": {"Speed": 15.5, "road_quality": 3, "marker": 7, "trip_id": "NORMA_Trip1", "hrot_diff": 1, "sample_diff": 13, "time_diff_s": 0.26, "gps_distance_m": 6.1, "original_speed": "3211", "wheel_diameter_mm": 711.1999999999999, "braking_intensity": 0.0, "is_braking": false}}, {"type": "Feature", "geometry": {"type": "LineString", "coordinates": [[4.8167164, 52.3554374], [4.8168023, 52.3554476]]}, "properties": {"Speed": 7.7, "road_quality": 2, "marker": 7, "trip_id": "NORMA_Trip1", "hrot_diff": 1, "sample_diff": 26, "time_diff_s": 0.52, "gps_distance_m": 5.9, "original_speed": "2654", "wheel_diameter_mm": 711.1999999999999, "braking_intensity": 0.0, "is_braking": false}}, {"type": "Feature", "geometry": {"type": "LineString", "coordinates": [[4.8168023, 52.3554476], [4.8168935, 52.3554621]]}, "properties": {"Speed": 25.1, "road_quality": 3, "marker": 6, "trip_id": "NORMA_Trip1", "hrot_diff": 1, "sample_diff": 8, "time_diff_s": 0.16, "gps_distance_m": 6.4, "original_speed": "-1", "wheel_diameter_mm": 711.1999999999999, "braking_intensity": 0.0, "is_braking": false}}, {"type": "Feature", "geometry": {"type": "LineString", "coordinates": [[4.8168935, 52.3554621], [4.8169971, 52.3554715]]}, "properties": {"Speed": 25.1, "road_quality": 3, "marker": 6, "trip_id": "NORMA_Trip1", "hrot_diff": 1, "sample_diff": 8, "time_diff_s": 0.16, "gps_distance_m": 7.1, "original_speed": "-1", "wheel_diameter_mm": 711.1999999999999, "braking_intensity": 0.0, "is_braking": false}}, {"type": "Feature", "geometry": {"type": "LineString", "coordinates": [[4.8169971, 52.3554715], [4.8170777, 52.3554841]]}, "properties": {"Speed": 28.7, "road_quality": 2, "marker": 7, "trip_id": "NORMA_Trip1", "hrot_diff": 1, "sample_diff": 7, "time_diff_s": 0.14, "gps_distance_m": 5.7, "original_speed": "3125", "wheel_diameter_mm": 711.1999999999999, "braking_intensity": 0.0, "is_braking": false}}, {"type": "Feature", "geometry": {"type": "LineString", "coordinates": [[4.8171772, 52.3555007], [4.8172717, 52.3555146]]}, "properties": {"Speed": 22.3, "road_quality": 2, "marker": 6, "trip_id": "NORMA_Trip1", "hrot_diff": 1, "sample_diff": 9, "time_diff_s": 0.18, "gps_distance_m": 6.6, "original_speed": "-1", "wheel_diameter_mm": 711.1999999999999, "braking_intensity": 0.0, "is_braking": false}}, {"type": "Feature", "geometry": {"type": "LineString", "coordinates": [[4.8172717, 52.3555146], [4.817365, 52.3555313]]}, "properties": {"Speed": 14.4, "road_quality": 3, "marker": 6, "trip_id": "NORMA_Trip1", "hrot_diff": 1, "sample_diff": 14, "time_diff_s": 0.28, "gps_distance_m": 6.6, "original_speed": "-1", "wheel_diameter_mm": 711.1999999999999, "braking_intensity": 0.0, "is_braking": false}}, {"type": "Feature", "geometry": {"type": "LineString", "coordinates": [[4.8174661, 52.3555506], [4.8175608, 52.3555697]]}, "properties": {"Speed": 28.7, "road_quality": 3, "marker": 6, "trip_id": "NORMA_Trip1", "hrot_diff": 1, "sample_diff": 7, "time_diff_s": 0.14, "gps_distance_m": 6.8, "original_speed": "-1", "wheel_diameter_mm": 711.1999999999999, "braking_intensity": 0.0, "is_braking": false}}, {"type": "Feature", "geometry": {"type": "LineString", "coordinates": [[4.8177103, 52.3555975], [4.8177797, 52.3556108]]}, "properties": {"Speed": 22.3, "road_quality": 2, "marker": 6, "trip_id": "NORMA_Trip1", "hrot_diff": 1, "sample_diff": 9, "time_diff_s": 0.18, "gps_distance_m": 4.9, "original_speed": "-1", "wheel_diameter_mm": 711.1999999999999, "braking_intensity": 0.0, "is_braking": false}}, {"type": "Feature", "geometry": {"type": "LineString", "coordinates": [[4.8177797, 52.3556108], [4.8178568, 52.3556291]]}, "properties": {"Speed": 20.5, "road_quality": 3, "marker": 6, "trip_id": "NORMA_Trip1", "hrot_diff": 1, "sample_diff": 10, "time_diff_s": 0.196, "gps_distance_m": 5.6, "original_speed": "-1", "wheel_diameter_mm": 711.1999999999999, "braking_intensity": 0.0, "is_braking": false}}, {"type": "Feature", "geometry": {"type": "LineString", "coordinates": [[4.8178568, 52.3556291], [4.8179577, 52.3556476]]}, "properties": {"Speed": 8.0, "road_quality": 3, "marker": 7, "trip_id": "NORMA_Trip1", "hrot_diff": 1, "sample_diff": 25, "time_diff_s": 0.5, "gps_distance_m": 7.2, "original_speed": "1904", "wheel_diameter_mm": 711.1999999999999, "braking_intensity": 0.0, "is_braking": false}}, {"type": "Feature", "geometry": {"type": "LineString", "coordinates": [[4.8179577, 52.3556476], [4.8180574, 52.3556749]]}, "properties": {"Speed": 22.3, "road_quality": 4, "marker": 6, "trip_id": "NORMA_Trip1", "hrot_diff": 1, "sample_diff": 9, "time_diff_s": 0.18, "gps_distance_m": 7.4, "original_speed": "-1", "wheel_diameter_mm": 711.1999999999999, "braking_intensity": 0.0, "is_braking": false}}, {"type": "Feature", "geometry": {"type": "LineString", "coordinates": [[4.8180574, 52.3556749], [4.8181469, 52.3556982]]}, "properties": {"Speed": 25.1, "road_quality": 4, "marker": 7, "trip_id": "NORMA_Trip1", "hrot_diff": 1, "sample_diff": 8, "time_diff_s": 0.16, "gps_distance_m": 6.6, "original_speed": "2777", "wheel_diameter_mm": 711.1999999999999, "braking_intensity": 0.0, "is_braking": false}}, {"type": "Feature", "geometry": {"type": "LineString", "coordinates": [[4.8181469, 52.3556982], [4.8182403, 52.3557182]]}, "properties": {"Speed": 16.8, "road_quality": 3, "marker": 7, "trip_id": "NORMA_Trip1", "hrot_diff": 1, "sample_diff": 12, "time_diff_s": 0.24, "gps_distance_m": 6.7, "original_speed": "2912", "wheel_diameter_mm": 711.1999999999999, "braking_intensity": 0.0, "is_braking": false}}, {"type": "Feature", "geometry": {"type": "LineString", "coordinates": [[4.8182403, 52.3557182], [4.8183258, 52.3557354]]}, "properties": {"Speed": 15.5, "road_quality": 2, "marker": 7, "trip_id": "NORMA_Trip1", "hrot_diff": 1, "sample_diff": 13, "time_diff_s": 0.26, "gps_distance_m": 6.1, "original_speed": "2912", "wheel_diameter_mm": 711.1999999999999, "braking_intensity": 0.0, "is_braking": false}}, {"type": "Feature", "geometry": {"type": "LineString", "coordinates": [[4.8183258, 52.3557354], [4.8184104, 52.3557557]]}, "properties": {"Speed": 18.3, "road_quality": 3, "marker": 7, "trip_id": "NORMA_Trip1", "hrot_diff": 1, "sample_diff": 11, "time_diff_s": 0.22, "gps_distance_m": 6.2, "original_speed": "2155", "wheel_diameter_mm": 711.1999999999999, "braking_intensity": 0.0, "is_braking": false}}, {"type": "Feature", "geometry": {"type": "LineString", "coordinates": [[4.8187796, 52.3558274], [4.8188992, 52.3558446]]}, "properties": {"Speed": 8.0, "road_quality": 2, "marker": 7, "trip_id": "NORMA_Trip1", "hrot_diff": 1, "sample_diff": 25, "time_diff_s": 0.5, "gps_distance_m": 8.3, "original_speed": "3125", "wheel_diameter_mm": 711.1999999999999, "braking_intensity": 0.0, "is_braking": false}}, {"type": "Feature", "geometry": {"type": "LineString", "coordinates": [[4.8188992, 52.3558446], [4.8190689, 52.3558703]]}, "properties": {"Speed": 20.1, "road_quality": 2, "marker": 6, "trip_id": "NORMA_Trip1", "hrot_diff": 1, "sample_diff": 10, "time_diff_s": 0.2, "gps_distance_m": 11.9, "original_speed": "-1", "wheel_diameter_mm": 711.1999999999999, "braking_intensity": 0.0, "is_braking": false}}, {"type": "Feature", "geometry": {"type": "LineString", "coordinates": [[4.8190689, 52.3558703], [4.819162, 52.3558906]]}, "properties": {"Speed": 15.5, "road_quality": 3, "marker": 7, "trip_id": "NORMA_Trip1", "hrot_diff": 1, "sample_diff": 13, "time_diff_s": 0.26, "gps_distance_m": 6.7, "original_speed": "3301", "wheel_diameter_mm": 711.1999999999999, "braking_intensity": 0.0, "is_braking": false}}, {"type": "Feature", "geometry": {"type": "LineString", "coordinates": [[4.819162, 52.3558906], [4.819259, 52.3559066]]}, "properties": {"Speed": 25.1, "road_quality": 3, "marker": 7, "trip_id": "NORMA_Trip1", "hrot_diff": 1, "sample_diff": 8, "time_diff_s": 0.16, "gps_distance_m": 6.8, "original_speed": "3333", "wheel_diameter_mm": 711.1999999999999, "braking_intensity": 0.0, "is_braking": false}}, {"type": "Feature", "geometry": {"type": "LineString", "coordinates": [[4.8193614, 52.3559243], [4.8194577, 52.3559412]]}, "properties": {"Speed": 28.7, "road_quality": 3, "marker": 6, "trip_id": "NORMA_Trip1", "hrot_diff": 1, "sample_diff": 7, "time_diff_s": 0.14, "gps_distance_m": 6.8, "original_speed": "-1", "wheel_diameter_mm": 711.1999999999999, "braking_intensity": 0.0, "is_braking": false}}, {"type": "Feature", "geometry": {"type": "LineString", "coordinates": [[4.8195612, 52.3559612], [4.8196497, 52.3559738]]}, "properties": {"Speed": 22.3, "road_quality": 3, "marker": 6, "trip_id": "NORMA_Trip1", "hrot_diff": 1, "sample_diff": 9, "time_diff_s": 0.18, "gps_distance_m": 6.2, "original_speed": "-1", "wheel_diameter_mm": 711.1999999999999, "braking_intensity": 0.0, "is_braking": false}}, {"type": "Feature", "geometry": {"type": "LineString", "coordinates": [[4.8196497, 52.3559738], [4.8197578, 52.3559936]]}, "properties": {"Speed": 13.4, "road_quality": 3, "marker": 6, "trip_id": "NORMA_Trip1", "hrot_diff": 1, "sample_diff": 15, "time_diff_s": 0.3, "gps_distance_m": 7.7, "original_speed": "-1", "wheel_diameter_mm": 711.1999999999999, "braking_intensity": 0.0, "is_braking": false}}, {"type": "Feature", "geometry": {"type": "LineString", "coordinates": [[4.8198435, 52.356003], [4.8199533, 52.3560152]]}, "properties": {"Speed": 22.3, "road_quality": 3, "marker": 6, "trip_id": "NORMA_Trip1", "hrot_diff": 1, "sample_diff": 9, "time_diff_s": 0.18, "gps_distance_m": 7.6, "original_speed": "-1", "wheel_diameter_mm": 711.1999999999999, "braking_intensity": 0.0, "is_braking": false}}, {"type": "Feature", "geometry": {"type": "LineString", "coordinates": [[4.8199533, 52.3560152], [4.8200444, 52.3560307]]}, "properties": {"Speed": 28.7, "road_quality": 3, "marker": 6, "trip_id": "NORMA_Trip1", "hrot_diff": 1, "sample_diff": 7, "time_diff_s": 0.14, "gps_distance_m": 6.4, "original_speed": "-1", "wheel_diameter_mm": 711.1999999999999, "braking_intensity": 0.0, "is_braking": false}}, {"type": "Feature", "geometry": {"type": "LineString", "coordinates": [[4.8200444, 52.3560307], [4.8201351, 52.356045]]}, "properties": {"Speed": 28.7, "road_quality": 3, "marker": 7, "trip_id": "NORMA_Trip1", "hrot_diff": 1, "sample_diff": 7, "time_diff_s": 0.14, "gps_distance_m": 6.4, "original_speed": "3211", "wheel_diameter_mm": 711.1999999999999, "braking_intensity": 0.0, "is_braking": false}}, {"type": "Feature", "geometry": {"type": "LineString", "coordinates": [[4.8202405, 52.3560632], [4.8203391, 52.3560754]]}, "properties": {"Speed": 25.1, "road_quality": 3, "marker": 6, "trip_id": "NORMA_Trip1", "hrot_diff": 1, "sample_diff": 8, "time_diff_s": 0.16, "gps_distance_m": 6.8, "original_speed": "-1", "wheel_diameter_mm": 711.1999999999999, "braking_intensity": 0.0, "is_braking": false}}, {"type": "Feature", "geometry": {"type": "LineString", "coordinates": [[4.8203971, 52.3560754], [4.8204824, 52.356081]]}, "properties": {"Speed": 9.6, "road_quality": 2, "marker": 7, "trip_id": "NORMA_Trip1", "hrot_diff": 1, "sample_diff": 21, "time_diff_s": 0.42, "gps_distance_m": 5.8, "original_speed": "1526", "wheel_diameter_mm": 711.1999999999999, "braking_intensity": 0.0, "is_braking": false}}, {"type": "Feature", "geometry": {"type": "LineString", "coordinates": [[4.8204824, 52.356081], [4.820566, 52.3560761]]}, "properties": {"Speed": 33.5, "road_quality": 2, "marker": 6, "trip_id": "NORMA_Trip1", "hrot_diff": 1, "sample_diff": 6, "time_diff_s": 0.12, "gps_distance_m": 5.7, "original_speed": "-1", "wheel_diameter_mm": 711.1999999999999, "braking_intensity": 0.0, "is_braking": false}}, {"type": "Feature", "geometry": {"type": "LineString", "coordinates": [[4.8206542, 52.3560696], [4.8207519, 52.3560595]]}, "properties": {"Speed": 16.8, "road_quality": 3, "marker": 6, "trip_id": "NORMA_Trip1", "hrot_diff": 1, "sample_diff": 12, "time_diff_s": 0.24, "gps_distance_m": 6.7, "original_speed": "-1", "wheel_diameter_mm": 711.1999999999999, "braking_intensity": 0.0, "is_braking": false}}, {"type": "Feature", "geometry": {"type": "LineString", "coordinates": [[4.8207519, 52.3560595], [4.8208488, 52.3560547]]}, "properties": {"Speed": 20.1, "road_quality": 3, "marker": 6, "trip_id": "NORMA_Trip1", "hrot_diff": 1, "sample_diff": 10, "time_diff_s": 0.2, "gps_distance_m": 6.6, "original_speed": "-1", "wheel_diameter_mm": 711.1999999999999, "braking_intensity": 0.0, "is_braking": false}}, {"type": "Feature", "geometry": {"type": "LineString", "coordinates": [[4.8208488, 52.3560547], [4.8209453, 52.3560571]]}, "properties": {"Speed": 20.1, "road_quality": 3, "marker": 7, "trip_id": "NORMA_Trip1", "hrot_diff": 1, "sample_diff": 10, "time_diff_s": 0.2, "gps_distance_m": 6.6, "original_speed": "2966", "wheel_diameter_mm": 711.1999999999999, "braking_intensity": 0.0, "is_braking": false}}, {"type": "Feature", "geometry": {"type": "LineString", "coordinates": [[4.8209453, 52.3560571], [4.821021, 52.3560563]]}, "properties": {"Speed": 18.3, "road_quality": 2, "marker": 7, "trip_id": "NORMA_Trip1", "hrot_diff": 1, "sample_diff": 11, "time_diff_s": 0.22, "gps_distance_m": 5.1, "original_speed": "2777", "wheel_diameter_mm": 711.1999999999999, "braking_intensity": 0.0, "is_braking": false}}, {"type": "Feature", "geometry": {"type": "LineString", "coordinates": [[4.821021, 52.3560563], [4.8211009, 52.3560586]]}, "properties": {"Speed": 13.4, "road_quality": 2, "marker": 7, "trip_id": "NORMA_Trip1", "hrot_diff": 1, "sample_diff": 15, "time_diff_s": 0.3, "gps_distance_m": 5.4, "original_speed": "2752", "wheel_diameter_mm": 711.1999999999999, "braking_intensity": 0.0, "is_braking": false}}, {"type": "Feature", "geometry": {"type": "LineString", "coordinates": [[4.8211009, 52.3560586], [4.8211836, 52.3560544]]}, "properties": {"Speed": 14.4, "road_quality": 2, "marker": 7, "trip_id": "NORMA_Trip1", "hrot_diff": 1, "sample_diff": 14, "time_diff_s": 0.28, "gps_distance_m": 5.6, "original_speed": "2654", "wheel_diameter_mm": 711.1999999999999, "braking_intensity": 0.0, "is_braking": false}}, {"type": "Feature", "geometry": {"type": "LineString", "coordinates": [[4.8211836, 52.3560544], [4.8212235, 52.3560433]]}, "properties": {"Speed": 18.3, "road_quality": 2, "marker": 7, "trip_id": "NORMA_Trip1", "hrot_diff": 1, "sample_diff": 11, "time_diff_s": 0.22, "gps_distance_m": 3.0, "original_speed": "2586", "wheel_diameter_mm": 711.1999999999999, "braking_intensity": 0.0, "is_braking": false}}, {"type": "Feature", "geometry": {"type": "LineString", "coordinates": [[4.8212235, 52.3560433], [4.8212865, 52.3560175]]}, "properties": {"Speed": 18.3, "road_quality": 3, "marker": 7, "trip_id": "NORMA_Trip1", "hrot_diff": 1, "sample_diff": 11, "time_diff_s": 0.22, "gps_distance_m": 5.2, "original_speed": "2608", "wheel_diameter_mm": 711.1999999999999, "braking_intensity": 0.0, "is_braking": false}}, {"type": "Feature", "geometry": {"type": "LineString", "coordinates": [[4.8212865, 52.3560175], [4.8213545, 52.3560001]]}, "properties": {"Speed": 22.3, "road_quality": 3, "marker": 7, "trip_id": "NORMA_Trip1", "hrot_diff": 1, "sample_diff": 9, "time_diff_s": 0.18, "gps_distance_m": 5.0, "original_speed": "2702", "wheel_diameter_mm": 711.1999999999999, "braking_intensity": 0.0, "is_braking": false}}, {"type": "Feature", "geometry": {"type": "LineString", "coordinates": [[4.8215325, 52.3560237], [4.8215879, 52.3560524]]}, "properties": {"Speed": 20.1, "road_quality": 3, "marker": 6, "trip_id": "NORMA_Trip1", "hrot_diff": 1, "sample_diff": 10, "time_diff_s": 0.2, "gps_distance_m": 4.9, "original_speed": "-1", "wheel_diameter_mm": 711.1999999999999, "braking_intensity": 0.0, "is_braking": false}}, {"type": "Feature", "geometry": {"type": "LineString", "coordinates": [[4.8215879, 52.3560524], [4.8216541, 52.3560685]]}, "properties": {"Speed": 25.1, "road_quality": 3, "marker": 7, "trip_id": "NORMA_Trip1", "hrot_diff": 1, "sample_diff": 8, "time_diff_s": 0.16, "gps_distance_m": 4.8, "original_speed": "2459", "wheel_diameter_mm": 711.1999999999999, "braking_intensity": 0.0, "is_braking": false}}, {"type": "Feature", "geometry": {"type": "LineString", "coordinates": [[4.8216541, 52.3560685], [4.8217414, 52.3560759]]}, "properties": {"Speed": 22.3, "road_quality": 3, "marker": 7, "trip_id": "NORMA_Trip1", "hrot_diff": 1, "sample_diff": 9, "time_diff_s": 0.18, "gps_distance_m": 6.0, "original_speed": "2752", "wheel_diameter_mm": 711.1999999999999, "braking_intensity": 0.0, "is_braking": false}}, {"type": "Feature", "geometry": {"type": "LineString", "coordinates": [[4.8217414, 52.3560759], [4.8218256, 52.3560922]]}, "properties": {"Speed": 25.1, "road_quality": 2, "marker": 7, "trip_id": "NORMA_Trip1", "hrot_diff": 1, "sample_diff": 8, "time_diff_s": 0.16, "gps_distance_m": 6.0, "original_speed": "2631", "wheel_diameter_mm": 711.1999999999999, "braking_intensity": 0.0, "is_braking": false}}, {"type": "Feature", "geometry": {"type": "LineString", "coordinates": [[4.8218256, 52.3560922], [4.8219133, 52.3561016]]}, "properties": {"Speed": 25.1, "road_quality": 2, "marker": 7, "trip_id": "NORMA_Trip1", "hrot_diff": 1, "sample_diff": 8, "time_diff_s": 0.16, "gps_distance_m": 6.0, "original_speed": "2702", "wheel_diameter_mm": 711.1999999999999, "braking_intensity": 0.0, "is_braking": false}}, {"type": "Feature", "geometry": {"type": "LineString", "coordinates": [[4.822052, 52.3561052], [4.8222649, 52.3560902]]}, "properties": {"Speed": 33.5, "road_quality": 3, "marker": 6, "trip_id": "NORMA_Trip1", "hrot_diff": 1, "sample_diff": 6, "time_diff_s": 0.12, "gps_distance_m": 14.6, "original_speed": "-1", "wheel_diameter_mm": 711.1999999999999, "braking_intensity": 0.0, "is_braking": false}}, {"type": "Feature", "geometry": {"type": "LineString", "coordinates": [[4.8222649, 52.3560902], [4.8223579, 52.3560822]]}, "properties": {"Speed": 28.7, "road_quality": 3, "marker": 7, "trip_id": "NORMA_Trip1", "hrot_diff": 1, "sample_diff": 7, "time_diff_s": 0.14, "gps_distance_m": 6.4, "original_speed": "3211", "wheel_diameter_mm": 711.1999999999999, "braking_intensity": 0.0, "is_braking": false}}, {"type": "Feature", "geometry": {"type": "LineString", "coordinates": [[4.8225851, 52.3560839], [4.8227008, 52.3560889]]}, "properties": {"Speed": 22.3, "road_quality": 2, "marker": 6, "trip_id": "NORMA_Trip1", "hrot_diff": 1, "sample_diff": 9, "time_diff_s": 0.18, "gps_distance_m": 7.9, "original_speed": "-1", "wheel_diameter_mm": 711.1999999999999, "braking_intensity": 0.0, "is_braking": false}}, {"type": "Feature", "geometry": {"type": "LineString", "coordinates": [[4.8227008, 52.3560889], [4.8227933, 52.3560944]]}, "properties": {"Speed": 22.3, "road_quality": 2, "marker": 7, "trip_id": "NORMA_Trip1", "hrot_diff": 1, "sample_diff": 9, "time_diff_s": 0.18, "gps_distance_m": 6.3, "original_speed": "3211", "wheel_diameter_mm": 711.1999999999999, "braking_intensity": 0.0, "is_braking": false}}, {"type": "Feature", "geometry": {"type": "LineString", "coordinates": [[4.8227933, 52.3560944], [4.8228821, 52.3561003]]}, "properties": {"Speed": 18.3, "road_quality": 3, "marker": 7, "trip_id": "NORMA_Trip1", "hrot_diff": 1, "sample_diff": 11, "time_diff_s": 0.22, "gps_distance_m": 6.1, "original_speed": "3125", "wheel_diameter_mm": 711.1999999999999, "braking_intensity": 0.0, "is_braking": false}}, {"type": "Feature", "geometry": {"type": "LineString", "coordinates": [[4.8228821, 52.3561003], [4.8229714, 52.3561037]]}, "properties": {"Speed": 25.1, "road_quality": 2, "marker": 7, "trip_id": "NORMA_Trip1", "hrot_diff": 1, "sample_diff": 8, "time_diff_s": 0.16, "gps_distance_m": 6.1, "original_speed": "3153", "wheel_diameter_mm": 711.1999999999999, "braking_intensity": 0.0, "is_braking": false}}, {"type": "Feature", "geometry": {"type": "LineString", "coordinates": [[4.8230652, 52.356107], [4.823157, 52.3561137]]}, "properties": {"Speed": 8.7, "road_quality": 2, "marker": 6, "trip_id": "NORMA_Trip1", "hrot_diff": 1, "sample_diff": 23, "time_diff_s": 0.46, "gps_distance_m": 6.3, "original_speed": "-1", "wheel_diameter_mm": 711.1999999999999, "braking_intensity": 0.0, "is_braking": false}}, {"type": "Feature", "geometry": {"type": "LineString", "coordinates": [[4.823157, 52.3561137], [4.8232479, 52.3561146]]}, "properties": {"Speed": 7.7, "road_quality": 2, "marker": 6, "trip_id": "NORMA_Trip1", "hrot_diff": 1, "sample_diff": 26, "time_diff_s": 0.52, "gps_distance_m": 6.2, "original_speed": "-1", "wheel_diameter_mm": 711.1999999999999, "braking_intensity": 0.0, "is_braking": false}}, {"type": "Feature", "geometry": {"type": "LineString", "coordinates": [[4.8232479, 52.3561146], [4.823334, 52.3561145]]}, "properties": {"Speed": 28.7, "road_quality": 3, "marker": 6, "trip_id": "NORMA_Trip1", "hrot_diff": 1, "sample_diff": 7, "time_diff_s": 0.14, "gps_distance_m": 5.8, "original_speed": "-1", "wheel_diameter_mm": 711.1999999999999, "braking_intensity": 0.0, "is_braking": false}}, {"type": "Feature", "geometry": {"type": "LineString", "coordinates": [[4.823334, 52.3561145], [4.8234179, 52.3561139]]}, "properties": {"Speed": 18.3, "road_quality": 2, "marker": 6, "trip_id": "NORMA_Trip1", "hrot_diff": 1, "sample_diff": 11, "time_diff_s": 0.22, "gps_distance_m": 5.7, "original_speed": "-1", "wheel_diameter_mm": 711.1999999999999, "braking_intensity": 0.0, "is_braking": false}}, {"type": "Feature", "geometry": {"type": "LineString", "coordinates": [[4.8234179, 52.3561139], [4.8235133, 52.356109]]}, "properties": {"Speed": 18.3, "road_quality": 2, "marker": 7, "trip_id": "NORMA_Trip1", "hrot_diff": 1, "sample_diff": 11, "time_diff_s": 0.22, "gps_distance_m": 6.5, "original_speed": "3000", "wheel_diameter_mm": 711.1999999999999, "braking_intensity": 0.0, "is_braking": false}}, {"type": "Feature", "geometry": {"type": "LineString", "coordinates": [[4.8235133, 52.356109], [4.823592, 52.3561067]]}, "properties": {"Speed": 14.4, "road_quality": 2, "marker": 7, "trip_id": "NORMA_Trip1", "hrot_diff": 1, "sample_diff": 14, "time_diff_s": 0.28, "gps_distance_m": 5.4, "original_speed": "3153", "wheel_diameter_mm": 711.1999999999999, "braking_intensity": 0.0, "is_braking": false}}, {"type": "Feature", "geometry": {"type": "LineString", "coordinates": [[4.823592, 52.3561067], [4.8236716, 52.3561046]]}, "properties": {"Speed": 28.7, "road_quality": 2, "marker": 6, "trip_id": "NORMA_Trip1", "hrot_diff": 1, "sample_diff": 7, "time_diff_s": 0.14, "gps_distance_m": 5.4, "original_speed": "-1", "wheel_diameter_mm": 711.1999999999999, "braking_intensity": 0.0, "is_braking": false}}, {"type": "Feature", "geometry": {"type": "LineString", "coordinates": [[4.8236716, 52.3561046], [4.8237744, 52.3561016]]}, "properties": {"Speed": 20.1, "road_quality": 3, "marker": 6, "trip_id": "NORMA_Trip1", "hrot_diff": 1, "sample_diff": 10, "time_diff_s": 0.2, "gps_distance_m": 7.0, "original_speed": "-1", "wheel_diameter_mm": 711.1999999999999, "braking_intensity": 0.0, "is_braking": false}}, {"type": "Feature", "geometry": {"type": "LineString", "coordinates": [[4.8237744, 52.3561016], [4.8238569, 52.3561015]]}, "properties": {"Speed": 25.1, "road_quality": 3, "marker": 7, "trip_id": "NORMA_Trip1", "hrot_diff": 1, "sample_diff": 8, "time_diff_s": 0.16, "gps_distance_m": 5.6, "original_speed": "3883", "wheel_diameter_mm": 711.1999999999999, "braking_intensity": 0.0, "is_braking": false}}, {"type": "Feature", "geometry": {"type": "LineString", "coordinates": [[4.8238569, 52.3561015], [4.8239527, 52.3561029]]}, "properties": {"Speed": 33.5, "road_quality": 3, "marker": 7, "trip_id": "NORMA_Trip1", "hrot_diff": 1, "sample_diff": 6, "time_diff_s": 0.12, "gps_distance_m": 6.5, "original_speed": "3000", "wheel_diameter_mm": 711.1999999999999, "braking_intensity": 0.0, "is_braking": false}}, {"type": "Feature", "geometry": {"type": "LineString", "coordinates": [[4.8240283, 52.3561026], [4.8240937, 52.3561034]]}, "properties": {"Speed": 15.5, "road_quality": 2, "marker": 6, "trip_id": "NORMA_Trip1", "hrot_diff": 1, "sample_diff": 13, "time_diff_s": 0.26, "gps_distance_m": 4.4, "original_speed": "-1", "wheel_diameter_mm": 711.1999999999999, "braking_intensity": 0.0, "is_braking": false}}, {"type": "Feature", "geometry": {"type": "LineString", "coordinates": [[4.8240937, 52.3561034], [4.8241475, 52.3561046]]}, "properties": {"Speed": 12.6, "road_quality": 2, "marker": 6, "trip_id": "NORMA_Trip1", "hrot_diff": 1, "sample_diff": 16, "time_diff_s": 0.32, "gps_distance_m": 3.7, "original_speed": "-1", "wheel_diameter_mm": 711.1999999999999, "braking_intensity": 0.0, "is_braking": false}}, {"type": "Feature", "geometry": {"type": "LineString", "coordinates": [[4.8241475, 52.3561046], [4.824202, 52.3561036]]}, "properties": {"Speed": 18.3, "road_quality": 2, "marker": 7, "trip_id": "NORMA_Trip1", "hrot_diff": 1, "sample_diff": 11, "time_diff_s": 0.22, "gps_distance_m": 3.7, "original_speed": "2314", "wheel_diameter_mm": 711.1999999999999, "braking_intensity": 0.0, "is_braking": false}}, {"type": "Feature", "geometry": {"type": "LineString", "coordinates": [[4.824202, 52.3561036], [4.8242888, 52.3561015]]}, "properties": {"Speed": 18.3, "road_quality": 2, "marker": 7, "trip_id": "NORMA_Trip1", "hrot_diff": 1, "sample_diff": 11, "time_diff_s": 0.22, "gps_distance_m": 5.9, "original_speed": "2564", "wheel_diameter_mm": 711.1999999999999, "braking_intensity": 0.0, "is_braking": false}}, {"type": "Feature", "geometry": {"type": "LineString", "coordinates": [[4.8242888, 52.3561015], [4.8243681, 52.3560987]]}, "properties": {"Speed": 8.0, "road_quality": 2, "marker": 7, "trip_id": "NORMA_Trip1", "hrot_diff": 1, "sample_diff": 25, "time_diff_s": 0.5, "gps_distance_m": 5.4, "original_speed": "2702", "wheel_diameter_mm": 711.1999999999999, "braking_intensity": 0.0, "is_braking": false}}, {"type": "Feature", "geometry": {"type": "LineString", "coordinates": [[4.8243681, 52.3560987], [4.8244422, 52.3560992]]}, "properties": {"Speed": 8.0, "road_quality": 2, "marker": 7, "trip_id": "NORMA_Trip1", "hrot_diff": 1, "sample_diff": 25, "time_diff_s": 0.5, "gps_distance_m": 5.0, "original_speed": "1229", "wheel_diameter_mm": 711.1999999999999, "braking_intensity": 0.0, "is_braking": false}}, {"type": "Feature", "geometry": {"type": "LineString", "coordinates": [[4.8244422, 52.3560992], [4.8245305, 52.3561018]]}, "properties": {"Speed": 25.1, "road_quality": 3, "marker": 6, "trip_id": "NORMA_Trip1", "hrot_diff": 1, "sample_diff": 8, "time_diff_s": 0.16, "gps_distance_m": 6.0, "original_speed": "-1", "wheel_diameter_mm": 711.1999999999999, "braking_intensity": 0.0, "is_braking": false}}, {"type": "Feature", "geometry": {"type": "LineString", "coordinates": [[4.8245305, 52.3561018], [4.8246406, 52.3561023]]}, "properties": {"Speed": 28.7, "road_quality": 3, "marker": 6, "trip_id": "NORMA_Trip1", "hrot_diff": 1, "sample_diff": 7, "time_diff_s": 0.14, "gps_distance_m": 7.5, "original_speed": "-1", "wheel_diameter_mm": 711.1999999999999, "braking_intensity": 0.0, "is_braking": false}}, {"type": "Feature", "geometry": {"type": "LineString", "coordinates": [[4.8246406, 52.3561023], [4.8247458, 52.3561055]]}, "properties": {"Speed": 6.9, "road_quality": 3, "marker": 7, "trip_id": "NORMA_Trip1", "hrot_diff": 1, "sample_diff": 29, "time_diff_s": 0.58, "gps_distance_m": 7.2, "original_speed": "2155", "wheel_diameter_mm": 711.1999999999999, "braking_intensity": 0.0, "is_braking": false}}, {"type": "Feature", "geometry": {"type": "LineString", "coordinates": [[4.8247458, 52.3561055], [4.8248408, 52.3561067]]}, "properties": {"Speed": 28.7, "road_quality": 3, "marker": 6, "trip_id": "NORMA_Trip1", "hrot_diff": 1, "sample_diff": 7, "time_diff_s": 0.14, "gps_distance_m": 6.5, "original_speed": "-1", "wheel_diameter_mm": 711.1999999999999, "braking_intensity": 0.0, "is_braking": false}}, {"type": "Feature", "geometry": {"type": "LineString", "coordinates": [[4.8248408, 52.3561067], [4.8248985, 52.356109]]}, "properties": {"Speed": 15.5, "road_quality": 2, "marker": 6, "trip_id": "NORMA_Trip1", "hrot_diff": 1, "sample_diff": 13, "time_diff_s": 0.26, "gps_distance_m": 3.9, "original_speed": "-1", "wheel_diameter_mm": 711.1999999999999, "braking_intensity": 0.0, "is_braking": false}}, {"type": "Feature", "geometry": {"type": "LineString", "coordinates": [[4.8248985, 52.356109], [4.8249824, 52.3561099]]}, "properties": {"Speed": 25.1, "road_quality": 3, "marker": 7, "trip_id": "NORMA_Trip1", "hrot_diff": 1, "sample_diff": 8, "time_diff_s": 0.16, "gps_distance_m": 5.7, "original_speed": "2564", "wheel_diameter_mm": 711.1999999999999, "braking_intensity": 0.0, "is_braking": false}}, {"type": "Feature", "geometry": {"type": "LineString", "coordinates": [[4.8249824, 52.3561099], [4.8250604, 52.3561164]]}, "properties": {"Speed": 18.3, "road_quality": 3, "marker": 7, "trip_id": "NORMA_Trip1", "hrot_diff": 1, "sample_diff": 11, "time_diff_s": 0.22, "gps_distance_m": 5.3, "original_speed": "2542", "wheel_diameter_mm": 711.1999999999999, "braking_intensity": 0.0, "is_braking": false}}, {"type": "Feature", "geometry": {"type": "LineString", "coordinates": [[4.8250604, 52.3561164], [4.8251516, 52.3561246]]}, "properties": {"Speed": 20.1, "road_quality": 2, "marker": 7, "trip_id": "NORMA_Trip1", "hrot_diff": 1, "sample_diff": 10, "time_diff_s": 0.2, "gps_distance_m": 6.3, "original_speed": "2542", "wheel_diameter_mm": 711.1999999999999, "braking_intensity": 0.0, "is_braking": false}}, {"type": "Feature", "geometry": {"type": "LineString", "coordinates": [[4.8251516, 52.3561246], [4.8252306, 52.3561244]]}, "properties": {"Speed": 28.7, "road_quality": 2, "marker": 7, "trip_id": "NORMA_Trip1", "hrot_diff": 1, "sample_diff": 7, "time_diff_s": 0.14, "gps_distance_m": 5.4, "original_speed": "2403", "wheel_diameter_mm": 711.1999999999999, "braking_intensity": 0.0, "is_braking": false}}, {"type": "Feature", "geometry": {"type": "LineString", "coordinates": [[4.8252306, 52.3561244], [4.8253071, 52.3561217]]}, "properties": {"Speed": 14.4, "road_quality": 2, "marker": 7, "trip_id": "NORMA_Trip1", "hrot_diff": 1, "sample_diff": 14, "time_diff_s": 0.28, "gps_distance_m": 5.2, "original_speed": "2803", "wheel_diameter_mm": 711.1999999999999, "braking_intensity": 0.0, "is_braking": false}}, {"type": "Feature", "geometry": {"type": "LineString", "coordinates": [[4.8253071, 52.3561217], [4.8253933, 52.3561158]]}, "properties": {"Speed": 20.1, "road_quality": 3, "marker": 7, "trip_id": "NORMA_Trip1", "hrot_diff": 1, "sample_diff": 10, "time_diff_s": 0.2, "gps_distance_m": 5.9, "original_speed": "2727", "wheel_diameter_mm": 711.1999999999999, "braking_intensity": 0.0, "is_braking": false}}, {"type": "Feature", "geometry": {"type": "LineString", "coordinates": [[4.8253933, 52.3561158], [4.8254647, 52.3561137]]}, "properties": {"Speed": 18.3, "road_quality": 3, "marker": 7, "trip_id": "NORMA_Trip1", "hrot_diff": 1, "sample_diff": 11, "time_diff_s": 0.22, "gps_distance_m": 4.9, "original_speed": "2857", "wheel_diameter_mm": 711.1999999999999, "braking_intensity": 0.0, "is_braking": false}}, {"type": "Feature", "geometry": {"type": "LineString", "coordinates": [[4.8254647, 52.3561137], [4.8255578, 52.3561198]]}, "properties": {"Speed": 7.4, "road_quality": 2, "marker": 7, "trip_id": "NORMA_Trip1", "hrot_diff": 1, "sample_diff": 27, "time_diff_s": 0.54, "gps_distance_m": 6.4, "original_speed": "2830", "wheel_diameter_mm": 711.1999999999999, "braking_intensity": 0.0, "is_braking": false}}, {"type": "Feature", "geometry": {"type": "LineString", "coordinates": [[4.8255578, 52.3561198], [4.8256444, 52.356123]]}, "properties": {"Speed": 9.6, "road_quality": 2, "marker": 7, "trip_id": "NORMA_Trip1", "hrot_diff": 1, "sample_diff": 21, "time_diff_s": 0.42, "gps_distance_m": 5.9, "original_speed": "1834", "wheel_diameter_mm": 711.1999999999999, "braking_intensity": 0.0, "is_braking": false}}, {"type": "Feature", "geometry": {"type": "LineString", "coordinates": [[4.8256444, 52.356123], [4.8257345, 52.3561301]]}, "properties": {"Speed": 16.8, "road_quality": 3, "marker": 6, "trip_id": "NORMA_Trip1", "hrot_diff": 1, "sample_diff": 12, "time_diff_s": 0.24, "gps_distance_m": 6.2, "original_speed": "-1", "wheel_diameter_mm": 711.1999999999999, "braking_intensity": 0.0, "is_braking": false}}, {"type": "Feature", "geometry": {"type": "LineString", "coordinates": [[4.8258218, 52.3561384], [4.8259254, 52.3561475]]}, "properties": {"Speed": 8.4, "road_quality": 2, "marker": 6, "trip_id": "NORMA_Trip1", "hrot_diff": 1, "sample_diff": 24, "time_diff_s": 0.48, "gps_distance_m": 7.1, "original_speed": "-1", "wheel_diameter_mm": 711.1999999999999, "braking_intensity": 0.0, "is_braking": false}}, {"type": "Feature", "geometry": {"type": "LineString", "coordinates": [[4.8259254, 52.3561475], [4.8260334, 52.3561566]]}, "properties": {"Speed": 25.1, "road_quality": 3, "marker": 6, "trip_id": "NORMA_Trip1", "hrot_diff": 1, "sample_diff": 8, "time_diff_s": 0.16, "gps_distance_m": 7.4, "original_speed": "-1", "wheel_diameter_mm": 711.1999999999999, "braking_intensity": 0.0, "is_braking": false}}, {"type": "Feature", "geometry": {"type": "LineString", "coordinates": [[4.8260334, 52.3561566], [4.8261194, 52.3561614]]}, "properties": {"Speed": 18.3, "road_quality": 3, "marker": 7, "trip_id": "NORMA_Trip1", "hrot_diff": 1, "sample_diff": 11, "time_diff_s": 0.22, "gps_distance_m": 5.9, "original_speed": "2857", "wheel_diameter_mm": 711.1999999999999, "braking_intensity": 0.0, "is_braking": false}}, {"type": "Feature", "geometry": {"type": "LineString", "coordinates": [[4.8261194, 52.3561614], [4.8261923, 52.3561667]]}, "properties": {"Speed": 12.6, "road_quality": 3, "marker": 7, "trip_id": "NORMA_Trip1", "hrot_diff": 1, "sample_diff": 16, "time_diff_s": 0.32, "gps_distance_m": 5.0, "original_speed": "2727", "wheel_diameter_mm": 711.1999999999999, "braking_intensity": 0.0, "is_braking": false}}, {"type": "Feature", "geometry": {"type": "LineString", "coordinates": [[4.8261923, 52.3561667], [4.8262534, 52.356167]]}, "properties": {"Speed": 8.4, "road_quality": 2, "marker": 7, "trip_id": "NORMA_Trip1", "hrot_diff": 1, "sample_diff": 24, "time_diff_s": 0.48, "gps_distance_m": 4.1, "original_speed": "1851", "wheel_diameter_mm": 711.1999999999999, "braking_intensity": 0.0, "is_braking": false}}, {"type": "Feature", "geometry": {"type": "LineString", "coordinates": [[4.8262534, 52.356167], [4.8263022, 52.3561637]]}, "properties": {"Speed": 8.4, "road_quality": 2, "marker": 7, "trip_id": "NORMA_Trip1", "hrot_diff": 1, "sample_diff": 24, "time_diff_s": 0.48, "gps_distance_m": 3.3, "original_speed": "1145", "wheel_diameter_mm": 711.1999999999999, "braking_intensity": 0.0, "is_braking": false}}, {"type": "Feature", "geometry": {"type": "LineString", "coordinates": [[4.8263022, 52.3561637], [4.8263381, 52.3561543]]}, "properties": {"Speed": 14.4, "road_quality": 2, "marker": 7, "trip_id": "NORMA_Trip1", "hrot_diff": 1, "sample_diff": 14, "time_diff_s": 0.28, "gps_distance_m": 2.7, "original_speed": "1376", "wheel_diameter_mm": 711.1999999999999, "braking_intensity": 0.0, "is_braking": false}}, {"type": "Feature", "geometry": {"type": "LineString", "coordinates": [[4.8263381, 52.3561543], [4.8263858, 52.3561479]]}, "properties": {"Speed": 11.8, "road_quality": 3, "marker": 7, "trip_id": "NORMA_Trip1", "hrot_diff": 1, "sample_diff": 17, "time_diff_s": 0.34, "gps_distance_m": 3.3, "original_speed": "1694", "wheel_diameter_mm": 711.1999999999999, "braking_intensity": 0.0, "is_braking": false}}, {"type": "Feature", "geometry": {"type": "LineString", "coordinates": [[4.8264278, 52.3561403], [4.8264593, 52.3561298]]}, "properties": {"Speed": 6.1, "road_quality": 3, "marker": 7, "trip_id": "NORMA_Trip1", "hrot_diff": 1, "sample_diff": 33, "time_diff_s": 0.66, "gps_distance_m": 2.4, "original_speed": "1000", "wheel_diameter_mm": 711.1999999999999, "braking_intensity": 0.0, "is_braking": false}}, {"type": "Feature", "geometry": {"type": "LineString", "coordinates": [[4.8264593, 52.3561298], [4.8265044, 52.3561145]]}, "properties": {"Speed": 16.8, "road_quality": 2, "marker": 6, "trip_id": "NORMA_Trip1", "hrot_diff": 1, "sample_diff": 12, "time_diff_s": 0.24, "gps_distance_m": 3.5, "original_speed": "-1", "wheel_diameter_mm": 711.1999999999999, "braking_intensity": 0.0, "is_braking": false}}, {"type": "Feature", "geometry": {"type": "LineString", "coordinates": [[4.8265044, 52.3561145], [4.8265637, 52.3561116]]}, "properties": {"Speed": 18.3, "road_quality": 2, "marker": 7, "trip_id": "NORMA_Trip1", "hrot_diff": 1, "sample_diff": 11, "time_diff_s": 0.22, "gps_distance_m": 4.0, "original_speed": "2521", "wheel_diameter_mm": 711.1999999999999, "braking_intensity": 0.0, "is_braking": false}}, {"type": "Feature", "geometry": {"type": "LineString", "coordinates": [[4.8266129, 52.3561093], [4.8266994, 52.3561044]]}, "properties": {"Speed": 20.1, "road_quality": 2, "marker": 7, "trip_id": "NORMA_Trip1", "hrot_diff": 1, "sample_diff": 10, "time_diff_s": 0.2, "gps_distance_m": 5.9, "original_speed": "2654", "wheel_diameter_mm": 711.1999999999999, "braking_intensity": 0.0, "is_braking": false}}, {"type": "Feature", "geometry": {"type": "LineString", "coordinates": [[4.8266994, 52.3561044], [4.8267909, 52.3561037]]}, "properties": {"Speed": 20.1, "road_quality": 2, "marker": 7, "trip_id": "NORMA_Trip1", "hrot_diff": 1, "sample_diff": 10, "time_diff_s": 0.2, "gps_distance_m": 6.2, "original_speed": "2564", "wheel_diameter_mm": 711.1999999999999, "braking_intensity": 0.0, "is_braking": false}}, {"type": "Feature", "geometry": {"type": "LineString", "coordinates": [[4.8267909, 52.3561037], [4.826871, 52.3560983]]}, "properties": {"Speed": 11.2, "road_quality": 2, "marker": 7, "trip_id": "NORMA_Trip1", "hrot_diff": 1, "sample_diff": 18, "time_diff_s": 0.36, "gps_distance_m": 5.5, "original_speed": "2427", "wheel_diameter_mm": 711.1999999999999, "braking_intensity": 0.0, "is_braking": false}}, {"type": "Feature", "geometry": {"type": "LineString", "coordinates": [[4.826871, 52.3560983], [4.8269443, 52.3560966]]}, "properties": {"Speed": 15.5, "road_quality": 2, "marker": 7, "trip_id": "NORMA_Trip1", "hrot_diff": 1, "sample_diff": 13, "time_diff_s": 0.26, "gps_distance_m": 5.0, "original_speed": "2252", "wheel_diameter_mm": 711.1999999999999, "braking_intensity": 0.0, "is_braking": false}}, {"type": "Feature", "geometry": {"type": "LineString", "coordinates": [[4.8269443, 52.3560966], [4.826986, 52.3560876]]}, "properties": {"Speed": 11.8, "road_quality": 2, "marker": 7, "trip_id": "NORMA_Trip1", "hrot_diff": 1, "sample_diff": 17, "time_diff_s": 0.34, "gps_distance_m": 3.0, "original_speed": "1960", "wheel_diameter_mm": 711.1999999999999, "braking_intensity": 0.0, "is_braking": false}}, {"type": "Feature", "geometry": {"type": "LineString", "coordinates": [[4.826986, 52.3560876], [4.8270298, 52.3560766]]}, "properties": {"Speed": 6.9, "road_quality": 2, "marker": 7, "trip_id": "NORMA_Trip1", "hrot_diff": 1, "sample_diff": 29, "time_diff_s": 0.58, "gps_distance_m": 3.2, "original_speed": "1600", "wheel_diameter_mm": 711.1999999999999, "braking_intensity": 0.0, "is_braking": false}}, {"type": "Feature", "geometry": {"type": "LineString", "coordinates": [[4.8270298, 52.3560766], [4.8270419, 52.356085]]}, "properties": {"Speed": 1.3, "road_quality": 2, "marker": 7, "trip_id": "NORMA_Trip1", "hrot_diff": 1, "sample_diff": 159, "time_diff_s": 3.18, "gps_distance_m": 1.2, "original_speed": "1293", "wheel_diameter_mm": 711.1999999999999, "braking_intensity": 0.0, "is_braking": false}}, {"type": "Feature", "geometry": {"type": "LineString", "coordinates": [[4.8270419, 52.356085], [4.8270414, 52.3560848]]}, "properties": {"Speed": 7.7, "road_quality": 2, "marker": 3, "trip_id": "NORMA_Trip1", "hrot_diff": 1, "sample_diff": 26, "time_diff_s": 0.52, "gps_distance_m": 0.0, "original_speed": "0", "wheel_diameter_mm": 711.1999999999999, "braking_intensity": 0.0, "is_braking": false}}, {"type": "Feature", "geometry": {"type": "LineString", "coordinates": [[4.8270598, 52.3560734], [4.8270883, 52.3560684]]}, "properties": {"Speed": 9.1, "road_quality": 3, "marker": 6, "trip_id": "NORMA_Trip1", "hrot_diff": 1, "sample_diff": 22, "time_diff_s": 0.44, "gps_distance_m": 2.0, "original_speed": "-1", "wheel_diameter_mm": 711.1999999999999, "braking_intensity": 0.0, "is_braking": false}}, {"type": "Feature", "geometry": {"type": "LineString", "coordinates": [[4.8270883, 52.3560684], [4.8271164, 52.3560638]]}, "properties": {"Speed": 8.0, "road_quality": 3, "marker": 7, "trip_id": "NORMA_Trip1", "hrot_diff": 1, "sample_diff": 25, "time_diff_s": 0.5, "gps_distance_m": 2.0, "original_speed": "1470", "wheel_diameter_mm": 711.1999999999999, "braking_intensity": 0.0, "is_braking": false}}, {"type": "Feature", "geometry": {"type": "LineString", "coordinates": [[4.8271164, 52.3560638], [4.8271597, 52.3560573]]}, "properties": {"Speed": 9.6, "road_quality": 3, "marker": 7, "trip_id": "NORMA_Trip1", "hrot_diff": 1, "sample_diff": 21, "time_diff_s": 0.42, "gps_distance_m": 3.0, "original_speed": "1481", "wheel_diameter_mm": 711.1999999999999, "braking_intensity": 0.0, "is_braking": false}}, {"type": "Feature", "geometry": {"type": "LineString", "coordinates": [[4.8271597, 52.3560573], [4.8272319, 52.3560453]]}, "properties": {"Speed": 18.3, "road_quality": 3, "marker": 7, "trip_id": "NORMA_Trip1", "hrot_diff": 1, "sample_diff": 11, "time_diff_s": 0.22, "gps_distance_m": 5.1, "original_speed": "1485", "wheel_diameter_mm": 711.1999999999999, "braking_intensity": 0.0, "is_braking": false}}, {"type": "Feature", "geometry": {"type": "LineString", "coordinates": [[4.8272319, 52.3560453], [4.8273101, 52.3560304]]}, "properties": {"Speed": 6.1, "road_quality": 3, "marker": 7, "trip_id": "NORMA_Trip1", "hrot_diff": 1, "sample_diff": 33, "time_diff_s": 0.66, "gps_distance_m": 5.6, "original_speed": "1818", "wheel_diameter_mm": 711.1999999999999, "braking_intensity": 0.0, "is_braking": false}}, {"type": "Feature", "geometry": {"type": "LineString", "coordinates": [[4.8273101, 52.3560304], [4.8273846, 52.3560323]]}, "properties": {"Speed": 13.4, "road_quality": 3, "marker": 7, "trip_id": "NORMA_Trip1", "hrot_diff": 1, "sample_diff": 15, "time_diff_s": 0.3, "gps_distance_m": 5.1, "original_speed": "1219", "wheel_diameter_mm": 711.1999999999999, "braking_intensity": 0.0, "is_braking": false}}, {"type": "Feature", "geometry": {"type": "LineString", "coordinates": [[4.8273846, 52.3560323], [4.8274513, 52.3560403]]}, "properties": {"Speed": 22.3, "road_quality": 3, "marker": 7, "trip_id": "NORMA_Trip1", "hrot_diff": 1, "sample_diff": 9, "time_diff_s": 0.18, "gps_distance_m": 4.6, "original_speed": "2380", "wheel_diameter_mm": 711.1999999999999, "braking_intensity": 0.0, "is_braking": false}}, {"type": "Feature", "geometry": {"type": "LineString", "coordinates": [[4.8275066, 52.3560559], [4.8275659, 52.3560777]]}, "properties": {"Speed": 18.3, "road_quality": 3, "marker": 7, "trip_id": "NORMA_Trip1", "hrot_diff": 1, "sample_diff": 11, "time_diff_s": 0.22, "gps_distance_m": 4.7, "original_speed": "2336", "wheel_diameter_mm": 711.1999999999999, "braking_intensity": 0.0, "is_braking": false}}, {"type": "Feature", "geometry": {"type": "LineString", "coordinates": [[4.8275659, 52.3560777], [4.827629, 52.3560968]]}, "properties": {"Speed": 28.7, "road_quality": 3, "marker": 7, "trip_id": "NORMA_Trip1", "hrot_diff": 1, "sample_diff": 7, "time_diff_s": 0.14, "gps_distance_m": 4.8, "original_speed": "2500", "wheel_diameter_mm": 711.1999999999999, "braking_intensity": 0.0, "is_braking": false}}, {"type": "Feature", "geometry": {"type": "LineString", "coordinates": [[4.827629, 52.3560968], [4.8277015, 52.3561116]]}, "properties": {"Speed": 22.3, "road_quality": 3, "marker": 7, "trip_id": "NORMA_Trip1", "hrot_diff": 1, "sample_diff": 9, "time_diff_s": 0.18, "gps_distance_m": 5.2, "original_speed": "2586", "wheel_diameter_mm": 711.1999999999999, "braking_intensity": 0.0, "is_braking": false}}, {"type": "Feature", "geometry": {"type": "LineString", "coordinates": [[4.8277941, 52.3561241], [4.8278809, 52.356132]]}, "properties": {"Speed": 28.7, "road_quality": 3, "marker": 6, "trip_id": "NORMA_Trip1", "hrot_diff": 1, "sample_diff": 7, "time_diff_s": 0.14, "gps_distance_m": 6.0, "original_speed": "-1", "wheel_diameter_mm": 711.1999999999999, "braking_intensity": 0.0, "is_braking": false}}, {"type": "Feature", "geometry": {"type": "LineString", "coordinates": [[4.8280665, 52.3561502], [4.8281549, 52.3561534]]}, "properties": {"Speed": 12.6, "road_quality": 3, "marker": 6, "trip_id": "NORMA_Trip1", "hrot_diff": 1, "sample_diff": 16, "time_diff_s": 0.32, "gps_distance_m": 6.0, "original_speed": "-1", "wheel_diameter_mm": 711.1999999999999, "braking_intensity": 0.0, "is_braking": false}}, {"type": "Feature", "geometry": {"type": "LineString", "coordinates": [[4.8282561, 52.3561531], [4.828356, 52.3561551]]}, "properties": {"Speed": 16.8, "road_quality": 3, "marker": 6, "trip_id": "NORMA_Trip1", "hrot_diff": 1, "sample_diff": 12, "time_diff_s": 0.24, "gps_distance_m": 6.8, "original_speed": "-1", "wheel_diameter_mm": 711.1999999999999, "braking_intensity": 0.0, "is_braking": false}}, {"type": "Feature", "geometry": {"type": "LineString", "coordinates": [[4.828356, 52.3561551], [4.8284601, 52.3561612]]}, "properties": {"Speed": 25.1, "road_quality": 3, "marker": 6, "trip_id": "NORMA_Trip1", "hrot_diff": 1, "sample_diff": 8, "time_diff_s": 0.16, "gps_distance_m": 7.1, "original_speed": "-1", "wheel_diameter_mm": 711.1999999999999, "braking_intensity": 0.0, "is_braking": false}}, {"type": "Feature", "geometry": {"type": "LineString", "coordinates": [[4.8284601, 52.3561612], [4.8285569, 52.3561674]]}, "properties": {"Speed": 25.1, "road_quality": 2, "marker": 7, "trip_id": "NORMA_Trip1", "hrot_diff": 1, "sample_diff": 8, "time_diff_s": 0.16, "gps_distance_m": 6.6, "original_speed": "3017", "wheel_diameter_mm": 711.1999999999999, "braking_intensity": 0.0, "is_braking": false}}, {"type": "Feature", "geometry": {"type": "LineString", "coordinates": [[4.8285569, 52.3561674], [4.8286538, 52.3561746]]}, "properties": {"Speed": 9.6, "road_quality": 2, "marker": 7, "trip_id": "NORMA_Trip1", "hrot_diff": 1, "sample_diff": 21, "time_diff_s": 0.42, "gps_distance_m": 6.6, "original_speed": "2912", "wheel_diameter_mm": 711.1999999999999, "braking_intensity": 0.0, "is_braking": false}}, {"type": "Feature", "geometry": {"type": "LineString", "coordinates": [[4.8286538, 52.3561746], [4.8287543, 52.356182]]}, "properties": {"Speed": 22.3, "road_quality": 3, "marker": 6, "trip_id": "NORMA_Trip1", "hrot_diff": 1, "sample_diff": 9, "time_diff_s": 0.18, "gps_distance_m": 6.9, "original_speed": "-1", "wheel_diameter_mm": 711.1999999999999, "braking_intensity": 0.0, "is_braking": false}}, {"type": "Feature", "geometry": {"type": "LineString", "coordinates": [[4.8287543, 52.356182], [4.8288494, 52.3561787]]}, "properties": {"Speed": 28.7, "road_quality": 3, "marker": 6, "trip_id": "NORMA_Trip1", "hrot_diff": 1, "sample_diff": 7, "time_diff_s": 0.14, "gps_distance_m": 6.5, "original_speed": "-1", "wheel_diameter_mm": 711.1999999999999, "braking_intensity": 0.0, "is_braking": false}}, {"type": "Feature", "geometry": {"type": "LineString", "coordinates": [[4.8288494, 52.3561787], [4.8289397, 52.3561811]]}, "properties": {"Speed": 18.3, "road_quality": 3, "marker": 7, "trip_id": "NORMA_Trip1", "hrot_diff": 1, "sample_diff": 11, "time_diff_s": 0.22, "gps_distance_m": 6.1, "original_speed": "3000", "wheel_diameter_mm": 711.1999999999999, "braking_intensity": 0.0, "is_braking": false}}, {"type": "Feature", "geometry": {"type": "LineString", "coordinates": [[4.8290243, 52.3561797], [4.8291364, 52.3561761]]}, "properties": {"Speed": 28.7, "road_quality": 3, "marker": 6, "trip_id": "NORMA_Trip1", "hrot_diff": 1, "sample_diff": 7, "time_diff_s": 0.14, "gps_distance_m": 7.6, "original_speed": "-1", "wheel_diameter_mm": 711.1999999999999, "braking_intensity": 0.0, "is_braking": false}}, {"type": "Feature", "geometry": {"type": "LineString", "coordinates": [[4.8291364, 52.3561761], [4.829229, 52.3561742]]}, "properties": {"Speed": 28.7, "road_quality": 3, "marker": 6, "trip_id": "NORMA_Trip1", "hrot_diff": 1, "sample_diff": 7, "time_diff_s": 0.14, "gps_distance_m": 6.3, "original_speed": "-1", "wheel_diameter_mm": 711.1999999999999, "braking_intensity": 0.0, "is_braking": false}}, {"type": "Feature", "geometry": {"type": "LineString", "coordinates": [[4.829229, 52.3561742], [4.829425, 52.3561752]]}, "properties": {"Speed": 18.3, "road_quality": 3, "marker": 7, "trip_id": "NORMA_Trip1", "hrot_diff": 1, "sample_diff": 11, "time_diff_s": 0.22, "gps_distance_m": 13.3, "original_speed": "3181", "wheel_diameter_mm": 711.1999999999999, "braking_intensity": 0.0, "is_braking": false}}, {"type": "Feature", "geometry": {"type": "LineString", "coordinates": [[4.829425, 52.3561752], [4.8295276, 52.3561806]]}, "properties": {"Speed": 25.1, "road_quality": 3, "marker": 7, "trip_id": "NORMA_Trip1", "hrot_diff": 1, "sample_diff": 8, "time_diff_s": 0.16, "gps_distance_m": 7.0, "original_speed": "3043", "wheel_diameter_mm": 711.1999999999999, "braking_intensity": 0.0, "is_braking": false}}, {"type": "Feature", "geometry": {"type": "LineString", "coordinates": [[4.8295276, 52.3561806], [4.8296255, 52.3561864]]}, "properties": {"Speed": 16.8, "road_quality": 3, "marker": 7, "trip_id": "NORMA_Trip1", "hrot_diff": 1, "sample_diff": 12, "time_diff_s": 0.24, "gps_distance_m": 6.7, "original_speed": "3181", "wheel_diameter_mm": 711.1999999999999, "braking_intensity": 0.0, "is_braking": false}}, {"type": "Feature", "geometry": {"type": "LineString", "coordinates": [[4.8296255, 52.3561864], [4.8297152, 52.356185]]}, "properties": {"Speed": 25.1, "road_quality": 3, "marker": 6, "trip_id": "NORMA_Trip1", "hrot_diff": 1, "sample_diff": 8, "time_diff_s": 0.16, "gps_distance_m": 6.1, "original_speed": "-1", "wheel_diameter_mm": 711.1999999999999, "braking_intensity": 0.0, "is_braking": false}}, {"type": "Feature", "geometry": {"type": "LineString", "coordinates": [[4.8297152, 52.356185], [4.8298114, 52.3561863]]}, "properties": {"Speed": 16.8, "road_quality": 3, "marker": 6, "trip_id": "NORMA_Trip1", "hrot_diff": 1, "sample_diff": 12, "time_diff_s": 0.24, "gps_distance_m": 6.5, "original_speed": "-1", "wheel_diameter_mm": 711.1999999999999, "braking_intensity": 0.0, "is_braking": false}}, {"type": "Feature", "geometry": {"type": "LineString", "coordinates": [[4.8298114, 52.3561863], [4.8299011, 52.3561872]]}, "properties": {"Speed": 28.7, "road_quality": 3, "marker": 7, "trip_id": "NORMA_Trip1", "hrot_diff": 1, "sample_diff": 7, "time_diff_s": 0.14, "gps_distance_m": 6.1, "original_speed": "3125", "wheel_diameter_mm": 711.1999999999999, "braking_intensity": 0.0, "is_braking": false}}, {"type": "Feature", "geometry": {"type": "LineString", "coordinates": [[4.8299981, 52.3561854], [4.8300855, 52.3561905]]}, "properties": {"Speed": 22.3, "road_quality": 3, "marker": 6, "trip_id": "NORMA_Trip1", "hrot_diff": 1, "sample_diff": 9, "time_diff_s": 0.18, "gps_distance_m": 6.0, "original_speed": "-1", "wheel_diameter_mm": 711.1999999999999, "braking_intensity": 0.0, "is_braking": false}}, {"type": "Feature", "geometry": {"type": "LineString", "coordinates": [[4.8300855, 52.3561905], [4.8301942, 52.3561919]]}, "properties": {"Speed": 28.7, "road_quality": 3, "marker": 6, "trip_id": "NORMA_Trip1", "hrot_diff": 1, "sample_diff": 7, "time_diff_s": 0.14, "gps_distance_m": 7.4, "original_speed": "-1", "wheel_diameter_mm": 711.1999999999999, "braking_intensity": 0.0, "is_braking": false}}, {"type": "Feature", "geometry": {"type": "LineString", "coordinates": [[4.8301942, 52.3561919], [4.8302951, 52.356188]]}, "properties": {"Speed": 28.7, "road_quality": 3, "marker": 7, "trip_id": "NORMA_Trip1", "hrot_diff": 1, "sample_diff": 7, "time_diff_s": 0.14, "gps_distance_m": 6.9, "original_speed": "3153", "wheel_diameter_mm": 711.1999999999999, "braking_intensity": 0.0, "is_braking": false}}, {"type": "Feature", "geometry": {"type": "LineString", "coordinates": [[4.8302951, 52.356188], [4.8303913, 52.3561822]]}, "properties": {"Speed": 22.3, "road_quality": 3, "marker": 7, "trip_id": "NORMA_Trip1", "hrot_diff": 1, "sample_diff": 9, "time_diff_s": 0.18, "gps_distance_m": 6.6, "original_speed": "3097", "wheel_diameter_mm": 711.1999999999999, "braking_intensity": 0.0, "is_braking": false}}, {"type": "Feature", "geometry": {"type": "LineString", "coordinates": [[4.8303913, 52.3561822], [4.8304834, 52.3561766]]}, "properties": {"Speed": 20.1, "road_quality": 3, "marker": 7, "trip_id": "NORMA_Trip1", "hrot_diff": 1, "sample_diff": 10, "time_diff_s": 0.2, "gps_distance_m": 6.3, "original_speed": "3211", "wheel_diameter_mm": 711.1999999999999, "braking_intensity": 0.0, "is_braking": false}}, {"type": "Feature", "geometry": {"type": "LineString", "coordinates": [[4.8304834, 52.3561766], [4.8305715, 52.3561763]]}, "properties": {"Speed": 15.5, "road_quality": 3, "marker": 7, "trip_id": "NORMA_Trip1", "hrot_diff": 1, "sample_diff": 13, "time_diff_s": 0.26, "gps_distance_m": 6.0, "original_speed": "3097", "wheel_diameter_mm": 711.1999999999999, "braking_intensity": 0.0, "is_braking": false}}, {"type": "Feature", "geometry": {"type": "LineString", "coordinates": [[4.8305715, 52.3561763], [4.8306531, 52.3561762]]}, "properties": {"Speed": 18.3, "road_quality": 3, "marker": 6, "trip_id": "NORMA_Trip1", "hrot_diff": 1, "sample_diff": 11, "time_diff_s": 0.22, "gps_distance_m": 5.5, "original_speed": "-1", "wheel_diameter_mm": 711.1999999999999, "braking_intensity": 0.0, "is_braking": false}}, {"type": "Feature", "geometry": {"type": "LineString", "coordinates": [[4.8306531, 52.3561762], [4.8307376, 52.3561647]]}, "properties": {"Speed": 25.1, "road_quality": 3, "marker": 6, "trip_id": "NORMA_Trip1", "hrot_diff": 1, "sample_diff": 8, "time_diff_s": 0.16, "gps_distance_m": 5.9, "original_speed": "-1", "wheel_diameter_mm": 711.1999999999999, "braking_intensity": 0.0, "is_braking": false}}, {"type": "Feature", "geometry": {"type": "LineString", "coordinates": [[4.8307376, 52.3561647], [4.8308168, 52.3561604]]}, "properties": {"Speed": 28.7, "road_quality": 3, "marker": 7, "trip_id": "NORMA_Trip1", "hrot_diff": 1, "sample_diff": 7, "time_diff_s": 0.14, "gps_distance_m": 5.4, "original_speed": "2912", "wheel_diameter_mm": 711.1999999999999, "braking_intensity": 0.0, "is_braking": false}}, {"type": "Feature", "geometry": {"type": "LineString", "coordinates": [[4.8308168, 52.3561604], [4.8308954, 52.3561545]]}, "properties": {"Speed": 25.1, "road_quality": 3, "marker": 7, "trip_id": "NORMA_Trip1", "hrot_diff": 1, "sample_diff": 8, "time_diff_s": 0.16, "gps_distance_m": 5.4, "original_speed": "2991", "wheel_diameter_mm": 711.1999999999999, "braking_intensity": 0.0, "is_braking": false}}, {"type": "Feature", "geometry": {"type": "LineString", "coordinates": [[4.8308954, 52.3561545], [4.8309868, 52.3561541]]}, "properties": {"Speed": 28.7, "road_quality": 3, "marker": 7, "trip_id": "NORMA_Trip1", "hrot_diff": 1, "sample_diff": 7, "time_diff_s": 0.14, "gps_distance_m": 6.2, "original_speed": "3017", "wheel_diameter_mm": 711.1999999999999, "braking_intensity": 0.0, "is_braking": false}}, {"type": "Feature", "geometry": {"type": "LineString", "coordinates": [[4.8309868, 52.3561541], [4.8310856, 52.3561557]]}, "properties": {"Speed": 25.1, "road_quality": 3, "marker": 7, "trip_id": "NORMA_Trip1", "hrot_diff": 1, "sample_diff": 8, "time_diff_s": 0.16, "gps_distance_m": 6.7, "original_speed": "2991", "wheel_diameter_mm": 711.1999999999999, "braking_intensity": 0.0, "is_braking": false}}, {"type": "Feature", "geometry": {"type": "LineString", "coordinates": [[4.8310856, 52.3561557], [4.8311681, 52.3561564]]}, "properties": {"Speed": 33.5, "road_quality": 2, "marker": 7, "trip_id": "NORMA_Trip1", "hrot_diff": 1, "sample_diff": 6, "time_diff_s": 0.12, "gps_distance_m": 5.6, "original_speed": "3000", "wheel_diameter_mm": 711.1999999999999, "braking_intensity": 0.0, "is_braking": false}}, {"type": "Feature", "geometry": {"type": "LineString", "coordinates": [[4.8311681, 52.3561564], [4.8312575, 52.3561644]]}, "properties": {"Speed": 33.5, "road_quality": 2, "marker": 7, "trip_id": "NORMA_Trip1", "hrot_diff": 1, "sample_diff": 6, "time_diff_s": 0.12, "gps_distance_m": 6.1, "original_speed": "3211", "wheel_diameter_mm": 711.1999999999999, "braking_intensity": 0.0, "is_braking": false}}, {"type": "Feature", "geometry": {"type": "LineString", "coordinates": [[4.8314326, 52.356169], [4.8315253, 52.3561739]]}, "properties": {"Speed": 40, "road_quality": 2, "marker": 6, "trip_id": "NORMA_Trip1", "hrot_diff": 1, "sample_diff": 5, "time_diff_s": 0.1, "gps_distance_m": 6.3, "original_speed": "-1", "wheel_diameter_mm": 711.1999999999999, "braking_intensity": 0.0, "is_braking": false}}, {"type": "Feature", "geometry": {"type": "LineString", "coordinates": [[4.8315253, 52.3561739], [4.8316314, 52.3561772]]}, "properties": {"Speed": 25.1, "road_quality": 2, "marker": 7, "trip_id": "NORMA_Trip1", "hrot_diff": 1, "sample_diff": 8, "time_diff_s": 0.16, "gps_distance_m": 7.2, "original_speed": "2727", "wheel_diameter_mm": 711.1999999999999, "braking_intensity": 0.0, "is_braking": false}}, {"type": "Feature", "geometry": {"type": "LineString", "coordinates": [[4.8316314, 52.3561772], [4.8317376, 52.3561822]]}, "properties": {"Speed": 22.3, "road_quality": 2, "marker": 6, "trip_id": "NORMA_Trip1", "hrot_diff": 1, "sample_diff": 9, "time_diff_s": 0.18, "gps_distance_m": 7.2, "original_speed": "-1", "wheel_diameter_mm": 711.1999999999999, "braking_intensity": 0.0, "is_braking": false}}, {"type": "Feature", "geometry": {"type": "LineString", "coordinates": [[4.8317376, 52.3561822], [4.8318496, 52.3561859]]}, "properties": {"Speed": 33.5, "road_quality": 3, "marker": 6, "trip_id": "NORMA_Trip1", "hrot_diff": 1, "sample_diff": 6, "time_diff_s": 0.12, "gps_distance_m": 7.6, "original_speed": "-1", "wheel_diameter_mm": 711.1999999999999, "braking_intensity": 0.0, "is_braking": false}}, {"type": "Feature", "geometry": {"type": "LineString", "coordinates": [[4.8318496, 52.3561859], [4.8319461, 52.3561821]]}, "properties": {"Speed": 8.7, "road_quality": 3, "marker": 7, "trip_id": "NORMA_Trip1", "hrot_diff": 1, "sample_diff": 23, "time_diff_s": 0.46, "gps_distance_m": 6.6, "original_speed": "1980", "wheel_diameter_mm": 711.1999999999999, "braking_intensity": 0.0, "is_braking": false}}, {"type": "Feature", "geometry": {"type": "LineString", "coordinates": [[4.8319461, 52.3561821], [4.8320301, 52.3561783]]}, "properties": {"Speed": 28.7, "road_quality": 3, "marker": 6, "trip_id": "NORMA_Trip1", "hrot_diff": 1, "sample_diff": 7, "time_diff_s": 0.14, "gps_distance_m": 5.7, "original_speed": "-1", "wheel_diameter_mm": 711.1999999999999, "braking_intensity": 0.0, "is_braking": false}}, {"type": "Feature", "geometry": {"type": "LineString", "coordinates": [[4.8321294, 52.3561807], [4.8322237, 52.3561764]]}, "properties": {"Speed": 25.1, "road_quality": 3, "marker": 6, "trip_id": "NORMA_Trip1", "hrot_diff": 1, "sample_diff": 8, "time_diff_s": 0.16, "gps_distance_m": 6.4, "original_speed": "-1", "wheel_diameter_mm": 711.1999999999999, "braking_intensity": 0.0, "is_braking": false}}, {"type": "Feature", "geometry": {"type": "LineString", "coordinates": [[4.8324017, 52.3561767], [4.8324683, 52.3561848]]}, "properties": {"Speed": 28.7, "road_quality": 3, "marker": 6, "trip_id": "NORMA_Trip1", "hrot_diff": 1, "sample_diff": 7, "time_diff_s": 0.14, "gps_distance_m": 4.6, "original_speed": "-1", "wheel_diameter_mm": 711.1999999999999, "braking_intensity": 0.0, "is_braking": false}}, {"type": "Feature", "geometry": {"type": "LineString", "coordinates": [[4.8324683, 52.3561848], [4.8325647, 52.3561907]]}, "properties": {"Speed": 18.3, "road_quality": 3, "marker": 6, "trip_id": "NORMA_Trip1", "hrot_diff": 1, "sample_diff": 11, "time_diff_s": 0.22, "gps_distance_m": 6.6, "original_speed": "-1", "wheel_diameter_mm": 711.1999999999999, "braking_intensity": 0.0, "is_braking": false}}, {"type": "Feature", "geometry": {"type": "LineString", "coordinates": [[4.8325647, 52.3561907], [4.8326642, 52.3561971]]}, "properties": {"Speed": 28.7, "road_quality": 3, "marker": 7, "trip_id": "NORMA_Trip1", "hrot_diff": 1, "sample_diff": 7, "time_diff_s": 0.14, "gps_distance_m": 6.8, "original_speed": "3070", "wheel_diameter_mm": 711.1999999999999, "braking_intensity": 0.0, "is_braking": false}}, {"type": "Feature", "geometry": {"type": "LineString", "coordinates": [[4.8326642, 52.3561971], [4.8327714, 52.3562041]]}, "properties": {"Speed": 18.3, "road_quality": 3, "marker": 7, "trip_id": "NORMA_Trip1", "hrot_diff": 1, "sample_diff": 11, "time_diff_s": 0.22, "gps_distance_m": 7.3, "original_speed": "3125", "wheel_diameter_mm": 711.1999999999999, "braking_intensity": 0.0, "is_braking": false}}, {"type": "Feature", "geometry": {"type": "LineString", "coordinates": [[4.8327714, 52.3562041], [4.8328764, 52.3562093]]}, "properties": {"Speed": 7.7, "road_quality": 3, "marker": 7, "trip_id": "NORMA_Trip1", "hrot_diff": 1, "sample_diff": 26, "time_diff_s": 0.52, "gps_distance_m": 7.2, "original_speed": "2272", "wheel_diameter_mm": 711.1999999999999, "braking_intensity": 0.0, "is_braking": false}}, {"type": "Feature", "geometry": {"type": "LineString", "coordinates": [[4.8328764, 52.3562093], [4.8330038, 52.3562054]]}, "properties": {"Speed": 25.1, "road_quality": 2, "marker": 6, "trip_id": "NORMA_Trip1", "hrot_diff": 1, "sample_diff": 8, "time_diff_s": 0.16, "gps_distance_m": 8.7, "original_speed": "-1", "wheel_diameter_mm": 711.1999999999999, "braking_intensity": 0.0, "is_braking": false}}, {"type": "Feature", "geometry": {"type": "LineString", "coordinates": [[4.8330038, 52.3562054], [4.8331088, 52.3562032]]}, "properties": {"Speed": 22.3, "road_quality": 3, "marker": 6, "trip_id": "NORMA_Trip1", "hrot_diff": 1, "sample_diff": 9, "time_diff_s": 0.18, "gps_distance_m": 7.1, "original_speed": "-1", "wheel_diameter_mm": 711.1999999999999, "braking_intensity": 0.0, "is_braking": false}}, {"type": "Feature", "geometry": {"type": "LineString", "coordinates": [[4.8331988, 52.3562058], [4.8332806, 52.3562046]]}, "properties": {"Speed": 16.8, "road_quality": 2, "marker": 6, "trip_id": "NORMA_Trip1", "hrot_diff": 1, "sample_diff": 12, "time_diff_s": 0.24, "gps_distance_m": 5.6, "original_speed": "-1", "wheel_diameter_mm": 711.1999999999999, "braking_intensity": 0.0, "is_braking": false}}, {"type": "Feature", "geometry": {"type": "LineString", "coordinates": [[4.8333647, 52.3562108], [4.833447, 52.3562178]]}, "properties": {"Speed": 33.5, "road_quality": 3, "marker": 7, "trip_id": "NORMA_Trip1", "hrot_diff": 1, "sample_diff": 6, "time_diff_s": 0.12, "gps_distance_m": 5.6, "original_speed": "2884", "wheel_diameter_mm": 711.1999999999999, "braking_intensity": 0.0, "is_braking": false}}, {"type": "Feature", "geometry": {"type": "LineString", "coordinates": [[4.833447, 52.3562178], [4.8335312, 52.3562178]]}, "properties": {"Speed": 22.3, "road_quality": 3, "marker": 7, "trip_id": "NORMA_Trip1", "hrot_diff": 1, "sample_diff": 9, "time_diff_s": 0.18, "gps_distance_m": 5.7, "original_speed": "3000", "wheel_diameter_mm": 711.1999999999999, "braking_intensity": 0.0, "is_braking": false}}, {"type": "Feature", "geometry": {"type": "LineString", "coordinates": [[4.8335312, 52.3562178], [4.833628, 52.3562191]]}, "properties": {"Speed": 22.3, "road_quality": 3, "marker": 7, "trip_id": "NORMA_Trip1", "hrot_diff": 1, "sample_diff": 9, "time_diff_s": 0.18, "gps_distance_m": 6.6, "original_speed": "2912", "wheel_diameter_mm": 711.1999999999999, "braking_intensity": 0.0, "is_braking": false}}, {"type": "Feature", "geometry": {"type": "LineString", "coordinates": [[4.833628, 52.3562191], [4.8337216, 52.3562193]]}, "properties": {"Speed": 40, "road_quality": 3, "marker": 7, "trip_id": "NORMA_Trip1", "hrot_diff": 1, "sample_diff": 5, "time_diff_s": 0.1, "gps_distance_m": 6.4, "original_speed": "2777", "wheel_diameter_mm": 711.1999999999999, "braking_intensity": 0.0, "is_braking": false}}, {"type": "Feature", "geometry": {"type": "LineString", "coordinates": [[4.8337216, 52.3562193], [4.8338081, 52.3562169]]}, "properties": {"Speed": 28.7, "road_quality": 3, "marker": 7, "trip_id": "NORMA_Trip1", "hrot_diff": 1, "sample_diff": 7, "time_diff_s": 0.14, "gps_distance_m": 5.9, "original_speed": "2966", "wheel_diameter_mm": 711.1999999999999, "braking_intensity": 0.0, "is_braking": false}}, {"type": "Feature", "geometry": {"type": "LineString", "coordinates": [[4.8338081, 52.3562169], [4.8338891, 52.3562129]]}, "properties": {"Speed": 28.7, "road_quality": 2, "marker": 7, "trip_id": "NORMA_Trip1", "hrot_diff": 1, "sample_diff": 7, "time_diff_s": 0.14, "gps_distance_m": 5.5, "original_speed": "2857", "wheel_diameter_mm": 711.1999999999999, "braking_intensity": 0.0, "is_braking": false}}, {"type": "Feature", "geometry": {"type": "LineString", "coordinates": [[4.8338891, 52.3562129], [4.8339838, 52.3562098]]}, "properties": {"Speed": 28.7, "road_quality": 3, "marker": 7, "trip_id": "NORMA_Trip1", "hrot_diff": 1, "sample_diff": 7, "time_diff_s": 0.14, "gps_distance_m": 6.4, "original_speed": "2991", "wheel_diameter_mm": 711.1999999999999, "braking_intensity": 0.0, "is_braking": false}}, {"type": "Feature", "geometry": {"type": "LineString", "coordinates": [[4.8339838, 52.3562098], [4.8340608, 52.3562113]]}, "properties": {"Speed": 40, "road_quality": 3, "marker": 7, "trip_id": "NORMA_Trip1", "hrot_diff": 1, "sample_diff": 5, "time_diff_s": 0.1, "gps_distance_m": 5.2, "original_speed": "2941", "wheel_diameter_mm": 711.1999999999999, "braking_intensity": 0.0, "is_braking": false}}, {"type": "Feature", "geometry": {"type": "LineString", "coordinates": [[4.834141, 52.3562152], [4.8342545, 52.3562227]]}, "properties": {"Speed": 25.1, "road_quality": 3, "marker": 6, "trip_id": "NORMA_Trip1", "hrot_diff": 1, "sample_diff": 8, "time_diff_s": 0.16, "gps_distance_m": 7.8, "original_speed": "-1", "wheel_diameter_mm": 711.1999999999999, "braking_intensity": 0.0, "is_braking": false}}, {"type": "Feature", "geometry": {"type": "LineString", "coordinates": [[4.8342545, 52.3562227], [4.8343364, 52.3562277]]}, "properties": {"Speed": 11.2, "road_quality": 3, "marker": 6, "trip_id": "NORMA_Trip1", "hrot_diff": 1, "sample_diff": 18, "time_diff_s": 0.36, "gps_distance_m": 5.6, "original_speed": "-1", "wheel_diameter_mm": 711.1999999999999, "braking_intensity": 0.0, "is_braking": false}}, {"type": "Feature", "geometry": {"type": "LineString", "coordinates": [[4.8343364, 52.3562277], [4.8344288, 52.3562363]]}, "properties": {"Speed": 18.3, "road_quality": 3, "marker": 6, "trip_id": "NORMA_Trip1", "hrot_diff": 1, "sample_diff": 11, "time_diff_s": 0.22, "gps_distance_m": 6.3, "original_speed": "-1", "wheel_diameter_mm": 711.1999999999999, "braking_intensity": 0.0, "is_braking": false}}, {"type": "Feature", "geometry": {"type": "LineString", "coordinates": [[4.8344288, 52.3562363], [4.8345068, 52.356246]]}, "properties": {"Speed": 28.7, "road_quality": 3, "marker": 6, "trip_id": "NORMA_Trip1", "hrot_diff": 1, "sample_diff": 7, "time_diff_s": 0.14, "gps_distance_m": 5.4, "original_speed": "-1", "wheel_diameter_mm": 711.1999999999999, "braking_intensity": 0.0, "is_braking": false}}, {"type": "Feature", "geometry": {"type": "LineString", "coordinates": [[4.8348792, 52.3562619], [4.8349791, 52.3562585]]}, "properties": {"Speed": 10.1, "road_quality": 3, "marker": 7, "trip_id": "NORMA_Trip1", "hrot_diff": 1, "sample_diff": 20, "time_diff_s": 0.4, "gps_distance_m": 6.8, "original_speed": "1415", "wheel_diameter_mm": 711.1999999999999, "braking_intensity": 0.0, "is_braking": false}}, {"type": "Feature", "geometry": {"type": "LineString", "coordinates": [[4.8349791, 52.3562585], [4.8350849, 52.3562553]]}, "properties": {"Speed": 25.1, "road_quality": 2, "marker": 6, "trip_id": "NORMA_Trip1", "hrot_diff": 1, "sample_diff": 8, "time_diff_s": 0.16, "gps_distance_m": 7.2, "original_speed": "-1", "wheel_diameter_mm": 711.1999999999999, "braking_intensity": 0.0, "is_braking": false}}, {"type": "Feature", "geometry": {"type": "LineString", "coordinates": [[4.8350849, 52.3562553], [4.835163, 52.3562513]]}, "properties": {"Speed": 28.7, "road_quality": 2, "marker": 7, "trip_id": "NORMA_Trip1", "hrot_diff": 1, "sample_diff": 7, "time_diff_s": 0.14, "gps_distance_m": 5.3, "original_speed": "3271", "wheel_diameter_mm": 711.1999999999999, "braking_intensity": 0.0, "is_braking": false}}, {"type": "Feature", "geometry": {"type": "LineString", "coordinates": [[4.8352394, 52.3562495], [4.8353537, 52.356256]]}, "properties": {"Speed": 20.1, "road_quality": 2, "marker": 6, "trip_id": "NORMA_Trip1", "hrot_diff": 1, "sample_diff": 10, "time_diff_s": 0.2, "gps_distance_m": 7.8, "original_speed": "-1", "wheel_diameter_mm": 711.1999999999999, "braking_intensity": 0.0, "is_braking": false}}, {"type": "Feature", "geometry": {"type": "LineString", "coordinates": [[4.8353537, 52.356256], [4.8354624, 52.3562576]]}, "properties": {"Speed": 28.7, "road_quality": 2, "marker": 7, "trip_id": "NORMA_Trip1", "hrot_diff": 1, "sample_diff": 7, "time_diff_s": 0.14, "gps_distance_m": 7.4, "original_speed": "3271", "wheel_diameter_mm": 711.1999999999999, "braking_intensity": 0.0, "is_braking": false}}, {"type": "Feature", "geometry": {"type": "LineString", "coordinates": [[4.8354624, 52.3562576], [4.8355493, 52.3562447]]}, "properties": {"Speed": 14.4, "road_quality": 2, "marker": 7, "trip_id": "NORMA_Trip1", "hrot_diff": 1, "sample_diff": 14, "time_diff_s": 0.28, "gps_distance_m": 6.1, "original_speed": "3333", "wheel_diameter_mm": 711.1999999999999, "braking_intensity": 0.0, "is_braking": false}}, {"type": "Feature", "geometry": {"type": "LineString", "coordinates": [[4.8355493, 52.3562447], [4.8356438, 52.3562442]]}, "properties": {"Speed": 8.4, "road_quality": 2, "marker": 6, "trip_id": "NORMA_Trip1", "hrot_diff": 1, "sample_diff": 24, "time_diff_s": 0.48, "gps_distance_m": 6.4, "original_speed": "-1", "wheel_diameter_mm": 711.1999999999999, "braking_intensity": 0.0, "is_braking": false}}, {"type": "Feature", "geometry": {"type": "LineString", "coordinates": [[4.8356438, 52.3562442], [4.8357463, 52.3562362]]}, "properties": {"Speed": 16.8, "road_quality": 2, "marker": 6, "trip_id": "NORMA_Trip1", "hrot_diff": 1, "sample_diff": 12, "time_diff_s": 0.24, "gps_distance_m": 7.0, "original_speed": "-1", "wheel_diameter_mm": 711.1999999999999, "braking_intensity": 0.0, "is_braking": false}}, {"type": "Feature", "geometry": {"type": "LineString", "coordinates": [[4.8357463, 52.3562362], [4.8358469, 52.3562239]]}, "properties": {"Speed": 25.1, "road_quality": 2, "marker": 7, "trip_id": "NORMA_Trip1", "hrot_diff": 1, "sample_diff": 8, "time_diff_s": 0.16, "gps_distance_m": 7.0, "original_speed": "3125", "wheel_diameter_mm": 711.1999999999999, "braking_intensity": 0.0, "is_braking": false}}, {"type": "Feature", "geometry": {"type": "LineString", "coordinates": [[4.8358469, 52.3562239], [4.8359182, 52.3561971]]}, "properties": {"Speed": 25.1, "road_quality": 2, "marker": 7, "trip_id": "NORMA_Trip1", "hrot_diff": 1, "sample_diff": 8, "time_diff_s": 0.16, "gps_distance_m": 5.7, "original_speed": "3153", "wheel_diameter_mm": 711.1999999999999, "braking_intensity": 0.0, "is_braking": false}}, {"type": "Feature", "geometry": {"type": "LineString", "coordinates": [[4.8359182, 52.3561971], [4.8359906, 52.3561813]]}, "properties": {"Speed": 25.1, "road_quality": 2, "marker": 7, "trip_id": "NORMA_Trip1", "hrot_diff": 1, "sample_diff": 8, "time_diff_s": 0.16, "gps_distance_m": 5.2, "original_speed": "3097", "wheel_diameter_mm": 711.1999999999999, "braking_intensity": 0.0, "is_braking": false}}, {"type": "Feature", "geometry": {"type": "LineString", "coordinates": [[4.8359906, 52.3561813], [4.836064, 52.3561703]]}, "properties": {"Speed": 25.1, "road_quality": 2, "marker": 7, "trip_id": "NORMA_Trip1", "hrot_diff": 1, "sample_diff": 8, "time_diff_s": 0.16, "gps_distance_m": 5.1, "original_speed": "2654", "wheel_diameter_mm": 711.1999999999999, "braking_intensity": 0.0, "is_braking": false}}, {"type": "Feature", "geometry": {"type": "LineString", "coordinates": [[4.836064, 52.3561703], [4.8361242, 52.3561723]]}, "properties": {"Speed": 9.1, "road_quality": 2, "marker": 7, "trip_id": "NORMA_Trip1", "hrot_diff": 1, "sample_diff": 22, "time_diff_s": 0.44, "gps_distance_m": 4.1, "original_speed": "1538", "wheel_diameter_mm": 711.1999999999999, "braking_intensity": 0.0, "is_braking": false}}, {"type": "Feature", "geometry": {"type": "LineString", "coordinates": [[4.8361242, 52.3561723], [4.8361997, 52.3561943]]}, "properties": {"Speed": 25.1, "road_quality": 2, "marker": 6, "trip_id": "NORMA_Trip1", "hrot_diff": 1, "sample_diff": 8, "time_diff_s": 0.16, "gps_distance_m": 5.7, "original_speed": "-1", "wheel_diameter_mm": 711.1999999999999, "braking_intensity": 0.0, "is_braking": false}}, {"type": "Feature", "geometry": {"type": "LineString", "coordinates": [[4.8361997, 52.3561943], [4.8362865, 52.3562175]]}, "properties": {"Speed": 8.7, "road_quality": 2, "marker": 6, "trip_id": "NORMA_Trip1", "hrot_diff": 1, "sample_diff": 23, "time_diff_s": 0.46, "gps_distance_m": 6.4, "original_speed": "-1", "wheel_diameter_mm": 711.1999999999999, "braking_intensity": 0.0, "is_braking": false}}, {"type": "Feature", "geometry": {"type": "LineString", "coordinates": [[4.8362865, 52.3562175], [4.8363707, 52.3562366]]}, "properties": {"Speed": 20.1, "road_quality": 2, "marker": 6, "trip_id": "NORMA_Trip1", "hrot_diff": 1, "sample_diff": 10, "time_diff_s": 0.2, "gps_distance_m": 6.1, "original_speed": "-1", "wheel_diameter_mm": 711.1999999999999, "braking_intensity": 0.0, "is_braking": false}}, {"type": "Feature", "geometry": {"type": "LineString", "coordinates": [[4.8363707, 52.3562366], [4.8364564, 52.3562514]]}, "properties": {"Speed": 20.1, "road_quality": 2, "marker": 6, "trip_id": "NORMA_Trip1", "hrot_diff": 1, "sample_diff": 10, "time_diff_s": 0.2, "gps_distance_m": 6.0, "original_speed": "-1", "wheel_diameter_mm": 711.1999999999999, "braking_intensity": 0.0, "is_braking": false}}, {"type": "Feature", "geometry": {"type": "LineString", "coordinates": [[4.8364564, 52.3562514], [4.8365524, 52.3562645]]}, "properties": {"Speed": 28.7, "road_quality": 3, "marker": 7, "trip_id": "NORMA_Trip1", "hrot_diff": 1, "sample_diff": 7, "time_diff_s": 0.14, "gps_distance_m": 6.7, "original_speed": "3043", "wheel_diameter_mm": 711.1999999999999, "braking_intensity": 0.0, "is_braking": false}}, {"type": "Feature", "geometry": {"type": "LineString", "coordinates": [[4.8366347, 52.3562749], [4.8367223, 52.3562842]]}, "properties": {"Speed": 28.7, "road_quality": 3, "marker": 6, "trip_id": "NORMA_Trip1", "hrot_diff": 1, "sample_diff": 7, "time_diff_s": 0.14, "gps_distance_m": 6.0, "original_speed": "-1", "wheel_diameter_mm": 711.1999999999999, "braking_intensity": 0.0, "is_braking": false}}, {"type": "Feature", "geometry": {"type": "LineString", "coordinates": [[4.8367223, 52.3562842], [4.8368143, 52.3562959]]}, "properties": {"Speed": 8.4, "road_quality": 2, "marker": 6, "trip_id": "NORMA_Trip1", "hrot_diff": 1, "sample_diff": 24, "time_diff_s": 0.48, "gps_distance_m": 6.4, "original_speed": "-1", "wheel_diameter_mm": 711.1999999999999, "braking_intensity": 0.0, "is_braking": false}}, {"type": "Feature", "geometry": {"type": "LineString", "coordinates": [[4.8368143, 52.3562959], [4.8369112, 52.3563059]]}, "properties": {"Speed": 22.3, "road_quality": 2, "marker": 6, "trip_id": "NORMA_Trip1", "hrot_diff": 1, "sample_diff": 9, "time_diff_s": 0.18, "gps_distance_m": 6.7, "original_speed": "-1", "wheel_diameter_mm": 711.1999999999999, "braking_intensity": 0.0, "is_braking": false}}, {"type": "Feature", "geometry": {"type": "LineString", "coordinates": [[4.8370791, 52.3563183], [4.8371618, 52.3563216]]}, "properties": {"Speed": 15.5, "road_quality": 2, "marker": 6, "trip_id": "NORMA_Trip1", "hrot_diff": 1, "sample_diff": 13, "time_diff_s": 0.26, "gps_distance_m": 5.6, "original_speed": "-1", "wheel_diameter_mm": 711.1999999999999, "braking_intensity": 0.0, "is_braking": false}}, {"type": "Feature", "geometry": {"type": "LineString", "coordinates": [[4.8371618, 52.3563216], [4.8372569, 52.3563224]]}, "properties": {"Speed": 22.3, "road_quality": 2, "marker": 7, "trip_id": "NORMA_Trip1", "hrot_diff": 1, "sample_diff": 9, "time_diff_s": 0.18, "gps_distance_m": 6.5, "original_speed": "2941", "wheel_diameter_mm": 711.1999999999999, "braking_intensity": 0.0, "is_braking": false}}, {"type": "Feature", "geometry": {"type": "LineString", "coordinates": [[4.8372569, 52.3563224], [4.8373957, 52.3563313]]}, "properties": {"Speed": 7.7, "road_quality": 2, "marker": 7, "trip_id": "NORMA_Trip1", "hrot_diff": 1, "sample_diff": 26, "time_diff_s": 0.52, "gps_distance_m": 9.5, "original_speed": "3153", "wheel_diameter_mm": 711.1999999999999, "braking_intensity": 0.0, "is_braking": false}}, {"type": "Feature", "geometry": {"type": "LineString", "coordinates": [[4.8373957, 52.3563313], [4.8374869, 52.3563366]]}, "properties": {"Speed": 20.1, "road_quality": 2, "marker": 6, "trip_id": "NORMA_Trip1", "hrot_diff": 1, "sample_diff": 10, "time_diff_s": 0.2, "gps_distance_m": 6.2, "original_speed": "-1", "wheel_diameter_mm": 711.1999999999999, "braking_intensity": 0.0, "is_braking": false}}, {"type": "Feature", "geometry": {"type": "LineString", "coordinates": [[4.8374869, 52.3563366], [4.8375905, 52.3563368]]}, "properties": {"Speed": 22.3, "road_quality": 2, "marker": 6, "trip_id": "NORMA_Trip1", "hrot_diff": 1, "sample_diff": 9, "time_diff_s": 0.18, "gps_distance_m": 7.0, "original_speed": "-1", "wheel_diameter_mm": 711.1999999999999, "braking_intensity": 0.0, "is_braking": false}}, {"type": "Feature", "geometry": {"type": "LineString", "coordinates": [[4.8375905, 52.3563368], [4.8376992, 52.3563379]]}, "properties": {"Speed": 20.1, "road_quality": 2, "marker": 7, "trip_id": "NORMA_Trip1", "hrot_diff": 1, "sample_diff": 10, "time_diff_s": 0.2, "gps_distance_m": 7.4, "original_speed": "3043", "wheel_diameter_mm": 711.1999999999999, "braking_intensity": 0.0, "is_braking": false}}, {"type": "Feature", "geometry": {"type": "LineString", "coordinates": [[4.8376992, 52.3563379], [4.8377936, 52.3563389]]}, "properties": {"Speed": 25.1, "road_quality": 2, "marker": 7, "trip_id": "NORMA_Trip1", "hrot_diff": 1, "sample_diff": 8, "time_diff_s": 0.16, "gps_distance_m": 6.4, "original_speed": "2608", "wheel_diameter_mm": 711.1999999999999, "braking_intensity": 0.0, "is_braking": false}}, {"type": "Feature", "geometry": {"type": "LineString", "coordinates": [[4.8377936, 52.3563389], [4.8378855, 52.3563355]]}, "properties": {"Speed": 28.7, "road_quality": 2, "marker": 6, "trip_id": "NORMA_Trip1", "hrot_diff": 1, "sample_diff": 7, "time_diff_s": 0.14, "gps_distance_m": 6.3, "original_speed": "-1", "wheel_diameter_mm": 711.1999999999999, "braking_intensity": 0.0, "is_braking": false}}, {"type": "Feature", "geometry": {"type": "LineString", "coordinates": [[4.8378855, 52.3563355], [4.8379876, 52.3563298]]}, "properties": {"Speed": 20.1, "road_quality": 2, "marker": 6, "trip_id": "NORMA_Trip1", "hrot_diff": 1, "sample_diff": 10, "time_diff_s": 0.2, "gps_distance_m": 7.0, "original_speed": "-1", "wheel_diameter_mm": 711.1999999999999, "braking_intensity": 0.0, "is_braking": false}}, {"type": "Feature", "geometry": {"type": "LineString", "coordinates": [[4.8379876, 52.3563298], [4.8380753, 52.3563209]]}, "properties": {"Speed": 20.4, "road_quality": 2, "marker": 7, "trip_id": "NORMA_Trip1", "hrot_diff": 1, "sample_diff": 10, "time_diff_s": 0.197, "gps_distance_m": 6.0, "original_speed": "3070", "wheel_diameter_mm": 711.1999999999999, "braking_intensity": 0.0, "is_braking": false}}, {"type": "Feature", "geometry": {"type": "LineString", "coordinates": [[4.8380753, 52.3563209], [4.8381516, 52.356314]]}, "properties": {"Speed": 22.3, "road_quality": 2, "marker": 7, "trip_id": "NORMA_Trip1", "hrot_diff": 1, "sample_diff": 9, "time_diff_s": 0.18, "gps_distance_m": 5.2, "original_speed": "3070", "wheel_diameter_mm": 711.1999999999999, "braking_intensity": 0.0, "is_braking": false}}, {"type": "Feature", "geometry": {"type": "LineString", "coordinates": [[4.8381516, 52.356314], [4.8382317, 52.3563082]]}, "properties": {"Speed": 18.3, "road_quality": 2, "marker": 7, "trip_id": "NORMA_Trip1", "hrot_diff": 1, "sample_diff": 11, "time_diff_s": 0.22, "gps_distance_m": 5.5, "original_speed": "3153", "wheel_diameter_mm": 711.1999999999999, "braking_intensity": 0.0, "is_braking": false}}, {"type": "Feature", "geometry": {"type": "LineString", "coordinates": [[4.8382317, 52.3563082], [4.8383125, 52.3563047]]}, "properties": {"Speed": 25.1, "road_quality": 2, "marker": 7, "trip_id": "NORMA_Trip1", "hrot_diff": 1, "sample_diff": 8, "time_diff_s": 0.16, "gps_distance_m": 5.5, "original_speed": "3043", "wheel_diameter_mm": 711.1999999999999, "braking_intensity": 0.0, "is_braking": false}}, {"type": "Feature", "geometry": {"type": "LineString", "coordinates": [[4.8383125, 52.3563047], [4.8384086, 52.356303]]}, "properties": {"Speed": 16.8, "road_quality": 2, "marker": 7, "trip_id": "NORMA_Trip1", "hrot_diff": 1, "sample_diff": 12, "time_diff_s": 0.24, "gps_distance_m": 6.5, "original_speed": "3043", "wheel_diameter_mm": 711.1999999999999, "braking_intensity": 0.0, "is_braking": false}}, {"type": "Feature", "geometry": {"type": "LineString", "coordinates": [[4.8384086, 52.356303], [4.8385184, 52.3562954]]}, "properties": {"Speed": 22.3, "road_quality": 2, "marker": 7, "trip_id": "NORMA_Trip1", "hrot_diff": 1, "sample_diff": 9, "time_diff_s": 0.18, "gps_distance_m": 7.5, "original_speed": "3043", "wheel_diameter_mm": 711.1999999999999, "braking_intensity": 0.0, "is_braking": false}}, {"type": "Feature", "geometry": {"type": "LineString", "coordinates": [[4.8385184, 52.3562954], [4.8386163, 52.3562933]]}, "properties": {"Speed": 22.3, "road_quality": 2, "marker": 7, "trip_id": "NORMA_Trip1", "hrot_diff": 1, "sample_diff": 9, "time_diff_s": 0.18, "gps_distance_m": 6.7, "original_speed": "3017", "wheel_diameter_mm": 711.1999999999999, "braking_intensity": 0.0, "is_braking": false}}, {"type": "Feature", "geometry": {"type": "LineString", "coordinates": [[4.8386163, 52.3562933], [4.8387171, 52.3562928]]}, "properties": {"Speed": 22.3, "road_quality": 2, "marker": 7, "trip_id": "NORMA_Trip1", "hrot_diff": 1, "sample_diff": 9, "time_diff_s": 0.18, "gps_distance_m": 6.8, "original_speed": "3070", "wheel_diameter_mm": 711.1999999999999, "braking_intensity": 0.0, "is_braking": false}}, {"type": "Feature", "geometry": {"type": "LineString", "coordinates": [[4.8387171, 52.3562928], [4.8388093, 52.3562913]]}, "properties": {"Speed": 28.7, "road_quality": 2, "marker": 7, "trip_id": "NORMA_Trip1", "hrot_diff": 1, "sample_diff": 7, "time_diff_s": 0.14, "gps_distance_m": 6.3, "original_speed": "3097", "wheel_diameter_mm": 711.1999999999999, "braking_intensity": 0.0, "is_braking": false}}, {"type": "Feature", "geometry": {"type": "LineString", "coordinates": [[4.8388093, 52.3562913], [4.8388816, 52.356296]]}, "properties": {"Speed": 25.1, "road_quality": 2, "marker": 7, "trip_id": "NORMA_Trip1", "hrot_diff": 1, "sample_diff": 8, "time_diff_s": 0.16, "gps_distance_m": 4.9, "original_speed": "3125", "wheel_diameter_mm": 711.1999999999999, "braking_intensity": 0.0, "is_braking": false}}, {"type": "Feature", "geometry": {"type": "LineString", "coordinates": [[4.8388816, 52.356296], [4.8389537, 52.3562924]]}, "properties": {"Speed": 28.7, "road_quality": 2, "marker": 7, "trip_id": "NORMA_Trip1", "hrot_diff": 1, "sample_diff": 7, "time_diff_s": 0.14, "gps_distance_m": 4.9, "original_speed": "3097", "wheel_diameter_mm": 711.1999999999999, "braking_intensity": 0.0, "is_braking": false}}, {"type": "Feature", "geometry": {"type": "LineString", "coordinates": [[4.8389537, 52.3562924], [4.8390428, 52.3562941]]}, "properties": {"Speed": 22.3, "road_quality": 2, "marker": 7, "trip_id": "NORMA_Trip1", "hrot_diff": 1, "sample_diff": 9, "time_diff_s": 0.18, "gps_distance_m": 6.1, "original_speed": "3271", "wheel_diameter_mm": 711.1999999999999, "braking_intensity": 0.0, "is_braking": false}}, {"type": "Feature", "geometry": {"type": "LineString", "coordinates": [[4.8390428, 52.3562941], [4.8391337, 52.3562969]]}, "properties": {"Speed": 9.9, "road_quality": 2, "marker": 7, "trip_id": "NORMA_Trip1", "hrot_diff": 1, "sample_diff": 20, "time_diff_s": 0.407, "gps_distance_m": 6.2, "original_speed": "2000", "wheel_diameter_mm": 711.1999999999999, "braking_intensity": 0.0, "is_braking": false}}, {"type": "Feature", "geometry": {"type": "LineString", "coordinates": [[4.8392462, 52.3563023], [4.8393636, 52.3563109]]}, "properties": {"Speed": 28.7, "road_quality": 2, "marker": 7, "trip_id": "NORMA_Trip1", "hrot_diff": 1, "sample_diff": 7, "time_diff_s": 0.14, "gps_distance_m": 8.0, "original_speed": "2343", "wheel_diameter_mm": 711.1999999999999, "braking_intensity": 0.0, "is_braking": false}}, {"type": "Feature", "geometry": {"type": "LineString", "coordinates": [[4.8393636, 52.3563109], [4.8394884, 52.3563188]]}, "properties": {"Speed": 25.1, "road_quality": 2, "marker": 7, "trip_id": "NORMA_Trip1", "hrot_diff": 1, "sample_diff": 8, "time_diff_s": 0.16, "gps_distance_m": 8.5, "original_speed": "3070", "wheel_diameter_mm": 711.1999999999999, "braking_intensity": 0.0, "is_braking": false}}, {"type": "Feature", "geometry": {"type": "LineString", "coordinates": [[4.8394884, 52.3563188], [4.8395828, 52.356323]]}, "properties": {"Speed": 20.1, "road_quality": 2, "marker": 7, "trip_id": "NORMA_Trip1", "hrot_diff": 1, "sample_diff": 10, "time_diff_s": 0.2, "gps_distance_m": 6.4, "original_speed": "3211", "wheel_diameter_mm": 711.1999999999999, "braking_intensity": 0.0, "is_braking": false}}, {"type": "Feature", "geometry": {"type": "LineString", "coordinates": [[4.8395828, 52.356323], [4.8396772, 52.3563255]]}, "properties": {"Speed": 28.7, "road_quality": 2, "marker": 7, "trip_id": "NORMA_Trip1", "hrot_diff": 1, "sample_diff": 7, "time_diff_s": 0.14, "gps_distance_m": 6.4, "original_speed": "2970", "wheel_diameter_mm": 711.1999999999999, "braking_intensity": 0.0, "is_braking": false}}, {"type": "Feature", "geometry": {"type": "LineString", "coordinates": [[4.8396772, 52.3563255], [4.8397903, 52.356329]]}, "properties": {"Speed": 28.7, "road_quality": 2, "marker": 7, "trip_id": "NORMA_Trip1", "hrot_diff": 1, "sample_diff": 7, "time_diff_s": 0.14, "gps_distance_m": 7.7, "original_speed": "3070", "wheel_diameter_mm": 711.1999999999999, "braking_intensity": 0.0, "is_braking": false}}, {"type": "Feature", "geometry": {"type": "LineString", "coordinates": [[4.8397903, 52.356329], [4.8398891, 52.3563267]]}, "properties": {"Speed": 25.1, "road_quality": 2, "marker": 7, "trip_id": "NORMA_Trip1", "hrot_diff": 1, "sample_diff": 8, "time_diff_s": 0.16, "gps_distance_m": 6.7, "original_speed": "3097", "wheel_diameter_mm": 711.1999999999999, "braking_intensity": 0.0, "is_braking": false}}, {"type": "Feature", "geometry": {"type": "LineString", "coordinates": [[4.8398891, 52.3563267], [4.8399892, 52.3563289]]}, "properties": {"Speed": 7.7, "road_quality": 2, "marker": 7, "trip_id": "NORMA_Trip1", "hrot_diff": 1, "sample_diff": 26, "time_diff_s": 0.52, "gps_distance_m": 6.8, "original_speed": "3211", "wheel_diameter_mm": 711.1999999999999, "braking_intensity": 0.0, "is_braking": false}}, {"type": "Feature", "geometry": {"type": "LineString", "coordinates": [[4.8400668, 52.3563351], [4.8401692, 52.3563395]]}, "properties": {"Speed": 15.5, "road_quality": 2, "marker": 6, "trip_id": "NORMA_Trip1", "hrot_diff": 1, "sample_diff": 13, "time_diff_s": 0.26, "gps_distance_m": 7.0, "original_speed": "-1", "wheel_diameter_mm": 711.1999999999999, "braking_intensity": 0.0, "is_braking": false}}, {"type": "Feature", "geometry": {"type": "LineString", "coordinates": [[4.8401692, 52.3563395], [4.8402524, 52.3563434]]}, "properties": {"Speed": 15.5, "road_quality": 2, "marker": 7, "trip_id": "NORMA_Trip1", "hrot_diff": 1, "sample_diff": 13, "time_diff_s": 0.26, "gps_distance_m": 5.7, "original_speed": "3153", "wheel_diameter_mm": 711.1999999999999, "braking_intensity": 0.0, "is_braking": false}}, {"type": "Feature", "geometry": {"type": "LineString", "coordinates": [[4.8402524, 52.3563434], [4.8403436, 52.3563453]]}, "properties": {"Speed": 22.3, "road_quality": 2, "marker": 7, "trip_id": "NORMA_Trip1", "hrot_diff": 1, "sample_diff": 9, "time_diff_s": 0.18, "gps_distance_m": 6.2, "original_speed": "2941", "wheel_diameter_mm": 711.1999999999999, "braking_intensity": 0.0, "is_braking": false}}, {"type": "Feature", "geometry": {"type": "LineString", "coordinates": [[4.8403436, 52.3563453], [4.8404356, 52.3563398]]}, "properties": {"Speed": 22.3, "road_quality": 2, "marker": 7, "trip_id": "NORMA_Trip1", "hrot_diff": 1, "sample_diff": 9, "time_diff_s": 0.18, "gps_distance_m": 6.3, "original_speed": "2941", "wheel_diameter_mm": 711.1999999999999, "braking_intensity": 0.0, "is_braking": false}}, {"type": "Feature", "geometry": {"type": "LineString", "coordinates": [[4.8404356, 52.3563398], [4.8405316, 52.356329]]}, "properties": {"Speed": 20.1, "road_quality": 2, "marker": 7, "trip_id": "NORMA_Trip1", "hrot_diff": 1, "sample_diff": 10, "time_diff_s": 0.2, "gps_distance_m": 6.6, "original_speed": "2970", "wheel_diameter_mm": 711.1999999999999, "braking_intensity": 0.0, "is_braking": false}}, {"type": "Feature", "geometry": {"type": "LineString", "coordinates": [[4.8405316, 52.356329], [4.8406177, 52.3563114]]}, "properties": {"Speed": 25.1, "road_quality": 3, "marker": 7, "trip_id": "NORMA_Trip1", "hrot_diff": 1, "sample_diff": 8, "time_diff_s": 0.16, "gps_distance_m": 6.2, "original_speed": "2803", "wheel_diameter_mm": 711.1999999999999, "braking_intensity": 0.0, "is_braking": false}}, {"type": "Feature", "geometry": {"type": "LineString", "coordinates": [[4.8406177, 52.3563114], [4.8406726, 52.356286]]}, "properties": {"Speed": 6.5, "road_quality": 3, "marker": 7, "trip_id": "NORMA_Trip1", "hrot_diff": 1, "sample_diff": 31, "time_diff_s": 0.62, "gps_distance_m": 4.7, "original_speed": "2803", "wheel_diameter_mm": 711.1999999999999, "braking_intensity": 0.0, "is_braking": false}}, {"type": "Feature", "geometry": {"type": "LineString", "coordinates": [[4.8406726, 52.356286], [4.8407706, 52.3562691]]}, "properties": {"Speed": 16.8, "road_quality": 2, "marker": 6, "trip_id": "NORMA_Trip1", "hrot_diff": 1, "sample_diff": 12, "time_diff_s": 0.24, "gps_distance_m": 6.9, "original_speed": "-1", "wheel_diameter_mm": 711.1999999999999, "braking_intensity": 0.0, "is_braking": false}}, {"type": "Feature", "geometry": {"type": "LineString", "coordinates": [[4.8407706, 52.3562691], [4.8408495, 52.3562709]]}, "properties": {"Speed": 28.7, "road_quality": 3, "marker": 6, "trip_id": "NORMA_Trip1", "hrot_diff": 1, "sample_diff": 7, "time_diff_s": 0.14, "gps_distance_m": 5.4, "original_speed": "-1", "wheel_diameter_mm": 711.1999999999999, "braking_intensity": 0.0, "is_braking": false}}, {"type": "Feature", "geometry": {"type": "LineString", "coordinates": [[4.8408495, 52.3562709], [4.8409199, 52.3562808]]}, "properties": {"Speed": 16.8, "road_quality": 3, "marker": 7, "trip_id": "NORMA_Trip1", "hrot_diff": 1, "sample_diff": 12, "time_diff_s": 0.24, "gps_distance_m": 4.9, "original_speed": "2857", "wheel_diameter_mm": 711.1999999999999, "braking_intensity": 0.0, "is_braking": false}}, {"type": "Feature", "geometry": {"type": "LineString", "coordinates": [[4.8409199, 52.3562808], [4.8409778, 52.3562917]]}, "properties": {"Speed": 18.3, "road_quality": 2, "marker": 7, "trip_id": "NORMA_Trip1", "hrot_diff": 1, "sample_diff": 11, "time_diff_s": 0.22, "gps_distance_m": 4.1, "original_speed": "2500", "wheel_diameter_mm": 711.1999999999999, "braking_intensity": 0.0, "is_braking": false}}, {"type": "Feature", "geometry": {"type": "LineString", "coordinates": [[4.8409778, 52.3562917], [4.8410154, 52.3562992]]}, "properties": {"Speed": 16.8, "road_quality": 2, "marker": 7, "trip_id": "NORMA_Trip1", "hrot_diff": 1, "sample_diff": 12, "time_diff_s": 0.24, "gps_distance_m": 2.7, "original_speed": "2564", "wheel_diameter_mm": 711.1999999999999, "braking_intensity": 0.0, "is_braking": false}}, {"type": "Feature", "geometry": {"type": "LineString", "coordinates": [[4.8410154, 52.3562992], [4.8410559, 52.3563053]]}, "properties": {"Speed": 16.8, "road_quality": 2, "marker": 7, "trip_id": "NORMA_Trip1", "hrot_diff": 1, "sample_diff": 12, "time_diff_s": 0.24, "gps_distance_m": 2.8, "original_speed": "2608", "wheel_diameter_mm": 711.1999999999999, "braking_intensity": 0.0, "is_braking": false}}, {"type": "Feature", "geometry": {"type": "LineString", "coordinates": [[4.8410559, 52.3563053], [4.8411415, 52.3563237]]}, "properties": {"Speed": 14.4, "road_quality": 2, "marker": 7, "trip_id": "NORMA_Trip1", "hrot_diff": 1, "sample_diff": 14, "time_diff_s": 0.28, "gps_distance_m": 6.2, "original_speed": "2608", "wheel_diameter_mm": 711.1999999999999, "braking_intensity": 0.0, "is_braking": false}}, {"type": "Feature", "geometry": {"type": "LineString", "coordinates": [[4.8411415, 52.3563237], [4.8412504, 52.3563453]]}, "properties": {"Speed": 18.3, "road_quality": 2, "marker": 7, "trip_id": "NORMA_Trip1", "hrot_diff": 1, "sample_diff": 11, "time_diff_s": 0.22, "gps_distance_m": 7.8, "original_speed": "2654", "wheel_diameter_mm": 711.1999999999999, "braking_intensity": 0.0, "is_braking": false}}, {"type": "Feature", "geometry": {"type": "LineString", "coordinates": [[4.8412504, 52.3563453], [4.8413462, 52.3563581]]}, "properties": {"Speed": 18.3, "road_quality": 2, "marker": 7, "trip_id": "NORMA_Trip1", "hrot_diff": 1, "sample_diff": 11, "time_diff_s": 0.22, "gps_distance_m": 6.7, "original_speed": "2777", "wheel_diameter_mm": 711.1999999999999, "braking_intensity": 0.0, "is_braking": false}}, {"type": "Feature", "geometry": {"type": "LineString", "coordinates": [[4.8413462, 52.3563581], [4.8414101, 52.3563612]]}, "properties": {"Speed": 20.8, "road_quality": 2, "marker": 7, "trip_id": "NORMA_Trip1", "hrot_diff": 1, "sample_diff": 10, "time_diff_s": 0.193, "gps_distance_m": 4.4, "original_speed": "2830", "wheel_diameter_mm": 711.1999999999999, "braking_intensity": 0.0, "is_braking": false}}, {"type": "Feature", "geometry": {"type": "LineString", "coordinates": [[4.8414935, 52.3563687], [4.8416474, 52.3563637]]}, "properties": {"Speed": 25.1, "road_quality": 2, "marker": 6, "trip_id": "NORMA_Trip1", "hrot_diff": 1, "sample_diff": 8, "time_diff_s": 0.16, "gps_distance_m": 10.5, "original_speed": "-1", "wheel_diameter_mm": 711.1999999999999, "braking_intensity": 0.0, "is_braking": false}}, {"type": "Feature", "geometry": {"type": "LineString", "coordinates": [[4.8416474, 52.3563637], [4.8417405, 52.3563621]]}, "properties": {"Speed": 25.1, "road_quality": 2, "marker": 7, "trip_id": "NORMA_Trip1", "hrot_diff": 1, "sample_diff": 8, "time_diff_s": 0.16, "gps_distance_m": 6.3, "original_speed": "3097", "wheel_diameter_mm": 711.1999999999999, "braking_intensity": 0.0, "is_braking": false}}, {"type": "Feature", "geometry": {"type": "LineString", "coordinates": [[4.8417405, 52.3563621], [4.8418453, 52.3563616]]}, "properties": {"Speed": 40, "road_quality": 3, "marker": 7, "trip_id": "NORMA_Trip1", "hrot_diff": 1, "sample_diff": 5, "time_diff_s": 0.1, "gps_distance_m": 7.1, "original_speed": "2830", "wheel_diameter_mm": 711.1999999999999, "braking_intensity": 0.0, "is_braking": false}}, {"type": "Feature", "geometry": {"type": "LineString", "coordinates": [[4.8418453, 52.3563616], [4.8419436, 52.356363]]}, "properties": {"Speed": 9.6, "road_quality": 3, "marker": 7, "trip_id": "NORMA_Trip1", "hrot_diff": 1, "sample_diff": 21, "time_diff_s": 0.42, "gps_distance_m": 6.7, "original_speed": "3097", "wheel_diameter_mm": 711.1999999999999, "braking_intensity": 0.0, "is_braking": false}}, {"type": "Feature", "geometry": {"type": "LineString", "coordinates": [[4.8419436, 52.356363], [4.842036, 52.3563606]]}, "properties": {"Speed": 4.9, "road_quality": 2, "marker": 6, "trip_id": "NORMA_Trip1", "hrot_diff": 1, "sample_diff": 41, "time_diff_s": 0.82, "gps_distance_m": 6.3, "original_speed": "-1", "wheel_diameter_mm": 711.1999999999999, "braking_intensity": 0.0, "is_braking": false}}, {"type": "Feature", "geometry": {"type": "LineString", "coordinates": [[4.842036, 52.3563606], [4.8421467, 52.3563618]]}, "properties": {"Speed": 20.1, "road_quality": 3, "marker": 7, "trip_id": "NORMA_Trip1", "hrot_diff": 1, "sample_diff": 10, "time_diff_s": 0.2, "gps_distance_m": 7.5, "original_speed": "1773", "wheel_diameter_mm": 711.1999999999999, "braking_intensity": 0.0, "is_braking": false}}, {"type": "Feature", "geometry": {"type": "LineString", "coordinates": [[4.8421467, 52.3563618], [4.8422538, 52.3563648]]}, "properties": {"Speed": 22.3, "road_quality": 3, "marker": 7, "trip_id": "NORMA_Trip1", "hrot_diff": 1, "sample_diff": 9, "time_diff_s": 0.18, "gps_distance_m": 7.3, "original_speed": "3153", "wheel_diameter_mm": 711.1999999999999, "braking_intensity": 0.0, "is_braking": false}}, {"type": "Feature", "geometry": {"type": "LineString", "coordinates": [[4.8422538, 52.3563648], [4.8423472, 52.3563668]]}, "properties": {"Speed": 25.1, "road_quality": 3, "marker": 7, "trip_id": "NORMA_Trip1", "hrot_diff": 1, "sample_diff": 8, "time_diff_s": 0.16, "gps_distance_m": 6.3, "original_speed": "3301", "wheel_diameter_mm": 711.1999999999999, "braking_intensity": 0.0, "is_braking": false}}, {"type": "Feature", "geometry": {"type": "LineString", "coordinates": [[4.8423472, 52.3563668], [4.8424433, 52.3563605]]}, "properties": {"Speed": 22.3, "road_quality": 2, "marker": 7, "trip_id": "NORMA_Trip1", "hrot_diff": 1, "sample_diff": 9, "time_diff_s": 0.18, "gps_distance_m": 6.6, "original_speed": "3000", "wheel_diameter_mm": 711.1999999999999, "braking_intensity": 0.0, "is_braking": false}}, {"type": "Feature", "geometry": {"type": "LineString", "coordinates": [[4.8424433, 52.3563605], [4.8425435, 52.356352]]}, "properties": {"Speed": 9.1, "road_quality": 2, "marker": 7, "trip_id": "NORMA_Trip1", "hrot_diff": 1, "sample_diff": 22, "time_diff_s": 0.44, "gps_distance_m": 6.9, "original_speed": "2232", "wheel_diameter_mm": 711.1999999999999, "braking_intensity": 0.0, "is_braking": false}}, {"type": "Feature", "geometry": {"type": "LineString", "coordinates": [[4.8425435, 52.356352], [4.8426548, 52.3563268]]}, "properties": {"Speed": 25.1, "road_quality": 2, "marker": 6, "trip_id": "NORMA_Trip1", "hrot_diff": 1, "sample_diff": 8, "time_diff_s": 0.16, "gps_distance_m": 8.1, "original_speed": "-1", "wheel_diameter_mm": 711.1999999999999, "braking_intensity": 0.0, "is_braking": false}}, {"type": "Feature", "geometry": {"type": "LineString", "coordinates": [[4.8426548, 52.3563268], [4.8427644, 52.3563098]]}, "properties": {"Speed": 22.3, "road_quality": 3, "marker": 7, "trip_id": "NORMA_Trip1", "hrot_diff": 1, "sample_diff": 9, "time_diff_s": 0.18, "gps_distance_m": 7.7, "original_speed": "3181", "wheel_diameter_mm": 711.1999999999999, "braking_intensity": 0.0, "is_braking": false}}, {"type": "Feature", "geometry": {"type": "LineString", "coordinates": [[4.8429378, 52.3562644], [4.8429897, 52.3562466]]}, "properties": {"Speed": 8.7, "road_quality": 2, "marker": 7, "trip_id": "NORMA_Trip1", "hrot_diff": 1, "sample_diff": 23, "time_diff_s": 0.46, "gps_distance_m": 4.0, "original_speed": "2912", "wheel_diameter_mm": 711.1999999999999, "braking_intensity": 0.0, "is_braking": false}}, {"type": "Feature", "geometry": {"type": "LineString", "coordinates": [[4.84349, 52.3562215], [4.8435806, 52.3562232]]}, "properties": {"Speed": 22.3, "road_quality": 2, "marker": 7, "trip_id": "NORMA_Trip1", "hrot_diff": 1, "sample_diff": 9, "time_diff_s": 0.18, "gps_distance_m": 6.2, "original_speed": "2884", "wheel_diameter_mm": 711.1999999999999, "braking_intensity": 0.0, "is_braking": false}}, {"type": "Feature", "geometry": {"type": "LineString", "coordinates": [[4.8435806, 52.3562232], [4.8436745, 52.3562335]]}, "properties": {"Speed": 22.3, "road_quality": 2, "marker": 7, "trip_id": "NORMA_Trip1", "hrot_diff": 1, "sample_diff": 9, "time_diff_s": 0.18, "gps_distance_m": 6.5, "original_speed": "2727", "wheel_diameter_mm": 711.1999999999999, "braking_intensity": 0.0, "is_braking": false}}, {"type": "Feature", "geometry": {"type": "LineString", "coordinates": [[4.843757, 52.356239], [4.8438192, 52.3562445]]}, "properties": {"Speed": 14.4, "road_quality": 2, "marker": 7, "trip_id": "NORMA_Trip1", "hrot_diff": 1, "sample_diff": 14, "time_diff_s": 0.28, "gps_distance_m": 4.3, "original_speed": "2400", "wheel_diameter_mm": 711.1999999999999, "braking_intensity": 0.0, "is_braking": false}}, {"type": "Feature", "geometry": {"type": "LineString", "coordinates": [[4.8438192, 52.3562445], [4.843883, 52.3562543]]}, "properties": {"Speed": 16.8, "road_quality": 2, "marker": 7, "trip_id": "NORMA_Trip1", "hrot_diff": 1, "sample_diff": 12, "time_diff_s": 0.24, "gps_distance_m": 4.5, "original_speed": "2293", "wheel_diameter_mm": 711.1999999999999, "braking_intensity": 0.0, "is_braking": false}}, {"type": "Feature", "geometry": {"type": "LineString", "coordinates": [[4.843883, 52.3562543], [4.8439544, 52.35626]]}, "properties": {"Speed": 14.4, "road_quality": 3, "marker": 7, "trip_id": "NORMA_Trip1", "hrot_diff": 1, "sample_diff": 14, "time_diff_s": 0.28, "gps_distance_m": 4.9, "original_speed": "2293", "wheel_diameter_mm": 711.1999999999999, "braking_intensity": 0.0, "is_braking": false}}, {"type": "Feature", "geometry": {"type": "LineString", "coordinates": [[4.8439544, 52.35626], [4.8440245, 52.3562543]]}, "properties": {"Speed": 15.5, "road_quality": 3, "marker": 7, "trip_id": "NORMA_Trip1", "hrot_diff": 1, "sample_diff": 13, "time_diff_s": 0.26, "gps_distance_m": 4.8, "original_speed": "2232", "wheel_diameter_mm": 711.1999999999999, "braking_intensity": 0.0, "is_braking": false}}, {"type": "Feature", "geometry": {"type": "LineString", "coordinates": [[4.8440245, 52.3562543], [4.8440662, 52.356235]]}, "properties": {"Speed": 25.1, "road_quality": 2, "marker": 7, "trip_id": "NORMA_Trip1", "hrot_diff": 1, "sample_diff": 8, "time_diff_s": 0.16, "gps_distance_m": 3.6, "original_speed": "2232", "wheel_diameter_mm": 711.1999999999999, "braking_intensity": 0.0, "is_braking": false}}, {"type": "Feature", "geometry": {"type": "LineString", "coordinates": [[4.8440662, 52.356235], [4.8441046, 52.3562084]]}, "properties": {"Speed": 12.6, "road_quality": 2, "marker": 7, "trip_id": "NORMA_Trip1", "hrot_diff": 1, "sample_diff": 16, "time_diff_s": 0.32, "gps_distance_m": 3.9, "original_speed": "2252", "wheel_diameter_mm": 711.1999999999999, "braking_intensity": 0.0, "is_braking": false}}, {"type": "Feature", "geometry": {"type": "LineString", "coordinates": [[4.8441046, 52.3562084], [4.8440946, 52.3561745]]}, "properties": {"Speed": 14.4, "road_quality": 2, "marker": 7, "trip_id": "NORMA_Trip1", "hrot_diff": 1, "sample_diff": 14, "time_diff_s": 0.28, "gps_distance_m": 3.8, "original_speed": "2439", "wheel_diameter_mm": 711.1999999999999, "braking_intensity": 0.0, "is_braking": false}}, {"type": "Feature", "geometry": {"type": "LineString", "coordinates": [[4.8440946, 52.3561745], [4.844152, 52.3561152]]}, "properties": {"Speed": 25.1, "road_quality": 2, "marker": 7, "trip_id": "NORMA_Trip1", "hrot_diff": 1, "sample_diff": 8, "time_diff_s": 0.16, "gps_distance_m": 7.7, "original_speed": "2521", "wheel_diameter_mm": 711.1999999999999, "braking_intensity": 0.0, "is_braking": false}}, {"type": "Feature", "geometry": {"type": "LineString", "coordinates": [[4.8442447, 52.3560866], [4.844407, 52.3560587]]}, "properties": {"Speed": 20.1, "road_quality": 3, "marker": 7, "trip_id": "NORMA_Trip1", "hrot_diff": 1, "sample_diff": 10, "time_diff_s": 0.2, "gps_distance_m": 11.5, "original_speed": "2702", "wheel_diameter_mm": 711.1999999999999, "braking_intensity": 0.0, "is_braking": false}}, {"type": "Feature", "geometry": {"type": "LineString", "coordinates": [[4.844407, 52.3560587], [4.8444735, 52.3560429]]}, "properties": {"Speed": 18.3, "road_quality": 3, "marker": 7, "trip_id": "NORMA_Trip1", "hrot_diff": 1, "sample_diff": 11, "time_diff_s": 0.22, "gps_distance_m": 4.8, "original_speed": "2678", "wheel_diameter_mm": 711.1999999999999, "braking_intensity": 0.0, "is_braking": false}}, {"type": "Feature", "geometry": {"type": "LineString", "coordinates": [[4.8444735, 52.3560429], [4.8445388, 52.3560234]]}, "properties": {"Speed": 22.3, "road_quality": 3, "marker": 7, "trip_id": "NORMA_Trip1", "hrot_diff": 1, "sample_diff": 9, "time_diff_s": 0.18, "gps_distance_m": 4.9, "original_speed": "2336", "wheel_diameter_mm": 711.1999999999999, "braking_intensity": 0.0, "is_braking": false}}, {"type": "Feature", "geometry": {"type": "LineString", "coordinates": [[4.8445388, 52.3560234], [4.8445557, 52.3559966]]}, "properties": {"Speed": 18.3, "road_quality": 3, "marker": 7, "trip_id": "NORMA_Trip1", "hrot_diff": 1, "sample_diff": 11, "time_diff_s": 0.22, "gps_distance_m": 3.2, "original_speed": "2427", "wheel_diameter_mm": 711.1999999999999, "braking_intensity": 0.0, "is_braking": false}}, {"type": "Feature", "geometry": {"type": "LineString", "coordinates": [[4.8445557, 52.3559966], [4.8445561, 52.3559584]]}, "properties": {"Speed": 15.5, "road_quality": 3, "marker": 7, "trip_id": "NORMA_Trip1", "hrot_diff": 1, "sample_diff": 13, "time_diff_s": 0.26, "gps_distance_m": 4.2, "original_speed": "2336", "wheel_diameter_mm": 711.1999999999999, "braking_intensity": 0.0, "is_braking": false}}, {"type": "Feature", "geometry": {"type": "LineString", "coordinates": [[4.8445561, 52.3559584], [4.8445605, 52.3559157]]}, "properties": {"Speed": 18.3, "road_quality": 2, "marker": 7, "trip_id": "NORMA_Trip1", "hrot_diff": 1, "sample_diff": 11, "time_diff_s": 0.22, "gps_distance_m": 4.8, "original_speed": "2192", "wheel_diameter_mm": 711.1999999999999, "braking_intensity": 0.0, "is_braking": false}}, {"type": "Feature", "geometry": {"type": "LineString", "coordinates": [[4.8445605, 52.3559157], [4.8445474, 52.3558594]]}, "properties": {"Speed": 20.1, "road_quality": 2, "marker": 7, "trip_id": "NORMA_Trip1", "hrot_diff": 1, "sample_diff": 10, "time_diff_s": 0.2, "gps_distance_m": 6.3, "original_speed": "2380", "wheel_diameter_mm": 711.1999999999999, "braking_intensity": 0.0, "is_braking": false}}, {"type": "Feature", "geometry": {"type": "LineString", "coordinates": [[4.8445474, 52.3558594], [4.8445312, 52.3558073]]}, "properties": {"Speed": 15.5, "road_quality": 2, "marker": 7, "trip_id": "NORMA_Trip1", "hrot_diff": 1, "sample_diff": 13, "time_diff_s": 0.26, "gps_distance_m": 5.9, "original_speed": "2336", "wheel_diameter_mm": 711.1999999999999, "braking_intensity": 0.0, "is_braking": false}}, {"type": "Feature", "geometry": {"type": "LineString", "coordinates": [[4.8445312, 52.3558073], [4.8445379, 52.3557643]]}, "properties": {"Speed": 10.1, "road_quality": 3, "marker": 7, "trip_id": "NORMA_Trip1", "hrot_diff": 1, "sample_diff": 20, "time_diff_s": 0.4, "gps_distance_m": 4.8, "original_speed": "2380", "wheel_diameter_mm": 711.1999999999999, "braking_intensity": 0.0, "is_braking": false}}, {"type": "Feature", "geometry": {"type": "LineString", "coordinates": [[4.8445379, 52.3557643], [4.8445585, 52.3557297]]}, "properties": {"Speed": 15.5, "road_quality": 3, "marker": 6, "trip_id": "NORMA_Trip1", "hrot_diff": 1, "sample_diff": 13, "time_diff_s": 0.26, "gps_distance_m": 4.1, "original_speed": "-1", "wheel_diameter_mm": 711.1999999999999, "braking_intensity": 0.0, "is_braking": false}}, {"type": "Feature", "geometry": {"type": "LineString", "coordinates": [[4.8445585, 52.3557297], [4.8445924, 52.3557085]]}, "properties": {"Speed": 20.1, "road_quality": 3, "marker": 6, "trip_id": "NORMA_Trip1", "hrot_diff": 1, "sample_diff": 10, "time_diff_s": 0.2, "gps_distance_m": 3.3, "original_speed": "-1", "wheel_diameter_mm": 711.1999999999999, "braking_intensity": 0.0, "is_braking": false}}, {"type": "Feature", "geometry": {"type": "LineString", "coordinates": [[4.8445924, 52.3557085], [4.8446499, 52.3557098]]}, "properties": {"Speed": 16.8, "road_quality": 2, "marker": 7, "trip_id": "NORMA_Trip1", "hrot_diff": 1, "sample_diff": 12, "time_diff_s": 0.24, "gps_distance_m": 3.9, "original_speed": "2293", "wheel_diameter_mm": 711.1999999999999, "braking_intensity": 0.0, "is_braking": false}}, {"type": "Feature", "geometry": {"type": "LineString", "coordinates": [[4.8446499, 52.3557098], [4.8447005, 52.3557014]]}, "properties": {"Speed": 20.1, "road_quality": 2, "marker": 7, "trip_id": "NORMA_Trip1", "hrot_diff": 1, "sample_diff": 10, "time_diff_s": 0.2, "gps_distance_m": 3.6, "original_speed": "2380", "wheel_diameter_mm": 711.1999999999999, "braking_intensity": 0.0, "is_braking": false}}, {"type": "Feature", "geometry": {"type": "LineString", "coordinates": [[4.8447005, 52.3557014], [4.8447708, 52.3556968]]}, "properties": {"Speed": 14.4, "road_quality": 2, "marker": 7, "trip_id": "NORMA_Trip1", "hrot_diff": 1, "sample_diff": 14, "time_diff_s": 0.28, "gps_distance_m": 4.8, "original_speed": "2475", "wheel_diameter_mm": 711.1999999999999, "braking_intensity": 0.0, "is_braking": false}}, {"type": "Feature", "geometry": {"type": "LineString", "coordinates": [[4.8447708, 52.3556968], [4.8448439, 52.3556941]]}, "properties": {"Speed": 25.1, "road_quality": 2, "marker": 7, "trip_id": "NORMA_Trip1", "hrot_diff": 1, "sample_diff": 8, "time_diff_s": 0.16, "gps_distance_m": 5.0, "original_speed": "2500", "wheel_diameter_mm": 711.1999999999999, "braking_intensity": 0.0, "is_braking": false}}, {"type": "Feature", "geometry": {"type": "LineString", "coordinates": [[4.8448439, 52.3556941], [4.8449291, 52.3556934]]}, "properties": {"Speed": 18.2, "road_quality": 2, "marker": 7, "trip_id": "NORMA_Trip1", "hrot_diff": 1, "sample_diff": 10, "time_diff_s": 0.221, "gps_distance_m": 5.8, "original_speed": "2608", "wheel_diameter_mm": 711.1999999999999, "braking_intensity": 0.0, "is_braking": false}}, {"type": "Feature", "geometry": {"type": "LineString", "coordinates": [[4.8449291, 52.3556934], [4.8450157, 52.3556904]]}, "properties": {"Speed": 25.1, "road_quality": 2, "marker": 7, "trip_id": "NORMA_Trip1", "hrot_diff": 1, "sample_diff": 8, "time_diff_s": 0.16, "gps_distance_m": 5.9, "original_speed": "2702", "wheel_diameter_mm": 711.1999999999999, "braking_intensity": 0.0, "is_braking": false}}, {"type": "Feature", "geometry": {"type": "LineString", "coordinates": [[4.8450157, 52.3556904], [4.8451075, 52.3556858]]}, "properties": {"Speed": 18.3, "road_quality": 2, "marker": 7, "trip_id": "NORMA_Trip1", "hrot_diff": 1, "sample_diff": 11, "time_diff_s": 0.22, "gps_distance_m": 6.3, "original_speed": "2803", "wheel_diameter_mm": 711.1999999999999, "braking_intensity": 0.0, "is_braking": false}}, {"type": "Feature", "geometry": {"type": "LineString", "coordinates": [[4.8451075, 52.3556858], [4.8451954, 52.3556869]]}, "properties": {"Speed": 18.3, "road_quality": 2, "marker": 7, "trip_id": "NORMA_Trip1", "hrot_diff": 1, "sample_diff": 11, "time_diff_s": 0.22, "gps_distance_m": 6.0, "original_speed": "2777", "wheel_diameter_mm": 711.1999999999999, "braking_intensity": 0.0, "is_braking": false}}, {"type": "Feature", "geometry": {"type": "LineString", "coordinates": [[4.8451954, 52.3556869], [4.845294, 52.3556929]]}, "properties": {"Speed": 28.7, "road_quality": 2, "marker": 7, "trip_id": "NORMA_Trip1", "hrot_diff": 1, "sample_diff": 7, "time_diff_s": 0.14, "gps_distance_m": 6.7, "original_speed": "2857", "wheel_diameter_mm": 711.1999999999999, "braking_intensity": 0.0, "is_braking": false}}, {"type": "Feature", "geometry": {"type": "LineString", "coordinates": [[4.845294, 52.3556929], [4.8453825, 52.3556958]]}, "properties": {"Speed": 25.1, "road_quality": 2, "marker": 7, "trip_id": "NORMA_Trip1", "hrot_diff": 1, "sample_diff": 8, "time_diff_s": 0.16, "gps_distance_m": 6.0, "original_speed": "2884", "wheel_diameter_mm": 711.1999999999999, "braking_intensity": 0.0, "is_braking": false}}, {"type": "Feature", "geometry": {"type": "LineString", "coordinates": [[4.8454818, 52.3557019], [4.845558, 52.3557048]]}, "properties": {"Speed": 20.1, "road_quality": 2, "marker": 6, "trip_id": "NORMA_Trip1", "hrot_diff": 1, "sample_diff": 10, "time_diff_s": 0.2, "gps_distance_m": 5.2, "original_speed": "-1", "wheel_diameter_mm": 711.1999999999999, "braking_intensity": 0.0, "is_braking": false}}, {"type": "Feature", "geometry": {"type": "LineString", "coordinates": [[4.845558, 52.3557048], [4.8456525, 52.3557065]]}, "properties": {"Speed": 22.3, "road_quality": 3, "marker": 6, "trip_id": "NORMA_Trip1", "hrot_diff": 1, "sample_diff": 9, "time_diff_s": 0.18, "gps_distance_m": 6.4, "original_speed": "-1", "wheel_diameter_mm": 711.1999999999999, "braking_intensity": 0.0, "is_braking": false}}, {"type": "Feature", "geometry": {"type": "LineString", "coordinates": [[4.8456525, 52.3557065], [4.8457445, 52.3557066]]}, "properties": {"Speed": 18.3, "road_quality": 3, "marker": 7, "trip_id": "NORMA_Trip1", "hrot_diff": 1, "sample_diff": 11, "time_diff_s": 0.22, "gps_distance_m": 6.2, "original_speed": "3097", "wheel_diameter_mm": 711.1999999999999, "braking_intensity": 0.0, "is_braking": false}}, {"type": "Feature", "geometry": {"type": "LineString", "coordinates": [[4.8458309, 52.3557074], [4.8459352, 52.3557121]]}, "properties": {"Speed": 33.5, "road_quality": 3, "marker": 6, "trip_id": "NORMA_Trip1", "hrot_diff": 1, "sample_diff": 6, "time_diff_s": 0.12, "gps_distance_m": 7.1, "original_speed": "-1", "wheel_diameter_mm": 711.1999999999999, "braking_intensity": 0.0, "is_braking": false}}, {"type": "Feature", "geometry": {"type": "LineString", "coordinates": [[4.8459352, 52.3557121], [4.8460235, 52.3557163]]}, "properties": {"Speed": 22.3, "road_quality": 2, "marker": 6, "trip_id": "NORMA_Trip1", "hrot_diff": 1, "sample_diff": 9, "time_diff_s": 0.18, "gps_distance_m": 6.0, "original_speed": "-1", "wheel_diameter_mm": 711.1999999999999, "braking_intensity": 0.0, "is_braking": false}}, {"type": "Feature", "geometry": {"type": "LineString", "coordinates": [[4.8460235, 52.3557163], [4.8461102, 52.3557172]]}, "properties": {"Speed": 20.1, "road_quality": 2, "marker": 7, "trip_id": "NORMA_Trip1", "hrot_diff": 1, "sample_diff": 10, "time_diff_s": 0.2, "gps_distance_m": 5.9, "original_speed": "2692", "wheel_diameter_mm": 711.1999999999999, "braking_intensity": 0.0, "is_braking": false}}, {"type": "Feature", "geometry": {"type": "LineString", "coordinates": [[4.8461102, 52.3557172], [4.8462004, 52.3557194]]}, "properties": {"Speed": 28.7, "road_quality": 2, "marker": 7, "trip_id": "NORMA_Trip1", "hrot_diff": 1, "sample_diff": 7, "time_diff_s": 0.14, "gps_distance_m": 6.1, "original_speed": "3125", "wheel_diameter_mm": 711.1999999999999, "braking_intensity": 0.0, "is_braking": false}}, {"type": "Feature", "geometry": {"type": "LineString", "coordinates": [[4.8462004, 52.3557194], [4.8463021, 52.3557159]]}, "properties": {"Speed": 18.3, "road_quality": 2, "marker": 7, "trip_id": "NORMA_Trip1", "hrot_diff": 1, "sample_diff": 11, "time_diff_s": 0.22, "gps_distance_m": 6.9, "original_speed": "3125", "wheel_diameter_mm": 711.1999999999999, "braking_intensity": 0.0, "is_braking": false}}, {"type": "Feature", "geometry": {"type": "LineString", "coordinates": [[4.8463021, 52.3557159], [4.8463886, 52.3557097]]}, "properties": {"Speed": 25.1, "road_quality": 2, "marker": 7, "trip_id": "NORMA_Trip1", "hrot_diff": 1, "sample_diff": 8, "time_diff_s": 0.16, "gps_distance_m": 5.9, "original_speed": "3153", "wheel_diameter_mm": 711.1999999999999, "braking_intensity": 0.0, "is_braking": false}}, {"type": "Feature", "geometry": {"type": "LineString", "coordinates": [[4.8464804, 52.3557073], [4.8465746, 52.3557074]]}, "properties": {"Speed": 5.2, "road_quality": 2, "marker": 7, "trip_id": "NORMA_Trip1", "hrot_diff": 1, "sample_diff": 39, "time_diff_s": 0.78, "gps_distance_m": 6.4, "original_speed": "1304", "wheel_diameter_mm": 711.1999999999999, "braking_intensity": 0.0, "is_braking": false}}, {"type": "Feature", "geometry": {"type": "LineString", "coordinates": [[4.8465746, 52.3557074], [4.8466712, 52.3557052]]}, "properties": {"Speed": 25.1, "road_quality": 2, "marker": 6, "trip_id": "NORMA_Trip1", "hrot_diff": 1, "sample_diff": 8, "time_diff_s": 0.16, "gps_distance_m": 6.6, "original_speed": "-1", "wheel_diameter_mm": 711.1999999999999, "braking_intensity": 0.0, "is_braking": false}}, {"type": "Feature", "geometry": {"type": "LineString", "coordinates": [[4.8467679, 52.3557052], [4.8468634, 52.3557109]]}, "properties": {"Speed": 22.3, "road_quality": 2, "marker": 6, "trip_id": "NORMA_Trip1", "hrot_diff": 1, "sample_diff": 9, "time_diff_s": 0.18, "gps_distance_m": 6.5, "original_speed": "-1", "wheel_diameter_mm": 711.1999999999999, "braking_intensity": 0.0, "is_braking": false}}, {"type": "Feature", "geometry": {"type": "LineString", "coordinates": [[4.8468634, 52.3557109], [4.8469509, 52.3557105]]}, "properties": {"Speed": 22.3, "road_quality": 2, "marker": 6, "trip_id": "NORMA_Trip1", "hrot_diff": 1, "sample_diff": 9, "time_diff_s": 0.18, "gps_distance_m": 5.9, "original_speed": "-1", "wheel_diameter_mm": 711.1999999999999, "braking_intensity": 0.0, "is_braking": false}}, {"type": "Feature", "geometry": {"type": "LineString", "coordinates": [[4.8469509, 52.3557105], [4.8470579, 52.3557058]]}, "properties": {"Speed": 7.2, "road_quality": 3, "marker": 7, "trip_id": "NORMA_Trip1", "hrot_diff": 1, "sample_diff": 28, "time_diff_s": 0.56, "gps_distance_m": 7.3, "original_speed": "2884", "wheel_diameter_mm": 711.1999999999999, "braking_intensity": 0.0, "is_braking": false}}, {"type": "Feature", "geometry": {"type": "LineString", "coordinates": [[4.8470579, 52.3557058], [4.8471368, 52.3557035]]}, "properties": {"Speed": 22.3, "road_quality": 3, "marker": 6, "trip_id": "NORMA_Trip1", "hrot_diff": 1, "sample_diff": 9, "time_diff_s": 0.18, "gps_distance_m": 5.4, "original_speed": "-1", "wheel_diameter_mm": 711.1999999999999, "braking_intensity": 0.0, "is_braking": false}}, {"type": "Feature", "geometry": {"type": "LineString", "coordinates": [[4.8471368, 52.3557035], [4.8472076, 52.3557038]]}, "properties": {"Speed": 20.1, "road_quality": 2, "marker": 6, "trip_id": "NORMA_Trip1", "hrot_diff": 1, "sample_diff": 10, "time_diff_s": 0.2, "gps_distance_m": 4.8, "original_speed": "-1", "wheel_diameter_mm": 711.1999999999999, "braking_intensity": 0.0, "is_braking": false}}, {"type": "Feature", "geometry": {"type": "LineString", "coordinates": [[4.8472076, 52.3557038], [4.8472919, 52.3557075]]}, "properties": {"Speed": 25.1, "road_quality": 2, "marker": 7, "trip_id": "NORMA_Trip1", "hrot_diff": 1, "sample_diff": 8, "time_diff_s": 0.16, "gps_distance_m": 5.7, "original_speed": "2912", "wheel_diameter_mm": 711.1999999999999, "braking_intensity": 0.0, "is_braking": false}}, {"type": "Feature", "geometry": {"type": "LineString", "coordinates": [[4.8472919, 52.3557075], [4.8473818, 52.3557087]]}, "properties": {"Speed": 18.3, "road_quality": 2, "marker": 7, "trip_id": "NORMA_Trip1", "hrot_diff": 1, "sample_diff": 11, "time_diff_s": 0.22, "gps_distance_m": 6.1, "original_speed": "2752", "wheel_diameter_mm": 711.1999999999999, "braking_intensity": 0.0, "is_braking": false}}, {"type": "Feature", "geometry": {"type": "LineString", "coordinates": [[4.8473818, 52.3557087], [4.8474628, 52.3557102]]}, "properties": {"Speed": 6.7, "road_quality": 2, "marker": 7, "trip_id": "NORMA_Trip1", "hrot_diff": 1, "sample_diff": 30, "time_diff_s": 0.6, "gps_distance_m": 5.5, "original_speed": "2830", "wheel_diameter_mm": 711.1999999999999, "braking_intensity": 0.0, "is_braking": false}}, {"type": "Feature", "geometry": {"type": "LineString", "coordinates": [[4.8474628, 52.3557102], [4.8475636, 52.3557143]]}, "properties": {"Speed": 6.7, "road_quality": 2, "marker": 7, "trip_id": "NORMA_Trip1", "hrot_diff": 1, "sample_diff": 30, "time_diff_s": 0.6, "gps_distance_m": 6.9, "original_speed": "1739", "wheel_diameter_mm": 711.1999999999999, "braking_intensity": 0.0, "is_braking": false}}, {"type": "Feature", "geometry": {"type": "LineString", "coordinates": [[4.8475636, 52.3557143], [4.8476521, 52.3557162]]}, "properties": {"Speed": 18.3, "road_quality": 2, "marker": 6, "trip_id": "NORMA_Trip1", "hrot_diff": 1, "sample_diff": 11, "time_diff_s": 0.22, "gps_distance_m": 6.0, "original_speed": "-1", "wheel_diameter_mm": 711.1999999999999, "braking_intensity": 0.0, "is_braking": false}}, {"type": "Feature", "geometry": {"type": "LineString", "coordinates": [[4.8477217, 52.3557159], [4.8477711, 52.3557026]]}, "properties": {"Speed": 15.5, "road_quality": 3, "marker": 6, "trip_id": "NORMA_Trip1", "hrot_diff": 1, "sample_diff": 13, "time_diff_s": 0.26, "gps_distance_m": 3.7, "original_speed": "-1", "wheel_diameter_mm": 711.1999999999999, "braking_intensity": 0.0, "is_braking": false}}, {"type": "Feature", "geometry": {"type": "LineString", "coordinates": [[4.8477711, 52.3557026], [4.8478202, 52.3556822]]}, "properties": {"Speed": 16.8, "road_quality": 2, "marker": 7, "trip_id": "NORMA_Trip1", "hrot_diff": 1, "sample_diff": 12, "time_diff_s": 0.24, "gps_distance_m": 4.0, "original_speed": "2192", "wheel_diameter_mm": 711.1999999999999, "braking_intensity": 0.0, "is_braking": false}}, {"type": "Feature", "geometry": {"type": "LineString", "coordinates": [[4.8478202, 52.3556822], [4.847854, 52.3556572]]}, "properties": {"Speed": 13.4, "road_quality": 2, "marker": 7, "trip_id": "NORMA_Trip1", "hrot_diff": 1, "sample_diff": 15, "time_diff_s": 0.3, "gps_distance_m": 3.6, "original_speed": "2192", "wheel_diameter_mm": 711.1999999999999, "braking_intensity": 0.0, "is_braking": false}}, {"type": "Feature", "geometry": {"type": "LineString", "coordinates": [[4.847854, 52.3556572], [4.8478723, 52.3556256]]}, "properties": {"Speed": 16.8, "road_quality": 2, "marker": 7, "trip_id": "NORMA_Trip1", "hrot_diff": 1, "sample_diff": 12, "time_diff_s": 0.24, "gps_distance_m": 3.7, "original_speed": "2192", "wheel_diameter_mm": 711.1999999999999, "braking_intensity": 0.0, "is_braking": false}}, {"type": "Feature", "geometry": {"type": "LineString", "coordinates": [[4.8478723, 52.3556256], [4.8478876, 52.3555881]]}, "properties": {"Speed": 20.5, "road_quality": 3, "marker": 7, "trip_id": "NORMA_Trip1", "hrot_diff": 1, "sample_diff": 10, "time_diff_s": 0.196, "gps_distance_m": 4.3, "original_speed": "2380", "wheel_diameter_mm": 711.1999999999999, "braking_intensity": 0.0, "is_braking": false}}, {"type": "Feature", "geometry": {"type": "LineString", "coordinates": [[4.8478876, 52.3555881], [4.8479054, 52.3555505]]}, "properties": {"Speed": 20.1, "road_quality": 3, "marker": 7, "trip_id": "NORMA_Trip1", "hrot_diff": 1, "sample_diff": 10, "time_diff_s": 0.2, "gps_distance_m": 4.4, "original_speed": "2403", "wheel_diameter_mm": 711.1999999999999, "braking_intensity": 0.0, "is_braking": false}}, {"type": "Feature", "geometry": {"type": "LineString", "coordinates": [[4.8479247, 52.3555057], [4.8479369, 52.3554583]]}, "properties": {"Speed": 20.1, "road_quality": 3, "marker": 6, "trip_id": "NORMA_Trip1", "hrot_diff": 1, "sample_diff": 10, "time_diff_s": 0.2, "gps_distance_m": 5.3, "original_speed": "-1", "wheel_diameter_mm": 711.1999999999999, "braking_intensity": 0.0, "is_braking": false}}, {"type": "Feature", "geometry": {"type": "LineString", "coordinates": [[4.8479369, 52.3554583], [4.8479493, 52.3554124]]}, "properties": {"Speed": 25.1, "road_quality": 3, "marker": 7, "trip_id": "NORMA_Trip1", "hrot_diff": 1, "sample_diff": 8, "time_diff_s": 0.16, "gps_distance_m": 5.2, "original_speed": "2608", "wheel_diameter_mm": 711.1999999999999, "braking_intensity": 0.0, "is_braking": false}}, {"type": "Feature", "geometry": {"type": "LineString", "coordinates": [[4.8479493, 52.3554124], [4.8479648, 52.3553577]]}, "properties": {"Speed": 20.1, "road_quality": 2, "marker": 7, "trip_id": "NORMA_Trip1", "hrot_diff": 1, "sample_diff": 10, "time_diff_s": 0.2, "gps_distance_m": 6.2, "original_speed": "2702", "wheel_diameter_mm": 711.1999999999999, "braking_intensity": 0.0, "is_braking": false}}, {"type": "Feature", "geometry": {"type": "LineString", "coordinates": [[4.8479648, 52.3553577], [4.84797, 52.3553126]]}, "properties": {"Speed": 18.3, "road_quality": 2, "marker": 7, "trip_id": "NORMA_Trip1", "hrot_diff": 1, "sample_diff": 11, "time_diff_s": 0.22, "gps_distance_m": 5.0, "original_speed": "2777", "wheel_diameter_mm": 711.1999999999999, "braking_intensity": 0.0, "is_braking": false}}, {"type": "Feature", "geometry": {"type": "LineString", "coordinates": [[4.84797, 52.3553126], [4.847968, 52.3552543]]}, "properties": {"Speed": 22.3, "road_quality": 2, "marker": 7, "trip_id": "NORMA_Trip1", "hrot_diff": 1, "sample_diff": 9, "time_diff_s": 0.18, "gps_distance_m": 6.5, "original_speed": "2830", "wheel_diameter_mm": 711.1999999999999, "braking_intensity": 0.0, "is_braking": false}}, {"type": "Feature", "geometry": {"type": "LineString", "coordinates": [[4.847968, 52.3552543], [4.8479761, 52.3552007]]}, "properties": {"Speed": 22.3, "road_quality": 3, "marker": 7, "trip_id": "NORMA_Trip1", "hrot_diff": 1, "sample_diff": 9, "time_diff_s": 0.18, "gps_distance_m": 6.0, "original_speed": "2752", "wheel_diameter_mm": 711.1999999999999, "braking_intensity": 0.0, "is_braking": false}}, {"type": "Feature", "geometry": {"type": "LineString", "coordinates": [[4.8479761, 52.3552007], [4.8479903, 52.3551502]]}, "properties": {"Speed": 22.3, "road_quality": 3, "marker": 7, "trip_id": "NORMA_Trip1", "hrot_diff": 1, "sample_diff": 9, "time_diff_s": 0.18, "gps_distance_m": 5.7, "original_speed": "2586", "wheel_diameter_mm": 711.1999999999999, "braking_intensity": 0.0, "is_braking": false}}, {"type": "Feature", "geometry": {"type": "LineString", "coordinates": [[4.8479903, 52.3551502], [4.8479863, 52.3551084]]}, "properties": {"Speed": 11.8, "road_quality": 3, "marker": 7, "trip_id": "NORMA_Trip1", "hrot_diff": 1, "sample_diff": 17, "time_diff_s": 0.34, "gps_distance_m": 4.7, "original_speed": "2293", "wheel_diameter_mm": 711.1999999999999, "braking_intensity": 0.0, "is_braking": false}}, {"type": "Feature", "geometry": {"type": "LineString", "coordinates": [[4.8479863, 52.3551084], [4.8479808, 52.3550615]]}, "properties": {"Speed": 16.8, "road_quality": 3, "marker": 7, "trip_id": "NORMA_Trip1", "hrot_diff": 1, "sample_diff": 12, "time_diff_s": 0.24, "gps_distance_m": 5.2, "original_speed": "2066", "wheel_diameter_mm": 711.1999999999999, "braking_intensity": 0.0, "is_braking": false}}, {"type": "Feature", "geometry": {"type": "LineString", "coordinates": [[4.8479808, 52.3550615], [4.8479845, 52.3550191]]}, "properties": {"Speed": 6.5, "road_quality": 2, "marker": 7, "trip_id": "NORMA_Trip1", "hrot_diff": 1, "sample_diff": 31, "time_diff_s": 0.62, "gps_distance_m": 4.7, "original_speed": "1904", "wheel_diameter_mm": 711.1999999999999, "braking_intensity": 0.0, "is_braking": false}}, {"type": "Feature", "geometry": {"type": "LineString", "coordinates": [[4.8479845, 52.3550191], [4.8479884, 52.3549952]]}, "properties": {"Speed": 6.7, "road_quality": 2, "marker": 7, "trip_id": "NORMA_Trip1", "hrot_diff": 1, "sample_diff": 30, "time_diff_s": 0.6, "gps_distance_m": 2.7, "original_speed": "1339", "wheel_diameter_mm": 711.1999999999999, "braking_intensity": 0.0, "is_braking": false}}, {"type": "Feature", "geometry": {"type": "LineString", "coordinates": [[4.8479884, 52.3549952], [4.8480061, 52.3549784]]}, "properties": {"Speed": 20.1, "road_quality": 2, "marker": 6, "trip_id": "NORMA_Trip1", "hrot_diff": 1, "sample_diff": 10, "time_diff_s": 0.2, "gps_distance_m": 2.2, "original_speed": "-1", "wheel_diameter_mm": 711.1999999999999, "braking_intensity": 0.0, "is_braking": false}}, {"type": "Feature", "geometry": {"type": "LineString", "coordinates": [[4.8480061, 52.3549784], [4.8480605, 52.3549807]]}, "properties": {"Speed": 22.3, "road_quality": 3, "marker": 6, "trip_id": "NORMA_Trip1", "hrot_diff": 1, "sample_diff": 9, "time_diff_s": 0.18, "gps_distance_m": 3.7, "original_speed": "-1", "wheel_diameter_mm": 711.1999999999999, "braking_intensity": 0.0, "is_braking": false}}, {"type": "Feature", "geometry": {"type": "LineString", "coordinates": [[4.8480605, 52.3549807], [4.84813, 52.354983]]}, "properties": {"Speed": 22.3, "road_quality": 2, "marker": 7, "trip_id": "NORMA_Trip1", "hrot_diff": 1, "sample_diff": 9, "time_diff_s": 0.18, "gps_distance_m": 4.7, "original_speed": "2542", "wheel_diameter_mm": 711.1999999999999, "braking_intensity": 0.0, "is_braking": false}}, {"type": "Feature", "geometry": {"type": "LineString", "coordinates": [[4.84813, 52.354983], [4.8482065, 52.3549851]]}, "properties": {"Speed": 20.1, "road_quality": 2, "marker": 7, "trip_id": "NORMA_Trip1", "hrot_diff": 1, "sample_diff": 10, "time_diff_s": 0.2, "gps_distance_m": 5.2, "original_speed": "2654", "wheel_diameter_mm": 711.1999999999999, "braking_intensity": 0.0, "is_braking": false}}, {"type": "Feature", "geometry": {"type": "LineString", "coordinates": [[4.8482065, 52.3549851], [4.8482749, 52.3549881]]}, "properties": {"Speed": 18.3, "road_quality": 2, "marker": 7, "trip_id": "NORMA_Trip1", "hrot_diff": 1, "sample_diff": 11, "time_diff_s": 0.22, "gps_distance_m": 4.7, "original_speed": "2654", "wheel_diameter_mm": 711.1999999999999, "braking_intensity": 0.0, "is_braking": false}}, {"type": "Feature", "geometry": {"type": "LineString", "coordinates": [[4.8482749, 52.3549881], [4.8483538, 52.3549881]]}, "properties": {"Speed": 22.3, "road_quality": 2, "marker": 7, "trip_id": "NORMA_Trip1", "hrot_diff": 1, "sample_diff": 9, "time_diff_s": 0.18, "gps_distance_m": 5.4, "original_speed": "2830", "wheel_diameter_mm": 711.1999999999999, "braking_intensity": 0.0, "is_braking": false}}, {"type": "Feature", "geometry": {"type": "LineString", "coordinates": [[4.8483538, 52.3549881], [4.8484319, 52.3549888]]}, "properties": {"Speed": 25.1, "road_quality": 2, "marker": 7, "trip_id": "NORMA_Trip1", "hrot_diff": 1, "sample_diff": 8, "time_diff_s": 0.16, "gps_distance_m": 5.3, "original_speed": "2803", "wheel_diameter_mm": 711.1999999999999, "braking_intensity": 0.0, "is_braking": false}}, {"type": "Feature", "geometry": {"type": "LineString", "coordinates": [[4.8484319, 52.3549888], [4.848526, 52.3549832]]}, "properties": {"Speed": 18.3, "road_quality": 2, "marker": 7, "trip_id": "NORMA_Trip1", "hrot_diff": 1, "sample_diff": 11, "time_diff_s": 0.22, "gps_distance_m": 6.4, "original_speed": "2803", "wheel_diameter_mm": 711.1999999999999, "braking_intensity": 0.0, "is_braking": false}}, {"type": "Feature", "geometry": {"type": "LineString", "coordinates": [[4.848526, 52.3549832], [4.848609, 52.3549788]]}, "properties": {"Speed": 25.1, "road_quality": 2, "marker": 7, "trip_id": "NORMA_Trip1", "hrot_diff": 1, "sample_diff": 8, "time_diff_s": 0.16, "gps_distance_m": 5.7, "original_speed": "2884", "wheel_diameter_mm": 711.1999999999999, "braking_intensity": 0.0, "is_braking": false}}, {"type": "Feature", "geometry": {"type": "LineString", "coordinates": [[4.848609, 52.3549788], [4.8487031, 52.3549731]]}, "properties": {"Speed": 28.7, "road_quality": 2, "marker": 7, "trip_id": "NORMA_Trip1", "hrot_diff": 1, "sample_diff": 7, "time_diff_s": 0.14, "gps_distance_m": 6.4, "original_speed": "2912", "wheel_diameter_mm": 711.1999999999999, "braking_intensity": 0.0, "is_braking": false}}, {"type": "Feature", "geometry": {"type": "LineString", "coordinates": [[4.8487031, 52.3549731], [4.8488115, 52.3549649]]}, "properties": {"Speed": 22.3, "road_quality": 2, "marker": 7, "trip_id": "NORMA_Trip1", "hrot_diff": 1, "sample_diff": 9, "time_diff_s": 0.18, "gps_distance_m": 7.4, "original_speed": "3017", "wheel_diameter_mm": 711.1999999999999, "braking_intensity": 0.0, "is_braking": false}}, {"type": "Feature", "geometry": {"type": "LineString", "coordinates": [[4.8488115, 52.3549649], [4.8488986, 52.3549617]]}, "properties": {"Speed": 25.1, "road_quality": 2, "marker": 7, "trip_id": "NORMA_Trip1", "hrot_diff": 1, "sample_diff": 8, "time_diff_s": 0.16, "gps_distance_m": 5.9, "original_speed": "2403", "wheel_diameter_mm": 711.1999999999999, "braking_intensity": 0.0, "is_braking": false}}, {"type": "Feature", "geometry": {"type": "LineString", "coordinates": [[4.8488986, 52.3549617], [4.8489978, 52.35496]]}, "properties": {"Speed": 40, "road_quality": 2, "marker": 6, "trip_id": "NORMA_Trip1", "hrot_diff": 1, "sample_diff": 5, "time_diff_s": 0.1, "gps_distance_m": 6.7, "original_speed": "-1", "wheel_diameter_mm": 711.1999999999999, "braking_intensity": 0.0, "is_braking": false}}, {"type": "Feature", "geometry": {"type": "LineString", "coordinates": [[4.8490728, 52.3549568], [4.8491606, 52.3549552]]}, "properties": {"Speed": 33.5, "road_quality": 3, "marker": 7, "trip_id": "NORMA_Trip1", "hrot_diff": 1, "sample_diff": 6, "time_diff_s": 0.12, "gps_distance_m": 6.0, "original_speed": "2380", "wheel_diameter_mm": 711.1999999999999, "braking_intensity": 0.0, "is_braking": false}}, {"type": "Feature", "geometry": {"type": "LineString", "coordinates": [[4.8491606, 52.3549552], [4.8492229, 52.3549559]]}, "properties": {"Speed": 16.8, "road_quality": 3, "marker": 7, "trip_id": "NORMA_Trip1", "hrot_diff": 1, "sample_diff": 12, "time_diff_s": 0.24, "gps_distance_m": 4.2, "original_speed": "2912", "wheel_diameter_mm": 711.1999999999999, "braking_intensity": 0.0, "is_braking": false}}, {"type": "Feature", "geometry": {"type": "LineString", "coordinates": [[4.8492229, 52.3549559], [4.8492804, 52.3549511]]}, "properties": {"Speed": 20.1, "road_quality": 3, "marker": 7, "trip_id": "NORMA_Trip1", "hrot_diff": 1, "sample_diff": 10, "time_diff_s": 0.2, "gps_distance_m": 3.9, "original_speed": "2857", "wheel_diameter_mm": 711.1999999999999, "braking_intensity": 0.0, "is_braking": false}}, {"type": "Feature", "geometry": {"type": "LineString", "coordinates": [[4.8492804, 52.3549511], [4.849343, 52.3549443]]}, "properties": {"Speed": 8.7, "road_quality": 2, "marker": 7, "trip_id": "NORMA_Trip1", "hrot_diff": 1, "sample_diff": 23, "time_diff_s": 0.46, "gps_distance_m": 4.3, "original_speed": "1869", "wheel_diameter_mm": 711.1999999999999, "braking_intensity": 0.0, "is_braking": false}}, {"type": "Feature", "geometry": {"type": "LineString", "coordinates": [[4.849343, 52.3549443], [4.8494197, 52.3549434]]}, "properties": {"Speed": 33.5, "road_quality": 2, "marker": 6, "trip_id": "NORMA_Trip1", "hrot_diff": 1, "sample_diff": 6, "time_diff_s": 0.12, "gps_distance_m": 5.2, "original_speed": "-1", "wheel_diameter_mm": 711.1999999999999, "braking_intensity": 0.0, "is_braking": false}}, {"type": "Feature", "geometry": {"type": "LineString", "coordinates": [[4.8494197, 52.3549434], [4.8495027, 52.354944]]}, "properties": {"Speed": 16.8, "road_quality": 3, "marker": 6, "trip_id": "NORMA_Trip1", "hrot_diff": 1, "sample_diff": 12, "time_diff_s": 0.24, "gps_distance_m": 5.6, "original_speed": "-1", "wheel_diameter_mm": 711.1999999999999, "braking_intensity": 0.0, "is_braking": false}}, {"type": "Feature", "geometry": {"type": "LineString", "coordinates": [[4.8495027, 52.354944], [4.8495939, 52.3549433]]}, "properties": {"Speed": 28.7, "road_quality": 3, "marker": 7, "trip_id": "NORMA_Trip1", "hrot_diff": 1, "sample_diff": 7, "time_diff_s": 0.14, "gps_distance_m": 6.2, "original_speed": "2777", "wheel_diameter_mm": 711.1999999999999, "braking_intensity": 0.0, "is_braking": false}}, {"type": "Feature", "geometry": {"type": "LineString", "coordinates": [[4.8495939, 52.3549433], [4.8496807, 52.3549476]]}, "properties": {"Speed": 16.8, "road_quality": 3, "marker": 7, "trip_id": "NORMA_Trip1", "hrot_diff": 1, "sample_diff": 12, "time_diff_s": 0.24, "gps_distance_m": 5.9, "original_speed": "2702", "wheel_diameter_mm": 711.1999999999999, "braking_intensity": 0.0, "is_braking": false}}, {"type": "Feature", "geometry": {"type": "LineString", "coordinates": [[4.8496807, 52.3549476], [4.8497639, 52.3549508]]}, "properties": {"Speed": 28.7, "road_quality": 3, "marker": 7, "trip_id": "NORMA_Trip1", "hrot_diff": 1, "sample_diff": 7, "time_diff_s": 0.14, "gps_distance_m": 5.7, "original_speed": "2702", "wheel_diameter_mm": 711.1999999999999, "braking_intensity": 0.0, "is_braking": false}}, {"type": "Feature", "geometry": {"type": "LineString", "coordinates": [[4.8497639, 52.3549508], [4.8499344, 52.35496]]}, "properties": {"Speed": 20.1, "road_quality": 3, "marker": 6, "trip_id": "NORMA_Trip1", "hrot_diff": 1, "sample_diff": 10, "time_diff_s": 0.2, "gps_distance_m": 11.6, "original_speed": "-1", "wheel_diameter_mm": 711.1999999999999, "braking_intensity": 0.0, "is_braking": false}}, {"type": "Feature", "geometry": {"type": "LineString", "coordinates": [[4.8499344, 52.35496], [4.8500297, 52.3549606]]}, "properties": {"Speed": 20.1, "road_quality": 3, "marker": 6, "trip_id": "NORMA_Trip1", "hrot_diff": 1, "sample_diff": 10, "time_diff_s": 0.2, "gps_distance_m": 6.5, "original_speed": "-1", "wheel_diameter_mm": 711.1999999999999, "braking_intensity": 0.0, "is_braking": false}}, {"type": "Feature", "geometry": {"type": "LineString", "coordinates": [[4.8500297, 52.3549606], [4.8501065, 52.3549598]]}, "properties": {"Speed": 22.3, "road_quality": 3, "marker": 7, "trip_id": "NORMA_Trip1", "hrot_diff": 1, "sample_diff": 9, "time_diff_s": 0.18, "gps_distance_m": 5.2, "original_speed": "2803", "wheel_diameter_mm": 711.1999999999999, "braking_intensity": 0.0, "is_braking": false}}, {"type": "Feature", "geometry": {"type": "LineString", "coordinates": [[4.8501065, 52.3549598], [4.8501817, 52.3549575]]}, "properties": {"Speed": 25.1, "road_quality": 3, "marker": 7, "trip_id": "NORMA_Trip1", "hrot_diff": 1, "sample_diff": 8, "time_diff_s": 0.16, "gps_distance_m": 5.1, "original_speed": "2941", "wheel_diameter_mm": 711.1999999999999, "braking_intensity": 0.0, "is_braking": false}}, {"type": "Feature", "geometry": {"type": "LineString", "coordinates": [[4.8501817, 52.3549575], [4.8502912, 52.354957]]}, "properties": {"Speed": 22.3, "road_quality": 3, "marker": 7, "trip_id": "NORMA_Trip1", "hrot_diff": 1, "sample_diff": 9, "time_diff_s": 0.18, "gps_distance_m": 7.4, "original_speed": "3017", "wheel_diameter_mm": 711.1999999999999, "braking_intensity": 0.0, "is_braking": false}}, {"type": "Feature", "geometry": {"type": "LineString", "coordinates": [[4.8502912, 52.354957], [4.8503847, 52.3549561]]}, "properties": {"Speed": 8.0, "road_quality": 2, "marker": 7, "trip_id": "NORMA_Trip1", "hrot_diff": 1, "sample_diff": 25, "time_diff_s": 0.5, "gps_distance_m": 6.4, "original_speed": "1941", "wheel_diameter_mm": 711.1999999999999, "braking_intensity": 0.0, "is_braking": false}}, {"type": "Feature", "geometry": {"type": "LineString", "coordinates": [[4.8503847, 52.3549561], [4.8504897, 52.3549561]]}, "properties": {"Speed": 15.5, "road_quality": 3, "marker": 6, "trip_id": "NORMA_Trip1", "hrot_diff": 1, "sample_diff": 13, "time_diff_s": 0.26, "gps_distance_m": 7.1, "original_speed": "-1", "wheel_diameter_mm": 711.1999999999999, "braking_intensity": 0.0, "is_braking": false}}, {"type": "Feature", "geometry": {"type": "LineString", "coordinates": [[4.8504897, 52.3549561], [4.8505773, 52.3549586]]}, "properties": {"Speed": 25.1, "road_quality": 2, "marker": 6, "trip_id": "NORMA_Trip1", "hrot_diff": 1, "sample_diff": 8, "time_diff_s": 0.16, "gps_distance_m": 6.0, "original_speed": "-1", "wheel_diameter_mm": 711.1999999999999, "braking_intensity": 0.0, "is_braking": false}}, {"type": "Feature", "geometry": {"type": "LineString", "coordinates": [[4.8505773, 52.3549586], [4.8506593, 52.354959]]}, "properties": {"Speed": 28.7, "road_quality": 3, "marker": 7, "trip_id": "NORMA_Trip1", "hrot_diff": 1, "sample_diff": 7, "time_diff_s": 0.14, "gps_distance_m": 5.6, "original_speed": "2884", "wheel_diameter_mm": 711.1999999999999, "braking_intensity": 0.0, "is_braking": false}}, {"type": "Feature", "geometry": {"type": "LineString", "coordinates": [[4.8506593, 52.354959], [4.8507331, 52.3549601]]}, "properties": {"Speed": 22.3, "road_quality": 3, "marker": 7, "trip_id": "NORMA_Trip1", "hrot_diff": 1, "sample_diff": 9, "time_diff_s": 0.18, "gps_distance_m": 5.0, "original_speed": "3097", "wheel_diameter_mm": 711.1999999999999, "braking_intensity": 0.0, "is_braking": false}}, {"type": "Feature", "geometry": {"type": "LineString", "coordinates": [[4.8508094, 52.3549607], [4.8508883, 52.3549595]]}, "properties": {"Speed": 20.1, "road_quality": 2, "marker": 6, "trip_id": "NORMA_Trip1", "hrot_diff": 1, "sample_diff": 10, "time_diff_s": 0.2, "gps_distance_m": 5.4, "original_speed": "-1", "wheel_diameter_mm": 711.1999999999999, "braking_intensity": 0.0, "is_braking": false}}, {"type": "Feature", "geometry": {"type": "LineString", "coordinates": [[4.8508883, 52.3549595], [4.8509723, 52.3549576]]}, "properties": {"Speed": 25.1, "road_quality": 2, "marker": 6, "trip_id": "NORMA_Trip1", "hrot_diff": 1, "sample_diff": 8, "time_diff_s": 0.16, "gps_distance_m": 5.7, "original_speed": "-1", "wheel_diameter_mm": 711.1999999999999, "braking_intensity": 0.0, "is_braking": false}}, {"type": "Feature", "geometry": {"type": "LineString", "coordinates": [[4.8509723, 52.3549576], [4.8510636, 52.3549557]]}, "properties": {"Speed": 33.5, "road_quality": 2, "marker": 7, "trip_id": "NORMA_Trip1", "hrot_diff": 1, "sample_diff": 6, "time_diff_s": 0.12, "gps_distance_m": 6.2, "original_speed": "2941", "wheel_diameter_mm": 711.1999999999999, "braking_intensity": 0.0, "is_braking": false}}, {"type": "Feature", "geometry": {"type": "LineString", "coordinates": [[4.8510636, 52.3549557], [4.8511636, 52.3549543]]}, "properties": {"Speed": 25.1, "road_quality": 2, "marker": 7, "trip_id": "NORMA_Trip1", "hrot_diff": 1, "sample_diff": 8, "time_diff_s": 0.16, "gps_distance_m": 6.8, "original_speed": "3070", "wheel_diameter_mm": 711.1999999999999, "braking_intensity": 0.0, "is_braking": false}}, {"type": "Feature", "geometry": {"type": "LineString", "coordinates": [[4.8511636, 52.3549543], [4.8512639, 52.3549519]]}, "properties": {"Speed": 25.1, "road_quality": 3, "marker": 7, "trip_id": "NORMA_Trip1", "hrot_diff": 1, "sample_diff": 8, "time_diff_s": 0.16, "gps_distance_m": 6.8, "original_speed": "3070", "wheel_diameter_mm": 711.1999999999999, "braking_intensity": 0.0, "is_braking": false}}, {"type": "Feature", "geometry": {"type": "LineString", "coordinates": [[4.8512639, 52.3549519], [4.8513677, 52.354956]]}, "properties": {"Speed": 25.1, "road_quality": 2, "marker": 7, "trip_id": "NORMA_Trip1", "hrot_diff": 1, "sample_diff": 8, "time_diff_s": 0.16, "gps_distance_m": 7.1, "original_speed": "2586", "wheel_diameter_mm": 711.1999999999999, "braking_intensity": 0.0, "is_braking": false}}, {"type": "Feature", "geometry": {"type": "LineString", "coordinates": [[4.8514593, 52.3549548], [4.8515438, 52.3549458]]}, "properties": {"Speed": 20.1, "road_quality": 2, "marker": 6, "trip_id": "NORMA_Trip1", "hrot_diff": 1, "sample_diff": 10, "time_diff_s": 0.2, "gps_distance_m": 5.8, "original_speed": "-1", "wheel_diameter_mm": 711.1999999999999, "braking_intensity": 0.0, "is_braking": false}}, {"type": "Feature", "geometry": {"type": "LineString", "coordinates": [[4.8518103, 52.3549033], [4.8519108, 52.3548965]]}, "properties": {"Speed": 28.7, "road_quality": 2, "marker": 6, "trip_id": "NORMA_Trip1", "hrot_diff": 1, "sample_diff": 7, "time_diff_s": 0.14, "gps_distance_m": 6.9, "original_speed": "-1", "wheel_diameter_mm": 711.1999999999999, "braking_intensity": 0.0, "is_braking": false}}, {"type": "Feature", "geometry": {"type": "LineString", "coordinates": [[4.8519108, 52.3548965], [4.8520222, 52.3548946]]}, "properties": {"Speed": 25.1, "road_quality": 2, "marker": 7, "trip_id": "NORMA_Trip1", "hrot_diff": 1, "sample_diff": 8, "time_diff_s": 0.16, "gps_distance_m": 7.6, "original_speed": "3125", "wheel_diameter_mm": 711.1999999999999, "braking_intensity": 0.0, "is_braking": false}}, {"type": "Feature", "geometry": {"type": "LineString", "coordinates": [[4.8520222, 52.3548946], [4.8521109, 52.3548865]]}, "properties": {"Speed": 28.7, "road_quality": 2, "marker": 7, "trip_id": "NORMA_Trip1", "hrot_diff": 1, "sample_diff": 7, "time_diff_s": 0.14, "gps_distance_m": 6.1, "original_speed": "3097", "wheel_diameter_mm": 711.1999999999999, "braking_intensity": 0.0, "is_braking": false}}, {"type": "Feature", "geometry": {"type": "LineString", "coordinates": [[4.8521109, 52.3548865], [4.8521999, 52.3548842]]}, "properties": {"Speed": 22.3, "road_quality": 2, "marker": 7, "trip_id": "NORMA_Trip1", "hrot_diff": 1, "sample_diff": 9, "time_diff_s": 0.18, "gps_distance_m": 6.0, "original_speed": "3097", "wheel_diameter_mm": 711.1999999999999, "braking_intensity": 0.0, "is_braking": false}}, {"type": "Feature", "geometry": {"type": "LineString", "coordinates": [[4.8521999, 52.3548842], [4.8522928, 52.3548837]]}, "properties": {"Speed": 8.7, "road_quality": 2, "marker": 7, "trip_id": "NORMA_Trip1", "hrot_diff": 1, "sample_diff": 23, "time_diff_s": 0.46, "gps_distance_m": 6.3, "original_speed": "2232", "wheel_diameter_mm": 711.1999999999999, "braking_intensity": 0.0, "is_braking": false}}, {"type": "Feature", "geometry": {"type": "LineString", "coordinates": [[4.8522928, 52.3548837], [4.8523966, 52.3548848]]}, "properties": {"Speed": 25.1, "road_quality": 2, "marker": 6, "trip_id": "NORMA_Trip1", "hrot_diff": 1, "sample_diff": 8, "time_diff_s": 0.16, "gps_distance_m": 7.1, "original_speed": "-1", "wheel_diameter_mm": 711.1999999999999, "braking_intensity": 0.0, "is_braking": false}}, {"type": "Feature", "geometry": {"type": "LineString", "coordinates": [[4.8523966, 52.3548848], [4.8524937, 52.3548896]]}, "properties": {"Speed": 25.1, "road_quality": 2, "marker": 6, "trip_id": "NORMA_Trip1", "hrot_diff": 1, "sample_diff": 8, "time_diff_s": 0.16, "gps_distance_m": 6.6, "original_speed": "-1", "wheel_diameter_mm": 711.1999999999999, "braking_intensity": 0.0, "is_braking": false}}, {"type": "Feature", "geometry": {"type": "LineString", "coordinates": [[4.8524937, 52.3548896], [4.8525889, 52.3548952]]}, "properties": {"Speed": 33.5, "road_quality": 2, "marker": 7, "trip_id": "NORMA_Trip1", "hrot_diff": 1, "sample_diff": 6, "time_diff_s": 0.12, "gps_distance_m": 6.5, "original_speed": "3211", "wheel_diameter_mm": 711.1999999999999, "braking_intensity": 0.0, "is_braking": false}}, {"type": "Feature", "geometry": {"type": "LineString", "coordinates": [[4.8527846, 52.3548888], [4.8528888, 52.3548833]]}, "properties": {"Speed": 22.3, "road_quality": 3, "marker": 6, "trip_id": "NORMA_Trip1", "hrot_diff": 1, "sample_diff": 9, "time_diff_s": 0.18, "gps_distance_m": 7.1, "original_speed": "-1", "wheel_diameter_mm": 711.1999999999999, "braking_intensity": 0.0, "is_braking": false}}, {"type": "Feature", "geometry": {"type": "LineString", "coordinates": [[4.8528888, 52.3548833], [4.8529809, 52.3548762]]}, "properties": {"Speed": 25.1, "road_quality": 2, "marker": 6, "trip_id": "NORMA_Trip1", "hrot_diff": 1, "sample_diff": 8, "time_diff_s": 0.16, "gps_distance_m": 6.3, "original_speed": "-1", "wheel_diameter_mm": 711.1999999999999, "braking_intensity": 0.0, "is_braking": false}}, {"type": "Feature", "geometry": {"type": "LineString", "coordinates": [[4.8529809, 52.3548762], [4.8530734, 52.3548732]]}, "properties": {"Speed": 22.3, "road_quality": 3, "marker": 7, "trip_id": "NORMA_Trip1", "hrot_diff": 1, "sample_diff": 9, "time_diff_s": 0.18, "gps_distance_m": 6.3, "original_speed": "3043", "wheel_diameter_mm": 711.1999999999999, "braking_intensity": 0.0, "is_braking": false}}, {"type": "Feature", "geometry": {"type": "LineString", "coordinates": [[4.8530734, 52.3548732], [4.8531649, 52.3548716]]}, "properties": {"Speed": 28.7, "road_quality": 3, "marker": 7, "trip_id": "NORMA_Trip1", "hrot_diff": 1, "sample_diff": 7, "time_diff_s": 0.14, "gps_distance_m": 6.2, "original_speed": "3043", "wheel_diameter_mm": 711.1999999999999, "braking_intensity": 0.0, "is_braking": false}}, {"type": "Feature", "geometry": {"type": "LineString", "coordinates": [[4.8532559, 52.3548678], [4.853348, 52.3548682]]}, "properties": {"Speed": 25.1, "road_quality": 3, "marker": 6, "trip_id": "NORMA_Trip1", "hrot_diff": 1, "sample_diff": 8, "time_diff_s": 0.16, "gps_distance_m": 6.3, "original_speed": "-1", "wheel_diameter_mm": 711.1999999999999, "braking_intensity": 0.0, "is_braking": false}}, {"type": "Feature", "geometry": {"type": "LineString", "coordinates": [[4.8534111, 52.3548622], [4.8534787, 52.3548537]]}, "properties": {"Speed": 15.5, "road_quality": 3, "marker": 7, "trip_id": "NORMA_Trip1", "hrot_diff": 1, "sample_diff": 13, "time_diff_s": 0.26, "gps_distance_m": 4.7, "original_speed": "2252", "wheel_diameter_mm": 711.1999999999999, "braking_intensity": 0.0, "is_braking": false}}, {"type": "Feature", "geometry": {"type": "LineString", "coordinates": [[4.8534787, 52.3548537], [4.8535404, 52.3548458]]}, "properties": {"Speed": 9.1, "road_quality": 3, "marker": 7, "trip_id": "NORMA_Trip1", "hrot_diff": 1, "sample_diff": 22, "time_diff_s": 0.44, "gps_distance_m": 4.3, "original_speed": "2083", "wheel_diameter_mm": 711.1999999999999, "braking_intensity": 0.0, "is_braking": false}}, {"type": "Feature", "geometry": {"type": "LineString", "coordinates": [[4.8535404, 52.3548458], [4.8536321, 52.3548326]]}, "properties": {"Speed": 20.1, "road_quality": 3, "marker": 6, "trip_id": "NORMA_Trip1", "hrot_diff": 1, "sample_diff": 10, "time_diff_s": 0.2, "gps_distance_m": 6.4, "original_speed": "-1", "wheel_diameter_mm": 711.1999999999999, "braking_intensity": 0.0, "is_braking": false}}, {"type": "Feature", "geometry": {"type": "LineString", "coordinates": [[4.8536321, 52.3548326], [4.8537639, 52.3548202]]}, "properties": {"Speed": 14.4, "road_quality": 3, "marker": 7, "trip_id": "NORMA_Trip1", "hrot_diff": 1, "sample_diff": 14, "time_diff_s": 0.28, "gps_distance_m": 9.1, "original_speed": "2475", "wheel_diameter_mm": 711.1999999999999, "braking_intensity": 0.0, "is_braking": false}}, {"type": "Feature", "geometry": {"type": "LineString", "coordinates": [[4.8537639, 52.3548202], [4.8538275, 52.3548106]]}, "properties": {"Speed": 20.1, "road_quality": 3, "marker": 7, "trip_id": "NORMA_Trip1", "hrot_diff": 1, "sample_diff": 10, "time_diff_s": 0.2, "gps_distance_m": 4.4, "original_speed": "2654", "wheel_diameter_mm": 711.1999999999999, "braking_intensity": 0.0, "is_braking": false}}, {"type": "Feature", "geometry": {"type": "LineString", "coordinates": [[4.8538275, 52.3548106], [4.853893, 52.3547952]]}, "properties": {"Speed": 18.3, "road_quality": 3, "marker": 7, "trip_id": "NORMA_Trip1", "hrot_diff": 1, "sample_diff": 11, "time_diff_s": 0.22, "gps_distance_m": 4.8, "original_speed": "2966", "wheel_diameter_mm": 711.1999999999999, "braking_intensity": 0.0, "is_braking": false}}, {"type": "Feature", "geometry": {"type": "LineString", "coordinates": [[4.8539486, 52.3547878], [4.85402, 52.354776]]}, "properties": {"Speed": 22.3, "road_quality": 3, "marker": 6, "trip_id": "NORMA_Trip1", "hrot_diff": 1, "sample_diff": 9, "time_diff_s": 0.18, "gps_distance_m": 5.0, "original_speed": "-1", "wheel_diameter_mm": 711.1999999999999, "braking_intensity": 0.0, "is_braking": false}}, {"type": "Feature", "geometry": {"type": "LineString", "coordinates": [[4.85402, 52.354776], [4.8541498, 52.3547386]]}, "properties": {"Speed": 28.7, "road_quality": 3, "marker": 7, "trip_id": "NORMA_Trip1", "hrot_diff": 1, "sample_diff": 7, "time_diff_s": 0.14, "gps_distance_m": 9.7, "original_speed": "3333", "wheel_diameter_mm": 711.1999999999999, "braking_intensity": 0.0, "is_braking": false}}, {"type": "Feature", "geometry": {"type": "LineString", "coordinates": [[4.8541498, 52.3547386], [4.8542416, 52.3547158]]}, "properties": {"Speed": 20.1, "road_quality": 3, "marker": 7, "trip_id": "NORMA_Trip1", "hrot_diff": 1, "sample_diff": 10, "time_diff_s": 0.2, "gps_distance_m": 6.7, "original_speed": "3431", "wheel_diameter_mm": 711.1999999999999, "braking_intensity": 0.0, "is_braking": false}}, {"type": "Feature", "geometry": {"type": "LineString", "coordinates": [[4.8544511, 52.3546728], [4.854538, 52.3546603]]}, "properties": {"Speed": 20.1, "road_quality": 2, "marker": 6, "trip_id": "NORMA_Trip1", "hrot_diff": 1, "sample_diff": 10, "time_diff_s": 0.2, "gps_distance_m": 6.1, "original_speed": "-1", "wheel_diameter_mm": 711.1999999999999, "braking_intensity": 0.0, "is_braking": false}}, {"type": "Feature", "geometry": {"type": "LineString", "coordinates": [[4.8546132, 52.3546519], [4.8547097, 52.3546354]]}, "properties": {"Speed": 18.3, "road_quality": 3, "marker": 6, "trip_id": "NORMA_Trip1", "hrot_diff": 1, "sample_diff": 11, "time_diff_s": 0.22, "gps_distance_m": 6.8, "original_speed": "-1", "wheel_diameter_mm": 711.1999999999999, "braking_intensity": 0.0, "is_braking": false}}, {"type": "Feature", "geometry": {"type": "LineString", "coordinates": [[4.8547097, 52.3546354], [4.8547804, 52.3546271]]}, "properties": {"Speed": 25.1, "road_quality": 3, "marker": 6, "trip_id": "NORMA_Trip1", "hrot_diff": 1, "sample_diff": 8, "time_diff_s": 0.16, "gps_distance_m": 4.9, "original_speed": "-1", "wheel_diameter_mm": 711.1999999999999, "braking_intensity": 0.0, "is_braking": false}}, {"type": "Feature", "geometry": {"type": "LineString", "coordinates": [[4.8547804, 52.3546271], [4.8548178, 52.3546293]]}, "properties": {"Speed": 18.3, "road_quality": 3, "marker": 7, "trip_id": "NORMA_Trip1", "hrot_diff": 1, "sample_diff": 11, "time_diff_s": 0.22, "gps_distance_m": 2.6, "original_speed": "3043", "wheel_diameter_mm": 711.1999999999999, "braking_intensity": 0.0, "is_braking": false}}, {"type": "Feature", "geometry": {"type": "LineString", "coordinates": [[4.8548178, 52.3546293], [4.8548385, 52.3546371]]}, "properties": {"Speed": 20.1, "road_quality": 3, "marker": 7, "trip_id": "NORMA_Trip1", "hrot_diff": 1, "sample_diff": 10, "time_diff_s": 0.2, "gps_distance_m": 1.7, "original_speed": "2678", "wheel_diameter_mm": 711.1999999999999, "braking_intensity": 0.0, "is_braking": false}}, {"type": "Feature", "geometry": {"type": "LineString", "coordinates": [[4.8548385, 52.3546371], [4.8548605, 52.3546393]]}, "properties": {"Speed": 28.7, "road_quality": 3, "marker": 7, "trip_id": "NORMA_Trip1", "hrot_diff": 1, "sample_diff": 7, "time_diff_s": 0.14, "gps_distance_m": 1.5, "original_speed": "3738", "wheel_diameter_mm": 711.1999999999999, "braking_intensity": 0.0, "is_braking": false}}, {"type": "Feature", "geometry": {"type": "LineString", "coordinates": [[4.8548605, 52.3546393], [4.8549127, 52.3546659]]}, "properties": {"Speed": 28.7, "road_quality": 3, "marker": 7, "trip_id": "NORMA_Trip1", "hrot_diff": 1, "sample_diff": 7, "time_diff_s": 0.14, "gps_distance_m": 4.6, "original_speed": "2608", "wheel_diameter_mm": 711.1999999999999, "braking_intensity": 0.0, "is_braking": false}}, {"type": "Feature", "geometry": {"type": "LineString", "coordinates": [[4.8549127, 52.3546659], [4.8549702, 52.354691]]}, "properties": {"Speed": 22.3, "road_quality": 3, "marker": 6, "trip_id": "NORMA_Trip1", "hrot_diff": 1, "sample_diff": 9, "time_diff_s": 0.18, "gps_distance_m": 4.8, "original_speed": "-1", "wheel_diameter_mm": 711.1999999999999, "braking_intensity": 0.0, "is_braking": false}}, {"type": "Feature", "geometry": {"type": "LineString", "coordinates": [[4.8550625, 52.3547247], [4.8551357, 52.3547495]]}, "properties": {"Speed": 18.3, "road_quality": 3, "marker": 6, "trip_id": "NORMA_Trip1", "hrot_diff": 1, "sample_diff": 11, "time_diff_s": 0.22, "gps_distance_m": 5.7, "original_speed": "-1", "wheel_diameter_mm": 711.1999999999999, "braking_intensity": 0.0, "is_braking": false}}, {"type": "Feature", "geometry": {"type": "LineString", "coordinates": [[4.8551357, 52.3547495], [4.8552075, 52.3547744]]}, "properties": {"Speed": 15.5, "road_quality": 3, "marker": 6, "trip_id": "NORMA_Trip1", "hrot_diff": 1, "sample_diff": 13, "time_diff_s": 0.26, "gps_distance_m": 5.6, "original_speed": "-1", "wheel_diameter_mm": 711.1999999999999, "braking_intensity": 0.0, "is_braking": false}}, {"type": "Feature", "geometry": {"type": "LineString", "coordinates": [[4.8552075, 52.3547744], [4.8552888, 52.3547994]]}, "properties": {"Speed": 11.8, "road_quality": 3, "marker": 6, "trip_id": "NORMA_Trip1", "hrot_diff": 1, "sample_diff": 17, "time_diff_s": 0.34, "gps_distance_m": 6.2, "original_speed": "-1", "wheel_diameter_mm": 711.1999999999999, "braking_intensity": 0.0, "is_braking": false}}, {"type": "Feature", "geometry": {"type": "LineString", "coordinates": [[4.8552888, 52.3547994], [4.8553893, 52.3548277]]}, "properties": {"Speed": 15.5, "road_quality": 3, "marker": 7, "trip_id": "NORMA_Trip1", "hrot_diff": 1, "sample_diff": 13, "time_diff_s": 0.26, "gps_distance_m": 7.5, "original_speed": "2727", "wheel_diameter_mm": 711.1999999999999, "braking_intensity": 0.0, "is_braking": false}}, {"type": "Feature", "geometry": {"type": "LineString", "coordinates": [[4.8553893, 52.3548277], [4.8554796, 52.3548516]]}, "properties": {"Speed": 18.3, "road_quality": 3, "marker": 7, "trip_id": "NORMA_Trip1", "hrot_diff": 1, "sample_diff": 11, "time_diff_s": 0.22, "gps_distance_m": 6.7, "original_speed": "2403", "wheel_diameter_mm": 711.1999999999999, "braking_intensity": 0.0, "is_braking": false}}, {"type": "Feature", "geometry": {"type": "LineString", "coordinates": [[4.8554796, 52.3548516], [4.8555686, 52.3548706]]}, "properties": {"Speed": 20.1, "road_quality": 3, "marker": 6, "trip_id": "NORMA_Trip1", "hrot_diff": 1, "sample_diff": 10, "time_diff_s": 0.2, "gps_distance_m": 6.4, "original_speed": "-1", "wheel_diameter_mm": 711.1999999999999, "braking_intensity": 0.0, "is_braking": false}}, {"type": "Feature", "geometry": {"type": "LineString", "coordinates": [[4.8555686, 52.3548706], [4.8556837, 52.3548906]]}, "properties": {"Speed": 25.1, "road_quality": 3, "marker": 6, "trip_id": "NORMA_Trip1", "hrot_diff": 1, "sample_diff": 8, "time_diff_s": 0.16, "gps_distance_m": 8.1, "original_speed": "-1", "wheel_diameter_mm": 711.1999999999999, "braking_intensity": 0.0, "is_braking": false}}, {"type": "Feature", "geometry": {"type": "LineString", "coordinates": [[4.8556837, 52.3548906], [4.8558012, 52.3549141]]}, "properties": {"Speed": 20.1, "road_quality": 3, "marker": 7, "trip_id": "NORMA_Trip1", "hrot_diff": 1, "sample_diff": 10, "time_diff_s": 0.2, "gps_distance_m": 8.4, "original_speed": "2803", "wheel_diameter_mm": 711.1999999999999, "braking_intensity": 0.0, "is_braking": false}}, {"type": "Feature", "geometry": {"type": "LineString", "coordinates": [[4.8558012, 52.3549141], [4.8559185, 52.354934]]}, "properties": {"Speed": 8.7, "road_quality": 3, "marker": 7, "trip_id": "NORMA_Trip1", "hrot_diff": 1, "sample_diff": 23, "time_diff_s": 0.46, "gps_distance_m": 8.3, "original_speed": "3097", "wheel_diameter_mm": 711.1999999999999, "braking_intensity": 0.0, "is_braking": false}}, {"type": "Feature", "geometry": {"type": "LineString", "coordinates": [[4.8559185, 52.354934], [4.8560272, 52.3549479]]}, "properties": {"Speed": 9.6, "road_quality": 3, "marker": 6, "trip_id": "NORMA_Trip1", "hrot_diff": 1, "sample_diff": 21, "time_diff_s": 0.42, "gps_distance_m": 7.5, "original_speed": "-1", "wheel_diameter_mm": 711.1999999999999, "braking_intensity": 0.0, "is_braking": false}}, {"type": "Feature", "geometry": {"type": "LineString", "coordinates": [[4.8560272, 52.3549479], [4.8561343, 52.3549675]]}, "properties": {"Speed": 33.5, "road_quality": 3, "marker": 6, "trip_id": "NORMA_Trip1", "hrot_diff": 1, "sample_diff": 6, "time_diff_s": 0.12, "gps_distance_m": 7.6, "original_speed": "-1", "wheel_diameter_mm": 711.1999999999999, "braking_intensity": 0.0, "is_braking": false}}, {"type": "Feature", "geometry": {"type": "LineString", "coordinates": [[4.8561343, 52.3549675], [4.8562616, 52.3549924]]}, "properties": {"Speed": 9.6, "road_quality": 3, "marker": 7, "trip_id": "NORMA_Trip1", "hrot_diff": 1, "sample_diff": 21, "time_diff_s": 0.42, "gps_distance_m": 9.1, "original_speed": "3365", "wheel_diameter_mm": 711.1999999999999, "braking_intensity": 0.0, "is_braking": false}}, {"type": "Feature", "geometry": {"type": "LineString", "coordinates": [[4.8562616, 52.3549924], [4.8564771, 52.3550348]]}, "properties": {"Speed": 33.5, "road_quality": 3, "marker": 6, "trip_id": "NORMA_Trip1", "hrot_diff": 1, "sample_diff": 6, "time_diff_s": 0.12, "gps_distance_m": 15.4, "original_speed": "-1", "wheel_diameter_mm": 711.1999999999999, "braking_intensity": 0.0, "is_braking": false}}, {"type": "Feature", "geometry": {"type": "LineString", "coordinates": [[4.8564771, 52.3550348], [4.8565991, 52.3550569]]}, "properties": {"Speed": 5.6, "road_quality": 3, "marker": 6, "trip_id": "NORMA_Trip1", "hrot_diff": 1, "sample_diff": 36, "time_diff_s": 0.72, "gps_distance_m": 8.6, "original_speed": "-1", "wheel_diameter_mm": 711.1999999999999, "braking_intensity": 0.0, "is_braking": false}}, {"type": "Feature", "geometry": {"type": "LineString", "coordinates": [[4.8565991, 52.3550569], [4.8567084, 52.3550783]]}, "properties": {"Speed": 22.3, "road_quality": 3, "marker": 6, "trip_id": "NORMA_Trip1", "hrot_diff": 1, "sample_diff": 9, "time_diff_s": 0.18, "gps_distance_m": 7.8, "original_speed": "-1", "wheel_diameter_mm": 711.1999999999999, "braking_intensity": 0.0, "is_braking": false}}, {"type": "Feature", "geometry": {"type": "LineString", "coordinates": [[4.8567084, 52.3550783], [4.8568063, 52.3551005]]}, "properties": {"Speed": 20.1, "road_quality": 3, "marker": 6, "trip_id": "NORMA_Trip1", "hrot_diff": 1, "sample_diff": 10, "time_diff_s": 0.2, "gps_distance_m": 7.1, "original_speed": "-1", "wheel_diameter_mm": 711.1999999999999, "braking_intensity": 0.0, "is_braking": false}}, {"type": "Feature", "geometry": {"type": "LineString", "coordinates": [[4.8568063, 52.3551005], [4.8569049, 52.3551215]]}, "properties": {"Speed": 25.1, "road_quality": 3, "marker": 7, "trip_id": "NORMA_Trip1", "hrot_diff": 1, "sample_diff": 8, "time_diff_s": 0.16, "gps_distance_m": 7.1, "original_speed": "3418", "wheel_diameter_mm": 711.1999999999999, "braking_intensity": 0.0, "is_braking": false}}, {"type": "Feature", "geometry": {"type": "LineString", "coordinates": [[4.8569049, 52.3551215], [4.8569893, 52.3551314]]}, "properties": {"Speed": 22.3, "road_quality": 3, "marker": 7, "trip_id": "NORMA_Trip1", "hrot_diff": 1, "sample_diff": 9, "time_diff_s": 0.18, "gps_distance_m": 5.8, "original_speed": "3465", "wheel_diameter_mm": 711.1999999999999, "braking_intensity": 0.0, "is_braking": false}}, {"type": "Feature", "geometry": {"type": "LineString", "coordinates": [[4.8569893, 52.3551314], [4.8570737, 52.355134]]}, "properties": {"Speed": 33.5, "road_quality": 3, "marker": 7, "trip_id": "NORMA_Trip1", "hrot_diff": 1, "sample_diff": 6, "time_diff_s": 0.12, "gps_distance_m": 5.7, "original_speed": "3465", "wheel_diameter_mm": 711.1999999999999, "braking_intensity": 0.0, "is_braking": false}}, {"type": "Feature", "geometry": {"type": "LineString", "coordinates": [[4.8570737, 52.355134], [4.8571494, 52.3551388]]}, "properties": {"Speed": 33.5, "road_quality": 3, "marker": 7, "trip_id": "NORMA_Trip1", "hrot_diff": 1, "sample_diff": 6, "time_diff_s": 0.12, "gps_distance_m": 5.2, "original_speed": "3500", "wheel_diameter_mm": 711.1999999999999, "braking_intensity": 0.0, "is_braking": false}}, {"type": "Feature", "geometry": {"type": "LineString", "coordinates": [[4.8571494, 52.3551388], [4.8572434, 52.3551401]]}, "properties": {"Speed": 28.7, "road_quality": 3, "marker": 7, "trip_id": "NORMA_Trip1", "hrot_diff": 1, "sample_diff": 7, "time_diff_s": 0.14, "gps_distance_m": 6.4, "original_speed": "3043", "wheel_diameter_mm": 711.1999999999999, "braking_intensity": 0.0, "is_braking": false}}, {"type": "Feature", "geometry": {"type": "LineString", "coordinates": [[4.8573404, 52.3551367], [4.8574227, 52.3551321]]}, "properties": {"Speed": 33.5, "road_quality": 3, "marker": 6, "trip_id": "NORMA_Trip1", "hrot_diff": 1, "sample_diff": 6, "time_diff_s": 0.12, "gps_distance_m": 5.6, "original_speed": "-1", "wheel_diameter_mm": 711.1999999999999, "braking_intensity": 0.0, "is_braking": false}}, {"type": "Feature", "geometry": {"type": "LineString", "coordinates": [[4.8574227, 52.3551321], [4.8575208, 52.3551272]]}, "properties": {"Speed": 9.1, "road_quality": 3, "marker": 7, "trip_id": "NORMA_Trip1", "hrot_diff": 1, "sample_diff": 22, "time_diff_s": 0.44, "gps_distance_m": 6.7, "original_speed": "3603", "wheel_diameter_mm": 711.1999999999999, "braking_intensity": 0.0, "is_braking": false}}, {"type": "Feature", "geometry": {"type": "LineString", "coordinates": [[4.8575208, 52.3551272], [4.8576804, 52.3551282]]}, "properties": {"Speed": 28.7, "road_quality": 3, "marker": 6, "trip_id": "NORMA_Trip1", "hrot_diff": 1, "sample_diff": 7, "time_diff_s": 0.14, "gps_distance_m": 10.8, "original_speed": "-1", "wheel_diameter_mm": 711.1999999999999, "braking_intensity": 0.0, "is_braking": false}}, {"type": "Feature", "geometry": {"type": "LineString", "coordinates": [[4.8576804, 52.3551282], [4.8578019, 52.3551259]]}, "properties": {"Speed": 22.3, "road_quality": 3, "marker": 7, "trip_id": "NORMA_Trip1", "hrot_diff": 1, "sample_diff": 9, "time_diff_s": 0.18, "gps_distance_m": 8.3, "original_speed": "3500", "wheel_diameter_mm": 711.1999999999999, "braking_intensity": 0.0, "is_braking": false}}, {"type": "Feature", "geometry": {"type": "LineString", "coordinates": [[4.8579117, 52.3551239], [4.8580033, 52.3551265]]}, "properties": {"Speed": 28.7, "road_quality": 3, "marker": 7, "trip_id": "NORMA_Trip1", "hrot_diff": 1, "sample_diff": 7, "time_diff_s": 0.14, "gps_distance_m": 6.2, "original_speed": "3398", "wheel_diameter_mm": 711.1999999999999, "braking_intensity": 0.0, "is_braking": false}}, {"type": "Feature", "geometry": {"type": "LineString", "coordinates": [[4.8581173, 52.355139], [4.8582447, 52.3551503]]}, "properties": {"Speed": 25.1, "road_quality": 3, "marker": 6, "trip_id": "NORMA_Trip1", "hrot_diff": 1, "sample_diff": 8, "time_diff_s": 0.16, "gps_distance_m": 8.7, "original_speed": "-1", "wheel_diameter_mm": 711.1999999999999, "braking_intensity": 0.0, "is_braking": false}}, {"type": "Feature", "geometry": {"type": "LineString", "coordinates": [[4.8582447, 52.3551503], [4.8583658, 52.3551594]]}, "properties": {"Speed": 25.1, "road_quality": 3, "marker": 7, "trip_id": "NORMA_Trip1", "hrot_diff": 1, "sample_diff": 8, "time_diff_s": 0.16, "gps_distance_m": 8.3, "original_speed": "3043", "wheel_diameter_mm": 711.1999999999999, "braking_intensity": 0.0, "is_braking": false}}, {"type": "Feature", "geometry": {"type": "LineString", "coordinates": [[4.8583658, 52.3551594], [4.8584658, 52.3551687]]}, "properties": {"Speed": 20.1, "road_quality": 3, "marker": 7, "trip_id": "NORMA_Trip1", "hrot_diff": 1, "sample_diff": 10, "time_diff_s": 0.2, "gps_distance_m": 6.9, "original_speed": "3465", "wheel_diameter_mm": 711.1999999999999, "braking_intensity": 0.0, "is_braking": false}}, {"type": "Feature", "geometry": {"type": "LineString", "coordinates": [[4.8584658, 52.3551687], [4.8585631, 52.3551786]]}, "properties": {"Speed": 33.5, "road_quality": 3, "marker": 7, "trip_id": "NORMA_Trip1", "hrot_diff": 1, "sample_diff": 6, "time_diff_s": 0.12, "gps_distance_m": 6.7, "original_speed": "3431", "wheel_diameter_mm": 711.1999999999999, "braking_intensity": 0.0, "is_braking": false}}, {"type": "Feature", "geometry": {"type": "LineString", "coordinates": [[4.8585631, 52.3551786], [4.8586838, 52.355181]]}, "properties": {"Speed": 28.7, "road_quality": 3, "marker": 7, "trip_id": "NORMA_Trip1", "hrot_diff": 1, "sample_diff": 7, "time_diff_s": 0.14, "gps_distance_m": 8.2, "original_speed": "3398", "wheel_diameter_mm": 711.1999999999999, "braking_intensity": 0.0, "is_braking": false}}, {"type": "Feature", "geometry": {"type": "LineString", "coordinates": [[4.8588994, 52.3552183], [4.85899, 52.3552335]]}, "properties": {"Speed": 20.1, "road_quality": 3, "marker": 6, "trip_id": "NORMA_Trip1", "hrot_diff": 1, "sample_diff": 10, "time_diff_s": 0.2, "gps_distance_m": 6.4, "original_speed": "-1", "wheel_diameter_mm": 711.1999999999999, "braking_intensity": 0.0, "is_braking": false}}, {"type": "Feature", "geometry": {"type": "LineString", "coordinates": [[4.85899, 52.3552335], [4.8590804, 52.3552502]]}, "properties": {"Speed": 33.5, "road_quality": 3, "marker": 6, "trip_id": "NORMA_Trip1", "hrot_diff": 1, "sample_diff": 6, "time_diff_s": 0.12, "gps_distance_m": 6.4, "original_speed": "-1", "wheel_diameter_mm": 711.1999999999999, "braking_intensity": 0.0, "is_braking": false}}, {"type": "Feature", "geometry": {"type": "LineString", "coordinates": [[4.8590804, 52.3552502], [4.8591835, 52.355267]]}, "properties": {"Speed": 5.4, "road_quality": 3, "marker": 7, "trip_id": "NORMA_Trip1", "hrot_diff": 1, "sample_diff": 37, "time_diff_s": 0.74, "gps_distance_m": 7.2, "original_speed": "2427", "wheel_diameter_mm": 711.1999999999999, "braking_intensity": 0.0, "is_braking": false}}, {"type": "Feature", "geometry": {"type": "LineString", "coordinates": [[4.8592843, 52.3552901], [4.8593707, 52.3553091]]}, "properties": {"Speed": 33.5, "road_quality": 3, "marker": 7, "trip_id": "NORMA_Trip1", "hrot_diff": 1, "sample_diff": 6, "time_diff_s": 0.12, "gps_distance_m": 6.2, "original_speed": "2678", "wheel_diameter_mm": 711.1999999999999, "braking_intensity": 0.0, "is_braking": false}}, {"type": "Feature", "geometry": {"type": "LineString", "coordinates": [[4.8593707, 52.3553091], [4.8594592, 52.3553313]]}, "properties": {"Speed": 10.1, "road_quality": 3, "marker": 7, "trip_id": "NORMA_Trip1", "hrot_diff": 1, "sample_diff": 20, "time_diff_s": 0.4, "gps_distance_m": 6.5, "original_speed": "3478", "wheel_diameter_mm": 711.1999999999999, "braking_intensity": 0.0, "is_braking": false}}, {"type": "Feature", "geometry": {"type": "LineString", "coordinates": [[4.8594592, 52.3553313], [4.8595599, 52.3553535]]}, "properties": {"Speed": 9.6, "road_quality": 3, "marker": 6, "trip_id": "NORMA_Trip1", "hrot_diff": 1, "sample_diff": 21, "time_diff_s": 0.42, "gps_distance_m": 7.3, "original_speed": "-1", "wheel_diameter_mm": 711.1999999999999, "braking_intensity": 0.0, "is_braking": false}}, {"type": "Feature", "geometry": {"type": "LineString", "coordinates": [[4.8595599, 52.3553535], [4.8596727, 52.3553797]]}, "properties": {"Speed": 20.1, "road_quality": 3, "marker": 6, "trip_id": "NORMA_Trip1", "hrot_diff": 1, "sample_diff": 10, "time_diff_s": 0.2, "gps_distance_m": 8.2, "original_speed": "-1", "wheel_diameter_mm": 711.1999999999999, "braking_intensity": 0.0, "is_braking": false}}, {"type": "Feature", "geometry": {"type": "LineString", "coordinates": [[4.8596727, 52.3553797], [4.8597946, 52.3554108]]}, "properties": {"Speed": 25.1, "road_quality": 3, "marker": 7, "trip_id": "NORMA_Trip1", "hrot_diff": 1, "sample_diff": 8, "time_diff_s": 0.16, "gps_distance_m": 9.0, "original_speed": "4128", "wheel_diameter_mm": 711.1999999999999, "braking_intensity": 0.0, "is_braking": false}}, {"type": "Feature", "geometry": {"type": "LineString", "coordinates": [[4.8597946, 52.3554108], [4.8599084, 52.355441]]}, "properties": {"Speed": 22.3, "road_quality": 3, "marker": 6, "trip_id": "NORMA_Trip1", "hrot_diff": 1, "sample_diff": 9, "time_diff_s": 0.18, "gps_distance_m": 8.4, "original_speed": "-1", "wheel_diameter_mm": 711.1999999999999, "braking_intensity": 0.0, "is_braking": false}}, {"type": "Feature", "geometry": {"type": "LineString", "coordinates": [[4.8599084, 52.355441], [4.8600089, 52.3554669]]}, "properties": {"Speed": 18.3, "road_quality": 3, "marker": 6, "trip_id": "NORMA_Trip1", "hrot_diff": 1, "sample_diff": 11, "time_diff_s": 0.22, "gps_distance_m": 7.4, "original_speed": "-1", "wheel_diameter_mm": 711.1999999999999, "braking_intensity": 0.0, "is_braking": false}}, {"type": "Feature", "geometry": {"type": "LineString", "coordinates": [[4.8601036, 52.3554983], [4.860199, 52.3555304]]}, "properties": {"Speed": 25.1, "road_quality": 3, "marker": 6, "trip_id": "NORMA_Trip1", "hrot_diff": 1, "sample_diff": 8, "time_diff_s": 0.16, "gps_distance_m": 7.4, "original_speed": "-1", "wheel_diameter_mm": 711.1999999999999, "braking_intensity": 0.0, "is_braking": false}}, {"type": "Feature", "geometry": {"type": "LineString", "coordinates": [[4.8602941, 52.3555519], [4.8603891, 52.3555739]]}, "properties": {"Speed": 10.1, "road_quality": 3, "marker": 7, "trip_id": "NORMA_Trip1", "hrot_diff": 1, "sample_diff": 20, "time_diff_s": 0.4, "gps_distance_m": 6.9, "original_speed": "2427", "wheel_diameter_mm": 711.1999999999999, "braking_intensity": 0.0, "is_braking": false}}, {"type": "Feature", "geometry": {"type": "LineString", "coordinates": [[4.8603891, 52.3555739], [4.8604717, 52.3555939]]}, "properties": {"Speed": 10.6, "road_quality": 3, "marker": 6, "trip_id": "NORMA_Trip1", "hrot_diff": 1, "sample_diff": 19, "time_diff_s": 0.38, "gps_distance_m": 6.0, "original_speed": "-1", "wheel_diameter_mm": 711.1999999999999, "braking_intensity": 0.0, "is_braking": false}}, {"type": "Feature", "geometry": {"type": "LineString", "coordinates": [[4.8604717, 52.3555939], [4.8605504, 52.355611]]}, "properties": {"Speed": 13.4, "road_quality": 3, "marker": 6, "trip_id": "NORMA_Trip1", "hrot_diff": 1, "sample_diff": 15, "time_diff_s": 0.3, "gps_distance_m": 5.7, "original_speed": "-1", "wheel_diameter_mm": 711.1999999999999, "braking_intensity": 0.0, "is_braking": false}}, {"type": "Feature", "geometry": {"type": "LineString", "coordinates": [[4.8605504, 52.355611], [4.8606222, 52.3556208]]}, "properties": {"Speed": 22.3, "road_quality": 3, "marker": 7, "trip_id": "NORMA_Trip1", "hrot_diff": 1, "sample_diff": 9, "time_diff_s": 0.18, "gps_distance_m": 5.0, "original_speed": "2830", "wheel_diameter_mm": 711.1999999999999, "braking_intensity": 0.0, "is_braking": false}}, {"type": "Feature", "geometry": {"type": "LineString", "coordinates": [[4.8606222, 52.3556208], [4.8606986, 52.3556361]]}, "properties": {"Speed": 40, "road_quality": 3, "marker": 7, "trip_id": "NORMA_Trip1", "hrot_diff": 1, "sample_diff": 5, "time_diff_s": 0.1, "gps_distance_m": 5.5, "original_speed": "3500", "wheel_diameter_mm": 711.1999999999999, "braking_intensity": 0.0, "is_braking": false}}, {"type": "Feature", "geometry": {"type": "LineString", "coordinates": [[4.8607586, 52.3556542], [4.8608251, 52.355686]]}, "properties": {"Speed": 28.7, "road_quality": 3, "marker": 6, "trip_id": "NORMA_Trip1", "hrot_diff": 1, "sample_diff": 7, "time_diff_s": 0.14, "gps_distance_m": 5.7, "original_speed": "-1", "wheel_diameter_mm": 711.1999999999999, "braking_intensity": 0.0, "is_braking": false}}, {"type": "Feature", "geometry": {"type": "LineString", "coordinates": [[4.8608251, 52.355686], [4.8608962, 52.3557135]]}, "properties": {"Speed": 28.7, "road_quality": 3, "marker": 6, "trip_id": "NORMA_Trip1", "hrot_diff": 1, "sample_diff": 7, "time_diff_s": 0.14, "gps_distance_m": 5.7, "original_speed": "-1", "wheel_diameter_mm": 711.1999999999999, "braking_intensity": 0.0, "is_braking": false}}, {"type": "Feature", "geometry": {"type": "LineString", "coordinates": [[4.8608962, 52.3557135], [4.8609768, 52.3557381]]}, "properties": {"Speed": 15.5, "road_quality": 3, "marker": 7, "trip_id": "NORMA_Trip1", "hrot_diff": 1, "sample_diff": 13, "time_diff_s": 0.26, "gps_distance_m": 6.1, "original_speed": "3960", "wheel_diameter_mm": 711.1999999999999, "braking_intensity": 0.0, "is_braking": false}}, {"type": "Feature", "geometry": {"type": "LineString", "coordinates": [[4.8609768, 52.3557381], [4.8610578, 52.3557651]]}, "properties": {"Speed": 28.7, "road_quality": 3, "marker": 6, "trip_id": "NORMA_Trip1", "hrot_diff": 1, "sample_diff": 7, "time_diff_s": 0.14, "gps_distance_m": 6.3, "original_speed": "-1", "wheel_diameter_mm": 711.1999999999999, "braking_intensity": 0.0, "is_braking": false}}, {"type": "Feature", "geometry": {"type": "LineString", "coordinates": [[4.8610578, 52.3557651], [4.8611683, 52.3557815]]}, "properties": {"Speed": 20.1, "road_quality": 3, "marker": 6, "trip_id": "NORMA_Trip1", "hrot_diff": 1, "sample_diff": 10, "time_diff_s": 0.2, "gps_distance_m": 7.7, "original_speed": "-1", "wheel_diameter_mm": 711.1999999999999, "braking_intensity": 0.0, "is_braking": false}}, {"type": "Feature", "geometry": {"type": "LineString", "coordinates": [[4.8611683, 52.3557815], [4.8612761, 52.3558133]]}, "properties": {"Speed": 33.5, "road_quality": 3, "marker": 7, "trip_id": "NORMA_Trip1", "hrot_diff": 1, "sample_diff": 6, "time_diff_s": 0.12, "gps_distance_m": 8.1, "original_speed": "3181", "wheel_diameter_mm": 711.1999999999999, "braking_intensity": 0.0, "is_braking": false}}, {"type": "Feature", "geometry": {"type": "LineString", "coordinates": [[4.8612761, 52.3558133], [4.8613922, 52.3558503]]}, "properties": {"Speed": 28.7, "road_quality": 3, "marker": 7, "trip_id": "NORMA_Trip1", "hrot_diff": 1, "sample_diff": 7, "time_diff_s": 0.14, "gps_distance_m": 8.9, "original_speed": "3508", "wheel_diameter_mm": 711.1999999999999, "braking_intensity": 0.0, "is_braking": false}}, {"type": "Feature", "geometry": {"type": "LineString", "coordinates": [[4.8613922, 52.3558503], [4.8615092, 52.3558966]]}, "properties": {"Speed": 10.1, "road_quality": 3, "marker": 7, "trip_id": "NORMA_Trip1", "hrot_diff": 1, "sample_diff": 20, "time_diff_s": 0.4, "gps_distance_m": 9.5, "original_speed": "3703", "wheel_diameter_mm": 711.1999999999999, "braking_intensity": 0.0, "is_braking": false}}, {"type": "Feature", "geometry": {"type": "LineString", "coordinates": [[4.8615092, 52.3558966], [4.8616167, 52.355931]]}, "properties": {"Speed": 9.6, "road_quality": 3, "marker": 7, "trip_id": "NORMA_Trip1", "hrot_diff": 1, "sample_diff": 21, "time_diff_s": 0.42, "gps_distance_m": 8.2, "original_speed": "1818", "wheel_diameter_mm": 711.1999999999999, "braking_intensity": 0.0, "is_braking": false}}, {"type": "Feature", "geometry": {"type": "LineString", "coordinates": [[4.8616167, 52.355931], [4.8617457, 52.355963]]}, "properties": {"Speed": 28.7, "road_quality": 3, "marker": 6, "trip_id": "NORMA_Trip1", "hrot_diff": 1, "sample_diff": 7, "time_diff_s": 0.14, "gps_distance_m": 9.5, "original_speed": "-1", "wheel_diameter_mm": 711.1999999999999, "braking_intensity": 0.0, "is_braking": false}}, {"type": "Feature", "geometry": {"type": "LineString", "coordinates": [[4.8618757, 52.3559986], [4.862144, 52.3560757]]}, "properties": {"Speed": 40, "road_quality": 3, "marker": 6, "trip_id": "NORMA_Trip1", "hrot_diff": 1, "sample_diff": 3, "time_diff_s": 0.06, "gps_distance_m": 20.1, "original_speed": "-1", "wheel_diameter_mm": 711.1999999999999, "braking_intensity": 0.0, "is_braking": false}}, {"type": "Feature", "geometry": {"type": "LineString", "coordinates": [[4.8625819, 52.3561651], [4.8626993, 52.3561905]]}, "properties": {"Speed": 5.9, "road_quality": 3, "marker": 7, "trip_id": "NORMA_Trip1", "hrot_diff": 1, "sample_diff": 34, "time_diff_s": 0.68, "gps_distance_m": 8.5, "original_speed": "2857", "wheel_diameter_mm": 711.1999999999999, "braking_intensity": 0.0, "is_braking": false}}, {"type": "Feature", "geometry": {"type": "LineString", "coordinates": [[4.8626993, 52.3561905], [4.8629105, 52.356228]]}, "properties": {"Speed": 2.0, "road_quality": 3, "marker": 6, "trip_id": "NORMA_Trip1", "hrot_diff": 1, "sample_diff": 102, "time_diff_s": 2.04, "gps_distance_m": 14.9, "original_speed": "-1", "wheel_diameter_mm": 711.1999999999999, "braking_intensity": 0.0, "is_braking": false}}, {"type": "Feature", "geometry": {"type": "LineString", "coordinates": [[4.863023, 52.3562396], [4.8631587, 52.3562438]]}, "properties": {"Speed": 18.3, "road_quality": 3, "marker": 6, "trip_id": "NORMA_Trip1", "hrot_diff": 1, "sample_diff": 11, "time_diff_s": 0.22, "gps_distance_m": 9.2, "original_speed": "-1", "wheel_diameter_mm": 711.1999999999999, "braking_intensity": 0.0, "is_braking": false}}, {"type": "Feature", "geometry": {"type": "LineString", "coordinates": [[4.8631587, 52.3562438], [4.8633004, 52.3562513]]}, "properties": {"Speed": 10.1, "road_quality": 3, "marker": 6, "trip_id": "NORMA_Trip1", "hrot_diff": 1, "sample_diff": 20, "time_diff_s": 0.4, "gps_distance_m": 9.7, "original_speed": "-1", "wheel_diameter_mm": 711.1999999999999, "braking_intensity": 0.0, "is_braking": false}}, {"type": "Feature", "geometry": {"type": "LineString", "coordinates": [[4.8633004, 52.3562513], [4.8634132, 52.356252]]}, "properties": {"Speed": 28.7, "road_quality": 3, "marker": 6, "trip_id": "NORMA_Trip1", "hrot_diff": 1, "sample_diff": 7, "time_diff_s": 0.14, "gps_distance_m": 7.7, "original_speed": "-1", "wheel_diameter_mm": 711.1999999999999, "braking_intensity": 0.0, "is_braking": false}}, {"type": "Feature", "geometry": {"type": "LineString", "coordinates": [[4.8634132, 52.356252], [4.8635294, 52.3562483]]}, "properties": {"Speed": 28.7, "road_quality": 3, "marker": 6, "trip_id": "NORMA_Trip1", "hrot_diff": 1, "sample_diff": 7, "time_diff_s": 0.14, "gps_distance_m": 7.9, "original_speed": "-1", "wheel_diameter_mm": 711.1999999999999, "braking_intensity": 0.0, "is_braking": false}}, {"type": "Feature", "geometry": {"type": "LineString", "coordinates": [[4.8635294, 52.3562483], [4.8636438, 52.3562463]]}, "properties": {"Speed": 20.1, "road_quality": 3, "marker": 6, "trip_id": "NORMA_Trip1", "hrot_diff": 1, "sample_diff": 10, "time_diff_s": 0.2, "gps_distance_m": 7.8, "original_speed": "-1", "wheel_diameter_mm": 711.1999999999999, "braking_intensity": 0.0, "is_braking": false}}, {"type": "Feature", "geometry": {"type": "LineString", "coordinates": [[4.8636438, 52.3562463], [4.8637423, 52.3562431]]}, "properties": {"Speed": 33.5, "road_quality": 3, "marker": 6, "trip_id": "NORMA_Trip1", "hrot_diff": 1, "sample_diff": 6, "time_diff_s": 0.12, "gps_distance_m": 6.7, "original_speed": "-1", "wheel_diameter_mm": 711.1999999999999, "braking_intensity": 0.0, "is_braking": false}}, {"type": "Feature", "geometry": {"type": "LineString", "coordinates": [[4.8637423, 52.3562431], [4.8638402, 52.3562418]]}, "properties": {"Speed": 25.1, "road_quality": 3, "marker": 7, "trip_id": "NORMA_Trip1", "hrot_diff": 1, "sample_diff": 8, "time_diff_s": 0.16, "gps_distance_m": 6.7, "original_speed": "3500", "wheel_diameter_mm": 711.1999999999999, "braking_intensity": 0.0, "is_braking": false}}, {"type": "Feature", "geometry": {"type": "LineString", "coordinates": [[4.8638402, 52.3562418], [4.8639425, 52.3562344]]}, "properties": {"Speed": 20.1, "road_quality": 3, "marker": 7, "trip_id": "NORMA_Trip1", "hrot_diff": 1, "sample_diff": 10, "time_diff_s": 0.2, "gps_distance_m": 7.0, "original_speed": "3669", "wheel_diameter_mm": 711.1999999999999, "braking_intensity": 0.0, "is_braking": false}}, {"type": "Feature", "geometry": {"type": "LineString", "coordinates": [[4.8639425, 52.3562344], [4.8640619, 52.3562319]]}, "properties": {"Speed": 33.5, "road_quality": 2, "marker": 7, "trip_id": "NORMA_Trip1", "hrot_diff": 1, "sample_diff": 6, "time_diff_s": 0.12, "gps_distance_m": 8.1, "original_speed": "3398", "wheel_diameter_mm": 711.1999999999999, "braking_intensity": 0.0, "is_braking": false}}, {"type": "Feature", "geometry": {"type": "LineString", "coordinates": [[4.8640619, 52.3562319], [4.8641582, 52.3562349]]}, "properties": {"Speed": 9.1, "road_quality": 3, "marker": 7, "trip_id": "NORMA_Trip1", "hrot_diff": 1, "sample_diff": 22, "time_diff_s": 0.44, "gps_distance_m": 6.5, "original_speed": "2608", "wheel_diameter_mm": 711.1999999999999, "braking_intensity": 0.0, "is_braking": false}}, {"type": "Feature", "geometry": {"type": "LineString", "coordinates": [[4.8641582, 52.3562349], [4.8642537, 52.356245]]}, "properties": {"Speed": 40, "road_quality": 3, "marker": 6, "trip_id": "NORMA_Trip1", "hrot_diff": 1, "sample_diff": 4, "time_diff_s": 0.08, "gps_distance_m": 6.6, "original_speed": "-1", "wheel_diameter_mm": 711.1999999999999, "braking_intensity": 0.0, "is_braking": false}}, {"type": "Feature", "geometry": {"type": "LineString", "coordinates": [[4.8642537, 52.356245], [4.8643571, 52.3562426]]}, "properties": {"Speed": 22.3, "road_quality": 3, "marker": 6, "trip_id": "NORMA_Trip1", "hrot_diff": 1, "sample_diff": 9, "time_diff_s": 0.18, "gps_distance_m": 7.0, "original_speed": "-1", "wheel_diameter_mm": 711.1999999999999, "braking_intensity": 0.0, "is_braking": false}}, {"type": "Feature", "geometry": {"type": "LineString", "coordinates": [[4.864458, 52.3562415], [4.8645699, 52.3562469]]}, "properties": {"Speed": 40, "road_quality": 3, "marker": 6, "trip_id": "NORMA_Trip1", "hrot_diff": 1, "sample_diff": 5, "time_diff_s": 0.1, "gps_distance_m": 7.6, "original_speed": "-1", "wheel_diameter_mm": 711.1999999999999, "braking_intensity": 0.0, "is_braking": false}}, {"type": "Feature", "geometry": {"type": "LineString", "coordinates": [[4.8645699, 52.3562469], [4.8646841, 52.3562486]]}, "properties": {"Speed": 25.1, "road_quality": 3, "marker": 6, "trip_id": "NORMA_Trip1", "hrot_diff": 1, "sample_diff": 8, "time_diff_s": 0.16, "gps_distance_m": 7.8, "original_speed": "-1", "wheel_diameter_mm": 711.1999999999999, "braking_intensity": 0.0, "is_braking": false}}, {"type": "Feature", "geometry": {"type": "LineString", "coordinates": [[4.8646841, 52.3562486], [4.8647939, 52.3562501]]}, "properties": {"Speed": 20.1, "road_quality": 3, "marker": 7, "trip_id": "NORMA_Trip1", "hrot_diff": 1, "sample_diff": 10, "time_diff_s": 0.2, "gps_distance_m": 7.5, "original_speed": "4245", "wheel_diameter_mm": 711.1999999999999, "braking_intensity": 0.0, "is_braking": false}}, {"type": "Feature", "geometry": {"type": "LineString", "coordinates": [[4.8647939, 52.3562501], [4.8649008, 52.3562533]]}, "properties": {"Speed": 22.3, "road_quality": 3, "marker": 7, "trip_id": "NORMA_Trip1", "hrot_diff": 1, "sample_diff": 9, "time_diff_s": 0.18, "gps_distance_m": 7.3, "original_speed": "4245", "wheel_diameter_mm": 711.1999999999999, "braking_intensity": 0.0, "is_braking": false}}, {"type": "Feature", "geometry": {"type": "LineString", "coordinates": [[4.8649008, 52.3562533], [4.8649979, 52.3562534]]}, "properties": {"Speed": 40, "road_quality": 3, "marker": 7, "trip_id": "NORMA_Trip1", "hrot_diff": 1, "sample_diff": 5, "time_diff_s": 0.1, "gps_distance_m": 6.6, "original_speed": "3333", "wheel_diameter_mm": 711.1999999999999, "braking_intensity": 0.0, "is_braking": false}}, {"type": "Feature", "geometry": {"type": "LineString", "coordinates": [[4.8649979, 52.3562534], [4.8650963, 52.3562582]]}, "properties": {"Speed": 20.1, "road_quality": 3, "marker": 7, "trip_id": "NORMA_Trip1", "hrot_diff": 1, "sample_diff": 10, "time_diff_s": 0.2, "gps_distance_m": 6.7, "original_speed": "3153", "wheel_diameter_mm": 711.1999999999999, "braking_intensity": 0.0, "is_braking": false}}, {"type": "Feature", "geometry": {"type": "LineString", "coordinates": [[4.865151, 52.3562624], [4.8652311, 52.3562678]]}, "properties": {"Speed": 22.3, "road_quality": 3, "marker": 6, "trip_id": "NORMA_Trip1", "hrot_diff": 1, "sample_diff": 9, "time_diff_s": 0.18, "gps_distance_m": 5.5, "original_speed": "-1", "wheel_diameter_mm": 711.1999999999999, "braking_intensity": 0.0, "is_braking": false}}, {"type": "Feature", "geometry": {"type": "LineString", "coordinates": [[4.8654202, 52.3562833], [4.8655162, 52.3562898]]}, "properties": {"Speed": 20.1, "road_quality": 3, "marker": 7, "trip_id": "NORMA_Trip1", "hrot_diff": 1, "sample_diff": 10, "time_diff_s": 0.2, "gps_distance_m": 6.6, "original_speed": "2293", "wheel_diameter_mm": 711.1999999999999, "braking_intensity": 0.0, "is_braking": false}}, {"type": "Feature", "geometry": {"type": "LineString", "coordinates": [[4.8655162, 52.3562898], [4.8656174, 52.3562976]]}, "properties": {"Speed": 18.3, "road_quality": 3, "marker": 6, "trip_id": "NORMA_Trip1", "hrot_diff": 1, "sample_diff": 11, "time_diff_s": 0.22, "gps_distance_m": 6.9, "original_speed": "-1", "wheel_diameter_mm": 711.1999999999999, "braking_intensity": 0.0, "is_braking": false}}, {"type": "Feature", "geometry": {"type": "LineString", "coordinates": [[4.8658294, 52.3563182], [4.8659246, 52.3563258]]}, "properties": {"Speed": 40, "road_quality": 3, "marker": 6, "trip_id": "NORMA_Trip1", "hrot_diff": 1, "sample_diff": 5, "time_diff_s": 0.1, "gps_distance_m": 6.5, "original_speed": "-1", "wheel_diameter_mm": 711.1999999999999, "braking_intensity": 0.0, "is_braking": false}}, {"type": "Feature", "geometry": {"type": "LineString", "coordinates": [[4.8659246, 52.3563258], [4.8660211, 52.3563398]]}, "properties": {"Speed": 25.1, "road_quality": 3, "marker": 7, "trip_id": "NORMA_Trip1", "hrot_diff": 1, "sample_diff": 8, "time_diff_s": 0.16, "gps_distance_m": 6.7, "original_speed": "3240", "wheel_diameter_mm": 711.1999999999999, "braking_intensity": 0.0, "is_braking": false}}, {"type": "Feature", "geometry": {"type": "LineString", "coordinates": [[4.8660211, 52.3563398], [4.8661246, 52.3563525]]}, "properties": {"Speed": 16.8, "road_quality": 3, "marker": 7, "trip_id": "NORMA_Trip1", "hrot_diff": 1, "sample_diff": 12, "time_diff_s": 0.24, "gps_distance_m": 7.2, "original_speed": "3153", "wheel_diameter_mm": 711.1999999999999, "braking_intensity": 0.0, "is_braking": false}}, {"type": "Feature", "geometry": {"type": "LineString", "coordinates": [[4.8661246, 52.3563525], [4.8662135, 52.3563642]]}, "properties": {"Speed": 25.1, "road_quality": 3, "marker": 7, "trip_id": "NORMA_Trip1", "hrot_diff": 1, "sample_diff": 8, "time_diff_s": 0.16, "gps_distance_m": 6.2, "original_speed": "3043", "wheel_diameter_mm": 711.1999999999999, "braking_intensity": 0.0, "is_braking": false}}, {"type": "Feature", "geometry": {"type": "LineString", "coordinates": [[4.8662135, 52.3563642], [4.8663032, 52.356382]]}, "properties": {"Speed": 8.4, "road_quality": 3, "marker": 7, "trip_id": "NORMA_Trip1", "hrot_diff": 1, "sample_diff": 24, "time_diff_s": 0.48, "gps_distance_m": 6.4, "original_speed": "2272", "wheel_diameter_mm": 711.1999999999999, "braking_intensity": 0.0, "is_braking": false}}, {"type": "Feature", "geometry": {"type": "LineString", "coordinates": [[4.8663032, 52.356382], [4.8663933, 52.3564045]]}, "properties": {"Speed": 33.5, "road_quality": 3, "marker": 6, "trip_id": "NORMA_Trip1", "hrot_diff": 1, "sample_diff": 6, "time_diff_s": 0.12, "gps_distance_m": 6.6, "original_speed": "-1", "wheel_diameter_mm": 711.1999999999999, "braking_intensity": 0.0, "is_braking": false}}, {"type": "Feature", "geometry": {"type": "LineString", "coordinates": [[4.8663933, 52.3564045], [4.8664738, 52.3564302]]}, "properties": {"Speed": 9.1, "road_quality": 3, "marker": 7, "trip_id": "NORMA_Trip1", "hrot_diff": 1, "sample_diff": 22, "time_diff_s": 0.44, "gps_distance_m": 6.2, "original_speed": "3181", "wheel_diameter_mm": 711.1999999999999, "braking_intensity": 0.0, "is_braking": false}}, {"type": "Feature", "geometry": {"type": "LineString", "coordinates": [[4.8664738, 52.3564302], [4.8665528, 52.3564617]]}, "properties": {"Speed": 22.3, "road_quality": 3, "marker": 6, "trip_id": "NORMA_Trip1", "hrot_diff": 1, "sample_diff": 9, "time_diff_s": 0.18, "gps_distance_m": 6.4, "original_speed": "-1", "wheel_diameter_mm": 711.1999999999999, "braking_intensity": 0.0, "is_braking": false}}, {"type": "Feature", "geometry": {"type": "LineString", "coordinates": [[4.8665528, 52.3564617], [4.8666321, 52.3564852]]}, "properties": {"Speed": 40, "road_quality": 3, "marker": 6, "trip_id": "NORMA_Trip1", "hrot_diff": 1, "sample_diff": 4, "time_diff_s": 0.08, "gps_distance_m": 6.0, "original_speed": "-1", "wheel_diameter_mm": 711.1999999999999, "braking_intensity": 0.0, "is_braking": false}}, {"type": "Feature", "geometry": {"type": "LineString", "coordinates": [[4.8666321, 52.3564852], [4.866706, 52.3565037]]}, "properties": {"Speed": 28.7, "road_quality": 3, "marker": 7, "trip_id": "NORMA_Trip1", "hrot_diff": 1, "sample_diff": 7, "time_diff_s": 0.14, "gps_distance_m": 5.4, "original_speed": "3465", "wheel_diameter_mm": 711.1999999999999, "braking_intensity": 0.0, "is_braking": false}}, {"type": "Feature", "geometry": {"type": "LineString", "coordinates": [[4.866706, 52.3565037], [4.866797, 52.3565318]]}, "properties": {"Speed": 28.7, "road_quality": 3, "marker": 6, "trip_id": "NORMA_Trip1", "hrot_diff": 1, "sample_diff": 7, "time_diff_s": 0.14, "gps_distance_m": 6.9, "original_speed": "-1", "wheel_diameter_mm": 711.1999999999999, "braking_intensity": 0.0, "is_braking": false}}, {"type": "Feature", "geometry": {"type": "LineString", "coordinates": [[4.866797, 52.3565318], [4.8669067, 52.3565643]]}, "properties": {"Speed": 25.1, "road_quality": 3, "marker": 6, "trip_id": "NORMA_Trip1", "hrot_diff": 1, "sample_diff": 8, "time_diff_s": 0.16, "gps_distance_m": 8.3, "original_speed": "-1", "wheel_diameter_mm": 711.1999999999999, "braking_intensity": 0.0, "is_braking": false}}, {"type": "Feature", "geometry": {"type": "LineString", "coordinates": [[4.8669067, 52.3565643], [4.867007, 52.3565941]]}, "properties": {"Speed": 20.1, "road_quality": 3, "marker": 7, "trip_id": "NORMA_Trip1", "hrot_diff": 1, "sample_diff": 10, "time_diff_s": 0.2, "gps_distance_m": 7.6, "original_speed": "3240", "wheel_diameter_mm": 711.1999999999999, "braking_intensity": 0.0, "is_braking": false}}, {"type": "Feature", "geometry": {"type": "LineString", "coordinates": [[4.867007, 52.3565941], [4.8670986, 52.3566243]]}, "properties": {"Speed": 25.1, "road_quality": 3, "marker": 7, "trip_id": "NORMA_Trip1", "hrot_diff": 1, "sample_diff": 8, "time_diff_s": 0.16, "gps_distance_m": 7.1, "original_speed": "2970", "wheel_diameter_mm": 711.1999999999999, "braking_intensity": 0.0, "is_braking": false}}, {"type": "Feature", "geometry": {"type": "LineString", "coordinates": [[4.8670986, 52.3566243], [4.8671902, 52.3566565]]}, "properties": {"Speed": 28.7, "road_quality": 3, "marker": 6, "trip_id": "NORMA_Trip1", "hrot_diff": 1, "sample_diff": 7, "time_diff_s": 0.14, "gps_distance_m": 7.2, "original_speed": "-1", "wheel_diameter_mm": 711.1999999999999, "braking_intensity": 0.0, "is_braking": false}}, {"type": "Feature", "geometry": {"type": "LineString", "coordinates": [[4.8671902, 52.3566565], [4.8672692, 52.3566833]]}, "properties": {"Speed": 25.1, "road_quality": 3, "marker": 6, "trip_id": "NORMA_Trip1", "hrot_diff": 1, "sample_diff": 8, "time_diff_s": 0.16, "gps_distance_m": 6.1, "original_speed": "-1", "wheel_diameter_mm": 711.1999999999999, "braking_intensity": 0.0, "is_braking": false}}, {"type": "Feature", "geometry": {"type": "LineString", "coordinates": [[4.8672692, 52.3566833], [4.8673565, 52.3567076]]}, "properties": {"Speed": 8.7, "road_quality": 3, "marker": 7, "trip_id": "NORMA_Trip1", "hrot_diff": 1, "sample_diff": 23, "time_diff_s": 0.46, "gps_distance_m": 6.5, "original_speed": "3465", "wheel_diameter_mm": 711.1999999999999, "braking_intensity": 0.0, "is_braking": false}}, {"type": "Feature", "geometry": {"type": "LineString", "coordinates": [[4.8673565, 52.3567076], [4.8674495, 52.3567365]]}, "properties": {"Speed": 25.1, "road_quality": 3, "marker": 6, "trip_id": "NORMA_Trip1", "hrot_diff": 1, "sample_diff": 8, "time_diff_s": 0.16, "gps_distance_m": 7.1, "original_speed": "-1", "wheel_diameter_mm": 711.1999999999999, "braking_intensity": 0.0, "is_braking": false}}, {"type": "Feature", "geometry": {"type": "LineString", "coordinates": [[4.8675581, 52.3567682], [4.867633, 52.3567873]]}, "properties": {"Speed": 22.3, "road_quality": 3, "marker": 7, "trip_id": "NORMA_Trip1", "hrot_diff": 1, "sample_diff": 9, "time_diff_s": 0.18, "gps_distance_m": 5.5, "original_speed": "2803", "wheel_diameter_mm": 711.1999999999999, "braking_intensity": 0.0, "is_braking": false}}, {"type": "Feature", "geometry": {"type": "LineString", "coordinates": [[4.867633, 52.3567873], [4.8677215, 52.3568118]]}, "properties": {"Speed": 7.7, "road_quality": 3, "marker": 7, "trip_id": "NORMA_Trip1", "hrot_diff": 1, "sample_diff": 26, "time_diff_s": 0.52, "gps_distance_m": 6.6, "original_speed": "2380", "wheel_diameter_mm": 711.1999999999999, "braking_intensity": 0.0, "is_braking": false}}, {"type": "Feature", "geometry": {"type": "LineString", "coordinates": [[4.8677215, 52.3568118], [4.8677969, 52.3568272]]}, "properties": {"Speed": 20.1, "road_quality": 3, "marker": 6, "trip_id": "NORMA_Trip1", "hrot_diff": 1, "sample_diff": 10, "time_diff_s": 0.2, "gps_distance_m": 5.4, "original_speed": "-1", "wheel_diameter_mm": 711.1999999999999, "braking_intensity": 0.0, "is_braking": false}}, {"type": "Feature", "geometry": {"type": "LineString", "coordinates": [[4.8677969, 52.3568272], [4.8678813, 52.3568474]]}, "properties": {"Speed": 20.5, "road_quality": 3, "marker": 6, "trip_id": "NORMA_Trip1", "hrot_diff": 1, "sample_diff": 10, "time_diff_s": 0.196, "gps_distance_m": 6.2, "original_speed": "-1", "wheel_diameter_mm": 711.1999999999999, "braking_intensity": 0.0, "is_braking": false}}, {"type": "Feature", "geometry": {"type": "LineString", "coordinates": [[4.8679615, 52.3568729], [4.8680378, 52.3568972]]}, "properties": {"Speed": 18.3, "road_quality": 3, "marker": 6, "trip_id": "NORMA_Trip1", "hrot_diff": 1, "sample_diff": 11, "time_diff_s": 0.22, "gps_distance_m": 5.8, "original_speed": "-1", "wheel_diameter_mm": 711.1999999999999, "braking_intensity": 0.0, "is_braking": false}}, {"type": "Feature", "geometry": {"type": "LineString", "coordinates": [[4.8680378, 52.3568972], [4.8681137, 52.3569247]]}, "properties": {"Speed": 40, "road_quality": 3, "marker": 6, "trip_id": "NORMA_Trip1", "hrot_diff": 1, "sample_diff": 5, "time_diff_s": 0.1, "gps_distance_m": 6.0, "original_speed": "-1", "wheel_diameter_mm": 711.1999999999999, "braking_intensity": 0.0, "is_braking": false}}, {"type": "Feature", "geometry": {"type": "LineString", "coordinates": [[4.8681954, 52.3569463], [4.8682802, 52.3569783]]}, "properties": {"Speed": 25.1, "road_quality": 3, "marker": 6, "trip_id": "NORMA_Trip1", "hrot_diff": 1, "sample_diff": 8, "time_diff_s": 0.16, "gps_distance_m": 6.8, "original_speed": "-1", "wheel_diameter_mm": 711.1999999999999, "braking_intensity": 0.0, "is_braking": false}}, {"type": "Feature", "geometry": {"type": "LineString", "coordinates": [[4.8682802, 52.3569783], [4.8684328, 52.3570359]]}, "properties": {"Speed": 9.6, "road_quality": 3, "marker": 7, "trip_id": "NORMA_Trip1", "hrot_diff": 1, "sample_diff": 21, "time_diff_s": 0.42, "gps_distance_m": 12.2, "original_speed": "2232", "wheel_diameter_mm": 711.1999999999999, "braking_intensity": 0.0, "is_braking": false}}, {"type": "Feature", "geometry": {"type": "LineString", "coordinates": [[4.8684328, 52.3570359], [4.8684916, 52.3570668]]}, "properties": {"Speed": 25.1, "road_quality": 3, "marker": 6, "trip_id": "NORMA_Trip1", "hrot_diff": 1, "sample_diff": 8, "time_diff_s": 0.16, "gps_distance_m": 5.3, "original_speed": "-1", "wheel_diameter_mm": 711.1999999999999, "braking_intensity": 0.0, "is_braking": false}}, {"type": "Feature", "geometry": {"type": "LineString", "coordinates": [[4.8684916, 52.3570668], [4.8685792, 52.3571082]]}, "properties": {"Speed": 15.5, "road_quality": 3, "marker": 6, "trip_id": "NORMA_Trip1", "hrot_diff": 1, "sample_diff": 13, "time_diff_s": 0.26, "gps_distance_m": 7.5, "original_speed": "-1", "wheel_diameter_mm": 711.1999999999999, "braking_intensity": 0.0, "is_braking": false}}, {"type": "Feature", "geometry": {"type": "LineString", "coordinates": [[4.8685792, 52.3571082], [4.8686431, 52.3571355]]}, "properties": {"Speed": 22.3, "road_quality": 3, "marker": 7, "trip_id": "NORMA_Trip1", "hrot_diff": 1, "sample_diff": 9, "time_diff_s": 0.18, "gps_distance_m": 5.3, "original_speed": "3181", "wheel_diameter_mm": 711.1999999999999, "braking_intensity": 0.0, "is_braking": false}}, {"type": "Feature", "geometry": {"type": "LineString", "coordinates": [[4.8686431, 52.3571355], [4.8687181, 52.3571713]]}, "properties": {"Speed": 25.1, "road_quality": 3, "marker": 7, "trip_id": "NORMA_Trip1", "hrot_diff": 1, "sample_diff": 8, "time_diff_s": 0.16, "gps_distance_m": 6.5, "original_speed": "3017", "wheel_diameter_mm": 711.1999999999999, "braking_intensity": 0.0, "is_braking": false}}, {"type": "Feature", "geometry": {"type": "LineString", "coordinates": [[4.8687181, 52.3571713], [4.8687829, 52.3572065]]}, "properties": {"Speed": 18.3, "road_quality": 3, "marker": 7, "trip_id": "NORMA_Trip1", "hrot_diff": 1, "sample_diff": 11, "time_diff_s": 0.22, "gps_distance_m": 5.9, "original_speed": "3000", "wheel_diameter_mm": 711.1999999999999, "braking_intensity": 0.0, "is_braking": false}}, {"type": "Feature", "geometry": {"type": "LineString", "coordinates": [[4.8688531, 52.3572461], [4.8689216, 52.3572794]]}, "properties": {"Speed": 25.1, "road_quality": 3, "marker": 7, "trip_id": "NORMA_Trip1", "hrot_diff": 1, "sample_diff": 8, "time_diff_s": 0.16, "gps_distance_m": 5.9, "original_speed": "2912", "wheel_diameter_mm": 711.1999999999999, "braking_intensity": 0.0, "is_braking": false}}, {"type": "Feature", "geometry": {"type": "LineString", "coordinates": [[4.8689216, 52.3572794], [4.8689821, 52.3573059]]}, "properties": {"Speed": 33.5, "road_quality": 3, "marker": 7, "trip_id": "NORMA_Trip1", "hrot_diff": 1, "sample_diff": 6, "time_diff_s": 0.12, "gps_distance_m": 5.1, "original_speed": "2912", "wheel_diameter_mm": 711.1999999999999, "braking_intensity": 0.0, "is_braking": false}}, {"type": "Feature", "geometry": {"type": "LineString", "coordinates": [[4.8690613, 52.3573414], [4.8691401, 52.3573776]]}, "properties": {"Speed": 15.5, "road_quality": 3, "marker": 6, "trip_id": "NORMA_Trip1", "hrot_diff": 1, "sample_diff": 13, "time_diff_s": 0.26, "gps_distance_m": 6.7, "original_speed": "-1", "wheel_diameter_mm": 711.1999999999999, "braking_intensity": 0.0, "is_braking": false}}, {"type": "Feature", "geometry": {"type": "LineString", "coordinates": [[4.8691401, 52.3573776], [4.8692223, 52.3574107]]}, "properties": {"Speed": 22.3, "road_quality": 3, "marker": 6, "trip_id": "NORMA_Trip1", "hrot_diff": 1, "sample_diff": 9, "time_diff_s": 0.18, "gps_distance_m": 6.7, "original_speed": "-1", "wheel_diameter_mm": 711.1999999999999, "braking_intensity": 0.0, "is_braking": false}}, {"type": "Feature", "geometry": {"type": "LineString", "coordinates": [[4.8692223, 52.3574107], [4.8693098, 52.3574366]]}, "properties": {"Speed": 20.1, "road_quality": 3, "marker": 7, "trip_id": "NORMA_Trip1", "hrot_diff": 1, "sample_diff": 10, "time_diff_s": 0.2, "gps_distance_m": 6.6, "original_speed": "2830", "wheel_diameter_mm": 711.1999999999999, "braking_intensity": 0.0, "is_braking": false}}, {"type": "Feature", "geometry": {"type": "LineString", "coordinates": [[4.8693996, 52.3574509], [4.8695053, 52.3574613]]}, "properties": {"Speed": 8.7, "road_quality": 3, "marker": 7, "trip_id": "NORMA_Trip1", "hrot_diff": 1, "sample_diff": 23, "time_diff_s": 0.46, "gps_distance_m": 7.3, "original_speed": "2173", "wheel_diameter_mm": 711.1999999999999, "braking_intensity": 0.0, "is_braking": false}}, {"type": "Feature", "geometry": {"type": "LineString", "coordinates": [[4.8695053, 52.3574613], [4.86961, 52.3574662]]}, "properties": {"Speed": 22.3, "road_quality": 3, "marker": 6, "trip_id": "NORMA_Trip1", "hrot_diff": 1, "sample_diff": 9, "time_diff_s": 0.18, "gps_distance_m": 7.1, "original_speed": "-1", "wheel_diameter_mm": 711.1999999999999, "braking_intensity": 0.0, "is_braking": false}}, {"type": "Feature", "geometry": {"type": "LineString", "coordinates": [[4.86961, 52.3574662], [4.8697249, 52.357472]]}, "properties": {"Speed": 9.6, "road_quality": 3, "marker": 6, "trip_id": "NORMA_Trip1", "hrot_diff": 1, "sample_diff": 21, "time_diff_s": 0.42, "gps_distance_m": 7.8, "original_speed": "-1", "wheel_diameter_mm": 711.1999999999999, "braking_intensity": 0.0, "is_braking": false}}, {"type": "Feature", "geometry": {"type": "LineString", "coordinates": [[4.8697249, 52.357472], [4.8698376, 52.3574721]]}, "properties": {"Speed": 25.1, "road_quality": 3, "marker": 6, "trip_id": "NORMA_Trip1", "hrot_diff": 1, "sample_diff": 8, "time_diff_s": 0.16, "gps_distance_m": 7.7, "original_speed": "-1", "wheel_diameter_mm": 711.1999999999999, "braking_intensity": 0.0, "is_braking": false}}, {"type": "Feature", "geometry": {"type": "LineString", "coordinates": [[4.8698376, 52.3574721], [4.8699472, 52.3574713]]}, "properties": {"Speed": 22.3, "road_quality": 3, "marker": 6, "trip_id": "NORMA_Trip1", "hrot_diff": 1, "sample_diff": 9, "time_diff_s": 0.18, "gps_distance_m": 7.4, "original_speed": "-1", "wheel_diameter_mm": 711.1999999999999, "braking_intensity": 0.0, "is_braking": false}}, {"type": "Feature", "geometry": {"type": "LineString", "coordinates": [[4.8699472, 52.3574713], [4.8700538, 52.3574758]]}, "properties": {"Speed": 20.1, "road_quality": 3, "marker": 7, "trip_id": "NORMA_Trip1", "hrot_diff": 1, "sample_diff": 10, "time_diff_s": 0.2, "gps_distance_m": 7.3, "original_speed": "3301", "wheel_diameter_mm": 711.1999999999999, "braking_intensity": 0.0, "is_braking": false}}, {"type": "Feature", "geometry": {"type": "LineString", "coordinates": [[4.8700538, 52.3574758], [4.8701592, 52.3574822]]}, "properties": {"Speed": 40, "road_quality": 3, "marker": 7, "trip_id": "NORMA_Trip1", "hrot_diff": 1, "sample_diff": 5, "time_diff_s": 0.1, "gps_distance_m": 7.2, "original_speed": "3181", "wheel_diameter_mm": 711.1999999999999, "braking_intensity": 0.0, "is_braking": false}}, {"type": "Feature", "geometry": {"type": "LineString", "coordinates": [[4.8701592, 52.3574822], [4.870251, 52.3574896]]}, "properties": {"Speed": 20.1, "road_quality": 3, "marker": 7, "trip_id": "NORMA_Trip1", "hrot_diff": 1, "sample_diff": 10, "time_diff_s": 0.2, "gps_distance_m": 6.3, "original_speed": "3431", "wheel_diameter_mm": 711.1999999999999, "braking_intensity": 0.0, "is_braking": false}}, {"type": "Feature", "geometry": {"type": "LineString", "coordinates": [[4.870251, 52.3574896], [4.8703519, 52.3575008]]}, "properties": {"Speed": 25.1, "road_quality": 3, "marker": 7, "trip_id": "NORMA_Trip1", "hrot_diff": 1, "sample_diff": 8, "time_diff_s": 0.16, "gps_distance_m": 7.0, "original_speed": "3211", "wheel_diameter_mm": 711.1999999999999, "braking_intensity": 0.0, "is_braking": false}}, {"type": "Feature", "geometry": {"type": "LineString", "coordinates": [[4.8704511, 52.3575098], [4.8705461, 52.357518]]}, "properties": {"Speed": 22.3, "road_quality": 3, "marker": 6, "trip_id": "NORMA_Trip1", "hrot_diff": 1, "sample_diff": 9, "time_diff_s": 0.18, "gps_distance_m": 6.5, "original_speed": "-1", "wheel_diameter_mm": 711.1999999999999, "braking_intensity": 0.0, "is_braking": false}}, {"type": "Feature", "geometry": {"type": "LineString", "coordinates": [[4.8705461, 52.357518], [4.8706538, 52.3575383]]}, "properties": {"Speed": 33.5, "road_quality": 3, "marker": 7, "trip_id": "NORMA_Trip1", "hrot_diff": 1, "sample_diff": 6, "time_diff_s": 0.12, "gps_distance_m": 7.7, "original_speed": "3181", "wheel_diameter_mm": 711.1999999999999, "braking_intensity": 0.0, "is_braking": false}}, {"type": "Feature", "geometry": {"type": "LineString", "coordinates": [[4.8706538, 52.3575383], [4.8707425, 52.3575702]]}, "properties": {"Speed": 25.1, "road_quality": 3, "marker": 7, "trip_id": "NORMA_Trip1", "hrot_diff": 1, "sample_diff": 8, "time_diff_s": 0.16, "gps_distance_m": 7.0, "original_speed": "3365", "wheel_diameter_mm": 711.1999999999999, "braking_intensity": 0.0, "is_braking": false}}, {"type": "Feature", "geometry": {"type": "LineString", "coordinates": [[4.8707425, 52.3575702], [4.8708205, 52.3575991]]}, "properties": {"Speed": 25.1, "road_quality": 3, "marker": 7, "trip_id": "NORMA_Trip1", "hrot_diff": 1, "sample_diff": 8, "time_diff_s": 0.16, "gps_distance_m": 6.2, "original_speed": "3153", "wheel_diameter_mm": 711.1999999999999, "braking_intensity": 0.0, "is_braking": false}}, {"type": "Feature", "geometry": {"type": "LineString", "coordinates": [[4.8708205, 52.3575991], [4.8709072, 52.3576292]]}, "properties": {"Speed": 33.5, "road_quality": 3, "marker": 7, "trip_id": "NORMA_Trip1", "hrot_diff": 1, "sample_diff": 6, "time_diff_s": 0.12, "gps_distance_m": 6.8, "original_speed": "3240", "wheel_diameter_mm": 711.1999999999999, "braking_intensity": 0.0, "is_braking": false}}, {"type": "Feature", "geometry": {"type": "LineString", "coordinates": [[4.8709072, 52.3576292], [4.8709985, 52.3576666]]}, "properties": {"Speed": 22.3, "road_quality": 3, "marker": 7, "trip_id": "NORMA_Trip1", "hrot_diff": 1, "sample_diff": 9, "time_diff_s": 0.18, "gps_distance_m": 7.5, "original_speed": "3500", "wheel_diameter_mm": 711.1999999999999, "braking_intensity": 0.0, "is_braking": false}}, {"type": "Feature", "geometry": {"type": "LineString", "coordinates": [[4.8709985, 52.3576666], [4.8710817, 52.3577014]]}, "properties": {"Speed": 28.7, "road_quality": 3, "marker": 7, "trip_id": "NORMA_Trip1", "hrot_diff": 1, "sample_diff": 7, "time_diff_s": 0.14, "gps_distance_m": 6.8, "original_speed": "3398", "wheel_diameter_mm": 711.1999999999999, "braking_intensity": 0.0, "is_braking": false}}, {"type": "Feature", "geometry": {"type": "LineString", "coordinates": [[4.8710817, 52.3577014], [4.8711927, 52.3577489]]}, "properties": {"Speed": 33.5, "road_quality": 3, "marker": 7, "trip_id": "NORMA_Trip1", "hrot_diff": 1, "sample_diff": 6, "time_diff_s": 0.12, "gps_distance_m": 9.2, "original_speed": "3431", "wheel_diameter_mm": 711.1999999999999, "braking_intensity": 0.0, "is_braking": false}}, {"type": "Feature", "geometry": {"type": "LineString", "coordinates": [[4.8711927, 52.3577489], [4.8712826, 52.357791]]}, "properties": {"Speed": 33.5, "road_quality": 3, "marker": 7, "trip_id": "NORMA_Trip1", "hrot_diff": 1, "sample_diff": 6, "time_diff_s": 0.12, "gps_distance_m": 7.7, "original_speed": "3398", "wheel_diameter_mm": 711.1999999999999, "braking_intensity": 0.0, "is_braking": false}}, {"type": "Feature", "geometry": {"type": "LineString", "coordinates": [[4.8712826, 52.357791], [4.8713707, 52.3578264]]}, "properties": {"Speed": 10.1, "road_quality": 3, "marker": 7, "trip_id": "NORMA_Trip1", "hrot_diff": 1, "sample_diff": 20, "time_diff_s": 0.4, "gps_distance_m": 7.2, "original_speed": "3333", "wheel_diameter_mm": 711.1999999999999, "braking_intensity": 0.0, "is_braking": false}}, {"type": "Feature", "geometry": {"type": "LineString", "coordinates": [[4.8713707, 52.3578264], [4.871454, 52.3578646]]}, "properties": {"Speed": 25.1, "road_quality": 3, "marker": 6, "trip_id": "NORMA_Trip1", "hrot_diff": 1, "sample_diff": 8, "time_diff_s": 0.16, "gps_distance_m": 7.1, "original_speed": "-1", "wheel_diameter_mm": 711.1999999999999, "braking_intensity": 0.0, "is_braking": false}}, {"type": "Feature", "geometry": {"type": "LineString", "coordinates": [[4.871454, 52.3578646], [4.8715416, 52.3579065]]}, "properties": {"Speed": 28.7, "road_quality": 3, "marker": 6, "trip_id": "NORMA_Trip1", "hrot_diff": 1, "sample_diff": 7, "time_diff_s": 0.14, "gps_distance_m": 7.6, "original_speed": "-1", "wheel_diameter_mm": 711.1999999999999, "braking_intensity": 0.0, "is_braking": false}}, {"type": "Feature", "geometry": {"type": "LineString", "coordinates": [[4.8715416, 52.3579065], [4.8716241, 52.3579444]]}, "properties": {"Speed": 22.3, "road_quality": 3, "marker": 7, "trip_id": "NORMA_Trip1", "hrot_diff": 1, "sample_diff": 9, "time_diff_s": 0.18, "gps_distance_m": 7.0, "original_speed": "3500", "wheel_diameter_mm": 711.1999999999999, "braking_intensity": 0.0, "is_braking": false}}, {"type": "Feature", "geometry": {"type": "LineString", "coordinates": [[4.8716241, 52.3579444], [4.8717158, 52.3579766]]}, "properties": {"Speed": 5.6, "road_quality": 3, "marker": 7, "trip_id": "NORMA_Trip1", "hrot_diff": 1, "sample_diff": 36, "time_diff_s": 0.72, "gps_distance_m": 7.2, "original_speed": "3465", "wheel_diameter_mm": 711.1999999999999, "braking_intensity": 0.0, "is_braking": false}}, {"type": "Feature", "geometry": {"type": "LineString", "coordinates": [[4.8717158, 52.3579766], [4.8718087, 52.3580085]]}, "properties": {"Speed": 28.7, "road_quality": 3, "marker": 6, "trip_id": "NORMA_Trip1", "hrot_diff": 1, "sample_diff": 7, "time_diff_s": 0.14, "gps_distance_m": 7.2, "original_speed": "-1", "wheel_diameter_mm": 711.1999999999999, "braking_intensity": 0.0, "is_braking": false}}, {"type": "Feature", "geometry": {"type": "LineString", "coordinates": [[4.8718087, 52.3580085], [4.8719061, 52.3580417]]}, "properties": {"Speed": 9.6, "road_quality": 3, "marker": 6, "trip_id": "NORMA_Trip1", "hrot_diff": 1, "sample_diff": 21, "time_diff_s": 0.42, "gps_distance_m": 7.6, "original_speed": "-1", "wheel_diameter_mm": 711.1999999999999, "braking_intensity": 0.0, "is_braking": false}}, {"type": "Feature", "geometry": {"type": "LineString", "coordinates": [[4.8719061, 52.3580417], [4.8720073, 52.3580615]]}, "properties": {"Speed": 22.3, "road_quality": 3, "marker": 7, "trip_id": "NORMA_Trip1", "hrot_diff": 1, "sample_diff": 9, "time_diff_s": 0.18, "gps_distance_m": 7.2, "original_speed": "2564", "wheel_diameter_mm": 711.1999999999999, "braking_intensity": 0.0, "is_braking": false}}, {"type": "Feature", "geometry": {"type": "LineString", "coordinates": [[4.8720073, 52.3580615], [4.8721041, 52.3580786]]}, "properties": {"Speed": 40, "road_quality": 3, "marker": 7, "trip_id": "NORMA_Trip1", "hrot_diff": 1, "sample_diff": 5, "time_diff_s": 0.1, "gps_distance_m": 6.8, "original_speed": "3431", "wheel_diameter_mm": 711.1999999999999, "braking_intensity": 0.0, "is_braking": false}}, {"type": "Feature", "geometry": {"type": "LineString", "coordinates": [[4.8721041, 52.3580786], [4.8722099, 52.3580975]]}, "properties": {"Speed": 33.5, "road_quality": 3, "marker": 7, "trip_id": "NORMA_Trip1", "hrot_diff": 1, "sample_diff": 6, "time_diff_s": 0.12, "gps_distance_m": 7.5, "original_speed": "3539", "wheel_diameter_mm": 711.1999999999999, "braking_intensity": 0.0, "is_braking": false}}, {"type": "Feature", "geometry": {"type": "LineString", "coordinates": [[4.8722099, 52.3580975], [4.8723105, 52.3581121]]}, "properties": {"Speed": 16.8, "road_quality": 3, "marker": 7, "trip_id": "NORMA_Trip1", "hrot_diff": 1, "sample_diff": 12, "time_diff_s": 0.24, "gps_distance_m": 7.0, "original_speed": "3603", "wheel_diameter_mm": 711.1999999999999, "braking_intensity": 0.0, "is_braking": false}}, {"type": "Feature", "geometry": {"type": "LineString", "coordinates": [[4.8723105, 52.3581121], [4.8724244, 52.35812]]}, "properties": {"Speed": 20.1, "road_quality": 3, "marker": 7, "trip_id": "NORMA_Trip1", "hrot_diff": 1, "sample_diff": 10, "time_diff_s": 0.2, "gps_distance_m": 7.8, "original_speed": "3539", "wheel_diameter_mm": 711.1999999999999, "braking_intensity": 0.0, "is_braking": false}}, {"type": "Feature", "geometry": {"type": "LineString", "coordinates": [[4.8726328, 52.3581374], [4.8727369, 52.3581508]]}, "properties": {"Speed": 9.6, "road_quality": 3, "marker": 6, "trip_id": "NORMA_Trip1", "hrot_diff": 1, "sample_diff": 21, "time_diff_s": 0.42, "gps_distance_m": 7.2, "original_speed": "-1", "wheel_diameter_mm": 711.1999999999999, "braking_intensity": 0.0, "is_braking": false}}, {"type": "Feature", "geometry": {"type": "LineString", "coordinates": [[4.8727369, 52.3581508], [4.8728499, 52.3581656]]}, "properties": {"Speed": 25.1, "road_quality": 3, "marker": 7, "trip_id": "NORMA_Trip1", "hrot_diff": 1, "sample_diff": 8, "time_diff_s": 0.16, "gps_distance_m": 7.8, "original_speed": "2970", "wheel_diameter_mm": 711.1999999999999, "braking_intensity": 0.0, "is_braking": false}}, {"type": "Feature", "geometry": {"type": "LineString", "coordinates": [[4.8729527, 52.3581758], [4.8730477, 52.3581895]]}, "properties": {"Speed": 25.1, "road_quality": 3, "marker": 6, "trip_id": "NORMA_Trip1", "hrot_diff": 1, "sample_diff": 8, "time_diff_s": 0.16, "gps_distance_m": 6.6, "original_speed": "-1", "wheel_diameter_mm": 711.1999999999999, "braking_intensity": 0.0, "is_braking": false}}, {"type": "Feature", "geometry": {"type": "LineString", "coordinates": [[4.8730477, 52.3581895], [4.8731366, 52.3582098]]}, "properties": {"Speed": 25.1, "road_quality": 3, "marker": 6, "trip_id": "NORMA_Trip1", "hrot_diff": 1, "sample_diff": 8, "time_diff_s": 0.16, "gps_distance_m": 6.4, "original_speed": "-1", "wheel_diameter_mm": 711.1999999999999, "braking_intensity": 0.0, "is_braking": false}}, {"type": "Feature", "geometry": {"type": "LineString", "coordinates": [[4.8731366, 52.3582098], [4.8732372, 52.3582339]]}, "properties": {"Speed": 11.2, "road_quality": 3, "marker": 7, "trip_id": "NORMA_Trip1", "hrot_diff": 1, "sample_diff": 18, "time_diff_s": 0.36, "gps_distance_m": 7.3, "original_speed": "3571", "wheel_diameter_mm": 711.1999999999999, "braking_intensity": 0.0, "is_braking": false}}, {"type": "Feature", "geometry": {"type": "LineString", "coordinates": [[4.8733311, 52.3582582], [4.873412, 52.3582771]]}, "properties": {"Speed": 22.3, "road_quality": 3, "marker": 6, "trip_id": "NORMA_Trip1", "hrot_diff": 1, "sample_diff": 9, "time_diff_s": 0.18, "gps_distance_m": 5.9, "original_speed": "-1", "wheel_diameter_mm": 711.1999999999999, "braking_intensity": 0.0, "is_braking": false}}, {"type": "Feature", "geometry": {"type": "LineString", "coordinates": [[4.8735129, 52.3583028], [4.8735979, 52.358326]]}, "properties": {"Speed": 8.4, "road_quality": 3, "marker": 6, "trip_id": "NORMA_Trip1", "hrot_diff": 1, "sample_diff": 24, "time_diff_s": 0.48, "gps_distance_m": 6.3, "original_speed": "-1", "wheel_diameter_mm": 711.1999999999999, "braking_intensity": 0.0, "is_braking": false}}, {"type": "Feature", "geometry": {"type": "LineString", "coordinates": [[4.8735979, 52.358326], [4.873684, 52.3583594]]}, "properties": {"Speed": 9.1, "road_quality": 3, "marker": 6, "trip_id": "NORMA_Trip1", "hrot_diff": 1, "sample_diff": 22, "time_diff_s": 0.44, "gps_distance_m": 6.9, "original_speed": "-1", "wheel_diameter_mm": 711.1999999999999, "braking_intensity": 0.0, "is_braking": false}}, {"type": "Feature", "geometry": {"type": "LineString", "coordinates": [[4.873684, 52.3583594], [4.8737653, 52.3583932]]}, "properties": {"Speed": 40, "road_quality": 3, "marker": 6, "trip_id": "NORMA_Trip1", "hrot_diff": 1, "sample_diff": 5, "time_diff_s": 0.1, "gps_distance_m": 6.7, "original_speed": "-1", "wheel_diameter_mm": 711.1999999999999, "braking_intensity": 0.0, "is_braking": false}}, {"type": "Feature", "geometry": {"type": "LineString", "coordinates": [[4.8738451, 52.3584276], [4.8739225, 52.3584648]]}, "properties": {"Speed": 28.7, "road_quality": 3, "marker": 7, "trip_id": "NORMA_Trip1", "hrot_diff": 1, "sample_diff": 7, "time_diff_s": 0.14, "gps_distance_m": 6.7, "original_speed": "3125", "wheel_diameter_mm": 711.1999999999999, "braking_intensity": 0.0, "is_braking": false}}, {"type": "Feature", "geometry": {"type": "LineString", "coordinates": [[4.8739225, 52.3584648], [4.8740086, 52.3585059]]}, "properties": {"Speed": 9.1, "road_quality": 3, "marker": 7, "trip_id": "NORMA_Trip1", "hrot_diff": 1, "sample_diff": 22, "time_diff_s": 0.44, "gps_distance_m": 7.4, "original_speed": "2500", "wheel_diameter_mm": 711.1999999999999, "braking_intensity": 0.0, "is_braking": false}}, {"type": "Feature", "geometry": {"type": "LineString", "coordinates": [[4.8740086, 52.3585059], [4.8740894, 52.3585497]]}, "properties": {"Speed": 5.3, "road_quality": 3, "marker": 6, "trip_id": "NORMA_Trip1", "hrot_diff": 1, "sample_diff": 38, "time_diff_s": 0.76, "gps_distance_m": 7.3, "original_speed": "-1", "wheel_diameter_mm": 711.1999999999999, "braking_intensity": 0.0, "is_braking": false}}, {"type": "Feature", "geometry": {"type": "LineString", "coordinates": [[4.8740894, 52.3585497], [4.8741573, 52.3585946]]}, "properties": {"Speed": 25.1, "road_quality": 3, "marker": 6, "trip_id": "NORMA_Trip1", "hrot_diff": 1, "sample_diff": 8, "time_diff_s": 0.16, "gps_distance_m": 6.8, "original_speed": "-1", "wheel_diameter_mm": 711.1999999999999, "braking_intensity": 0.0, "is_braking": false}}, {"type": "Feature", "geometry": {"type": "LineString", "coordinates": [[4.8741573, 52.3585946], [4.8742097, 52.3586395]]}, "properties": {"Speed": 9.1, "road_quality": 3, "marker": 7, "trip_id": "NORMA_Trip1", "hrot_diff": 1, "sample_diff": 22, "time_diff_s": 0.44, "gps_distance_m": 6.1, "original_speed": "3301", "wheel_diameter_mm": 711.1999999999999, "braking_intensity": 0.0, "is_braking": false}}, {"type": "Feature", "geometry": {"type": "LineString", "coordinates": [[4.8742097, 52.3586395], [4.8742757, 52.3586877]]}, "properties": {"Speed": 8.0, "road_quality": 3, "marker": 6, "trip_id": "NORMA_Trip1", "hrot_diff": 1, "sample_diff": 25, "time_diff_s": 0.5, "gps_distance_m": 7.0, "original_speed": "-1", "wheel_diameter_mm": 711.1999999999999, "braking_intensity": 0.0, "is_braking": false}}, {"type": "Feature", "geometry": {"type": "LineString", "coordinates": [[4.8742757, 52.3586877], [4.8743505, 52.3587418]]}, "properties": {"Speed": 8.7, "road_quality": 3, "marker": 6, "trip_id": "NORMA_Trip1", "hrot_diff": 1, "sample_diff": 23, "time_diff_s": 0.46, "gps_distance_m": 7.9, "original_speed": "-1", "wheel_diameter_mm": 711.1999999999999, "braking_intensity": 0.0, "is_braking": false}}, {"type": "Feature", "geometry": {"type": "LineString", "coordinates": [[4.8743505, 52.3587418], [4.8744245, 52.3587953]]}, "properties": {"Speed": 9.6, "road_quality": 3, "marker": 7, "trip_id": "NORMA_Trip1", "hrot_diff": 1, "sample_diff": 21, "time_diff_s": 0.42, "gps_distance_m": 7.8, "original_speed": "2857", "wheel_diameter_mm": 711.1999999999999, "braking_intensity": 0.0, "is_braking": false}}, {"type": "Feature", "geometry": {"type": "LineString", "coordinates": [[4.8744245, 52.3587953], [4.8744878, 52.358853]]}, "properties": {"Speed": 25.1, "road_quality": 3, "marker": 6, "trip_id": "NORMA_Trip1", "hrot_diff": 1, "sample_diff": 8, "time_diff_s": 0.16, "gps_distance_m": 7.7, "original_speed": "-1", "wheel_diameter_mm": 711.1999999999999, "braking_intensity": 0.0, "is_braking": false}}, {"type": "Feature", "geometry": {"type": "LineString", "coordinates": [[4.8744878, 52.358853], [4.8745282, 52.3589061]]}, "properties": {"Speed": 28.7, "road_quality": 3, "marker": 6, "trip_id": "NORMA_Trip1", "hrot_diff": 1, "sample_diff": 7, "time_diff_s": 0.14, "gps_distance_m": 6.5, "original_speed": "-1", "wheel_diameter_mm": 711.1999999999999, "braking_intensity": 0.0, "is_braking": false}}, {"type": "Feature", "geometry": {"type": "LineString", "coordinates": [[4.8745769, 52.3589687], [4.8746153, 52.3590266]]}, "properties": {"Speed": 25.1, "road_quality": 3, "marker": 6, "trip_id": "NORMA_Trip1", "hrot_diff": 1, "sample_diff": 8, "time_diff_s": 0.16, "gps_distance_m": 6.9, "original_speed": "-1", "wheel_diameter_mm": 711.1999999999999, "braking_intensity": 0.0, "is_braking": false}}, {"type": "Feature", "geometry": {"type": "LineString", "coordinates": [[4.8746153, 52.3590266], [4.8746565, 52.3590825]]}, "properties": {"Speed": 9.6, "road_quality": 3, "marker": 6, "trip_id": "NORMA_Trip1", "hrot_diff": 1, "sample_diff": 21, "time_diff_s": 0.42, "gps_distance_m": 6.8, "original_speed": "-1", "wheel_diameter_mm": 711.1999999999999, "braking_intensity": 0.0, "is_braking": false}}, {"type": "Feature", "geometry": {"type": "LineString", "coordinates": [[4.8746565, 52.3590825], [4.8746932, 52.3591391]]}, "properties": {"Speed": 25.1, "road_quality": 3, "marker": 6, "trip_id": "NORMA_Trip1", "hrot_diff": 1, "sample_diff": 8, "time_diff_s": 0.16, "gps_distance_m": 6.8, "original_speed": "-1", "wheel_diameter_mm": 711.1999999999999, "braking_intensity": 0.0, "is_braking": false}}, {"type": "Feature", "geometry": {"type": "LineString", "coordinates": [[4.8746932, 52.3591391], [4.8747189, 52.3591925]]}, "properties": {"Speed": 25.1, "road_quality": 3, "marker": 6, "trip_id": "NORMA_Trip1", "hrot_diff": 1, "sample_diff": 8, "time_diff_s": 0.16, "gps_distance_m": 6.2, "original_speed": "-1", "wheel_diameter_mm": 711.1999999999999, "braking_intensity": 0.0, "is_braking": false}}, {"type": "Feature", "geometry": {"type": "LineString", "coordinates": [[4.8747189, 52.3591925], [4.874748, 52.3592502]]}, "properties": {"Speed": 20.1, "road_quality": 3, "marker": 7, "trip_id": "NORMA_Trip1", "hrot_diff": 1, "sample_diff": 10, "time_diff_s": 0.2, "gps_distance_m": 6.7, "original_speed": "3500", "wheel_diameter_mm": 711.1999999999999, "braking_intensity": 0.0, "is_braking": false}}, {"type": "Feature", "geometry": {"type": "LineString", "coordinates": [[4.874748, 52.3592502], [4.8747789, 52.359299]]}, "properties": {"Speed": 40, "road_quality": 3, "marker": 7, "trip_id": "NORMA_Trip1", "hrot_diff": 1, "sample_diff": 5, "time_diff_s": 0.1, "gps_distance_m": 5.8, "original_speed": "3125", "wheel_diameter_mm": 711.1999999999999, "braking_intensity": 0.0, "is_braking": false}}, {"type": "Feature", "geometry": {"type": "LineString", "coordinates": [[4.8748363, 52.3593994], [4.8748698, 52.3594557]]}, "properties": {"Speed": 33.5, "road_quality": 2, "marker": 6, "trip_id": "NORMA_Trip1", "hrot_diff": 1, "sample_diff": 6, "time_diff_s": 0.12, "gps_distance_m": 6.7, "original_speed": "-1", "wheel_diameter_mm": 711.1999999999999, "braking_intensity": 0.0, "is_braking": false}}, {"type": "Feature", "geometry": {"type": "LineString", "coordinates": [[4.8748698, 52.3594557], [4.874904, 52.3595067]]}, "properties": {"Speed": 28.7, "road_quality": 3, "marker": 7, "trip_id": "NORMA_Trip1", "hrot_diff": 1, "sample_diff": 7, "time_diff_s": 0.14, "gps_distance_m": 6.1, "original_speed": "3000", "wheel_diameter_mm": 711.1999999999999, "braking_intensity": 0.0, "is_braking": false}}, {"type": "Feature", "geometry": {"type": "LineString", "coordinates": [[4.874904, 52.3595067], [4.8749418, 52.3595489]]}, "properties": {"Speed": 20.1, "road_quality": 3, "marker": 7, "trip_id": "NORMA_Trip1", "hrot_diff": 1, "sample_diff": 10, "time_diff_s": 0.2, "gps_distance_m": 5.3, "original_speed": "3465", "wheel_diameter_mm": 711.1999999999999, "braking_intensity": 0.0, "is_braking": false}}, {"type": "Feature", "geometry": {"type": "LineString", "coordinates": [[4.8749418, 52.3595489], [4.8749882, 52.3595944]]}, "properties": {"Speed": 25.1, "road_quality": 3, "marker": 7, "trip_id": "NORMA_Trip1", "hrot_diff": 1, "sample_diff": 8, "time_diff_s": 0.16, "gps_distance_m": 6.0, "original_speed": "3333", "wheel_diameter_mm": 711.1999999999999, "braking_intensity": 0.0, "is_braking": false}}, {"type": "Feature", "geometry": {"type": "LineString", "coordinates": [[4.8749882, 52.3595944], [4.8750472, 52.3596385]]}, "properties": {"Speed": 22.3, "road_quality": 3, "marker": 7, "trip_id": "NORMA_Trip1", "hrot_diff": 1, "sample_diff": 9, "time_diff_s": 0.18, "gps_distance_m": 6.3, "original_speed": "3240", "wheel_diameter_mm": 711.1999999999999, "braking_intensity": 0.0, "is_braking": false}}, {"type": "Feature", "geometry": {"type": "LineString", "coordinates": [[4.8750472, 52.3596385], [4.8751123, 52.3596894]]}, "properties": {"Speed": 22.3, "road_quality": 3, "marker": 7, "trip_id": "NORMA_Trip1", "hrot_diff": 1, "sample_diff": 9, "time_diff_s": 0.18, "gps_distance_m": 7.2, "original_speed": "3431", "wheel_diameter_mm": 711.1999999999999, "braking_intensity": 0.0, "is_braking": false}}, {"type": "Feature", "geometry": {"type": "LineString", "coordinates": [[4.8751123, 52.3596894], [4.8751756, 52.3597343]]}, "properties": {"Speed": 33.5, "road_quality": 3, "marker": 7, "trip_id": "NORMA_Trip1", "hrot_diff": 1, "sample_diff": 6, "time_diff_s": 0.12, "gps_distance_m": 6.6, "original_speed": "3211", "wheel_diameter_mm": 711.1999999999999, "braking_intensity": 0.0, "is_braking": false}}, {"type": "Feature", "geometry": {"type": "LineString", "coordinates": [[4.8752378, 52.359779], [4.8753073, 52.3598298]]}, "properties": {"Speed": 40, "road_quality": 3, "marker": 6, "trip_id": "NORMA_Trip1", "hrot_diff": 1, "sample_diff": 5, "time_diff_s": 0.1, "gps_distance_m": 7.4, "original_speed": "-1", "wheel_diameter_mm": 711.1999999999999, "braking_intensity": 0.0, "is_braking": false}}, {"type": "Feature", "geometry": {"type": "LineString", "coordinates": [[4.8753073, 52.3598298], [4.8753746, 52.3598785]]}, "properties": {"Speed": 25.1, "road_quality": 3, "marker": 7, "trip_id": "NORMA_Trip1", "hrot_diff": 1, "sample_diff": 8, "time_diff_s": 0.16, "gps_distance_m": 7.1, "original_speed": "2500", "wheel_diameter_mm": 711.1999999999999, "braking_intensity": 0.0, "is_braking": false}}, {"type": "Feature", "geometry": {"type": "LineString", "coordinates": [[4.8753746, 52.3598785], [4.8754372, 52.3599279]]}, "properties": {"Speed": 33.5, "road_quality": 3, "marker": 7, "trip_id": "NORMA_Trip1", "hrot_diff": 1, "sample_diff": 6, "time_diff_s": 0.12, "gps_distance_m": 6.9, "original_speed": "3500", "wheel_diameter_mm": 711.1999999999999, "braking_intensity": 0.0, "is_braking": false}}, {"type": "Feature", "geometry": {"type": "LineString", "coordinates": [[4.8754372, 52.3599279], [4.8755077, 52.3599804]]}, "properties": {"Speed": 22.3, "road_quality": 3, "marker": 6, "trip_id": "NORMA_Trip1", "hrot_diff": 1, "sample_diff": 9, "time_diff_s": 0.18, "gps_distance_m": 7.5, "original_speed": "-1", "wheel_diameter_mm": 711.1999999999999, "braking_intensity": 0.0, "is_braking": false}}, {"type": "Feature", "geometry": {"type": "LineString", "coordinates": [[4.8755077, 52.3599804], [4.8755624, 52.3600254]]}, "properties": {"Speed": 9.1, "road_quality": 3, "marker": 6, "trip_id": "NORMA_Trip1", "hrot_diff": 1, "sample_diff": 22, "time_diff_s": 0.44, "gps_distance_m": 6.2, "original_speed": "-1", "wheel_diameter_mm": 711.1999999999999, "braking_intensity": 0.0, "is_braking": false}}, {"type": "Feature", "geometry": {"type": "LineString", "coordinates": [[4.8755624, 52.3600254], [4.875619, 52.360068]]}, "properties": {"Speed": 33.5, "road_quality": 3, "marker": 7, "trip_id": "NORMA_Trip1", "hrot_diff": 1, "sample_diff": 6, "time_diff_s": 0.12, "gps_distance_m": 6.1, "original_speed": "2702", "wheel_diameter_mm": 711.1999999999999, "braking_intensity": 0.0, "is_braking": false}}, {"type": "Feature", "geometry": {"type": "LineString", "coordinates": [[4.8758059, 52.3601994], [4.87588, 52.3602407]]}, "properties": {"Speed": 28.7, "road_quality": 3, "marker": 6, "trip_id": "NORMA_Trip1", "hrot_diff": 1, "sample_diff": 7, "time_diff_s": 0.14, "gps_distance_m": 6.8, "original_speed": "-1", "wheel_diameter_mm": 711.1999999999999, "braking_intensity": 0.0, "is_braking": false}}, {"type": "Feature", "geometry": {"type": "LineString", "coordinates": [[4.87588, 52.3602407], [4.8759603, 52.3602806]]}, "properties": {"Speed": 16.8, "road_quality": 3, "marker": 6, "trip_id": "NORMA_Trip1", "hrot_diff": 1, "sample_diff": 12, "time_diff_s": 0.24, "gps_distance_m": 7.0, "original_speed": "-1", "wheel_diameter_mm": 711.1999999999999, "braking_intensity": 0.0, "is_braking": false}}, {"type": "Feature", "geometry": {"type": "LineString", "coordinates": [[4.8759603, 52.3602806], [4.8760441, 52.3603108]]}, "properties": {"Speed": 28.7, "road_quality": 3, "marker": 7, "trip_id": "NORMA_Trip1", "hrot_diff": 1, "sample_diff": 7, "time_diff_s": 0.14, "gps_distance_m": 6.6, "original_speed": "2702", "wheel_diameter_mm": 711.1999999999999, "braking_intensity": 0.0, "is_braking": false}}, {"type": "Feature", "geometry": {"type": "LineString", "coordinates": [[4.8760441, 52.3603108], [4.8761364, 52.3603402]]}, "properties": {"Speed": 20.1, "road_quality": 3, "marker": 7, "trip_id": "NORMA_Trip1", "hrot_diff": 1, "sample_diff": 10, "time_diff_s": 0.2, "gps_distance_m": 7.1, "original_speed": "3070", "wheel_diameter_mm": 711.1999999999999, "braking_intensity": 0.0, "is_braking": false}}, {"type": "Feature", "geometry": {"type": "LineString", "coordinates": [[4.8763226, 52.3603932], [4.8764123, 52.3604161]]}, "properties": {"Speed": 22.3, "road_quality": 2, "marker": 6, "trip_id": "NORMA_Trip1", "hrot_diff": 1, "sample_diff": 9, "time_diff_s": 0.18, "gps_distance_m": 6.6, "original_speed": "-1", "wheel_diameter_mm": 711.1999999999999, "braking_intensity": 0.0, "is_braking": false}}, {"type": "Feature", "geometry": {"type": "LineString", "coordinates": [[4.8764123, 52.3604161], [4.8765113, 52.3604439]]}, "properties": {"Speed": 33.5, "road_quality": 2, "marker": 7, "trip_id": "NORMA_Trip1", "hrot_diff": 1, "sample_diff": 6, "time_diff_s": 0.12, "gps_distance_m": 7.4, "original_speed": "3211", "wheel_diameter_mm": 711.1999999999999, "braking_intensity": 0.0, "is_braking": false}}, {"type": "Feature", "geometry": {"type": "LineString", "coordinates": [[4.8765113, 52.3604439], [4.8766048, 52.3604685]]}, "properties": {"Speed": 8.7, "road_quality": 3, "marker": 7, "trip_id": "NORMA_Trip1", "hrot_diff": 1, "sample_diff": 23, "time_diff_s": 0.46, "gps_distance_m": 6.9, "original_speed": "3333", "wheel_diameter_mm": 711.1999999999999, "braking_intensity": 0.0, "is_braking": false}}, {"type": "Feature", "geometry": {"type": "LineString", "coordinates": [[4.8766048, 52.3604685], [4.8766955, 52.3604911]]}, "properties": {"Speed": 8.7, "road_quality": 3, "marker": 7, "trip_id": "NORMA_Trip1", "hrot_diff": 1, "sample_diff": 23, "time_diff_s": 0.46, "gps_distance_m": 6.7, "original_speed": "2336", "wheel_diameter_mm": 711.1999999999999, "braking_intensity": 0.0, "is_braking": false}}, {"type": "Feature", "geometry": {"type": "LineString", "coordinates": [[4.8766955, 52.3604911], [4.8767718, 52.360514]]}, "properties": {"Speed": 5.6, "road_quality": 2, "marker": 7, "trip_id": "NORMA_Trip1", "hrot_diff": 1, "sample_diff": 36, "time_diff_s": 0.72, "gps_distance_m": 5.8, "original_speed": "2336", "wheel_diameter_mm": 711.1999999999999, "braking_intensity": 0.0, "is_braking": false}}, {"type": "Feature", "geometry": {"type": "LineString", "coordinates": [[4.8767718, 52.360514], [4.8768403, 52.3605335]]}, "properties": {"Speed": 25.1, "road_quality": 3, "marker": 6, "trip_id": "NORMA_Trip1", "hrot_diff": 1, "sample_diff": 8, "time_diff_s": 0.16, "gps_distance_m": 5.1, "original_speed": "-1", "wheel_diameter_mm": 711.1999999999999, "braking_intensity": 0.0, "is_braking": false}}, {"type": "Feature", "geometry": {"type": "LineString", "coordinates": [[4.8768403, 52.3605335], [4.8769087, 52.3605537]]}, "properties": {"Speed": 8.7, "road_quality": 3, "marker": 7, "trip_id": "NORMA_Trip1", "hrot_diff": 1, "sample_diff": 23, "time_diff_s": 0.46, "gps_distance_m": 5.2, "original_speed": "2314", "wheel_diameter_mm": 711.1999999999999, "braking_intensity": 0.0, "is_braking": false}}, {"type": "Feature", "geometry": {"type": "LineString", "coordinates": [[4.8769087, 52.3605537], [4.876977, 52.3605876]]}, "properties": {"Speed": 22.3, "road_quality": 3, "marker": 6, "trip_id": "NORMA_Trip1", "hrot_diff": 1, "sample_diff": 9, "time_diff_s": 0.18, "gps_distance_m": 6.0, "original_speed": "-1", "wheel_diameter_mm": 711.1999999999999, "braking_intensity": 0.0, "is_braking": false}}, {"type": "Feature", "geometry": {"type": "LineString", "coordinates": [[4.876977, 52.3605876], [4.8770695, 52.3606297]]}, "properties": {"Speed": 25.1, "road_quality": 2, "marker": 6, "trip_id": "NORMA_Trip1", "hrot_diff": 1, "sample_diff": 8, "time_diff_s": 0.16, "gps_distance_m": 7.8, "original_speed": "-1", "wheel_diameter_mm": 711.1999999999999, "braking_intensity": 0.0, "is_braking": false}}, {"type": "Feature", "geometry": {"type": "LineString", "coordinates": [[4.8770695, 52.3606297], [4.8771588, 52.3606629]]}, "properties": {"Speed": 11.2, "road_quality": 2, "marker": 7, "trip_id": "NORMA_Trip1", "hrot_diff": 1, "sample_diff": 18, "time_diff_s": 0.36, "gps_distance_m": 7.1, "original_speed": "2212", "wheel_diameter_mm": 711.1999999999999, "braking_intensity": 0.0, "is_braking": false}}, {"type": "Feature", "geometry": {"type": "LineString", "coordinates": [[4.8771588, 52.3606629], [4.8772288, 52.3606828]]}, "properties": {"Speed": 33.5, "road_quality": 2, "marker": 6, "trip_id": "NORMA_Trip1", "hrot_diff": 1, "sample_diff": 6, "time_diff_s": 0.12, "gps_distance_m": 5.2, "original_speed": "-1", "wheel_diameter_mm": 711.1999999999999, "braking_intensity": 0.0, "is_braking": false}}, {"type": "Feature", "geometry": {"type": "LineString", "coordinates": [[4.8773926, 52.360711], [4.8774781, 52.3607208]]}, "properties": {"Speed": 20.1, "road_quality": 2, "marker": 6, "trip_id": "NORMA_Trip1", "hrot_diff": 1, "sample_diff": 10, "time_diff_s": 0.2, "gps_distance_m": 5.9, "original_speed": "-1", "wheel_diameter_mm": 711.1999999999999, "braking_intensity": 0.0, "is_braking": false}}, {"type": "Feature", "geometry": {"type": "LineString", "coordinates": [[4.8774781, 52.3607208], [4.8775706, 52.3607275]]}, "properties": {"Speed": 18.3, "road_quality": 3, "marker": 6, "trip_id": "NORMA_Trip1", "hrot_diff": 1, "sample_diff": 11, "time_diff_s": 0.22, "gps_distance_m": 6.3, "original_speed": "-1", "wheel_diameter_mm": 711.1999999999999, "braking_intensity": 0.0, "is_braking": false}}, {"type": "Feature", "geometry": {"type": "LineString", "coordinates": [[4.8775706, 52.3607275], [4.8776591, 52.3607367]]}, "properties": {"Speed": 33.5, "road_quality": 3, "marker": 7, "trip_id": "NORMA_Trip1", "hrot_diff": 1, "sample_diff": 6, "time_diff_s": 0.12, "gps_distance_m": 6.1, "original_speed": "3070", "wheel_diameter_mm": 711.1999999999999, "braking_intensity": 0.0, "is_braking": false}}, {"type": "Feature", "geometry": {"type": "LineString", "coordinates": [[4.8776591, 52.3607367], [4.8777585, 52.3607448]]}, "properties": {"Speed": 28.7, "road_quality": 3, "marker": 7, "trip_id": "NORMA_Trip1", "hrot_diff": 1, "sample_diff": 7, "time_diff_s": 0.14, "gps_distance_m": 6.8, "original_speed": "3000", "wheel_diameter_mm": 711.1999999999999, "braking_intensity": 0.0, "is_braking": false}}, {"type": "Feature", "geometry": {"type": "LineString", "coordinates": [[4.8777585, 52.3607448], [4.8778575, 52.3607489]]}, "properties": {"Speed": 25.1, "road_quality": 3, "marker": 7, "trip_id": "NORMA_Trip1", "hrot_diff": 1, "sample_diff": 8, "time_diff_s": 0.16, "gps_distance_m": 6.7, "original_speed": "2912", "wheel_diameter_mm": 711.1999999999999, "braking_intensity": 0.0, "is_braking": false}}, {"type": "Feature", "geometry": {"type": "LineString", "coordinates": [[4.8778575, 52.3607489], [4.8779464, 52.3607508]]}, "properties": {"Speed": 18.3, "road_quality": 3, "marker": 7, "trip_id": "NORMA_Trip1", "hrot_diff": 1, "sample_diff": 11, "time_diff_s": 0.22, "gps_distance_m": 6.0, "original_speed": "2884", "wheel_diameter_mm": 711.1999999999999, "braking_intensity": 0.0, "is_braking": false}}, {"type": "Feature", "geometry": {"type": "LineString", "coordinates": [[4.8779464, 52.3607508], [4.8780402, 52.3607524]]}, "properties": {"Speed": 22.3, "road_quality": 2, "marker": 7, "trip_id": "NORMA_Trip1", "hrot_diff": 1, "sample_diff": 9, "time_diff_s": 0.18, "gps_distance_m": 6.4, "original_speed": "2941", "wheel_diameter_mm": 711.1999999999999, "braking_intensity": 0.0, "is_braking": false}}, {"type": "Feature", "geometry": {"type": "LineString", "coordinates": [[4.8780402, 52.3607524], [4.8781392, 52.3607539]]}, "properties": {"Speed": 20.1, "road_quality": 2, "marker": 7, "trip_id": "NORMA_Trip1", "hrot_diff": 1, "sample_diff": 10, "time_diff_s": 0.2, "gps_distance_m": 6.7, "original_speed": "3043", "wheel_diameter_mm": 711.1999999999999, "braking_intensity": 0.0, "is_braking": false}}, {"type": "Feature", "geometry": {"type": "LineString", "coordinates": [[4.8781392, 52.3607539], [4.8782409, 52.3607598]]}, "properties": {"Speed": 22.3, "road_quality": 2, "marker": 7, "trip_id": "NORMA_Trip1", "hrot_diff": 1, "sample_diff": 9, "time_diff_s": 0.18, "gps_distance_m": 6.9, "original_speed": "3153", "wheel_diameter_mm": 711.1999999999999, "braking_intensity": 0.0, "is_braking": false}}, {"type": "Feature", "geometry": {"type": "LineString", "coordinates": [[4.8782409, 52.3607598], [4.8783387, 52.3607694]]}, "properties": {"Speed": 33.5, "road_quality": 3, "marker": 7, "trip_id": "NORMA_Trip1", "hrot_diff": 1, "sample_diff": 6, "time_diff_s": 0.12, "gps_distance_m": 6.7, "original_speed": "3181", "wheel_diameter_mm": 711.1999999999999, "braking_intensity": 0.0, "is_braking": false}}, {"type": "Feature", "geometry": {"type": "LineString", "coordinates": [[4.8784425, 52.3607753], [4.8785371, 52.3607795]]}, "properties": {"Speed": 40, "road_quality": 3, "marker": 6, "trip_id": "NORMA_Trip1", "hrot_diff": 1, "sample_diff": 3, "time_diff_s": 0.06, "gps_distance_m": 6.4, "original_speed": "-1", "wheel_diameter_mm": 711.1999999999999, "braking_intensity": 0.0, "is_braking": false}}, {"type": "Feature", "geometry": {"type": "LineString", "coordinates": [[4.8785371, 52.3607795], [4.8786362, 52.3607935]]}, "properties": {"Speed": 28.7, "road_quality": 3, "marker": 7, "trip_id": "NORMA_Trip1", "hrot_diff": 1, "sample_diff": 7, "time_diff_s": 0.14, "gps_distance_m": 6.9, "original_speed": "2991", "wheel_diameter_mm": 711.1999999999999, "braking_intensity": 0.0, "is_braking": false}}, {"type": "Feature", "geometry": {"type": "LineString", "coordinates": [[4.8787276, 52.3608059], [4.8788144, 52.3608139]]}, "properties": {"Speed": 20.1, "road_quality": 3, "marker": 6, "trip_id": "NORMA_Trip1", "hrot_diff": 1, "sample_diff": 10, "time_diff_s": 0.2, "gps_distance_m": 6.0, "original_speed": "-1", "wheel_diameter_mm": 711.1999999999999, "braking_intensity": 0.0, "is_braking": false}}, {"type": "Feature", "geometry": {"type": "LineString", "coordinates": [[4.8788144, 52.3608139], [4.8789033, 52.3608302]]}, "properties": {"Speed": 20.8, "road_quality": 3, "marker": 6, "trip_id": "NORMA_Trip1", "hrot_diff": 1, "sample_diff": 10, "time_diff_s": 0.193, "gps_distance_m": 6.3, "original_speed": "-1", "wheel_diameter_mm": 711.1999999999999, "braking_intensity": 0.0, "is_braking": false}}, {"type": "Feature", "geometry": {"type": "LineString", "coordinates": [[4.8789033, 52.3608302], [4.8790071, 52.3608492]]}, "properties": {"Speed": 8.0, "road_quality": 3, "marker": 7, "trip_id": "NORMA_Trip1", "hrot_diff": 1, "sample_diff": 25, "time_diff_s": 0.5, "gps_distance_m": 7.4, "original_speed": "2173", "wheel_diameter_mm": 711.1999999999999, "braking_intensity": 0.0, "is_braking": false}}, {"type": "Feature", "geometry": {"type": "LineString", "coordinates": [[4.8790071, 52.3608492], [4.8791097, 52.360865]]}, "properties": {"Speed": 20.1, "road_quality": 2, "marker": 6, "trip_id": "NORMA_Trip1", "hrot_diff": 1, "sample_diff": 10, "time_diff_s": 0.2, "gps_distance_m": 7.2, "original_speed": "-1", "wheel_diameter_mm": 711.1999999999999, "braking_intensity": 0.0, "is_braking": false}}, {"type": "Feature", "geometry": {"type": "LineString", "coordinates": [[4.8793738, 52.3609175], [4.8794774, 52.3609389]]}, "properties": {"Speed": 33.5, "road_quality": 3, "marker": 7, "trip_id": "NORMA_Trip1", "hrot_diff": 1, "sample_diff": 6, "time_diff_s": 0.12, "gps_distance_m": 7.4, "original_speed": "2702", "wheel_diameter_mm": 711.1999999999999, "braking_intensity": 0.0, "is_braking": false}}, {"type": "Feature", "geometry": {"type": "LineString", "coordinates": [[4.8794774, 52.3609389], [4.8795554, 52.3609593]]}, "properties": {"Speed": 8.4, "road_quality": 3, "marker": 7, "trip_id": "NORMA_Trip1", "hrot_diff": 1, "sample_diff": 24, "time_diff_s": 0.48, "gps_distance_m": 5.8, "original_speed": "2970", "wheel_diameter_mm": 711.1999999999999, "braking_intensity": 0.0, "is_braking": false}}, {"type": "Feature", "geometry": {"type": "LineString", "coordinates": [[4.8795554, 52.3609593], [4.8796149, 52.3609744]]}, "properties": {"Speed": 22.3, "road_quality": 3, "marker": 6, "trip_id": "NORMA_Trip1", "hrot_diff": 1, "sample_diff": 9, "time_diff_s": 0.18, "gps_distance_m": 4.4, "original_speed": "-1", "wheel_diameter_mm": 711.1999999999999, "braking_intensity": 0.0, "is_braking": false}}, {"type": "Feature", "geometry": {"type": "LineString", "coordinates": [[4.8796739, 52.3609945], [4.8797544, 52.3610203]]}, "properties": {"Speed": 40, "road_quality": 3, "marker": 7, "trip_id": "NORMA_Trip1", "hrot_diff": 1, "sample_diff": 4, "time_diff_s": 0.08, "gps_distance_m": 6.2, "original_speed": "2155", "wheel_diameter_mm": 711.1999999999999, "braking_intensity": 0.0, "is_braking": false}}, {"type": "Feature", "geometry": {"type": "LineString", "coordinates": [[4.8797544, 52.3610203], [4.879839, 52.3610475]]}, "properties": {"Speed": 18.3, "road_quality": 3, "marker": 6, "trip_id": "NORMA_Trip1", "hrot_diff": 1, "sample_diff": 11, "time_diff_s": 0.22, "gps_distance_m": 6.5, "original_speed": "-1", "wheel_diameter_mm": 711.1999999999999, "braking_intensity": 0.0, "is_braking": false}}, {"type": "Feature", "geometry": {"type": "LineString", "coordinates": [[4.879839, 52.3610475], [4.879936, 52.3610828]]}, "properties": {"Speed": 20.1, "road_quality": 3, "marker": 6, "trip_id": "NORMA_Trip1", "hrot_diff": 1, "sample_diff": 10, "time_diff_s": 0.2, "gps_distance_m": 7.7, "original_speed": "-1", "wheel_diameter_mm": 711.1999999999999, "braking_intensity": 0.0, "is_braking": false}}, {"type": "Feature", "geometry": {"type": "LineString", "coordinates": [[4.879936, 52.3610828], [4.8800353, 52.3611207]]}, "properties": {"Speed": 22.3, "road_quality": 3, "marker": 7, "trip_id": "NORMA_Trip1", "hrot_diff": 1, "sample_diff": 9, "time_diff_s": 0.18, "gps_distance_m": 8.0, "original_speed": "2941", "wheel_diameter_mm": 711.1999999999999, "braking_intensity": 0.0, "is_braking": false}}, {"type": "Feature", "geometry": {"type": "LineString", "coordinates": [[4.8800353, 52.3611207], [4.8801091, 52.3611544]]}, "properties": {"Speed": 25.1, "road_quality": 3, "marker": 7, "trip_id": "NORMA_Trip1", "hrot_diff": 1, "sample_diff": 8, "time_diff_s": 0.16, "gps_distance_m": 6.3, "original_speed": "3153", "wheel_diameter_mm": 711.1999999999999, "braking_intensity": 0.0, "is_braking": false}}, {"type": "Feature", "geometry": {"type": "LineString", "coordinates": [[4.8801091, 52.3611544], [4.8801815, 52.3611845]]}, "properties": {"Speed": 8.7, "road_quality": 3, "marker": 7, "trip_id": "NORMA_Trip1", "hrot_diff": 1, "sample_diff": 23, "time_diff_s": 0.46, "gps_distance_m": 5.9, "original_speed": "3181", "wheel_diameter_mm": 711.1999999999999, "braking_intensity": 0.0, "is_braking": false}}, {"type": "Feature", "geometry": {"type": "LineString", "coordinates": [[4.8801815, 52.3611845], [4.8802554, 52.3612166]]}, "properties": {"Speed": 18.3, "road_quality": 3, "marker": 6, "trip_id": "NORMA_Trip1", "hrot_diff": 1, "sample_diff": 11, "time_diff_s": 0.22, "gps_distance_m": 6.2, "original_speed": "-1", "wheel_diameter_mm": 711.1999999999999, "braking_intensity": 0.0, "is_braking": false}}, {"type": "Feature", "geometry": {"type": "LineString", "coordinates": [[4.8802554, 52.3612166], [4.8803276, 52.3612451]]}, "properties": {"Speed": 22.3, "road_quality": 2, "marker": 6, "trip_id": "NORMA_Trip1", "hrot_diff": 1, "sample_diff": 9, "time_diff_s": 0.18, "gps_distance_m": 5.8, "original_speed": "-1", "wheel_diameter_mm": 711.1999999999999, "braking_intensity": 0.0, "is_braking": false}}, {"type": "Feature", "geometry": {"type": "LineString", "coordinates": [[4.8803276, 52.3612451], [4.8804177, 52.3612799]]}, "properties": {"Speed": 28.7, "road_quality": 3, "marker": 7, "trip_id": "NORMA_Trip1", "hrot_diff": 1, "sample_diff": 7, "time_diff_s": 0.14, "gps_distance_m": 7.2, "original_speed": "3181", "wheel_diameter_mm": 711.1999999999999, "braking_intensity": 0.0, "is_braking": false}}, {"type": "Feature", "geometry": {"type": "LineString", "coordinates": [[4.8805189, 52.3613117], [4.8806111, 52.3613408]]}, "properties": {"Speed": 8.4, "road_quality": 3, "marker": 7, "trip_id": "NORMA_Trip1", "hrot_diff": 1, "sample_diff": 24, "time_diff_s": 0.48, "gps_distance_m": 7.0, "original_speed": "1456", "wheel_diameter_mm": 711.1999999999999, "braking_intensity": 0.0, "is_braking": false}}, {"type": "Feature", "geometry": {"type": "LineString", "coordinates": [[4.8806111, 52.3613408], [4.8807017, 52.3613702]]}, "properties": {"Speed": 20.1, "road_quality": 3, "marker": 6, "trip_id": "NORMA_Trip1", "hrot_diff": 1, "sample_diff": 10, "time_diff_s": 0.2, "gps_distance_m": 7.0, "original_speed": "-1", "wheel_diameter_mm": 711.1999999999999, "braking_intensity": 0.0, "is_braking": false}}, {"type": "Feature", "geometry": {"type": "LineString", "coordinates": [[4.8807822, 52.3613926], [4.8808576, 52.3614214]]}, "properties": {"Speed": 5.6, "road_quality": 3, "marker": 7, "trip_id": "NORMA_Trip1", "hrot_diff": 1, "sample_diff": 36, "time_diff_s": 0.72, "gps_distance_m": 6.0, "original_speed": "2192", "wheel_diameter_mm": 711.1999999999999, "braking_intensity": 0.0, "is_braking": false}}, {"type": "Feature", "geometry": {"type": "LineString", "coordinates": [[4.8809406, 52.3614518], [4.8810227, 52.3614783]]}, "properties": {"Speed": 20.1, "road_quality": 3, "marker": 7, "trip_id": "NORMA_Trip1", "hrot_diff": 1, "sample_diff": 10, "time_diff_s": 0.2, "gps_distance_m": 6.3, "original_speed": "3125", "wheel_diameter_mm": 711.1999999999999, "braking_intensity": 0.0, "is_braking": false}}, {"type": "Feature", "geometry": {"type": "LineString", "coordinates": [[4.8810227, 52.3614783], [4.8811058, 52.3615043]]}, "properties": {"Speed": 28.7, "road_quality": 3, "marker": 7, "trip_id": "NORMA_Trip1", "hrot_diff": 1, "sample_diff": 7, "time_diff_s": 0.14, "gps_distance_m": 6.3, "original_speed": "3125", "wheel_diameter_mm": 711.1999999999999, "braking_intensity": 0.0, "is_braking": false}}, {"type": "Feature", "geometry": {"type": "LineString", "coordinates": [[4.8811058, 52.3615043], [4.8811927, 52.3615277]]}, "properties": {"Speed": 7.2, "road_quality": 2, "marker": 7, "trip_id": "NORMA_Trip1", "hrot_diff": 1, "sample_diff": 28, "time_diff_s": 0.56, "gps_distance_m": 6.4, "original_speed": "2803", "wheel_diameter_mm": 711.1999999999999, "braking_intensity": 0.0, "is_braking": false}}, {"type": "Feature", "geometry": {"type": "LineString", "coordinates": [[4.8811927, 52.3615277], [4.881283, 52.3615473]]}, "properties": {"Speed": 18.3, "road_quality": 2, "marker": 6, "trip_id": "NORMA_Trip1", "hrot_diff": 1, "sample_diff": 11, "time_diff_s": 0.22, "gps_distance_m": 6.5, "original_speed": "-1", "wheel_diameter_mm": 711.1999999999999, "braking_intensity": 0.0, "is_braking": false}}, {"type": "Feature", "geometry": {"type": "LineString", "coordinates": [[4.881283, 52.3615473], [4.8813648, 52.3615682]]}, "properties": {"Speed": 25.1, "road_quality": 2, "marker": 6, "trip_id": "NORMA_Trip1", "hrot_diff": 1, "sample_diff": 8, "time_diff_s": 0.16, "gps_distance_m": 6.0, "original_speed": "-1", "wheel_diameter_mm": 711.1999999999999, "braking_intensity": 0.0, "is_braking": false}}, {"type": "Feature", "geometry": {"type": "LineString", "coordinates": [[4.8813648, 52.3615682], [4.8814331, 52.3615855]]}, "properties": {"Speed": 20.1, "road_quality": 2, "marker": 7, "trip_id": "NORMA_Trip1", "hrot_diff": 1, "sample_diff": 10, "time_diff_s": 0.2, "gps_distance_m": 5.0, "original_speed": "2380", "wheel_diameter_mm": 711.1999999999999, "braking_intensity": 0.0, "is_braking": false}}, {"type": "Feature", "geometry": {"type": "LineString", "coordinates": [[4.8814331, 52.3615855], [4.881514, 52.3615969]]}, "properties": {"Speed": 20.0, "road_quality": 2, "marker": 7, "trip_id": "NORMA_Trip1", "hrot_diff": 1, "sample_diff": 10, "time_diff_s": 0.201, "gps_distance_m": 5.6, "original_speed": "2654", "wheel_diameter_mm": 711.1999999999999, "braking_intensity": 0.0, "is_braking": false}}, {"type": "Feature", "geometry": {"type": "LineString", "coordinates": [[4.881514, 52.3615969], [4.8815941, 52.3616161]]}, "properties": {"Speed": 15.5, "road_quality": 2, "marker": 7, "trip_id": "NORMA_Trip1", "hrot_diff": 1, "sample_diff": 13, "time_diff_s": 0.26, "gps_distance_m": 5.8, "original_speed": "2427", "wheel_diameter_mm": 711.1999999999999, "braking_intensity": 0.0, "is_braking": false}}, {"type": "Feature", "geometry": {"type": "LineString", "coordinates": [[4.8815941, 52.3616161], [4.8816431, 52.3616327]]}, "properties": {"Speed": 16.8, "road_quality": 2, "marker": 7, "trip_id": "NORMA_Trip1", "hrot_diff": 1, "sample_diff": 12, "time_diff_s": 0.24, "gps_distance_m": 3.8, "original_speed": "2192", "wheel_diameter_mm": 711.1999999999999, "braking_intensity": 0.0, "is_braking": false}}, {"type": "Feature", "geometry": {"type": "LineString", "coordinates": [[4.8816431, 52.3616327], [4.8816934, 52.3616523]]}, "properties": {"Speed": 11.8, "road_quality": 2, "marker": 7, "trip_id": "NORMA_Trip1", "hrot_diff": 1, "sample_diff": 17, "time_diff_s": 0.34, "gps_distance_m": 4.1, "original_speed": "1923", "wheel_diameter_mm": 711.1999999999999, "braking_intensity": 0.0, "is_braking": false}}, {"type": "Feature", "geometry": {"type": "LineString", "coordinates": [[4.8816934, 52.3616523], [4.8817218, 52.3616684]]}, "properties": {"Speed": 11.2, "road_quality": 2, "marker": 7, "trip_id": "NORMA_Trip1", "hrot_diff": 1, "sample_diff": 18, "time_diff_s": 0.36, "gps_distance_m": 2.6, "original_speed": "1666", "wheel_diameter_mm": 711.1999999999999, "braking_intensity": 0.0, "is_braking": false}}, {"type": "Feature", "geometry": {"type": "LineString", "coordinates": [[4.8817218, 52.3616684], [4.881734, 52.3616805]]}, "properties": {"Speed": 5.0, "road_quality": 2, "marker": 7, "trip_id": "NORMA_Trip1", "hrot_diff": 1, "sample_diff": 40, "time_diff_s": 0.8, "gps_distance_m": 1.6, "original_speed": "1363", "wheel_diameter_mm": 711.1999999999999, "braking_intensity": 0.0, "is_braking": false}}, {"type": "Feature", "geometry": {"type": "LineString", "coordinates": [[4.881734, 52.3616805], [4.8817123, 52.3616728]]}, "properties": {"Speed": 0.1, "road_quality": 2, "marker": 7, "trip_id": "NORMA_Trip1", "hrot_diff": 1, "sample_diff": 1487, "time_diff_s": 29.74, "gps_distance_m": 1.7, "original_speed": "980", "wheel_diameter_mm": 711.1999999999999, "braking_intensity": 0.0, "is_braking": false}}, {"type": "Feature", "geometry": {"type": "LineString", "coordinates": [[4.8817123, 52.3616728], [4.8817153, 52.36167]]}, "properties": {"Speed": 7.4, "road_quality": 3, "marker": 3, "trip_id": "NORMA_Trip1", "hrot_diff": 1, "sample_diff": 27, "time_diff_s": 0.54, "gps_distance_m": 0.4, "original_speed": "0", "wheel_diameter_mm": 711.1999999999999, "braking_intensity": 0.0, "is_braking": false}}, {"type": "Feature", "geometry": {"type": "LineString", "coordinates": [[4.8817153, 52.36167], [4.8817315, 52.3616659]]}, "properties": {"Speed": 6.5, "road_quality": 3, "marker": 7, "trip_id": "NORMA_Trip1", "hrot_diff": 1, "sample_diff": 31, "time_diff_s": 0.62, "gps_distance_m": 1.2, "original_speed": "63", "wheel_diameter_mm": 711.1999999999999, "braking_intensity": 0.0, "is_braking": false}}, {"type": "Feature", "geometry": {"type": "LineString", "coordinates": [[4.8817315, 52.3616659], [4.8817627, 52.3616639]]}, "properties": {"Speed": 13.4, "road_quality": 3, "marker": 7, "trip_id": "NORMA_Trip1", "hrot_diff": 1, "sample_diff": 15, "time_diff_s": 0.3, "gps_distance_m": 2.1, "original_speed": "847", "wheel_diameter_mm": 711.1999999999999, "braking_intensity": 0.0, "is_braking": false}}, {"type": "Feature", "geometry": {"type": "LineString", "coordinates": [[4.8817627, 52.3616639], [4.881794, 52.3616633]]}, "properties": {"Speed": 9.1, "road_quality": 3, "marker": 7, "trip_id": "NORMA_Trip1", "hrot_diff": 1, "sample_diff": 22, "time_diff_s": 0.44, "gps_distance_m": 2.1, "original_speed": "1162", "wheel_diameter_mm": 711.1999999999999, "braking_intensity": 0.0, "is_braking": false}}, {"type": "Feature", "geometry": {"type": "LineString", "coordinates": [[4.881794, 52.3616633], [4.8818253, 52.3616683]]}, "properties": {"Speed": 11.8, "road_quality": 3, "marker": 7, "trip_id": "NORMA_Trip1", "hrot_diff": 1, "sample_diff": 17, "time_diff_s": 0.34, "gps_distance_m": 2.2, "original_speed": "1562", "wheel_diameter_mm": 711.1999999999999, "braking_intensity": 0.0, "is_braking": false}}, {"type": "Feature", "geometry": {"type": "LineString", "coordinates": [[4.8818253, 52.3616683], [4.8818542, 52.3616819]]}, "properties": {"Speed": 15.5, "road_quality": 3, "marker": 7, "trip_id": "NORMA_Trip1", "hrot_diff": 1, "sample_diff": 13, "time_diff_s": 0.26, "gps_distance_m": 2.5, "original_speed": "1666", "wheel_diameter_mm": 711.1999999999999, "braking_intensity": 0.0, "is_braking": false}}, {"type": "Feature", "geometry": {"type": "LineString", "coordinates": [[4.8818542, 52.3616819], [4.8818928, 52.3617009]]}, "properties": {"Speed": 22.3, "road_quality": 3, "marker": 7, "trip_id": "NORMA_Trip1", "hrot_diff": 1, "sample_diff": 9, "time_diff_s": 0.18, "gps_distance_m": 3.4, "original_speed": "1600", "wheel_diameter_mm": 711.1999999999999, "braking_intensity": 0.0, "is_braking": false}}, {"type": "Feature", "geometry": {"type": "LineString", "coordinates": [[4.8818928, 52.3617009], [4.8819432, 52.3617219]]}, "properties": {"Speed": 15.5, "road_quality": 3, "marker": 7, "trip_id": "NORMA_Trip1", "hrot_diff": 1, "sample_diff": 13, "time_diff_s": 0.26, "gps_distance_m": 4.1, "original_speed": "1980", "wheel_diameter_mm": 711.1999999999999, "braking_intensity": 0.0, "is_braking": false}}, {"type": "Feature", "geometry": {"type": "LineString", "coordinates": [[4.8819812, 52.3617432], [4.8820168, 52.3617675]]}, "properties": {"Speed": 15.5, "road_quality": 3, "marker": 6, "trip_id": "NORMA_Trip1", "hrot_diff": 1, "sample_diff": 13, "time_diff_s": 0.26, "gps_distance_m": 3.6, "original_speed": "-1", "wheel_diameter_mm": 711.1999999999999, "braking_intensity": 0.0, "is_braking": false}}, {"type": "Feature", "geometry": {"type": "LineString", "coordinates": [[4.8820168, 52.3617675], [4.8820698, 52.3617945]]}, "properties": {"Speed": 15.5, "road_quality": 3, "marker": 6, "trip_id": "NORMA_Trip1", "hrot_diff": 1, "sample_diff": 13, "time_diff_s": 0.26, "gps_distance_m": 4.7, "original_speed": "-1", "wheel_diameter_mm": 711.1999999999999, "braking_intensity": 0.0, "is_braking": false}}, {"type": "Feature", "geometry": {"type": "LineString", "coordinates": [[4.8820698, 52.3617945], [4.8821086, 52.3618174]]}, "properties": {"Speed": 15.5, "road_quality": 3, "marker": 7, "trip_id": "NORMA_Trip1", "hrot_diff": 1, "sample_diff": 13, "time_diff_s": 0.26, "gps_distance_m": 3.7, "original_speed": "2192", "wheel_diameter_mm": 711.1999999999999, "braking_intensity": 0.0, "is_braking": false}}, {"type": "Feature", "geometry": {"type": "LineString", "coordinates": [[4.8821086, 52.3618174], [4.8821359, 52.3618472]]}, "properties": {"Speed": 11.2, "road_quality": 2, "marker": 7, "trip_id": "NORMA_Trip1", "hrot_diff": 1, "sample_diff": 18, "time_diff_s": 0.36, "gps_distance_m": 3.8, "original_speed": "1818", "wheel_diameter_mm": 711.1999999999999, "braking_intensity": 0.0, "is_braking": false}}, {"type": "Feature", "geometry": {"type": "LineString", "coordinates": [[4.8821359, 52.3618472], [4.8821685, 52.3618778]]}, "properties": {"Speed": 16.8, "road_quality": 2, "marker": 7, "trip_id": "NORMA_Trip1", "hrot_diff": 1, "sample_diff": 12, "time_diff_s": 0.24, "gps_distance_m": 4.1, "original_speed": "1739", "wheel_diameter_mm": 711.1999999999999, "braking_intensity": 0.0, "is_braking": false}}, {"type": "Feature", "geometry": {"type": "LineString", "coordinates": [[4.8821685, 52.3618778], [4.8822045, 52.3619056]]}, "properties": {"Speed": 11.2, "road_quality": 3, "marker": 7, "trip_id": "NORMA_Trip1", "hrot_diff": 1, "sample_diff": 18, "time_diff_s": 0.36, "gps_distance_m": 3.9, "original_speed": "1562", "wheel_diameter_mm": 711.1999999999999, "braking_intensity": 0.0, "is_braking": false}}, {"type": "Feature", "geometry": {"type": "LineString", "coordinates": [[4.8822045, 52.3619056], [4.8822416, 52.3619308]]}, "properties": {"Speed": 11.8, "road_quality": 2, "marker": 7, "trip_id": "NORMA_Trip1", "hrot_diff": 1, "sample_diff": 17, "time_diff_s": 0.34, "gps_distance_m": 3.8, "original_speed": "1339", "wheel_diameter_mm": 711.1999999999999, "braking_intensity": 0.0, "is_braking": false}}, {"type": "Feature", "geometry": {"type": "LineString", "coordinates": [[4.8822416, 52.3619308], [4.8822512, 52.3619508]]}, "properties": {"Speed": 8.7, "road_quality": 2, "marker": 7, "trip_id": "NORMA_Trip1", "hrot_diff": 1, "sample_diff": 23, "time_diff_s": 0.46, "gps_distance_m": 2.3, "original_speed": "1327", "wheel_diameter_mm": 711.1999999999999, "braking_intensity": 0.0, "is_braking": false}}, {"type": "Feature", "geometry": {"type": "LineString", "coordinates": [[4.8822512, 52.3619508], [4.8822745, 52.3619768]]}, "properties": {"Speed": 11.2, "road_quality": 2, "marker": 7, "trip_id": "NORMA_Trip1", "hrot_diff": 1, "sample_diff": 18, "time_diff_s": 0.36, "gps_distance_m": 3.3, "original_speed": "1282", "wheel_diameter_mm": 711.1999999999999, "braking_intensity": 0.0, "is_braking": false}}, {"type": "Feature", "geometry": {"type": "LineString", "coordinates": [[4.8822745, 52.3619768], [4.8823069, 52.3620131]]}, "properties": {"Speed": 10.6, "road_quality": 3, "marker": 7, "trip_id": "NORMA_Trip1", "hrot_diff": 1, "sample_diff": 19, "time_diff_s": 0.38, "gps_distance_m": 4.6, "original_speed": "1515", "wheel_diameter_mm": 711.1999999999999, "braking_intensity": 0.0, "is_braking": false}}, {"type": "Feature", "geometry": {"type": "LineString", "coordinates": [[4.8823069, 52.3620131], [4.8823313, 52.3620378]]}, "properties": {"Speed": 13.4, "road_quality": 3, "marker": 7, "trip_id": "NORMA_Trip1", "hrot_diff": 1, "sample_diff": 15, "time_diff_s": 0.3, "gps_distance_m": 3.2, "original_speed": "1574", "wheel_diameter_mm": 711.1999999999999, "braking_intensity": 0.0, "is_braking": false}}, {"type": "Feature", "geometry": {"type": "LineString", "coordinates": [[4.8823685, 52.3620615], [4.8823905, 52.3620842]]}, "properties": {"Speed": 18.3, "road_quality": 3, "marker": 6, "trip_id": "NORMA_Trip1", "hrot_diff": 1, "sample_diff": 11, "time_diff_s": 0.22, "gps_distance_m": 2.9, "original_speed": "-1", "wheel_diameter_mm": 711.1999999999999, "braking_intensity": 0.0, "is_braking": false}}, {"type": "Feature", "geometry": {"type": "LineString", "coordinates": [[4.8824183, 52.362111], [4.8824591, 52.3621381]]}, "properties": {"Speed": 15.5, "road_quality": 3, "marker": 6, "trip_id": "NORMA_Trip1", "hrot_diff": 1, "sample_diff": 13, "time_diff_s": 0.26, "gps_distance_m": 4.1, "original_speed": "-1", "wheel_diameter_mm": 711.1999999999999, "braking_intensity": 0.0, "is_braking": false}}, {"type": "Feature", "geometry": {"type": "LineString", "coordinates": [[4.8824591, 52.3621381], [4.8825125, 52.3621658]]}, "properties": {"Speed": 11.2, "road_quality": 3, "marker": 6, "trip_id": "NORMA_Trip1", "hrot_diff": 1, "sample_diff": 18, "time_diff_s": 0.36, "gps_distance_m": 4.8, "original_speed": "-1", "wheel_diameter_mm": 711.1999999999999, "braking_intensity": 0.0, "is_braking": false}}, {"type": "Feature", "geometry": {"type": "LineString", "coordinates": [[4.8825125, 52.3621658], [4.8825668, 52.3622017]]}, "properties": {"Speed": 20.1, "road_quality": 3, "marker": 7, "trip_id": "NORMA_Trip1", "hrot_diff": 1, "sample_diff": 10, "time_diff_s": 0.2, "gps_distance_m": 5.4, "original_speed": "2192", "wheel_diameter_mm": 711.1999999999999, "braking_intensity": 0.0, "is_braking": false}}, {"type": "Feature", "geometry": {"type": "LineString", "coordinates": [[4.8825668, 52.3622017], [4.8826203, 52.3622372]]}, "properties": {"Speed": 11.2, "road_quality": 3, "marker": 7, "trip_id": "NORMA_Trip1", "hrot_diff": 1, "sample_diff": 18, "time_diff_s": 0.36, "gps_distance_m": 5.4, "original_speed": "2272", "wheel_diameter_mm": 711.1999999999999, "braking_intensity": 0.0, "is_braking": false}}, {"type": "Feature", "geometry": {"type": "LineString", "coordinates": [[4.8826203, 52.3622372], [4.8826709, 52.3622668]]}, "properties": {"Speed": 28.7, "road_quality": 3, "marker": 7, "trip_id": "NORMA_Trip1", "hrot_diff": 1, "sample_diff": 7, "time_diff_s": 0.14, "gps_distance_m": 4.8, "original_speed": "2500", "wheel_diameter_mm": 711.1999999999999, "braking_intensity": 0.0, "is_braking": false}}, {"type": "Feature", "geometry": {"type": "LineString", "coordinates": [[4.8826709, 52.3622668], [4.8827077, 52.3622812]]}, "properties": {"Speed": 18.3, "road_quality": 3, "marker": 7, "trip_id": "NORMA_Trip1", "hrot_diff": 1, "sample_diff": 11, "time_diff_s": 0.22, "gps_distance_m": 3.0, "original_speed": "2450", "wheel_diameter_mm": 711.1999999999999, "braking_intensity": 0.0, "is_braking": false}}, {"type": "Feature", "geometry": {"type": "LineString", "coordinates": [[4.8827077, 52.3622812], [4.882777, 52.3622986]]}, "properties": {"Speed": 20.1, "road_quality": 3, "marker": 7, "trip_id": "NORMA_Trip1", "hrot_diff": 1, "sample_diff": 10, "time_diff_s": 0.2, "gps_distance_m": 5.1, "original_speed": "3636", "wheel_diameter_mm": 711.1999999999999, "braking_intensity": 0.0, "is_braking": false}}, {"type": "Feature", "geometry": {"type": "LineString", "coordinates": [[4.882777, 52.3622986], [4.8828543, 52.3623071]]}, "properties": {"Speed": 18.3, "road_quality": 3, "marker": 7, "trip_id": "NORMA_Trip1", "hrot_diff": 1, "sample_diff": 11, "time_diff_s": 0.22, "gps_distance_m": 5.3, "original_speed": "2654", "wheel_diameter_mm": 711.1999999999999, "braking_intensity": 0.0, "is_braking": false}}, {"type": "Feature", "geometry": {"type": "LineString", "coordinates": [[4.8828543, 52.3623071], [4.8829557, 52.3623288]]}, "properties": {"Speed": 20.1, "road_quality": 3, "marker": 7, "trip_id": "NORMA_Trip1", "hrot_diff": 1, "sample_diff": 10, "time_diff_s": 0.2, "gps_distance_m": 7.3, "original_speed": "2830", "wheel_diameter_mm": 711.1999999999999, "braking_intensity": 0.0, "is_braking": false}}, {"type": "Feature", "geometry": {"type": "LineString", "coordinates": [[4.8829557, 52.3623288], [4.8830564, 52.3623502]]}, "properties": {"Speed": 16.8, "road_quality": 3, "marker": 7, "trip_id": "NORMA_Trip1", "hrot_diff": 1, "sample_diff": 12, "time_diff_s": 0.24, "gps_distance_m": 7.2, "original_speed": "2678", "wheel_diameter_mm": 711.1999999999999, "braking_intensity": 0.0, "is_braking": false}}, {"type": "Feature", "geometry": {"type": "LineString", "coordinates": [[4.8830564, 52.3623502], [4.8832322, 52.3623977]]}, "properties": {"Speed": 14.4, "road_quality": 3, "marker": 7, "trip_id": "NORMA_Trip1", "hrot_diff": 1, "sample_diff": 14, "time_diff_s": 0.28, "gps_distance_m": 13.1, "original_speed": "2500", "wheel_diameter_mm": 711.1999999999999, "braking_intensity": 0.0, "is_braking": false}}, {"type": "Feature", "geometry": {"type": "LineString", "coordinates": [[4.8832322, 52.3623977], [4.8833143, 52.362428]]}, "properties": {"Speed": 22.3, "road_quality": 3, "marker": 7, "trip_id": "NORMA_Trip1", "hrot_diff": 1, "sample_diff": 9, "time_diff_s": 0.18, "gps_distance_m": 6.5, "original_speed": "2678", "wheel_diameter_mm": 711.1999999999999, "braking_intensity": 0.0, "is_braking": false}}, {"type": "Feature", "geometry": {"type": "LineString", "coordinates": [[4.8833143, 52.362428], [4.8833697, 52.3624508]]}, "properties": {"Speed": 22.3, "road_quality": 3, "marker": 6, "trip_id": "NORMA_Trip1", "hrot_diff": 1, "sample_diff": 9, "time_diff_s": 0.18, "gps_distance_m": 4.5, "original_speed": "-1", "wheel_diameter_mm": 711.1999999999999, "braking_intensity": 0.0, "is_braking": false}}, {"type": "Feature", "geometry": {"type": "LineString", "coordinates": [[4.8833697, 52.3624508], [4.8834241, 52.3624849]]}, "properties": {"Speed": 18.3, "road_quality": 3, "marker": 6, "trip_id": "NORMA_Trip1", "hrot_diff": 1, "sample_diff": 11, "time_diff_s": 0.22, "gps_distance_m": 5.3, "original_speed": "-1", "wheel_diameter_mm": 711.1999999999999, "braking_intensity": 0.0, "is_braking": false}}, {"type": "Feature", "geometry": {"type": "LineString", "coordinates": [[4.8834241, 52.3624849], [4.8835158, 52.3625447]]}, "properties": {"Speed": 6.1, "road_quality": 3, "marker": 6, "trip_id": "NORMA_Trip1", "hrot_diff": 1, "sample_diff": 33, "time_diff_s": 0.66, "gps_distance_m": 9.1, "original_speed": "-1", "wheel_diameter_mm": 711.1999999999999, "braking_intensity": 0.0, "is_braking": false}}, {"type": "Feature", "geometry": {"type": "LineString", "coordinates": [[4.8835158, 52.3625447], [4.883559, 52.3625679]]}, "properties": {"Speed": 4.6, "road_quality": 3, "marker": 6, "trip_id": "NORMA_Trip1", "hrot_diff": 1, "sample_diff": 44, "time_diff_s": 0.88, "gps_distance_m": 3.9, "original_speed": "-1", "wheel_diameter_mm": 711.1999999999999, "braking_intensity": 0.0, "is_braking": false}}, {"type": "Feature", "geometry": {"type": "LineString", "coordinates": [[4.883559, 52.3625679], [4.8836143, 52.3625872]]}, "properties": {"Speed": 10.6, "road_quality": 3, "marker": 6, "trip_id": "NORMA_Trip1", "hrot_diff": 1, "sample_diff": 19, "time_diff_s": 0.38, "gps_distance_m": 4.3, "original_speed": "-1", "wheel_diameter_mm": 711.1999999999999, "braking_intensity": 0.0, "is_braking": false}}, {"type": "Feature", "geometry": {"type": "LineString", "coordinates": [[4.8836634, 52.3626118], [4.8837124, 52.3626335]]}, "properties": {"Speed": 20.1, "road_quality": 3, "marker": 7, "trip_id": "NORMA_Trip1", "hrot_diff": 1, "sample_diff": 10, "time_diff_s": 0.2, "gps_distance_m": 4.1, "original_speed": "2380", "wheel_diameter_mm": 711.1999999999999, "braking_intensity": 0.0, "is_braking": false}}, {"type": "Feature", "geometry": {"type": "LineString", "coordinates": [[4.8837124, 52.3626335], [4.8837333, 52.3626414]]}, "properties": {"Speed": 11.8, "road_quality": 3, "marker": 7, "trip_id": "NORMA_Trip1", "hrot_diff": 1, "sample_diff": 17, "time_diff_s": 0.34, "gps_distance_m": 1.7, "original_speed": "1587", "wheel_diameter_mm": 711.1999999999999, "braking_intensity": 0.0, "is_braking": false}}, {"type": "Feature", "geometry": {"type": "LineString", "coordinates": [[4.8837333, 52.3626414], [4.8837441, 52.3626554]]}, "properties": {"Speed": 9.1, "road_quality": 2, "marker": 7, "trip_id": "NORMA_Trip1", "hrot_diff": 1, "sample_diff": 22, "time_diff_s": 0.44, "gps_distance_m": 1.7, "original_speed": "1526", "wheel_diameter_mm": 711.1999999999999, "braking_intensity": 0.0, "is_braking": false}}, {"type": "Feature", "geometry": {"type": "LineString", "coordinates": [[4.8837441, 52.3626554], [4.8837632, 52.3626809]]}, "properties": {"Speed": 9.6, "road_quality": 3, "marker": 7, "trip_id": "NORMA_Trip1", "hrot_diff": 1, "sample_diff": 21, "time_diff_s": 0.42, "gps_distance_m": 3.1, "original_speed": "1485", "wheel_diameter_mm": 711.1999999999999, "braking_intensity": 0.0, "is_braking": false}}, {"type": "Feature", "geometry": {"type": "LineString", "coordinates": [[4.8837632, 52.3626809], [4.883777, 52.3627019]]}, "properties": {"Speed": 11.8, "road_quality": 3, "marker": 6, "trip_id": "NORMA_Trip1", "hrot_diff": 1, "sample_diff": 17, "time_diff_s": 0.34, "gps_distance_m": 2.5, "original_speed": "-1", "wheel_diameter_mm": 711.1999999999999, "braking_intensity": 0.0, "is_braking": false}}, {"type": "Feature", "geometry": {"type": "LineString", "coordinates": [[4.883777, 52.3627019], [4.8837684, 52.3627188]]}, "properties": {"Speed": 15.5, "road_quality": 3, "marker": 6, "trip_id": "NORMA_Trip1", "hrot_diff": 1, "sample_diff": 13, "time_diff_s": 0.26, "gps_distance_m": 2.0, "original_speed": "-1", "wheel_diameter_mm": 711.1999999999999, "braking_intensity": 0.0, "is_braking": false}}, {"type": "Feature", "geometry": {"type": "LineString", "coordinates": [[4.8837684, 52.3627188], [4.8837437, 52.3627415]]}, "properties": {"Speed": 12.6, "road_quality": 3, "marker": 7, "trip_id": "NORMA_Trip1", "hrot_diff": 1, "sample_diff": 16, "time_diff_s": 0.32, "gps_distance_m": 3.0, "original_speed": "2118", "wheel_diameter_mm": 711.1999999999999, "braking_intensity": 0.0, "is_braking": false}}, {"type": "Feature", "geometry": {"type": "LineString", "coordinates": [[4.8837437, 52.3627415], [4.8837067, 52.3627685]]}, "properties": {"Speed": 14.4, "road_quality": 3, "marker": 7, "trip_id": "NORMA_Trip1", "hrot_diff": 1, "sample_diff": 14, "time_diff_s": 0.28, "gps_distance_m": 3.9, "original_speed": "2173", "wheel_diameter_mm": 711.1999999999999, "braking_intensity": 0.0, "is_braking": false}}, {"type": "Feature", "geometry": {"type": "LineString", "coordinates": [[4.8837067, 52.3627685], [4.8836754, 52.3628017]]}, "properties": {"Speed": 7.4, "road_quality": 3, "marker": 7, "trip_id": "NORMA_Trip1", "hrot_diff": 1, "sample_diff": 27, "time_diff_s": 0.54, "gps_distance_m": 4.3, "original_speed": "2049", "wheel_diameter_mm": 711.1999999999999, "braking_intensity": 0.0, "is_braking": false}}, {"type": "Feature", "geometry": {"type": "LineString", "coordinates": [[4.8836754, 52.3628017], [4.8836491, 52.3628262]]}, "properties": {"Speed": 18.3, "road_quality": 3, "marker": 6, "trip_id": "NORMA_Trip1", "hrot_diff": 1, "sample_diff": 11, "time_diff_s": 0.22, "gps_distance_m": 3.3, "original_speed": "-1", "wheel_diameter_mm": 711.1999999999999, "braking_intensity": 0.0, "is_braking": false}}, {"type": "Feature", "geometry": {"type": "LineString", "coordinates": [[4.8836491, 52.3628262], [4.8836191, 52.3628591]]}, "properties": {"Speed": 25.1, "road_quality": 3, "marker": 6, "trip_id": "NORMA_Trip1", "hrot_diff": 1, "sample_diff": 8, "time_diff_s": 0.16, "gps_distance_m": 4.2, "original_speed": "-1", "wheel_diameter_mm": 711.1999999999999, "braking_intensity": 0.0, "is_braking": false}}, {"type": "Feature", "geometry": {"type": "LineString", "coordinates": [[4.8836191, 52.3628591], [4.883588, 52.3628865]]}, "properties": {"Speed": 22.3, "road_quality": 3, "marker": 7, "trip_id": "NORMA_Trip1", "hrot_diff": 1, "sample_diff": 9, "time_diff_s": 0.18, "gps_distance_m": 3.7, "original_speed": "3181", "wheel_diameter_mm": 711.1999999999999, "braking_intensity": 0.0, "is_braking": false}}, {"type": "Feature", "geometry": {"type": "LineString", "coordinates": [[4.883588, 52.3628865], [4.8835581, 52.362927]]}, "properties": {"Speed": 16.8, "road_quality": 3, "marker": 7, "trip_id": "NORMA_Trip1", "hrot_diff": 1, "sample_diff": 12, "time_diff_s": 0.24, "gps_distance_m": 4.9, "original_speed": "2336", "wheel_diameter_mm": 711.1999999999999, "braking_intensity": 0.0, "is_braking": false}}, {"type": "Feature", "geometry": {"type": "LineString", "coordinates": [[4.8835581, 52.362927], [4.8835352, 52.3629656]]}, "properties": {"Speed": 28.7, "road_quality": 2, "marker": 7, "trip_id": "NORMA_Trip1", "hrot_diff": 1, "sample_diff": 7, "time_diff_s": 0.14, "gps_distance_m": 4.6, "original_speed": "2336", "wheel_diameter_mm": 711.1999999999999, "braking_intensity": 0.0, "is_braking": false}}, {"type": "Feature", "geometry": {"type": "LineString", "coordinates": [[4.8835352, 52.3629656], [4.8835221, 52.3630132]]}, "properties": {"Speed": 13.4, "road_quality": 3, "marker": 7, "trip_id": "NORMA_Trip1", "hrot_diff": 1, "sample_diff": 15, "time_diff_s": 0.3, "gps_distance_m": 5.4, "original_speed": "2427", "wheel_diameter_mm": 711.1999999999999, "braking_intensity": 0.0, "is_braking": false}}, {"type": "Feature", "geometry": {"type": "LineString", "coordinates": [[4.8835221, 52.3630132], [4.8835016, 52.3630619]]}, "properties": {"Speed": 16.8, "road_quality": 3, "marker": 7, "trip_id": "NORMA_Trip1", "hrot_diff": 1, "sample_diff": 12, "time_diff_s": 0.24, "gps_distance_m": 5.6, "original_speed": "2479", "wheel_diameter_mm": 711.1999999999999, "braking_intensity": 0.0, "is_braking": false}}, {"type": "Feature", "geometry": {"type": "LineString", "coordinates": [[4.8835016, 52.3630619], [4.8834813, 52.363116]]}, "properties": {"Speed": 18.3, "road_quality": 3, "marker": 7, "trip_id": "NORMA_Trip1", "hrot_diff": 1, "sample_diff": 11, "time_diff_s": 0.22, "gps_distance_m": 6.2, "original_speed": "2475", "wheel_diameter_mm": 711.1999999999999, "braking_intensity": 0.0, "is_braking": false}}, {"type": "Feature", "geometry": {"type": "LineString", "coordinates": [[4.8834813, 52.363116], [4.8834636, 52.3631556]]}, "properties": {"Speed": 25.1, "road_quality": 3, "marker": 7, "trip_id": "NORMA_Trip1", "hrot_diff": 1, "sample_diff": 8, "time_diff_s": 0.16, "gps_distance_m": 4.6, "original_speed": "2475", "wheel_diameter_mm": 711.1999999999999, "braking_intensity": 0.0, "is_braking": false}}, {"type": "Feature", "geometry": {"type": "LineString", "coordinates": [[4.8834636, 52.3631556], [4.8834377, 52.3631966]]}, "properties": {"Speed": 25.1, "road_quality": 3, "marker": 7, "trip_id": "NORMA_Trip1", "hrot_diff": 1, "sample_diff": 8, "time_diff_s": 0.16, "gps_distance_m": 4.9, "original_speed": "2500", "wheel_diameter_mm": 711.1999999999999, "braking_intensity": 0.0, "is_braking": false}}, {"type": "Feature", "geometry": {"type": "LineString", "coordinates": [[4.8834377, 52.3631966], [4.8834099, 52.3632279]]}, "properties": {"Speed": 20.1, "road_quality": 3, "marker": 7, "trip_id": "NORMA_Trip1", "hrot_diff": 1, "sample_diff": 10, "time_diff_s": 0.2, "gps_distance_m": 4.0, "original_speed": "3500", "wheel_diameter_mm": 711.1999999999999, "braking_intensity": 0.0, "is_braking": false}}, {"type": "Feature", "geometry": {"type": "LineString", "coordinates": [[4.8834099, 52.3632279], [4.883371, 52.3632714]]}, "properties": {"Speed": 22.3, "road_quality": 3, "marker": 7, "trip_id": "NORMA_Trip1", "hrot_diff": 1, "sample_diff": 9, "time_diff_s": 0.18, "gps_distance_m": 5.5, "original_speed": "2500", "wheel_diameter_mm": 711.1999999999999, "braking_intensity": 0.0, "is_braking": false}}, {"type": "Feature", "geometry": {"type": "LineString", "coordinates": [[4.883371, 52.3632714], [4.8833306, 52.3633184]]}, "properties": {"Speed": 18.3, "road_quality": 3, "marker": 7, "trip_id": "NORMA_Trip1", "hrot_diff": 1, "sample_diff": 11, "time_diff_s": 0.22, "gps_distance_m": 5.9, "original_speed": "2564", "wheel_diameter_mm": 711.1999999999999, "braking_intensity": 0.0, "is_braking": false}}, {"type": "Feature", "geometry": {"type": "LineString", "coordinates": [[4.8832982, 52.3633623], [4.8832596, 52.3634078]]}, "properties": {"Speed": 16.8, "road_quality": 3, "marker": 7, "trip_id": "NORMA_Trip1", "hrot_diff": 1, "sample_diff": 12, "time_diff_s": 0.24, "gps_distance_m": 5.7, "original_speed": "2702", "wheel_diameter_mm": 711.1999999999999, "braking_intensity": 0.0, "is_braking": false}}, {"type": "Feature", "geometry": {"type": "LineString", "coordinates": [[4.8832596, 52.3634078], [4.883208, 52.3634529]]}, "properties": {"Speed": 22.3, "road_quality": 3, "marker": 7, "trip_id": "NORMA_Trip1", "hrot_diff": 1, "sample_diff": 9, "time_diff_s": 0.18, "gps_distance_m": 6.1, "original_speed": "2586", "wheel_diameter_mm": 711.1999999999999, "braking_intensity": 0.0, "is_braking": false}}, {"type": "Feature", "geometry": {"type": "LineString", "coordinates": [[4.883208, 52.3634529], [4.8831657, 52.363501]]}, "properties": {"Speed": 18.3, "road_quality": 3, "marker": 7, "trip_id": "NORMA_Trip1", "hrot_diff": 1, "sample_diff": 11, "time_diff_s": 0.22, "gps_distance_m": 6.1, "original_speed": "2857", "wheel_diameter_mm": 711.1999999999999, "braking_intensity": 0.0, "is_braking": false}}, {"type": "Feature", "geometry": {"type": "LineString", "coordinates": [[4.8831657, 52.363501], [4.8831347, 52.3635382]]}, "properties": {"Speed": 18.3, "road_quality": 3, "marker": 7, "trip_id": "NORMA_Trip1", "hrot_diff": 1, "sample_diff": 11, "time_diff_s": 0.22, "gps_distance_m": 4.6, "original_speed": "2752", "wheel_diameter_mm": 711.1999999999999, "braking_intensity": 0.0, "is_braking": false}}, {"type": "Feature", "geometry": {"type": "LineString", "coordinates": [[4.8830992, 52.3635723], [4.8830526, 52.3636096]]}, "properties": {"Speed": 15.5, "road_quality": 3, "marker": 6, "trip_id": "NORMA_Trip1", "hrot_diff": 1, "sample_diff": 13, "time_diff_s": 0.26, "gps_distance_m": 5.2, "original_speed": "-1", "wheel_diameter_mm": 711.1999999999999, "braking_intensity": 0.0, "is_braking": false}}, {"type": "Feature", "geometry": {"type": "LineString", "coordinates": [[4.8830526, 52.3636096], [4.8829986, 52.3636552]]}, "properties": {"Speed": 20.1, "road_quality": 3, "marker": 6, "trip_id": "NORMA_Trip1", "hrot_diff": 1, "sample_diff": 10, "time_diff_s": 0.2, "gps_distance_m": 6.3, "original_speed": "-1", "wheel_diameter_mm": 711.1999999999999, "braking_intensity": 0.0, "is_braking": false}}, {"type": "Feature", "geometry": {"type": "LineString", "coordinates": [[4.8829986, 52.3636552], [4.8829519, 52.3636916]]}, "properties": {"Speed": 20.1, "road_quality": 3, "marker": 7, "trip_id": "NORMA_Trip1", "hrot_diff": 1, "sample_diff": 10, "time_diff_s": 0.2, "gps_distance_m": 5.1, "original_speed": "2803", "wheel_diameter_mm": 711.1999999999999, "braking_intensity": 0.0, "is_braking": false}}, {"type": "Feature", "geometry": {"type": "LineString", "coordinates": [[4.8829519, 52.3636916], [4.8829051, 52.3637294]]}, "properties": {"Speed": 22.3, "road_quality": 3, "marker": 7, "trip_id": "NORMA_Trip1", "hrot_diff": 1, "sample_diff": 9, "time_diff_s": 0.18, "gps_distance_m": 5.3, "original_speed": "2702", "wheel_diameter_mm": 711.1999999999999, "braking_intensity": 0.0, "is_braking": false}}, {"type": "Feature", "geometry": {"type": "LineString", "coordinates": [[4.8829051, 52.3637294], [4.8828526, 52.3637599]]}, "properties": {"Speed": 14.4, "road_quality": 3, "marker": 7, "trip_id": "NORMA_Trip1", "hrot_diff": 1, "sample_diff": 14, "time_diff_s": 0.28, "gps_distance_m": 4.9, "original_speed": "2884", "wheel_diameter_mm": 711.1999999999999, "braking_intensity": 0.0, "is_braking": false}}, {"type": "Feature", "geometry": {"type": "LineString", "coordinates": [[4.8828526, 52.3637599], [4.88278, 52.3637926]]}, "properties": {"Speed": 28.7, "road_quality": 3, "marker": 7, "trip_id": "NORMA_Trip1", "hrot_diff": 1, "sample_diff": 7, "time_diff_s": 0.14, "gps_distance_m": 6.1, "original_speed": "2608", "wheel_diameter_mm": 711.1999999999999, "braking_intensity": 0.0, "is_braking": false}}, {"type": "Feature", "geometry": {"type": "LineString", "coordinates": [[4.88278, 52.3637926], [4.8827002, 52.3638208]]}, "properties": {"Speed": 22.3, "road_quality": 3, "marker": 7, "trip_id": "NORMA_Trip1", "hrot_diff": 1, "sample_diff": 9, "time_diff_s": 0.18, "gps_distance_m": 6.3, "original_speed": "2586", "wheel_diameter_mm": 711.1999999999999, "braking_intensity": 0.0, "is_braking": false}}, {"type": "Feature", "geometry": {"type": "LineString", "coordinates": [[4.8827002, 52.3638208], [4.8826304, 52.3638354]]}, "properties": {"Speed": 14.4, "road_quality": 2, "marker": 7, "trip_id": "NORMA_Trip1", "hrot_diff": 1, "sample_diff": 14, "time_diff_s": 0.28, "gps_distance_m": 5.0, "original_speed": "2314", "wheel_diameter_mm": 711.1999999999999, "braking_intensity": 0.0, "is_braking": false}}, {"type": "Feature", "geometry": {"type": "LineString", "coordinates": [[4.8826304, 52.3638354], [4.882565, 52.3638409]]}, "properties": {"Speed": 18.3, "road_quality": 2, "marker": 7, "trip_id": "NORMA_Trip1", "hrot_diff": 1, "sample_diff": 11, "time_diff_s": 0.22, "gps_distance_m": 4.5, "original_speed": "2066", "wheel_diameter_mm": 711.1999999999999, "braking_intensity": 0.0, "is_braking": false}}, {"type": "Feature", "geometry": {"type": "LineString", "coordinates": [[4.8824997, 52.3638481], [4.8824579, 52.3638575]]}, "properties": {"Speed": 11.2, "road_quality": 3, "marker": 6, "trip_id": "NORMA_Trip1", "hrot_diff": 1, "sample_diff": 18, "time_diff_s": 0.36, "gps_distance_m": 3.0, "original_speed": "-1", "wheel_diameter_mm": 711.1999999999999, "braking_intensity": 0.0, "is_braking": false}}, {"type": "Feature", "geometry": {"type": "LineString", "coordinates": [[4.8824579, 52.3638575], [4.8823516, 52.3638718]]}, "properties": {"Speed": 12.6, "road_quality": 3, "marker": 7, "trip_id": "NORMA_Trip1", "hrot_diff": 1, "sample_diff": 16, "time_diff_s": 0.32, "gps_distance_m": 7.4, "original_speed": "1785", "wheel_diameter_mm": 711.1999999999999, "braking_intensity": 0.0, "is_braking": false}}, {"type": "Feature", "geometry": {"type": "LineString", "coordinates": [[4.8823516, 52.3638718], [4.8822926, 52.3638732]]}, "properties": {"Speed": 13.4, "road_quality": 3, "marker": 7, "trip_id": "NORMA_Trip1", "hrot_diff": 1, "sample_diff": 15, "time_diff_s": 0.3, "gps_distance_m": 4.0, "original_speed": "1754", "wheel_diameter_mm": 711.1999999999999, "braking_intensity": 0.0, "is_braking": false}}, {"type": "Feature", "geometry": {"type": "LineString", "coordinates": [[4.8822926, 52.3638732], [4.8822373, 52.3638789]]}, "properties": {"Speed": 16.8, "road_quality": 2, "marker": 7, "trip_id": "NORMA_Trip1", "hrot_diff": 1, "sample_diff": 12, "time_diff_s": 0.24, "gps_distance_m": 3.8, "original_speed": "1923", "wheel_diameter_mm": 711.1999999999999, "braking_intensity": 0.0, "is_braking": false}}, {"type": "Feature", "geometry": {"type": "LineString", "coordinates": [[4.8822373, 52.3638789], [4.8821819, 52.3638857]]}, "properties": {"Speed": 20.1, "road_quality": 2, "marker": 7, "trip_id": "NORMA_Trip1", "hrot_diff": 1, "sample_diff": 10, "time_diff_s": 0.2, "gps_distance_m": 3.8, "original_speed": "1785", "wheel_diameter_mm": 711.1999999999999, "braking_intensity": 0.0, "is_braking": false}}, {"type": "Feature", "geometry": {"type": "LineString", "coordinates": [[4.8821819, 52.3638857], [4.8821296, 52.3638956]]}, "properties": {"Speed": 22.3, "road_quality": 3, "marker": 7, "trip_id": "NORMA_Trip1", "hrot_diff": 1, "sample_diff": 9, "time_diff_s": 0.18, "gps_distance_m": 3.7, "original_speed": "1960", "wheel_diameter_mm": 711.1999999999999, "braking_intensity": 0.0, "is_braking": false}}, {"type": "Feature", "geometry": {"type": "LineString", "coordinates": [[4.8821296, 52.3638956], [4.8820672, 52.3639151]]}, "properties": {"Speed": 20.1, "road_quality": 2, "marker": 7, "trip_id": "NORMA_Trip1", "hrot_diff": 1, "sample_diff": 10, "time_diff_s": 0.2, "gps_distance_m": 4.8, "original_speed": "2118", "wheel_diameter_mm": 711.1999999999999, "braking_intensity": 0.0, "is_braking": false}}, {"type": "Feature", "geometry": {"type": "LineString", "coordinates": [[4.8820672, 52.3639151], [4.8820188, 52.3639325]]}, "properties": {"Speed": 14.4, "road_quality": 2, "marker": 7, "trip_id": "NORMA_Trip1", "hrot_diff": 1, "sample_diff": 14, "time_diff_s": 0.28, "gps_distance_m": 3.8, "original_speed": "2155", "wheel_diameter_mm": 711.1999999999999, "braking_intensity": 0.0, "is_braking": false}}, {"type": "Feature", "geometry": {"type": "LineString", "coordinates": [[4.8820188, 52.3639325], [4.8819784, 52.3639511]]}, "properties": {"Speed": 16.8, "road_quality": 3, "marker": 7, "trip_id": "NORMA_Trip1", "hrot_diff": 1, "sample_diff": 12, "time_diff_s": 0.24, "gps_distance_m": 3.4, "original_speed": "2450", "wheel_diameter_mm": 711.1999999999999, "braking_intensity": 0.0, "is_braking": false}}, {"type": "Feature", "geometry": {"type": "LineString", "coordinates": [[4.8819784, 52.3639511], [4.8819238, 52.3639733]]}, "properties": {"Speed": 15.5, "road_quality": 3, "marker": 7, "trip_id": "NORMA_Trip1", "hrot_diff": 1, "sample_diff": 13, "time_diff_s": 0.26, "gps_distance_m": 4.5, "original_speed": "2380", "wheel_diameter_mm": 711.1999999999999, "braking_intensity": 0.0, "is_braking": false}}, {"type": "Feature", "geometry": {"type": "LineString", "coordinates": [[4.8819238, 52.3639733], [4.8818645, 52.3640028]]}, "properties": {"Speed": 20.1, "road_quality": 3, "marker": 7, "trip_id": "NORMA_Trip1", "hrot_diff": 1, "sample_diff": 10, "time_diff_s": 0.2, "gps_distance_m": 5.2, "original_speed": "2100", "wheel_diameter_mm": 711.1999999999999, "braking_intensity": 0.0, "is_braking": false}}, {"type": "Feature", "geometry": {"type": "LineString", "coordinates": [[4.8818645, 52.3640028], [4.8818149, 52.364032]]}, "properties": {"Speed": 15.5, "road_quality": 3, "marker": 6, "trip_id": "NORMA_Trip1", "hrot_diff": 1, "sample_diff": 13, "time_diff_s": 0.26, "gps_distance_m": 4.7, "original_speed": "-1", "wheel_diameter_mm": 711.1999999999999, "braking_intensity": 0.0, "is_braking": false}}, {"type": "Feature", "geometry": {"type": "LineString", "coordinates": [[4.8818149, 52.364032], [4.8817652, 52.364069]]}, "properties": {"Speed": 7.7, "road_quality": 3, "marker": 6, "trip_id": "NORMA_Trip1", "hrot_diff": 1, "sample_diff": 26, "time_diff_s": 0.52, "gps_distance_m": 5.3, "original_speed": "-1", "wheel_diameter_mm": 711.1999999999999, "braking_intensity": 0.0, "is_braking": false}}, {"type": "Feature", "geometry": {"type": "LineString", "coordinates": [[4.8817652, 52.364069], [4.8817086, 52.3641025]]}, "properties": {"Speed": 8.4, "road_quality": 3, "marker": 7, "trip_id": "NORMA_Trip1", "hrot_diff": 1, "sample_diff": 24, "time_diff_s": 0.48, "gps_distance_m": 5.4, "original_speed": "1739", "wheel_diameter_mm": 711.1999999999999, "braking_intensity": 0.0, "is_braking": false}}, {"type": "Feature", "geometry": {"type": "LineString", "coordinates": [[4.8817086, 52.3641025], [4.8816395, 52.364149]]}, "properties": {"Speed": 25.1, "road_quality": 3, "marker": 6, "trip_id": "NORMA_Trip1", "hrot_diff": 1, "sample_diff": 8, "time_diff_s": 0.16, "gps_distance_m": 7.0, "original_speed": "-1", "wheel_diameter_mm": 711.1999999999999, "braking_intensity": 0.0, "is_braking": false}}, {"type": "Feature", "geometry": {"type": "LineString", "coordinates": [[4.8816395, 52.364149], [4.8815804, 52.3641942]]}, "properties": {"Speed": 20.1, "road_quality": 3, "marker": 7, "trip_id": "NORMA_Trip1", "hrot_diff": 1, "sample_diff": 10, "time_diff_s": 0.2, "gps_distance_m": 6.4, "original_speed": "2608", "wheel_diameter_mm": 711.1999999999999, "braking_intensity": 0.0, "is_braking": false}}, {"type": "Feature", "geometry": {"type": "LineString", "coordinates": [[4.8815283, 52.3642291], [4.8814676, 52.3642769]]}, "properties": {"Speed": 18.3, "road_quality": 3, "marker": 6, "trip_id": "NORMA_Trip1", "hrot_diff": 1, "sample_diff": 11, "time_diff_s": 0.22, "gps_distance_m": 6.7, "original_speed": "-1", "wheel_diameter_mm": 711.1999999999999, "braking_intensity": 0.0, "is_braking": false}}, {"type": "Feature", "geometry": {"type": "LineString", "coordinates": [[4.8814072, 52.3643143], [4.881348, 52.3643466]]}, "properties": {"Speed": 7.7, "road_quality": 3, "marker": 7, "trip_id": "NORMA_Trip1", "hrot_diff": 1, "sample_diff": 26, "time_diff_s": 0.52, "gps_distance_m": 5.4, "original_speed": "1904", "wheel_diameter_mm": 711.1999999999999, "braking_intensity": 0.0, "is_braking": false}}, {"type": "Feature", "geometry": {"type": "LineString", "coordinates": [[4.881348, 52.3643466], [4.8813022, 52.3643839]]}, "properties": {"Speed": 7.7, "road_quality": 3, "marker": 6, "trip_id": "NORMA_Trip1", "hrot_diff": 1, "sample_diff": 26, "time_diff_s": 0.52, "gps_distance_m": 5.2, "original_speed": "-1", "wheel_diameter_mm": 711.1999999999999, "braking_intensity": 0.0, "is_braking": false}}, {"type": "Feature", "geometry": {"type": "LineString", "coordinates": [[4.8813022, 52.3643839], [4.8812481, 52.3644237]]}, "properties": {"Speed": 6.9, "road_quality": 3, "marker": 6, "trip_id": "NORMA_Trip1", "hrot_diff": 1, "sample_diff": 29, "time_diff_s": 0.58, "gps_distance_m": 5.8, "original_speed": "-1", "wheel_diameter_mm": 711.1999999999999, "braking_intensity": 0.0, "is_braking": false}}, {"type": "Feature", "geometry": {"type": "LineString", "coordinates": [[4.8812481, 52.3644237], [4.8811922, 52.3644702]]}, "properties": {"Speed": 18.3, "road_quality": 3, "marker": 6, "trip_id": "NORMA_Trip1", "hrot_diff": 1, "sample_diff": 11, "time_diff_s": 0.22, "gps_distance_m": 6.4, "original_speed": "-1", "wheel_diameter_mm": 711.1999999999999, "braking_intensity": 0.0, "is_braking": false}}, {"type": "Feature", "geometry": {"type": "LineString", "coordinates": [[4.8811922, 52.3644702], [4.8811415, 52.3644993]]}, "properties": {"Speed": 9.1, "road_quality": 3, "marker": 7, "trip_id": "NORMA_Trip1", "hrot_diff": 1, "sample_diff": 22, "time_diff_s": 0.44, "gps_distance_m": 4.7, "original_speed": "1941", "wheel_diameter_mm": 711.1999999999999, "braking_intensity": 0.0, "is_braking": false}}, {"type": "Feature", "geometry": {"type": "LineString", "coordinates": [[4.8811415, 52.3644993], [4.8810841, 52.3645371]]}, "properties": {"Speed": 25.1, "road_quality": 3, "marker": 6, "trip_id": "NORMA_Trip1", "hrot_diff": 1, "sample_diff": 8, "time_diff_s": 0.16, "gps_distance_m": 5.7, "original_speed": "-1", "wheel_diameter_mm": 711.1999999999999, "braking_intensity": 0.0, "is_braking": false}}, {"type": "Feature", "geometry": {"type": "LineString", "coordinates": [[4.8810841, 52.3645371], [4.8810243, 52.3645758]]}, "properties": {"Speed": 22.3, "road_quality": 3, "marker": 6, "trip_id": "NORMA_Trip1", "hrot_diff": 1, "sample_diff": 9, "time_diff_s": 0.18, "gps_distance_m": 5.9, "original_speed": "-1", "wheel_diameter_mm": 711.1999999999999, "braking_intensity": 0.0, "is_braking": false}}, {"type": "Feature", "geometry": {"type": "LineString", "coordinates": [[4.8810243, 52.3645758], [4.8809626, 52.3646185]]}, "properties": {"Speed": 25.1, "road_quality": 3, "marker": 7, "trip_id": "NORMA_Trip1", "hrot_diff": 1, "sample_diff": 8, "time_diff_s": 0.16, "gps_distance_m": 6.3, "original_speed": "3125", "wheel_diameter_mm": 711.1999999999999, "braking_intensity": 0.0, "is_braking": false}}, {"type": "Feature", "geometry": {"type": "LineString", "coordinates": [[4.880899, 52.3646619], [4.8808414, 52.3647024]]}, "properties": {"Speed": 20.1, "road_quality": 3, "marker": 6, "trip_id": "NORMA_Trip1", "hrot_diff": 1, "sample_diff": 10, "time_diff_s": 0.2, "gps_distance_m": 6.0, "original_speed": "-1", "wheel_diameter_mm": 711.1999999999999, "braking_intensity": 0.0, "is_braking": false}}, {"type": "Feature", "geometry": {"type": "LineString", "coordinates": [[4.8808414, 52.3647024], [4.8807929, 52.3647393]]}, "properties": {"Speed": 25.1, "road_quality": 3, "marker": 6, "trip_id": "NORMA_Trip1", "hrot_diff": 1, "sample_diff": 8, "time_diff_s": 0.16, "gps_distance_m": 5.3, "original_speed": "-1", "wheel_diameter_mm": 711.1999999999999, "braking_intensity": 0.0, "is_braking": false}}, {"type": "Feature", "geometry": {"type": "LineString", "coordinates": [[4.8806989, 52.3648096], [4.8806543, 52.3648537]]}, "properties": {"Speed": 8.0, "road_quality": 3, "marker": 7, "trip_id": "NORMA_Trip1", "hrot_diff": 1, "sample_diff": 25, "time_diff_s": 0.5, "gps_distance_m": 5.8, "original_speed": "2232", "wheel_diameter_mm": 711.1999999999999, "braking_intensity": 0.0, "is_braking": false}}, {"type": "Feature", "geometry": {"type": "LineString", "coordinates": [[4.8806543, 52.3648537], [4.8806078, 52.3648968]]}, "properties": {"Speed": 9.1, "road_quality": 3, "marker": 6, "trip_id": "NORMA_Trip1", "hrot_diff": 1, "sample_diff": 22, "time_diff_s": 0.44, "gps_distance_m": 5.7, "original_speed": "-1", "wheel_diameter_mm": 711.1999999999999, "braking_intensity": 0.0, "is_braking": false}}, {"type": "Feature", "geometry": {"type": "LineString", "coordinates": [[4.8806078, 52.3648968], [4.8805483, 52.364955]]}, "properties": {"Speed": 8.7, "road_quality": 3, "marker": 7, "trip_id": "NORMA_Trip1", "hrot_diff": 1, "sample_diff": 23, "time_diff_s": 0.46, "gps_distance_m": 7.6, "original_speed": "1652", "wheel_diameter_mm": 711.1999999999999, "braking_intensity": 0.0, "is_braking": false}}, {"type": "Feature", "geometry": {"type": "LineString", "coordinates": [[4.8805483, 52.364955], [4.8804399, 52.3650449]]}, "properties": {"Speed": 14.4, "road_quality": 3, "marker": 6, "trip_id": "NORMA_Trip1", "hrot_diff": 1, "sample_diff": 14, "time_diff_s": 0.28, "gps_distance_m": 12.4, "original_speed": "-1", "wheel_diameter_mm": 711.1999999999999, "braking_intensity": 0.0, "is_braking": false}}, {"type": "Feature", "geometry": {"type": "LineString", "coordinates": [[4.8804399, 52.3650449], [4.8804017, 52.3650913]]}, "properties": {"Speed": 18.3, "road_quality": 3, "marker": 7, "trip_id": "NORMA_Trip1", "hrot_diff": 1, "sample_diff": 11, "time_diff_s": 0.22, "gps_distance_m": 5.8, "original_speed": "2380", "wheel_diameter_mm": 711.1999999999999, "braking_intensity": 0.0, "is_braking": false}}, {"type": "Feature", "geometry": {"type": "LineString", "coordinates": [[4.8804017, 52.3650913], [4.8803707, 52.3651278]]}, "properties": {"Speed": 15.5, "road_quality": 3, "marker": 7, "trip_id": "NORMA_Trip1", "hrot_diff": 1, "sample_diff": 13, "time_diff_s": 0.26, "gps_distance_m": 4.6, "original_speed": "2293", "wheel_diameter_mm": 711.1999999999999, "braking_intensity": 0.0, "is_braking": false}}, {"type": "Feature", "geometry": {"type": "LineString", "coordinates": [[4.8803707, 52.3651278], [4.8803604, 52.3651551]]}, "properties": {"Speed": 9.6, "road_quality": 3, "marker": 6, "trip_id": "NORMA_Trip1", "hrot_diff": 1, "sample_diff": 21, "time_diff_s": 0.42, "gps_distance_m": 3.1, "original_speed": "-1", "wheel_diameter_mm": 711.1999999999999, "braking_intensity": 0.0, "is_braking": false}}, {"type": "Feature", "geometry": {"type": "LineString", "coordinates": [[4.8803604, 52.3651551], [4.8803537, 52.3651791]]}, "properties": {"Speed": 11.8, "road_quality": 2, "marker": 6, "trip_id": "NORMA_Trip1", "hrot_diff": 1, "sample_diff": 17, "time_diff_s": 0.34, "gps_distance_m": 2.7, "original_speed": "-1", "wheel_diameter_mm": 711.1999999999999, "braking_intensity": 0.0, "is_braking": false}}, {"type": "Feature", "geometry": {"type": "LineString", "coordinates": [[4.8803537, 52.3651791], [4.8803313, 52.3652082]]}, "properties": {"Speed": 8.7, "road_quality": 4, "marker": 7, "trip_id": "NORMA_Trip1", "hrot_diff": 1, "sample_diff": 23, "time_diff_s": 0.46, "gps_distance_m": 3.6, "original_speed": "1363", "wheel_diameter_mm": 711.1999999999999, "braking_intensity": 0.0, "is_braking": false}}, {"type": "Feature", "geometry": {"type": "LineString", "coordinates": [[4.8803313, 52.3652082], [4.8803069, 52.36523]]}, "properties": {"Speed": 3.4, "road_quality": 4, "marker": 7, "trip_id": "NORMA_Trip1", "hrot_diff": 1, "sample_diff": 59, "time_diff_s": 1.18, "gps_distance_m": 2.9, "original_speed": "1229", "wheel_diameter_mm": 711.1999999999999, "braking_intensity": 0.0, "is_braking": false}}, {"type": "Feature", "geometry": {"type": "LineString", "coordinates": [[4.8803069, 52.36523], [4.8802908, 52.3652336]]}, "properties": {"Speed": 13.4, "road_quality": 2, "marker": 6, "trip_id": "NORMA_Trip1", "hrot_diff": 1, "sample_diff": 15, "time_diff_s": 0.3, "gps_distance_m": 1.2, "original_speed": "-1", "wheel_diameter_mm": 711.1999999999999, "braking_intensity": 0.0, "is_braking": false}}, {"type": "Feature", "geometry": {"type": "LineString", "coordinates": [[4.8802808, 52.365244], [4.8802743, 52.3652555]]}, "properties": {"Speed": 10.6, "road_quality": 2, "marker": 7, "trip_id": "NORMA_Trip1", "hrot_diff": 1, "sample_diff": 19, "time_diff_s": 0.38, "gps_distance_m": 1.4, "original_speed": "1401", "wheel_diameter_mm": 711.1999999999999, "braking_intensity": 0.0, "is_braking": false}}, {"type": "Feature", "geometry": {"type": "LineString", "coordinates": [[4.8802743, 52.3652555], [4.8802623, 52.3652787]]}, "properties": {"Speed": 14.4, "road_quality": 2, "marker": 7, "trip_id": "NORMA_Trip1", "hrot_diff": 1, "sample_diff": 14, "time_diff_s": 0.28, "gps_distance_m": 2.7, "original_speed": "1415", "wheel_diameter_mm": 711.1999999999999, "braking_intensity": 0.0, "is_braking": false}}, {"type": "Feature", "geometry": {"type": "LineString", "coordinates": [[4.8802623, 52.3652787], [4.8802476, 52.3652956]]}, "properties": {"Speed": 12.6, "road_quality": 2, "marker": 7, "trip_id": "NORMA_Trip1", "hrot_diff": 1, "sample_diff": 16, "time_diff_s": 0.32, "gps_distance_m": 2.1, "original_speed": "1503", "wheel_diameter_mm": 711.1999999999999, "braking_intensity": 0.0, "is_braking": false}}, {"type": "Feature", "geometry": {"type": "LineString", "coordinates": [[4.8802476, 52.3652956], [4.8802264, 52.3653286]]}, "properties": {"Speed": 12.6, "road_quality": 3, "marker": 7, "trip_id": "NORMA_Trip1", "hrot_diff": 1, "sample_diff": 16, "time_diff_s": 0.32, "gps_distance_m": 3.9, "original_speed": "1680", "wheel_diameter_mm": 711.1999999999999, "braking_intensity": 0.0, "is_braking": false}}, {"type": "Feature", "geometry": {"type": "LineString", "coordinates": [[4.8802264, 52.3653286], [4.880218, 52.3653537]]}, "properties": {"Speed": 11.8, "road_quality": 3, "marker": 7, "trip_id": "NORMA_Trip1", "hrot_diff": 1, "sample_diff": 17, "time_diff_s": 0.34, "gps_distance_m": 2.8, "original_speed": "2016", "wheel_diameter_mm": 711.1999999999999, "braking_intensity": 0.0, "is_braking": false}}, {"type": "Feature", "geometry": {"type": "LineString", "coordinates": [[4.880218, 52.3653537], [4.8802086, 52.3653834]]}, "properties": {"Speed": 14.4, "road_quality": 3, "marker": 7, "trip_id": "NORMA_Trip1", "hrot_diff": 1, "sample_diff": 14, "time_diff_s": 0.28, "gps_distance_m": 3.4, "original_speed": "1960", "wheel_diameter_mm": 711.1999999999999, "braking_intensity": 0.0, "is_braking": false}}, {"type": "Feature", "geometry": {"type": "LineString", "coordinates": [[4.8802656, 52.3654216], [4.8803164, 52.3654431]]}, "properties": {"Speed": 15.5, "road_quality": 3, "marker": 7, "trip_id": "NORMA_Trip1", "hrot_diff": 1, "sample_diff": 13, "time_diff_s": 0.26, "gps_distance_m": 4.2, "original_speed": "2702", "wheel_diameter_mm": 711.1999999999999, "braking_intensity": 0.0, "is_braking": false}}, {"type": "Feature", "geometry": {"type": "LineString", "coordinates": [[4.8803803, 52.3654662], [4.8804903, 52.3655109]]}, "properties": {"Speed": 15.5, "road_quality": 3, "marker": 7, "trip_id": "NORMA_Trip1", "hrot_diff": 1, "sample_diff": 13, "time_diff_s": 0.26, "gps_distance_m": 9.0, "original_speed": "2631", "wheel_diameter_mm": 711.1999999999999, "braking_intensity": 0.0, "is_braking": false}}, {"type": "Feature", "geometry": {"type": "LineString", "coordinates": [[4.880537, 52.3655355], [4.8805741, 52.3655451]]}, "properties": {"Speed": 7.2, "road_quality": 3, "marker": 7, "trip_id": "NORMA_Trip1", "hrot_diff": 1, "sample_diff": 28, "time_diff_s": 0.56, "gps_distance_m": 2.7, "original_speed": "2192", "wheel_diameter_mm": 711.1999999999999, "braking_intensity": 0.0, "is_braking": false}}, {"type": "Feature", "geometry": {"type": "LineString", "coordinates": [[4.8806238, 52.3655526], [4.8806738, 52.3655642]]}, "properties": {"Speed": 11.2, "road_quality": 3, "marker": 7, "trip_id": "NORMA_Trip1", "hrot_diff": 1, "sample_diff": 18, "time_diff_s": 0.36, "gps_distance_m": 3.6, "original_speed": "2884", "wheel_diameter_mm": 711.1999999999999, "braking_intensity": 0.0, "is_braking": false}}, {"type": "Feature", "geometry": {"type": "LineString", "coordinates": [[4.8806987, 52.3655714], [4.880726, 52.3655977]]}, "properties": {"Speed": 28.7, "road_quality": 4, "marker": 6, "trip_id": "NORMA_Trip1", "hrot_diff": 1, "sample_diff": 7, "time_diff_s": 0.14, "gps_distance_m": 3.5, "original_speed": "-1", "wheel_diameter_mm": 711.1999999999999, "braking_intensity": 0.0, "is_braking": false}}, {"type": "Feature", "geometry": {"type": "LineString", "coordinates": [[4.880726, 52.3655977], [4.880772, 52.3656187]]}, "properties": {"Speed": 40, "road_quality": 3, "marker": 6, "trip_id": "NORMA_Trip1", "hrot_diff": 1, "sample_diff": 3, "time_diff_s": 0.06, "gps_distance_m": 3.9, "original_speed": "-1", "wheel_diameter_mm": 711.1999999999999, "braking_intensity": 0.0, "is_braking": false}}, {"type": "Feature", "geometry": {"type": "LineString", "coordinates": [[4.880772, 52.3656187], [4.8808214, 52.3656531]]}, "properties": {"Speed": 11.2, "road_quality": 3, "marker": 7, "trip_id": "NORMA_Trip1", "hrot_diff": 1, "sample_diff": 18, "time_diff_s": 0.36, "gps_distance_m": 5.1, "original_speed": "3431", "wheel_diameter_mm": 711.1999999999999, "braking_intensity": 0.0, "is_braking": false}}, {"type": "Feature", "geometry": {"type": "LineString", "coordinates": [[4.8808214, 52.3656531], [4.8808745, 52.3656715]]}, "properties": {"Speed": 8.7, "road_quality": 3, "marker": 7, "trip_id": "NORMA_Trip1", "hrot_diff": 1, "sample_diff": 23, "time_diff_s": 0.46, "gps_distance_m": 4.1, "original_speed": "1851", "wheel_diameter_mm": 711.1999999999999, "braking_intensity": 0.0, "is_braking": false}}, {"type": "Feature", "geometry": {"type": "LineString", "coordinates": [[4.8808745, 52.3656715], [4.8809309, 52.3656889]]}, "properties": {"Speed": 40, "road_quality": 4, "marker": 6, "trip_id": "NORMA_Trip1", "hrot_diff": 1, "sample_diff": 4, "time_diff_s": 0.08, "gps_distance_m": 4.3, "original_speed": "-1", "wheel_diameter_mm": 711.1999999999999, "braking_intensity": 0.0, "is_braking": false}}, {"type": "Feature", "geometry": {"type": "LineString", "coordinates": [[4.8809309, 52.3656889], [4.8809859, 52.3657136]]}, "properties": {"Speed": 15.5, "road_quality": 3, "marker": 7, "trip_id": "NORMA_Trip1", "hrot_diff": 1, "sample_diff": 13, "time_diff_s": 0.26, "gps_distance_m": 4.6, "original_speed": "3809", "wheel_diameter_mm": 711.1999999999999, "braking_intensity": 0.0, "is_braking": false}}, {"type": "Feature", "geometry": {"type": "LineString", "coordinates": [[4.8809859, 52.3657136], [4.881068, 52.3657477]]}, "properties": {"Speed": 28.7, "road_quality": 3, "marker": 6, "trip_id": "NORMA_Trip1", "hrot_diff": 1, "sample_diff": 7, "time_diff_s": 0.14, "gps_distance_m": 6.7, "original_speed": "-1", "wheel_diameter_mm": 711.1999999999999, "braking_intensity": 0.0, "is_braking": false}}, {"type": "Feature", "geometry": {"type": "LineString", "coordinates": [[4.881068, 52.3657477], [4.8811526, 52.365778]]}, "properties": {"Speed": 33.5, "road_quality": 3, "marker": 6, "trip_id": "NORMA_Trip1", "hrot_diff": 1, "sample_diff": 6, "time_diff_s": 0.12, "gps_distance_m": 6.7, "original_speed": "-1", "wheel_diameter_mm": 711.1999999999999, "braking_intensity": 0.0, "is_braking": false}}, {"type": "Feature", "geometry": {"type": "LineString", "coordinates": [[4.8811526, 52.365778], [4.881239, 52.3658046]]}, "properties": {"Speed": 25.1, "road_quality": 3, "marker": 7, "trip_id": "NORMA_Trip1", "hrot_diff": 1, "sample_diff": 8, "time_diff_s": 0.16, "gps_distance_m": 6.6, "original_speed": "3000", "wheel_diameter_mm": 711.1999999999999, "braking_intensity": 0.0, "is_braking": false}}, {"type": "Feature", "geometry": {"type": "LineString", "coordinates": [[4.8813241, 52.3658364], [4.8814381, 52.3658773]]}, "properties": {"Speed": 20.1, "road_quality": 3, "marker": 6, "trip_id": "NORMA_Trip1", "hrot_diff": 1, "sample_diff": 10, "time_diff_s": 0.2, "gps_distance_m": 9.0, "original_speed": "-1", "wheel_diameter_mm": 711.1999999999999, "braking_intensity": 0.0, "is_braking": false}}, {"type": "Feature", "geometry": {"type": "LineString", "coordinates": [[4.8814381, 52.3658773], [4.8815378, 52.365909]]}, "properties": {"Speed": 25.1, "road_quality": 3, "marker": 6, "trip_id": "NORMA_Trip1", "hrot_diff": 1, "sample_diff": 8, "time_diff_s": 0.16, "gps_distance_m": 7.6, "original_speed": "-1", "wheel_diameter_mm": 711.1999999999999, "braking_intensity": 0.0, "is_braking": false}}, {"type": "Feature", "geometry": {"type": "LineString", "coordinates": [[4.8815378, 52.365909], [4.8816271, 52.3659403]]}, "properties": {"Speed": 18.3, "road_quality": 3, "marker": 6, "trip_id": "NORMA_Trip1", "hrot_diff": 1, "sample_diff": 11, "time_diff_s": 0.22, "gps_distance_m": 7.0, "original_speed": "-1", "wheel_diameter_mm": 711.1999999999999, "braking_intensity": 0.0, "is_braking": false}}, {"type": "Feature", "geometry": {"type": "LineString", "coordinates": [[4.8816271, 52.3659403], [4.8817176, 52.3659766]]}, "properties": {"Speed": 10.1, "road_quality": 3, "marker": 6, "trip_id": "NORMA_Trip1", "hrot_diff": 1, "sample_diff": 20, "time_diff_s": 0.4, "gps_distance_m": 7.4, "original_speed": "-1", "wheel_diameter_mm": 711.1999999999999, "braking_intensity": 0.0, "is_braking": false}}, {"type": "Feature", "geometry": {"type": "LineString", "coordinates": [[4.8818297, 52.3660119], [4.8819253, 52.3660412]]}, "properties": {"Speed": 25.1, "road_quality": 3, "marker": 6, "trip_id": "NORMA_Trip1", "hrot_diff": 1, "sample_diff": 8, "time_diff_s": 0.16, "gps_distance_m": 7.3, "original_speed": "-1", "wheel_diameter_mm": 711.1999999999999, "braking_intensity": 0.0, "is_braking": false}}, {"type": "Feature", "geometry": {"type": "LineString", "coordinates": [[4.8819253, 52.3660412], [4.8820064, 52.3660724]]}, "properties": {"Speed": 14.4, "road_quality": 3, "marker": 7, "trip_id": "NORMA_Trip1", "hrot_diff": 1, "sample_diff": 14, "time_diff_s": 0.28, "gps_distance_m": 6.5, "original_speed": "3738", "wheel_diameter_mm": 711.1999999999999, "braking_intensity": 0.0, "is_braking": false}}, {"type": "Feature", "geometry": {"type": "LineString", "coordinates": [[4.8820064, 52.3660724], [4.8820861, 52.3661016]]}, "properties": {"Speed": 40, "road_quality": 3, "marker": 6, "trip_id": "NORMA_Trip1", "hrot_diff": 1, "sample_diff": 3, "time_diff_s": 0.06, "gps_distance_m": 6.3, "original_speed": "-1", "wheel_diameter_mm": 711.1999999999999, "braking_intensity": 0.0, "is_braking": false}}, {"type": "Feature", "geometry": {"type": "LineString", "coordinates": [[4.8820861, 52.3661016], [4.8821513, 52.3661189]]}, "properties": {"Speed": 10.1, "road_quality": 3, "marker": 6, "trip_id": "NORMA_Trip1", "hrot_diff": 1, "sample_diff": 20, "time_diff_s": 0.4, "gps_distance_m": 4.8, "original_speed": "-1", "wheel_diameter_mm": 711.1999999999999, "braking_intensity": 0.0, "is_braking": false}}, {"type": "Feature", "geometry": {"type": "LineString", "coordinates": [[4.8821513, 52.3661189], [4.8822012, 52.3661305]]}, "properties": {"Speed": 12.6, "road_quality": 3, "marker": 7, "trip_id": "NORMA_Trip1", "hrot_diff": 1, "sample_diff": 16, "time_diff_s": 0.32, "gps_distance_m": 3.6, "original_speed": "1754", "wheel_diameter_mm": 711.1999999999999, "braking_intensity": 0.0, "is_braking": false}}, {"type": "Feature", "geometry": {"type": "LineString", "coordinates": [[4.8822012, 52.3661305], [4.8822453, 52.3661431]]}, "properties": {"Speed": 16.8, "road_quality": 3, "marker": 7, "trip_id": "NORMA_Trip1", "hrot_diff": 1, "sample_diff": 12, "time_diff_s": 0.24, "gps_distance_m": 3.3, "original_speed": "1769", "wheel_diameter_mm": 711.1999999999999, "braking_intensity": 0.0, "is_braking": false}}, {"type": "Feature", "geometry": {"type": "LineString", "coordinates": [[4.8822453, 52.3661431], [4.8822877, 52.3661675]]}, "properties": {"Speed": 11.8, "road_quality": 3, "marker": 7, "trip_id": "NORMA_Trip1", "hrot_diff": 1, "sample_diff": 17, "time_diff_s": 0.34, "gps_distance_m": 4.0, "original_speed": "1612", "wheel_diameter_mm": 711.1999999999999, "braking_intensity": 0.0, "is_braking": false}}, {"type": "Feature", "geometry": {"type": "LineString", "coordinates": [[4.8822877, 52.3661675], [4.8823574, 52.3661918]]}, "properties": {"Speed": 11.8, "road_quality": 3, "marker": 7, "trip_id": "NORMA_Trip1", "hrot_diff": 1, "sample_diff": 17, "time_diff_s": 0.34, "gps_distance_m": 5.4, "original_speed": "1724", "wheel_diameter_mm": 711.1999999999999, "braking_intensity": 0.0, "is_braking": false}}, {"type": "Feature", "geometry": {"type": "LineString", "coordinates": [[4.8823574, 52.3661918], [4.8824161, 52.3662166]]}, "properties": {"Speed": 16.8, "road_quality": 3, "marker": 7, "trip_id": "NORMA_Trip1", "hrot_diff": 1, "sample_diff": 12, "time_diff_s": 0.24, "gps_distance_m": 4.8, "original_speed": "1769", "wheel_diameter_mm": 711.1999999999999, "braking_intensity": 0.0, "is_braking": false}}, {"type": "Feature", "geometry": {"type": "LineString", "coordinates": [[4.8824161, 52.3662166], [4.8824599, 52.3662348]]}, "properties": {"Speed": 16.8, "road_quality": 3, "marker": 7, "trip_id": "NORMA_Trip1", "hrot_diff": 1, "sample_diff": 12, "time_diff_s": 0.24, "gps_distance_m": 3.6, "original_speed": "2049", "wheel_diameter_mm": 711.1999999999999, "braking_intensity": 0.0, "is_braking": false}}, {"type": "Feature", "geometry": {"type": "LineString", "coordinates": [[4.8824599, 52.3662348], [4.8825017, 52.366253]]}, "properties": {"Speed": 8.7, "road_quality": 3, "marker": 7, "trip_id": "NORMA_Trip1", "hrot_diff": 1, "sample_diff": 23, "time_diff_s": 0.46, "gps_distance_m": 3.5, "original_speed": "2032", "wheel_diameter_mm": 711.1999999999999, "braking_intensity": 0.0, "is_braking": false}}, {"type": "Feature", "geometry": {"type": "LineString", "coordinates": [[4.8825017, 52.366253], [4.8825522, 52.36628]]}, "properties": {"Speed": 11.8, "road_quality": 2, "marker": 7, "trip_id": "NORMA_Trip1", "hrot_diff": 1, "sample_diff": 17, "time_diff_s": 0.34, "gps_distance_m": 4.6, "original_speed": "1980", "wheel_diameter_mm": 711.1999999999999, "braking_intensity": 0.0, "is_braking": false}}, {"type": "Feature", "geometry": {"type": "LineString", "coordinates": [[4.8825522, 52.36628], [4.8826077, 52.3662989]]}, "properties": {"Speed": 15.5, "road_quality": 2, "marker": 7, "trip_id": "NORMA_Trip1", "hrot_diff": 1, "sample_diff": 13, "time_diff_s": 0.26, "gps_distance_m": 4.3, "original_speed": "1818", "wheel_diameter_mm": 711.1999999999999, "braking_intensity": 0.0, "is_braking": false}}, {"type": "Feature", "geometry": {"type": "LineString", "coordinates": [[4.8826077, 52.3662989], [4.8826689, 52.3663154]]}, "properties": {"Speed": 16.8, "road_quality": 3, "marker": 7, "trip_id": "NORMA_Trip1", "hrot_diff": 1, "sample_diff": 12, "time_diff_s": 0.24, "gps_distance_m": 4.5, "original_speed": "1818", "wheel_diameter_mm": 711.1999999999999, "braking_intensity": 0.0, "is_braking": false}}, {"type": "Feature", "geometry": {"type": "LineString", "coordinates": [[4.8826689, 52.3663154], [4.882731, 52.3663294]]}, "properties": {"Speed": 14.4, "road_quality": 3, "marker": 7, "trip_id": "NORMA_Trip1", "hrot_diff": 1, "sample_diff": 14, "time_diff_s": 0.28, "gps_distance_m": 4.5, "original_speed": "1818", "wheel_diameter_mm": 711.1999999999999, "braking_intensity": 0.0, "is_braking": false}}, {"type": "Feature", "geometry": {"type": "LineString", "coordinates": [[4.882731, 52.3663294], [4.8828048, 52.3663382]]}, "properties": {"Speed": 20.1, "road_quality": 3, "marker": 7, "trip_id": "NORMA_Trip1", "hrot_diff": 1, "sample_diff": 10, "time_diff_s": 0.2, "gps_distance_m": 5.1, "original_speed": "2049", "wheel_diameter_mm": 711.1999999999999, "braking_intensity": 0.0, "is_braking": false}}, {"type": "Feature", "geometry": {"type": "LineString", "coordinates": [[4.8828048, 52.3663382], [4.8828825, 52.3663398]]}, "properties": {"Speed": 20.1, "road_quality": 3, "marker": 7, "trip_id": "NORMA_Trip1", "hrot_diff": 1, "sample_diff": 10, "time_diff_s": 0.2, "gps_distance_m": 5.3, "original_speed": "2155", "wheel_diameter_mm": 711.1999999999999, "braking_intensity": 0.0, "is_braking": false}}, {"type": "Feature", "geometry": {"type": "LineString", "coordinates": [[4.8828825, 52.3663398], [4.8829455, 52.3663279]]}, "properties": {"Speed": 28.7, "road_quality": 3, "marker": 7, "trip_id": "NORMA_Trip1", "hrot_diff": 1, "sample_diff": 7, "time_diff_s": 0.14, "gps_distance_m": 4.5, "original_speed": "2358", "wheel_diameter_mm": 711.1999999999999, "braking_intensity": 0.0, "is_braking": false}}, {"type": "Feature", "geometry": {"type": "LineString", "coordinates": [[4.8829455, 52.3663279], [4.883005, 52.3663082]]}, "properties": {"Speed": 15.5, "road_quality": 3, "marker": 7, "trip_id": "NORMA_Trip1", "hrot_diff": 1, "sample_diff": 13, "time_diff_s": 0.26, "gps_distance_m": 4.6, "original_speed": "1923", "wheel_diameter_mm": 711.1999999999999, "braking_intensity": 0.0, "is_braking": false}}, {"type": "Feature", "geometry": {"type": "LineString", "coordinates": [[4.883005, 52.3663082], [4.8830671, 52.3662722]]}, "properties": {"Speed": 16.8, "road_quality": 3, "marker": 7, "trip_id": "NORMA_Trip1", "hrot_diff": 1, "sample_diff": 12, "time_diff_s": 0.24, "gps_distance_m": 5.8, "original_speed": "2118", "wheel_diameter_mm": 711.1999999999999, "braking_intensity": 0.0, "is_braking": false}}, {"type": "Feature", "geometry": {"type": "LineString", "coordinates": [[4.8830671, 52.3662722], [4.8831458, 52.3662352]]}, "properties": {"Speed": 18.3, "road_quality": 3, "marker": 7, "trip_id": "NORMA_Trip1", "hrot_diff": 1, "sample_diff": 11, "time_diff_s": 0.22, "gps_distance_m": 6.7, "original_speed": "2314", "wheel_diameter_mm": 711.1999999999999, "braking_intensity": 0.0, "is_braking": false}}, {"type": "Feature", "geometry": {"type": "LineString", "coordinates": [[4.8832042, 52.3662241], [4.8833131, 52.3662271]]}, "properties": {"Speed": 11.8, "road_quality": 3, "marker": 7, "trip_id": "NORMA_Trip1", "hrot_diff": 1, "sample_diff": 17, "time_diff_s": 0.34, "gps_distance_m": 7.4, "original_speed": "2884", "wheel_diameter_mm": 711.1999999999999, "braking_intensity": 0.0, "is_braking": false}}, {"type": "Feature", "geometry": {"type": "LineString", "coordinates": [[4.8833131, 52.3662271], [4.8834718, 52.3662485]]}, "properties": {"Speed": 20.1, "road_quality": 3, "marker": 6, "trip_id": "NORMA_Trip1", "hrot_diff": 1, "sample_diff": 10, "time_diff_s": 0.2, "gps_distance_m": 11.0, "original_speed": "-1", "wheel_diameter_mm": 711.1999999999999, "braking_intensity": 0.0, "is_braking": false}}, {"type": "Feature", "geometry": {"type": "LineString", "coordinates": [[4.8835494, 52.3662601], [4.8836427, 52.3662802]]}, "properties": {"Speed": 20.1, "road_quality": 3, "marker": 6, "trip_id": "NORMA_Trip1", "hrot_diff": 1, "sample_diff": 10, "time_diff_s": 0.2, "gps_distance_m": 6.7, "original_speed": "-1", "wheel_diameter_mm": 711.1999999999999, "braking_intensity": 0.0, "is_braking": false}}, {"type": "Feature", "geometry": {"type": "LineString", "coordinates": [[4.8836427, 52.3662802], [4.8837329, 52.3663031]]}, "properties": {"Speed": 7.2, "road_quality": 3, "marker": 7, "trip_id": "NORMA_Trip1", "hrot_diff": 1, "sample_diff": 28, "time_diff_s": 0.56, "gps_distance_m": 6.6, "original_speed": "4090", "wheel_diameter_mm": 711.1999999999999, "braking_intensity": 0.0, "is_braking": false}}, {"type": "Feature", "geometry": {"type": "LineString", "coordinates": [[4.8838363, 52.3663338], [4.8839056, 52.3663597]]}, "properties": {"Speed": 16.8, "road_quality": 3, "marker": 6, "trip_id": "NORMA_Trip1", "hrot_diff": 1, "sample_diff": 12, "time_diff_s": 0.24, "gps_distance_m": 5.5, "original_speed": "-1", "wheel_diameter_mm": 711.1999999999999, "braking_intensity": 0.0, "is_braking": false}}, {"type": "Feature", "geometry": {"type": "LineString", "coordinates": [[4.8840027, 52.3663832], [4.8840905, 52.3664103]]}, "properties": {"Speed": 25.1, "road_quality": 3, "marker": 6, "trip_id": "NORMA_Trip1", "hrot_diff": 1, "sample_diff": 8, "time_diff_s": 0.16, "gps_distance_m": 6.7, "original_speed": "-1", "wheel_diameter_mm": 711.1999999999999, "braking_intensity": 0.0, "is_braking": false}}, {"type": "Feature", "geometry": {"type": "LineString", "coordinates": [[4.8840905, 52.3664103], [4.8841892, 52.3664486]]}, "properties": {"Speed": 33.5, "road_quality": 3, "marker": 6, "trip_id": "NORMA_Trip1", "hrot_diff": 1, "sample_diff": 6, "time_diff_s": 0.12, "gps_distance_m": 7.9, "original_speed": "-1", "wheel_diameter_mm": 711.1999999999999, "braking_intensity": 0.0, "is_braking": false}}, {"type": "Feature", "geometry": {"type": "LineString", "coordinates": [[4.8841892, 52.3664486], [4.8842521, 52.3664859]]}, "properties": {"Speed": 15.5, "road_quality": 3, "marker": 7, "trip_id": "NORMA_Trip1", "hrot_diff": 1, "sample_diff": 13, "time_diff_s": 0.26, "gps_distance_m": 6.0, "original_speed": "3465", "wheel_diameter_mm": 711.1999999999999, "braking_intensity": 0.0, "is_braking": false}}, {"type": "Feature", "geometry": {"type": "LineString", "coordinates": [[4.8842521, 52.3664859], [4.8843227, 52.366518]]}, "properties": {"Speed": 33.5, "road_quality": 3, "marker": 6, "trip_id": "NORMA_Trip1", "hrot_diff": 1, "sample_diff": 6, "time_diff_s": 0.12, "gps_distance_m": 6.0, "original_speed": "-1", "wheel_diameter_mm": 711.1999999999999, "braking_intensity": 0.0, "is_braking": false}}, {"type": "Feature", "geometry": {"type": "LineString", "coordinates": [[4.8843227, 52.366518], [4.8843869, 52.3665488]]}, "properties": {"Speed": 16.8, "road_quality": 3, "marker": 6, "trip_id": "NORMA_Trip1", "hrot_diff": 1, "sample_diff": 12, "time_diff_s": 0.24, "gps_distance_m": 5.5, "original_speed": "-1", "wheel_diameter_mm": 711.1999999999999, "braking_intensity": 0.0, "is_braking": false}}, {"type": "Feature", "geometry": {"type": "LineString", "coordinates": [[4.8843869, 52.3665488], [4.8844626, 52.3665995]]}, "properties": {"Speed": 6.9, "road_quality": 3, "marker": 7, "trip_id": "NORMA_Trip1", "hrot_diff": 1, "sample_diff": 29, "time_diff_s": 0.58, "gps_distance_m": 7.6, "original_speed": "1869", "wheel_diameter_mm": 711.1999999999999, "braking_intensity": 0.0, "is_braking": false}}, {"type": "Feature", "geometry": {"type": "LineString", "coordinates": [[4.8844626, 52.3665995], [4.8845331, 52.36663]]}, "properties": {"Speed": 20.1, "road_quality": 3, "marker": 6, "trip_id": "NORMA_Trip1", "hrot_diff": 1, "sample_diff": 10, "time_diff_s": 0.2, "gps_distance_m": 5.9, "original_speed": "-1", "wheel_diameter_mm": 711.1999999999999, "braking_intensity": 0.0, "is_braking": false}}, {"type": "Feature", "geometry": {"type": "LineString", "coordinates": [[4.8845331, 52.36663], [4.8845805, 52.3666582]]}, "properties": {"Speed": 15.5, "road_quality": 2, "marker": 6, "trip_id": "NORMA_Trip1", "hrot_diff": 1, "sample_diff": 13, "time_diff_s": 0.26, "gps_distance_m": 4.5, "original_speed": "-1", "wheel_diameter_mm": 711.1999999999999, "braking_intensity": 0.0, "is_braking": false}}, {"type": "Feature", "geometry": {"type": "LineString", "coordinates": [[4.8845805, 52.3666582], [4.8846337, 52.3666812]]}, "properties": {"Speed": 12.6, "road_quality": 3, "marker": 7, "trip_id": "NORMA_Trip1", "hrot_diff": 1, "sample_diff": 16, "time_diff_s": 0.32, "gps_distance_m": 4.4, "original_speed": "2066", "wheel_diameter_mm": 711.1999999999999, "braking_intensity": 0.0, "is_braking": false}}, {"type": "Feature", "geometry": {"type": "LineString", "coordinates": [[4.8846337, 52.3666812], [4.8846801, 52.3666977]]}, "properties": {"Speed": 28.7, "road_quality": 3, "marker": 7, "trip_id": "NORMA_Trip1", "hrot_diff": 1, "sample_diff": 7, "time_diff_s": 0.14, "gps_distance_m": 3.6, "original_speed": "1754", "wheel_diameter_mm": 711.1999999999999, "braking_intensity": 0.0, "is_braking": false}}, {"type": "Feature", "geometry": {"type": "LineString", "coordinates": [[4.8846801, 52.3666977], [4.8847156, 52.3667056]]}, "properties": {"Speed": 15.5, "road_quality": 3, "marker": 6, "trip_id": "NORMA_Trip1", "hrot_diff": 1, "sample_diff": 13, "time_diff_s": 0.26, "gps_distance_m": 2.6, "original_speed": "-1", "wheel_diameter_mm": 711.1999999999999, "braking_intensity": 0.0, "is_braking": false}}, {"type": "Feature", "geometry": {"type": "LineString", "coordinates": [[4.8847156, 52.3667056], [4.8847545, 52.3667095]]}, "properties": {"Speed": 28.7, "road_quality": 2, "marker": 6, "trip_id": "NORMA_Trip1", "hrot_diff": 1, "sample_diff": 7, "time_diff_s": 0.14, "gps_distance_m": 2.7, "original_speed": "-1", "wheel_diameter_mm": 711.1999999999999, "braking_intensity": 0.0, "is_braking": false}}, {"type": "Feature", "geometry": {"type": "LineString", "coordinates": [[4.8847545, 52.3667095], [4.8848079, 52.366697]]}, "properties": {"Speed": 16.8, "road_quality": 3, "marker": 7, "trip_id": "NORMA_Trip1", "hrot_diff": 1, "sample_diff": 12, "time_diff_s": 0.24, "gps_distance_m": 3.9, "original_speed": "2066", "wheel_diameter_mm": 711.1999999999999, "braking_intensity": 0.0, "is_braking": false}}, {"type": "Feature", "geometry": {"type": "LineString", "coordinates": [[4.884869, 52.3666772], [4.8849146, 52.3666591]]}, "properties": {"Speed": 11.8, "road_quality": 3, "marker": 7, "trip_id": "NORMA_Trip1", "hrot_diff": 1, "sample_diff": 17, "time_diff_s": 0.34, "gps_distance_m": 3.7, "original_speed": "2000", "wheel_diameter_mm": 711.1999999999999, "braking_intensity": 0.0, "is_braking": false}}, {"type": "Feature", "geometry": {"type": "LineString", "coordinates": [[4.8849532, 52.3666405], [4.8849999, 52.3666101]]}, "properties": {"Speed": 15.5, "road_quality": 3, "marker": 7, "trip_id": "NORMA_Trip1", "hrot_diff": 1, "sample_diff": 13, "time_diff_s": 0.26, "gps_distance_m": 4.6, "original_speed": "2232", "wheel_diameter_mm": 711.1999999999999, "braking_intensity": 0.0, "is_braking": false}}, {"type": "Feature", "geometry": {"type": "LineString", "coordinates": [[4.8849999, 52.3666101], [4.8850357, 52.3665903]]}, "properties": {"Speed": 18.3, "road_quality": 3, "marker": 7, "trip_id": "NORMA_Trip1", "hrot_diff": 1, "sample_diff": 11, "time_diff_s": 0.22, "gps_distance_m": 3.3, "original_speed": "2272", "wheel_diameter_mm": 711.1999999999999, "braking_intensity": 0.0, "is_braking": false}}, {"type": "Feature", "geometry": {"type": "LineString", "coordinates": [[4.8850829, 52.366556], [4.8851283, 52.3665189]]}, "properties": {"Speed": 20.1, "road_quality": 3, "marker": 7, "trip_id": "NORMA_Trip1", "hrot_diff": 1, "sample_diff": 10, "time_diff_s": 0.2, "gps_distance_m": 5.1, "original_speed": "2564", "wheel_diameter_mm": 711.1999999999999, "braking_intensity": 0.0, "is_braking": false}}, {"type": "Feature", "geometry": {"type": "LineString", "coordinates": [[4.8851699, 52.3664849], [4.8852277, 52.3664483]]}, "properties": {"Speed": 22.3, "road_quality": 3, "marker": 6, "trip_id": "NORMA_Trip1", "hrot_diff": 1, "sample_diff": 9, "time_diff_s": 0.18, "gps_distance_m": 5.7, "original_speed": "-1", "wheel_diameter_mm": 711.1999999999999, "braking_intensity": 0.0, "is_braking": false}}, {"type": "Feature", "geometry": {"type": "LineString", "coordinates": [[4.8852277, 52.3664483], [4.8852713, 52.3664139]]}, "properties": {"Speed": 16.8, "road_quality": 3, "marker": 6, "trip_id": "NORMA_Trip1", "hrot_diff": 1, "sample_diff": 12, "time_diff_s": 0.24, "gps_distance_m": 4.8, "original_speed": "-1", "wheel_diameter_mm": 711.1999999999999, "braking_intensity": 0.0, "is_braking": false}}, {"type": "Feature", "geometry": {"type": "LineString", "coordinates": [[4.8853249, 52.3663748], [4.885386, 52.3663329]]}, "properties": {"Speed": 6.1, "road_quality": 3, "marker": 7, "trip_id": "NORMA_Trip1", "hrot_diff": 1, "sample_diff": 33, "time_diff_s": 0.66, "gps_distance_m": 6.2, "original_speed": "1327", "wheel_diameter_mm": 711.1999999999999, "braking_intensity": 0.0, "is_braking": false}}, {"type": "Feature", "geometry": {"type": "LineString", "coordinates": [[4.885386, 52.3663329], [4.8854459, 52.366291]]}, "properties": {"Speed": 18.3, "road_quality": 3, "marker": 6, "trip_id": "NORMA_Trip1", "hrot_diff": 1, "sample_diff": 11, "time_diff_s": 0.22, "gps_distance_m": 6.2, "original_speed": "-1", "wheel_diameter_mm": 711.1999999999999, "braking_intensity": 0.0, "is_braking": false}}, {"type": "Feature", "geometry": {"type": "LineString", "coordinates": [[4.8854459, 52.366291], [4.8855427, 52.3662264]]}, "properties": {"Speed": 13.4, "road_quality": 3, "marker": 6, "trip_id": "NORMA_Trip1", "hrot_diff": 1, "sample_diff": 15, "time_diff_s": 0.3, "gps_distance_m": 9.7, "original_speed": "-1", "wheel_diameter_mm": 711.1999999999999, "braking_intensity": 0.0, "is_braking": false}}, {"type": "Feature", "geometry": {"type": "LineString", "coordinates": [[4.8855427, 52.3662264], [4.8855927, 52.3661974]]}, "properties": {"Speed": 28.7, "road_quality": 3, "marker": 6, "trip_id": "NORMA_Trip1", "hrot_diff": 1, "sample_diff": 7, "time_diff_s": 0.14, "gps_distance_m": 4.7, "original_speed": "-1", "wheel_diameter_mm": 711.1999999999999, "braking_intensity": 0.0, "is_braking": false}}, {"type": "Feature", "geometry": {"type": "LineString", "coordinates": [[4.8857151, 52.3661183], [4.885767, 52.3660804]]}, "properties": {"Speed": 25.1, "road_quality": 3, "marker": 6, "trip_id": "NORMA_Trip1", "hrot_diff": 1, "sample_diff": 8, "time_diff_s": 0.16, "gps_distance_m": 5.5, "original_speed": "-1", "wheel_diameter_mm": 711.1999999999999, "braking_intensity": 0.0, "is_braking": false}}, {"type": "Feature", "geometry": {"type": "LineString", "coordinates": [[4.885767, 52.3660804], [4.8858204, 52.3660464]]}, "properties": {"Speed": 33.5, "road_quality": 3, "marker": 6, "trip_id": "NORMA_Trip1", "hrot_diff": 1, "sample_diff": 6, "time_diff_s": 0.12, "gps_distance_m": 5.2, "original_speed": "-1", "wheel_diameter_mm": 711.1999999999999, "braking_intensity": 0.0, "is_braking": false}}, {"type": "Feature", "geometry": {"type": "LineString", "coordinates": [[4.8858204, 52.3660464], [4.8858858, 52.3660092]]}, "properties": {"Speed": 22.3, "road_quality": 3, "marker": 7, "trip_id": "NORMA_Trip1", "hrot_diff": 1, "sample_diff": 9, "time_diff_s": 0.18, "gps_distance_m": 6.1, "original_speed": "3478", "wheel_diameter_mm": 711.1999999999999, "braking_intensity": 0.0, "is_braking": false}}, {"type": "Feature", "geometry": {"type": "LineString", "coordinates": [[4.8858858, 52.3660092], [4.8859466, 52.3659761]]}, "properties": {"Speed": 6.7, "road_quality": 3, "marker": 7, "trip_id": "NORMA_Trip1", "hrot_diff": 1, "sample_diff": 30, "time_diff_s": 0.6, "gps_distance_m": 5.5, "original_speed": "2678", "wheel_diameter_mm": 711.1999999999999, "braking_intensity": 0.0, "is_braking": false}}, {"type": "Feature", "geometry": {"type": "LineString", "coordinates": [[4.8859466, 52.3659761], [4.8860044, 52.3659485]]}, "properties": {"Speed": 25.1, "road_quality": 3, "marker": 6, "trip_id": "NORMA_Trip1", "hrot_diff": 1, "sample_diff": 8, "time_diff_s": 0.16, "gps_distance_m": 5.0, "original_speed": "-1", "wheel_diameter_mm": 711.1999999999999, "braking_intensity": 0.0, "is_braking": false}}, {"type": "Feature", "geometry": {"type": "LineString", "coordinates": [[4.8860502, 52.365923], [4.8861464, 52.3658917]]}, "properties": {"Speed": 0.5, "road_quality": 2, "marker": 7, "trip_id": "NORMA_Trip1", "hrot_diff": 1, "sample_diff": 426, "time_diff_s": 8.52, "gps_distance_m": 7.4, "original_speed": "2521", "wheel_diameter_mm": 711.1999999999999, "braking_intensity": 0.0, "is_braking": false}}, {"type": "Feature", "geometry": {"type": "LineString", "coordinates": [[4.8861464, 52.3658917], [4.8861414, 52.3658852]]}, "properties": {"Speed": 5.6, "road_quality": 2, "marker": 3, "trip_id": "NORMA_Trip1", "hrot_diff": 1, "sample_diff": 36, "time_diff_s": 0.72, "gps_distance_m": 0.8, "original_speed": "0", "wheel_diameter_mm": 711.1999999999999, "braking_intensity": 0.0, "is_braking": false}}, {"type": "Feature", "geometry": {"type": "LineString", "coordinates": [[4.8861414, 52.3658852], [4.8861281, 52.3658669]]}, "properties": {"Speed": 7.7, "road_quality": 2, "marker": 7, "trip_id": "NORMA_Trip1", "hrot_diff": 1, "sample_diff": 26, "time_diff_s": 0.52, "gps_distance_m": 2.2, "original_speed": "193", "wheel_diameter_mm": 711.1999999999999, "braking_intensity": 0.0, "is_braking": false}}, {"type": "Feature", "geometry": {"type": "LineString", "coordinates": [[4.8861281, 52.3658669], [4.8861432, 52.3658646]]}, "properties": {"Speed": 7.2, "road_quality": 3, "marker": 7, "trip_id": "NORMA_Trip1", "hrot_diff": 1, "sample_diff": 28, "time_diff_s": 0.56, "gps_distance_m": 1.1, "original_speed": "1102", "wheel_diameter_mm": 711.1999999999999, "braking_intensity": 0.0, "is_braking": false}}, {"type": "Feature", "geometry": {"type": "LineString", "coordinates": [[4.8861432, 52.3658646], [4.8861641, 52.3658596]]}, "properties": {"Speed": 9.6, "road_quality": 3, "marker": 7, "trip_id": "NORMA_Trip1", "hrot_diff": 1, "sample_diff": 21, "time_diff_s": 0.42, "gps_distance_m": 1.5, "original_speed": "1171", "wheel_diameter_mm": 711.1999999999999, "braking_intensity": 0.0, "is_braking": false}}, {"type": "Feature", "geometry": {"type": "LineString", "coordinates": [[4.8861641, 52.3658596], [4.886192, 52.3658354]]}, "properties": {"Speed": 18.3, "road_quality": 3, "marker": 7, "trip_id": "NORMA_Trip1", "hrot_diff": 1, "sample_diff": 11, "time_diff_s": 0.22, "gps_distance_m": 3.3, "original_speed": "1315", "wheel_diameter_mm": 711.1999999999999, "braking_intensity": 0.0, "is_braking": false}}, {"type": "Feature", "geometry": {"type": "LineString", "coordinates": [[4.886192, 52.3658354], [4.8862095, 52.3658007]]}, "properties": {"Speed": 15.5, "road_quality": 3, "marker": 7, "trip_id": "NORMA_Trip1", "hrot_diff": 1, "sample_diff": 13, "time_diff_s": 0.26, "gps_distance_m": 4.0, "original_speed": "1470", "wheel_diameter_mm": 711.1999999999999, "braking_intensity": 0.0, "is_braking": false}}, {"type": "Feature", "geometry": {"type": "LineString", "coordinates": [[4.8862095, 52.3658007], [4.8862514, 52.3657651]]}, "properties": {"Speed": 14.4, "road_quality": 3, "marker": 7, "trip_id": "NORMA_Trip1", "hrot_diff": 1, "sample_diff": 14, "time_diff_s": 0.28, "gps_distance_m": 4.9, "original_speed": "1785", "wheel_diameter_mm": 711.1999999999999, "braking_intensity": 0.0, "is_braking": false}}, {"type": "Feature", "geometry": {"type": "LineString", "coordinates": [[4.8862963, 52.3657256], [4.8863353, 52.3656849]]}, "properties": {"Speed": 6.5, "road_quality": 4, "marker": 7, "trip_id": "NORMA_Trip1", "hrot_diff": 1, "sample_diff": 31, "time_diff_s": 0.62, "gps_distance_m": 5.2, "original_speed": "2857", "wheel_diameter_mm": 711.1999999999999, "braking_intensity": 0.0, "is_braking": false}}, {"type": "Feature", "geometry": {"type": "LineString", "coordinates": [[4.8863353, 52.3656849], [4.8863701, 52.36566]]}, "properties": {"Speed": 22.3, "road_quality": 3, "marker": 6, "trip_id": "NORMA_Trip1", "hrot_diff": 1, "sample_diff": 9, "time_diff_s": 0.18, "gps_distance_m": 3.6, "original_speed": "-1", "wheel_diameter_mm": 711.1999999999999, "braking_intensity": 0.0, "is_braking": false}}, {"type": "Feature", "geometry": {"type": "LineString", "coordinates": [[4.8864129, 52.3656128], [4.8864533, 52.3655875]]}, "properties": {"Speed": 25.1, "road_quality": 4, "marker": 7, "trip_id": "NORMA_Trip1", "hrot_diff": 1, "sample_diff": 8, "time_diff_s": 0.16, "gps_distance_m": 3.9, "original_speed": "2293", "wheel_diameter_mm": 711.1999999999999, "braking_intensity": 0.0, "is_braking": false}}, {"type": "Feature", "geometry": {"type": "LineString", "coordinates": [[4.8864533, 52.3655875], [4.8864983, 52.3655648]]}, "properties": {"Speed": 28.7, "road_quality": 4, "marker": 7, "trip_id": "NORMA_Trip1", "hrot_diff": 1, "sample_diff": 7, "time_diff_s": 0.14, "gps_distance_m": 4.0, "original_speed": "2542", "wheel_diameter_mm": 711.1999999999999, "braking_intensity": 0.0, "is_braking": false}}, {"type": "Feature", "geometry": {"type": "LineString", "coordinates": [[4.886559, 52.3655285], [4.8866275, 52.3654896]]}, "properties": {"Speed": 28.7, "road_quality": 4, "marker": 6, "trip_id": "NORMA_Trip1", "hrot_diff": 1, "sample_diff": 7, "time_diff_s": 0.14, "gps_distance_m": 6.4, "original_speed": "-1", "wheel_diameter_mm": 711.1999999999999, "braking_intensity": 0.0, "is_braking": false}}, {"type": "Feature", "geometry": {"type": "LineString", "coordinates": [[4.8868041, 52.3653774], [4.8869001, 52.3653223]]}, "properties": {"Speed": 15.5, "road_quality": 3, "marker": 7, "trip_id": "NORMA_Trip1", "hrot_diff": 1, "sample_diff": 13, "time_diff_s": 0.26, "gps_distance_m": 8.9, "original_speed": "2752", "wheel_diameter_mm": 711.1999999999999, "braking_intensity": 0.0, "is_braking": false}}, {"type": "Feature", "geometry": {"type": "LineString", "coordinates": [[4.8869001, 52.3653223], [4.8869553, 52.3652882]]}, "properties": {"Speed": 18.3, "road_quality": 4, "marker": 7, "trip_id": "NORMA_Trip1", "hrot_diff": 1, "sample_diff": 11, "time_diff_s": 0.22, "gps_distance_m": 5.3, "original_speed": "2427", "wheel_diameter_mm": 711.1999999999999, "braking_intensity": 0.0, "is_braking": false}}, {"type": "Feature", "geometry": {"type": "LineString", "coordinates": [[4.8869997, 52.3652565], [4.8870418, 52.3652233]]}, "properties": {"Speed": 20.1, "road_quality": 3, "marker": 6, "trip_id": "NORMA_Trip1", "hrot_diff": 1, "sample_diff": 10, "time_diff_s": 0.2, "gps_distance_m": 4.7, "original_speed": "-1", "wheel_diameter_mm": 711.1999999999999, "braking_intensity": 0.0, "is_braking": false}}, {"type": "Feature", "geometry": {"type": "LineString", "coordinates": [[4.8870418, 52.3652233], [4.8871017, 52.3651901]]}, "properties": {"Speed": 11.8, "road_quality": 3, "marker": 7, "trip_id": "NORMA_Trip1", "hrot_diff": 1, "sample_diff": 17, "time_diff_s": 0.34, "gps_distance_m": 5.5, "original_speed": "2884", "wheel_diameter_mm": 711.1999999999999, "braking_intensity": 0.0, "is_braking": false}}, {"type": "Feature", "geometry": {"type": "LineString", "coordinates": [[4.8871567, 52.3651508], [4.8872052, 52.365118]]}, "properties": {"Speed": 20.1, "road_quality": 3, "marker": 6, "trip_id": "NORMA_Trip1", "hrot_diff": 1, "sample_diff": 10, "time_diff_s": 0.2, "gps_distance_m": 4.9, "original_speed": "-1", "wheel_diameter_mm": 711.1999999999999, "braking_intensity": 0.0, "is_braking": false}}, {"type": "Feature", "geometry": {"type": "LineString", "coordinates": [[4.8872052, 52.365118], [4.8872619, 52.365078]]}, "properties": {"Speed": 28.7, "road_quality": 4, "marker": 6, "trip_id": "NORMA_Trip1", "hrot_diff": 1, "sample_diff": 7, "time_diff_s": 0.14, "gps_distance_m": 5.9, "original_speed": "-1", "wheel_diameter_mm": 711.1999999999999, "braking_intensity": 0.0, "is_braking": false}}, {"type": "Feature", "geometry": {"type": "LineString", "coordinates": [[4.8872619, 52.365078], [4.8873286, 52.365042]]}, "properties": {"Speed": 33.5, "road_quality": 4, "marker": 6, "trip_id": "NORMA_Trip1", "hrot_diff": 1, "sample_diff": 6, "time_diff_s": 0.12, "gps_distance_m": 6.0, "original_speed": "-1", "wheel_diameter_mm": 711.1999999999999, "braking_intensity": 0.0, "is_braking": false}}, {"type": "Feature", "geometry": {"type": "LineString", "coordinates": [[4.8873286, 52.365042], [4.8873852, 52.3650055]]}, "properties": {"Speed": 22.3, "road_quality": 3, "marker": 6, "trip_id": "NORMA_Trip1", "hrot_diff": 1, "sample_diff": 9, "time_diff_s": 0.18, "gps_distance_m": 5.6, "original_speed": "-1", "wheel_diameter_mm": 711.1999999999999, "braking_intensity": 0.0, "is_braking": false}}, {"type": "Feature", "geometry": {"type": "LineString", "coordinates": [[4.8873852, 52.3650055], [4.8874504, 52.3649639]]}, "properties": {"Speed": 7.4, "road_quality": 3, "marker": 7, "trip_id": "NORMA_Trip1", "hrot_diff": 1, "sample_diff": 27, "time_diff_s": 0.54, "gps_distance_m": 6.4, "original_speed": "3000", "wheel_diameter_mm": 711.1999999999999, "braking_intensity": 0.0, "is_braking": false}}, {"type": "Feature", "geometry": {"type": "LineString", "coordinates": [[4.8874504, 52.3649639], [4.8875084, 52.3649237]]}, "properties": {"Speed": 40, "road_quality": 4, "marker": 6, "trip_id": "NORMA_Trip1", "hrot_diff": 1, "sample_diff": 4, "time_diff_s": 0.08, "gps_distance_m": 6.0, "original_speed": "-1", "wheel_diameter_mm": 711.1999999999999, "braking_intensity": 0.0, "is_braking": false}}, {"type": "Feature", "geometry": {"type": "LineString", "coordinates": [[4.8875084, 52.3649237], [4.8875722, 52.3648894]]}, "properties": {"Speed": 13.4, "road_quality": 3, "marker": 7, "trip_id": "NORMA_Trip1", "hrot_diff": 1, "sample_diff": 15, "time_diff_s": 0.3, "gps_distance_m": 5.8, "original_speed": "3913", "wheel_diameter_mm": 711.1999999999999, "braking_intensity": 0.0, "is_braking": false}}, {"type": "Feature", "geometry": {"type": "LineString", "coordinates": [[4.8875722, 52.3648894], [4.8876299, 52.364857]]}, "properties": {"Speed": 15.5, "road_quality": 3, "marker": 7, "trip_id": "NORMA_Trip1", "hrot_diff": 1, "sample_diff": 13, "time_diff_s": 0.26, "gps_distance_m": 5.3, "original_speed": "2500", "wheel_diameter_mm": 711.1999999999999, "braking_intensity": 0.0, "is_braking": false}}, {"type": "Feature", "geometry": {"type": "LineString", "coordinates": [[4.887685, 52.3648301], [4.8877382, 52.3648037]]}, "properties": {"Speed": 20.1, "road_quality": 3, "marker": 6, "trip_id": "NORMA_Trip1", "hrot_diff": 1, "sample_diff": 10, "time_diff_s": 0.2, "gps_distance_m": 4.7, "original_speed": "-1", "wheel_diameter_mm": 711.1999999999999, "braking_intensity": 0.0, "is_braking": false}}, {"type": "Feature", "geometry": {"type": "LineString", "coordinates": [[4.8877382, 52.3648037], [4.8877772, 52.3647758]]}, "properties": {"Speed": 12.6, "road_quality": 3, "marker": 7, "trip_id": "NORMA_Trip1", "hrot_diff": 1, "sample_diff": 16, "time_diff_s": 0.32, "gps_distance_m": 4.1, "original_speed": "2427", "wheel_diameter_mm": 711.1999999999999, "braking_intensity": 0.0, "is_braking": false}}, {"type": "Feature", "geometry": {"type": "LineString", "coordinates": [[4.8877772, 52.3647758], [4.8878263, 52.3647403]]}, "properties": {"Speed": 6.1, "road_quality": 3, "marker": 6, "trip_id": "NORMA_Trip1", "hrot_diff": 1, "sample_diff": 33, "time_diff_s": 0.66, "gps_distance_m": 5.2, "original_speed": "-1", "wheel_diameter_mm": 711.1999999999999, "braking_intensity": 0.0, "is_braking": false}}, {"type": "Feature", "geometry": {"type": "LineString", "coordinates": [[4.8878263, 52.3647403], [4.8878647, 52.3647013]]}, "properties": {"Speed": 22.3, "road_quality": 3, "marker": 6, "trip_id": "NORMA_Trip1", "hrot_diff": 1, "sample_diff": 9, "time_diff_s": 0.18, "gps_distance_m": 5.1, "original_speed": "-1", "wheel_diameter_mm": 711.1999999999999, "braking_intensity": 0.0, "is_braking": false}}, {"type": "Feature", "geometry": {"type": "LineString", "coordinates": [[4.8879678, 52.3646352], [4.8880248, 52.3646031]]}, "properties": {"Speed": 20.1, "road_quality": 3, "marker": 6, "trip_id": "NORMA_Trip1", "hrot_diff": 1, "sample_diff": 10, "time_diff_s": 0.2, "gps_distance_m": 5.3, "original_speed": "-1", "wheel_diameter_mm": 711.1999999999999, "braking_intensity": 0.0, "is_braking": false}}, {"type": "Feature", "geometry": {"type": "LineString", "coordinates": [[4.8880248, 52.3646031], [4.8880906, 52.3645658]]}, "properties": {"Speed": 22.3, "road_quality": 3, "marker": 7, "trip_id": "NORMA_Trip1", "hrot_diff": 1, "sample_diff": 9, "time_diff_s": 0.18, "gps_distance_m": 6.1, "original_speed": "3389", "wheel_diameter_mm": 711.1999999999999, "braking_intensity": 0.0, "is_braking": false}}, {"type": "Feature", "geometry": {"type": "LineString", "coordinates": [[4.8880906, 52.3645658], [4.8881517, 52.3645269]]}, "properties": {"Speed": 15.5, "road_quality": 3, "marker": 7, "trip_id": "NORMA_Trip1", "hrot_diff": 1, "sample_diff": 13, "time_diff_s": 0.26, "gps_distance_m": 6.0, "original_speed": "1801", "wheel_diameter_mm": 711.1999999999999, "braking_intensity": 0.0, "is_braking": false}}, {"type": "Feature", "geometry": {"type": "LineString", "coordinates": [[4.888264, 52.3644591], [4.888334, 52.3644279]]}, "properties": {"Speed": 25.1, "road_quality": 4, "marker": 6, "trip_id": "NORMA_Trip1", "hrot_diff": 1, "sample_diff": 8, "time_diff_s": 0.16, "gps_distance_m": 5.9, "original_speed": "-1", "wheel_diameter_mm": 711.1999999999999, "braking_intensity": 0.0, "is_braking": false}}, {"type": "Feature", "geometry": {"type": "LineString", "coordinates": [[4.888334, 52.3644279], [4.8884136, 52.3643893]]}, "properties": {"Speed": 40, "road_quality": 4, "marker": 6, "trip_id": "NORMA_Trip1", "hrot_diff": 1, "sample_diff": 3, "time_diff_s": 0.06, "gps_distance_m": 6.9, "original_speed": "-1", "wheel_diameter_mm": 711.1999999999999, "braking_intensity": 0.0, "is_braking": false}}, {"type": "Feature", "geometry": {"type": "LineString", "coordinates": [[4.8884136, 52.3643893], [4.8884866, 52.3643578]]}, "properties": {"Speed": 20.1, "road_quality": 4, "marker": 7, "trip_id": "NORMA_Trip1", "hrot_diff": 1, "sample_diff": 10, "time_diff_s": 0.2, "gps_distance_m": 6.1, "original_speed": "2970", "wheel_diameter_mm": 711.1999999999999, "braking_intensity": 0.0, "is_braking": false}}, {"type": "Feature", "geometry": {"type": "LineString", "coordinates": [[4.8885574, 52.3643157], [4.8886168, 52.3642828]]}, "properties": {"Speed": 40, "road_quality": 4, "marker": 6, "trip_id": "NORMA_Trip1", "hrot_diff": 1, "sample_diff": 5, "time_diff_s": 0.1, "gps_distance_m": 5.4, "original_speed": "-1", "wheel_diameter_mm": 711.1999999999999, "braking_intensity": 0.0, "is_braking": false}}, {"type": "Feature", "geometry": {"type": "LineString", "coordinates": [[4.8886675, 52.3642623], [4.8887168, 52.3642354]]}, "properties": {"Speed": 40, "road_quality": 3, "marker": 6, "trip_id": "NORMA_Trip1", "hrot_diff": 1, "sample_diff": 4, "time_diff_s": 0.08, "gps_distance_m": 4.5, "original_speed": "-1", "wheel_diameter_mm": 711.1999999999999, "braking_intensity": 0.0, "is_braking": false}}, {"type": "Feature", "geometry": {"type": "LineString", "coordinates": [[4.8887582, 52.3642089], [4.8887949, 52.364193]]}, "properties": {"Speed": 14.4, "road_quality": 3, "marker": 7, "trip_id": "NORMA_Trip1", "hrot_diff": 1, "sample_diff": 14, "time_diff_s": 0.28, "gps_distance_m": 3.1, "original_speed": "2403", "wheel_diameter_mm": 711.1999999999999, "braking_intensity": 0.0, "is_braking": false}}, {"type": "Feature", "geometry": {"type": "LineString", "coordinates": [[4.8887949, 52.364193], [4.8888181, 52.3641759]]}, "properties": {"Speed": 13.4, "road_quality": 2, "marker": 7, "trip_id": "NORMA_Trip1", "hrot_diff": 1, "sample_diff": 15, "time_diff_s": 0.3, "gps_distance_m": 2.5, "original_speed": "2192", "wheel_diameter_mm": 711.1999999999999, "braking_intensity": 0.0, "is_braking": false}}, {"type": "Feature", "geometry": {"type": "LineString", "coordinates": [[4.8888181, 52.3641759], [4.8888564, 52.3641575]]}, "properties": {"Speed": 10.6, "road_quality": 2, "marker": 7, "trip_id": "NORMA_Trip1", "hrot_diff": 1, "sample_diff": 19, "time_diff_s": 0.38, "gps_distance_m": 3.3, "original_speed": "1941", "wheel_diameter_mm": 711.1999999999999, "braking_intensity": 0.0, "is_braking": false}}, {"type": "Feature", "geometry": {"type": "LineString", "coordinates": [[4.8888564, 52.3641575], [4.8888836, 52.3641511]]}, "properties": {"Speed": 8.0, "road_quality": 3, "marker": 7, "trip_id": "NORMA_Trip1", "hrot_diff": 1, "sample_diff": 25, "time_diff_s": 0.5, "gps_distance_m": 2.0, "original_speed": "1415", "wheel_diameter_mm": 711.1999999999999, "braking_intensity": 0.0, "is_braking": false}}, {"type": "Feature", "geometry": {"type": "LineString", "coordinates": [[4.8888836, 52.3641511], [4.8889153, 52.3641494]]}, "properties": {"Speed": 8.7, "road_quality": 3, "marker": 7, "trip_id": "NORMA_Trip1", "hrot_diff": 1, "sample_diff": 23, "time_diff_s": 0.46, "gps_distance_m": 2.2, "original_speed": "1086", "wheel_diameter_mm": 711.1999999999999, "braking_intensity": 0.0, "is_braking": false}}, {"type": "Feature", "geometry": {"type": "LineString", "coordinates": [[4.8889153, 52.3641494], [4.8889518, 52.3641514]]}, "properties": {"Speed": 6.9, "road_quality": 3, "marker": 7, "trip_id": "NORMA_Trip1", "hrot_diff": 1, "sample_diff": 29, "time_diff_s": 0.58, "gps_distance_m": 2.5, "original_speed": "1171", "wheel_diameter_mm": 711.1999999999999, "braking_intensity": 0.0, "is_braking": false}}, {"type": "Feature", "geometry": {"type": "LineString", "coordinates": [[4.8889518, 52.3641514], [4.888984, 52.3641518]]}, "properties": {"Speed": 8.7, "road_quality": 3, "marker": 7, "trip_id": "NORMA_Trip1", "hrot_diff": 1, "sample_diff": 23, "time_diff_s": 0.46, "gps_distance_m": 2.2, "original_speed": "1239", "wheel_diameter_mm": 711.1999999999999, "braking_intensity": 0.0, "is_braking": false}}, {"type": "Feature", "geometry": {"type": "LineString", "coordinates": [[4.888984, 52.3641518], [4.8890155, 52.3641551]]}, "properties": {"Speed": 11.8, "road_quality": 3, "marker": 6, "trip_id": "NORMA_Trip1", "hrot_diff": 1, "sample_diff": 17, "time_diff_s": 0.34, "gps_distance_m": 2.2, "original_speed": "-1", "wheel_diameter_mm": 711.1999999999999, "braking_intensity": 0.0, "is_braking": false}}, {"type": "Feature", "geometry": {"type": "LineString", "coordinates": [[4.8890155, 52.3641551], [4.8890721, 52.3641915]]}, "properties": {"Speed": 11.8, "road_quality": 2, "marker": 7, "trip_id": "NORMA_Trip1", "hrot_diff": 1, "sample_diff": 17, "time_diff_s": 0.34, "gps_distance_m": 5.6, "original_speed": "1200", "wheel_diameter_mm": 711.1999999999999, "braking_intensity": 0.0, "is_braking": false}}, {"type": "Feature", "geometry": {"type": "LineString", "coordinates": [[4.8890721, 52.3641915], [4.8891064, 52.3642343]]}, "properties": {"Speed": 8.7, "road_quality": 2, "marker": 7, "trip_id": "NORMA_Trip1", "hrot_diff": 1, "sample_diff": 23, "time_diff_s": 0.46, "gps_distance_m": 5.3, "original_speed": "1304", "wheel_diameter_mm": 711.1999999999999, "braking_intensity": 0.0, "is_braking": false}}, {"type": "Feature", "geometry": {"type": "LineString", "coordinates": [[4.8891064, 52.3642343], [4.8891367, 52.3642621]]}, "properties": {"Speed": 7.4, "road_quality": 2, "marker": 7, "trip_id": "NORMA_Trip1", "hrot_diff": 1, "sample_diff": 27, "time_diff_s": 0.54, "gps_distance_m": 3.7, "original_speed": "1239", "wheel_diameter_mm": 711.1999999999999, "braking_intensity": 0.0, "is_braking": false}}, {"type": "Feature", "geometry": {"type": "LineString", "coordinates": [[4.8891367, 52.3642621], [4.8891733, 52.3642973]]}, "properties": {"Speed": 7.7, "road_quality": 2, "marker": 7, "trip_id": "NORMA_Trip1", "hrot_diff": 1, "sample_diff": 26, "time_diff_s": 0.52, "gps_distance_m": 4.6, "original_speed": "1293", "wheel_diameter_mm": 711.1999999999999, "braking_intensity": 0.0, "is_braking": false}}, {"type": "Feature", "geometry": {"type": "LineString", "coordinates": [[4.8891733, 52.3642973], [4.8892088, 52.36433]]}, "properties": {"Speed": 8.4, "road_quality": 2, "marker": 7, "trip_id": "NORMA_Trip1", "hrot_diff": 1, "sample_diff": 24, "time_diff_s": 0.48, "gps_distance_m": 4.4, "original_speed": "1363", "wheel_diameter_mm": 711.1999999999999, "braking_intensity": 0.0, "is_braking": false}}, {"type": "Feature", "geometry": {"type": "LineString", "coordinates": [[4.8892088, 52.36433], [4.8892348, 52.3643495]]}, "properties": {"Speed": 13.4, "road_quality": 3, "marker": 7, "trip_id": "NORMA_Trip1", "hrot_diff": 1, "sample_diff": 15, "time_diff_s": 0.3, "gps_distance_m": 2.8, "original_speed": "1415", "wheel_diameter_mm": 711.1999999999999, "braking_intensity": 0.0, "is_braking": false}}, {"type": "Feature", "geometry": {"type": "LineString", "coordinates": [[4.889355, 52.3644525], [4.8894133, 52.3645033]]}, "properties": {"Speed": 16.8, "road_quality": 3, "marker": 7, "trip_id": "NORMA_Trip1", "hrot_diff": 1, "sample_diff": 12, "time_diff_s": 0.24, "gps_distance_m": 6.9, "original_speed": "3070", "wheel_diameter_mm": 711.1999999999999, "braking_intensity": 0.0, "is_braking": false}}, {"type": "Feature", "geometry": {"type": "LineString", "coordinates": [[4.8894133, 52.3645033], [4.8894778, 52.364567]]}, "properties": {"Speed": 40, "road_quality": 3, "marker": 7, "trip_id": "NORMA_Trip1", "hrot_diff": 1, "sample_diff": 5, "time_diff_s": 0.1, "gps_distance_m": 8.3, "original_speed": "3000", "wheel_diameter_mm": 711.1999999999999, "braking_intensity": 0.0, "is_braking": false}}, {"type": "Feature", "geometry": {"type": "LineString", "coordinates": [[4.8894778, 52.364567], [4.88954, 52.3646163]]}, "properties": {"Speed": 33.5, "road_quality": 3, "marker": 7, "trip_id": "NORMA_Trip1", "hrot_diff": 1, "sample_diff": 6, "time_diff_s": 0.12, "gps_distance_m": 6.9, "original_speed": "3153", "wheel_diameter_mm": 711.1999999999999, "braking_intensity": 0.0, "is_braking": false}}, {"type": "Feature", "geometry": {"type": "LineString", "coordinates": [[4.88954, 52.3646163], [4.8895923, 52.3646659]]}, "properties": {"Speed": 12.6, "road_quality": 3, "marker": 7, "trip_id": "NORMA_Trip1", "hrot_diff": 1, "sample_diff": 16, "time_diff_s": 0.32, "gps_distance_m": 6.6, "original_speed": "3603", "wheel_diameter_mm": 711.1999999999999, "braking_intensity": 0.0, "is_braking": false}}, {"type": "Feature", "geometry": {"type": "LineString", "coordinates": [[4.8896406, 52.3647087], [4.8896852, 52.3647624]]}, "properties": {"Speed": 28.7, "road_quality": 3, "marker": 6, "trip_id": "NORMA_Trip1", "hrot_diff": 1, "sample_diff": 7, "time_diff_s": 0.14, "gps_distance_m": 6.7, "original_speed": "-1", "wheel_diameter_mm": 711.1999999999999, "braking_intensity": 0.0, "is_braking": false}}, {"type": "Feature", "geometry": {"type": "LineString", "coordinates": [[4.8897261, 52.3648169], [4.8897601, 52.3648541]]}, "properties": {"Speed": 28.7, "road_quality": 3, "marker": 7, "trip_id": "NORMA_Trip1", "hrot_diff": 1, "sample_diff": 7, "time_diff_s": 0.14, "gps_distance_m": 4.7, "original_speed": "2752", "wheel_diameter_mm": 711.1999999999999, "braking_intensity": 0.0, "is_braking": false}}, {"type": "Feature", "geometry": {"type": "LineString", "coordinates": [[4.8899855, 52.3650857], [4.8900921, 52.3651724]]}, "properties": {"Speed": 28.7, "road_quality": 3, "marker": 6, "trip_id": "NORMA_Trip1", "hrot_diff": 1, "sample_diff": 7, "time_diff_s": 0.14, "gps_distance_m": 12.1, "original_speed": "-1", "wheel_diameter_mm": 711.1999999999999, "braking_intensity": 0.0, "is_braking": false}}, {"type": "Feature", "geometry": {"type": "LineString", "coordinates": [[4.8900921, 52.3651724], [4.8901309, 52.3652106]]}, "properties": {"Speed": 22.3, "road_quality": 3, "marker": 7, "trip_id": "NORMA_Trip1", "hrot_diff": 1, "sample_diff": 9, "time_diff_s": 0.18, "gps_distance_m": 5.0, "original_speed": "3398", "wheel_diameter_mm": 711.1999999999999, "braking_intensity": 0.0, "is_braking": false}}, {"type": "Feature", "geometry": {"type": "LineString", "coordinates": [[4.8901309, 52.3652106], [4.8901597, 52.365247]]}, "properties": {"Speed": 22.3, "road_quality": 3, "marker": 7, "trip_id": "NORMA_Trip1", "hrot_diff": 1, "sample_diff": 9, "time_diff_s": 0.18, "gps_distance_m": 4.5, "original_speed": "2475", "wheel_diameter_mm": 711.1999999999999, "braking_intensity": 0.0, "is_braking": false}}, {"type": "Feature", "geometry": {"type": "LineString", "coordinates": [[4.8901597, 52.365247], [4.8901958, 52.3652823]]}, "properties": {"Speed": 22.3, "road_quality": 3, "marker": 7, "trip_id": "NORMA_Trip1", "hrot_diff": 1, "sample_diff": 9, "time_diff_s": 0.18, "gps_distance_m": 4.6, "original_speed": "2293", "wheel_diameter_mm": 711.1999999999999, "braking_intensity": 0.0, "is_braking": false}}, {"type": "Feature", "geometry": {"type": "LineString", "coordinates": [[4.8901958, 52.3652823], [4.8902277, 52.3653183]]}, "properties": {"Speed": 16.8, "road_quality": 3, "marker": 7, "trip_id": "NORMA_Trip1", "hrot_diff": 1, "sample_diff": 12, "time_diff_s": 0.24, "gps_distance_m": 4.6, "original_speed": "2252", "wheel_diameter_mm": 711.1999999999999, "braking_intensity": 0.0, "is_braking": false}}, {"type": "Feature", "geometry": {"type": "LineString", "coordinates": [[4.8902277, 52.3653183], [4.8902636, 52.365351]]}, "properties": {"Speed": 10.1, "road_quality": 3, "marker": 7, "trip_id": "NORMA_Trip1", "hrot_diff": 1, "sample_diff": 20, "time_diff_s": 0.4, "gps_distance_m": 4.4, "original_speed": "2314", "wheel_diameter_mm": 711.1999999999999, "braking_intensity": 0.0, "is_braking": false}}, {"type": "Feature", "geometry": {"type": "LineString", "coordinates": [[4.8902636, 52.365351], [4.8902918, 52.3653786]]}, "properties": {"Speed": 40, "road_quality": 3, "marker": 7, "trip_id": "NORMA_Trip1", "hrot_diff": 1, "sample_diff": 2, "time_diff_s": 0.04, "gps_distance_m": 3.6, "original_speed": "2293", "wheel_diameter_mm": 711.1999999999999, "braking_intensity": 0.0, "is_braking": false}}, {"type": "Feature", "geometry": {"type": "LineString", "coordinates": [[4.8902918, 52.3653786], [4.8903383, 52.3654022]]}, "properties": {"Speed": 18.3, "road_quality": 3, "marker": 7, "trip_id": "NORMA_Trip1", "hrot_diff": 1, "sample_diff": 11, "time_diff_s": 0.22, "gps_distance_m": 4.1, "original_speed": "2966", "wheel_diameter_mm": 711.1999999999999, "braking_intensity": 0.0, "is_braking": false}}, {"type": "Feature", "geometry": {"type": "LineString", "coordinates": [[4.8903383, 52.3654022], [4.8904031, 52.3654245]]}, "properties": {"Speed": 14.4, "road_quality": 3, "marker": 7, "trip_id": "NORMA_Trip1", "hrot_diff": 1, "sample_diff": 14, "time_diff_s": 0.28, "gps_distance_m": 5.1, "original_speed": "2403", "wheel_diameter_mm": 711.1999999999999, "braking_intensity": 0.0, "is_braking": false}}, {"type": "Feature", "geometry": {"type": "LineString", "coordinates": [[4.8904031, 52.3654245], [4.8904551, 52.3654345]]}, "properties": {"Speed": 16.8, "road_quality": 3, "marker": 6, "trip_id": "NORMA_Trip1", "hrot_diff": 1, "sample_diff": 12, "time_diff_s": 0.24, "gps_distance_m": 3.7, "original_speed": "-1", "wheel_diameter_mm": 711.1999999999999, "braking_intensity": 0.0, "is_braking": false}}, {"type": "Feature", "geometry": {"type": "LineString", "coordinates": [[4.8905497, 52.3654506], [4.8906466, 52.3654695]]}, "properties": {"Speed": 10.6, "road_quality": 3, "marker": 7, "trip_id": "NORMA_Trip1", "hrot_diff": 1, "sample_diff": 19, "time_diff_s": 0.38, "gps_distance_m": 6.9, "original_speed": "2654", "wheel_diameter_mm": 711.1999999999999, "braking_intensity": 0.0, "is_braking": false}}, {"type": "Feature", "geometry": {"type": "LineString", "coordinates": [[4.8906466, 52.3654695], [4.8907329, 52.3654893]]}, "properties": {"Speed": 11.2, "road_quality": 3, "marker": 6, "trip_id": "NORMA_Trip1", "hrot_diff": 1, "sample_diff": 18, "time_diff_s": 0.36, "gps_distance_m": 6.3, "original_speed": "-1", "wheel_diameter_mm": 711.1999999999999, "braking_intensity": 0.0, "is_braking": false}}, {"type": "Feature", "geometry": {"type": "LineString", "coordinates": [[4.8908218, 52.3655059], [4.8908717, 52.3655058]]}, "properties": {"Speed": 20.1, "road_quality": 3, "marker": 7, "trip_id": "NORMA_Trip1", "hrot_diff": 1, "sample_diff": 10, "time_diff_s": 0.2, "gps_distance_m": 3.4, "original_speed": "2777", "wheel_diameter_mm": 711.1999999999999, "braking_intensity": 0.0, "is_braking": false}}, {"type": "Feature", "geometry": {"type": "LineString", "coordinates": [[4.8908717, 52.3655058], [4.8909221, 52.3655004]]}, "properties": {"Speed": 25.1, "road_quality": 3, "marker": 7, "trip_id": "NORMA_Trip1", "hrot_diff": 1, "sample_diff": 8, "time_diff_s": 0.16, "gps_distance_m": 3.5, "original_speed": "2118", "wheel_diameter_mm": 711.1999999999999, "braking_intensity": 0.0, "is_braking": false}}, {"type": "Feature", "geometry": {"type": "LineString", "coordinates": [[4.8909886, 52.3654881], [4.8910551, 52.3654621]]}, "properties": {"Speed": 28.7, "road_quality": 3, "marker": 6, "trip_id": "NORMA_Trip1", "hrot_diff": 1, "sample_diff": 7, "time_diff_s": 0.14, "gps_distance_m": 5.4, "original_speed": "-1", "wheel_diameter_mm": 711.1999999999999, "braking_intensity": 0.0, "is_braking": false}}, {"type": "Feature", "geometry": {"type": "LineString", "coordinates": [[4.8910551, 52.3654621], [4.8911084, 52.365443]]}, "properties": {"Speed": 20.1, "road_quality": 3, "marker": 7, "trip_id": "NORMA_Trip1", "hrot_diff": 1, "sample_diff": 10, "time_diff_s": 0.2, "gps_distance_m": 4.2, "original_speed": "2678", "wheel_diameter_mm": 711.1999999999999, "braking_intensity": 0.0, "is_braking": false}}, {"type": "Feature", "geometry": {"type": "LineString", "coordinates": [[4.8911084, 52.365443], [4.8911778, 52.3654298]]}, "properties": {"Speed": 25.1, "road_quality": 3, "marker": 6, "trip_id": "NORMA_Trip1", "hrot_diff": 1, "sample_diff": 8, "time_diff_s": 0.16, "gps_distance_m": 4.9, "original_speed": "-1", "wheel_diameter_mm": 711.1999999999999, "braking_intensity": 0.0, "is_braking": false}}, {"type": "Feature", "geometry": {"type": "LineString", "coordinates": [[4.8911778, 52.3654298], [4.8923605, 52.3650921]]}, "properties": {"Speed": 7.2, "road_quality": 2, "marker": 7, "trip_id": "NORMA_Trip1", "hrot_diff": 1, "sample_diff": 28, "time_diff_s": 0.56, "gps_distance_m": 88.6, "original_speed": "1456", "wheel_diameter_mm": 711.1999999999999, "braking_intensity": 0.0, "is_braking": false}}, {"type": "Feature", "geometry": {"type": "LineString", "coordinates": [[4.8923605, 52.3650921], [4.8923835, 52.3650685]]}, "properties": {"Speed": 5.4, "road_quality": 2, "marker": 7, "trip_id": "NORMA_Trip1", "hrot_diff": 1, "sample_diff": 37, "time_diff_s": 0.74, "gps_distance_m": 3.1, "original_speed": "970", "wheel_diameter_mm": 711.1999999999999, "braking_intensity": 0.0, "is_braking": false}}, {"type": "Feature", "geometry": {"type": "LineString", "coordinates": [[4.8923835, 52.3650685], [4.8924086, 52.3650575]]}, "properties": {"Speed": 4.8, "road_quality": 2, "marker": 7, "trip_id": "NORMA_Trip1", "hrot_diff": 1, "sample_diff": 42, "time_diff_s": 0.84, "gps_distance_m": 2.1, "original_speed": "813", "wheel_diameter_mm": 711.1999999999999, "braking_intensity": 0.0, "is_braking": false}}, {"type": "Feature", "geometry": {"type": "LineString", "coordinates": [[4.8924086, 52.3650575], [4.8924124, 52.3650464]]}, "properties": {"Speed": 8.4, "road_quality": 3, "marker": 7, "trip_id": "NORMA_Trip1", "hrot_diff": 1, "sample_diff": 24, "time_diff_s": 0.48, "gps_distance_m": 1.3, "original_speed": "662", "wheel_diameter_mm": 711.1999999999999, "braking_intensity": 0.0, "is_braking": false}}, {"type": "Feature", "geometry": {"type": "LineString", "coordinates": [[4.8924124, 52.3650464], [4.8924182, 52.3650557]]}, "properties": {"Speed": 11.8, "road_quality": 3, "marker": 6, "trip_id": "NORMA_Trip1", "hrot_diff": 1, "sample_diff": 17, "time_diff_s": 0.34, "gps_distance_m": 1.1, "original_speed": "-1", "wheel_diameter_mm": 711.1999999999999, "braking_intensity": 0.0, "is_braking": false}}, {"type": "Feature", "geometry": {"type": "LineString", "coordinates": [[4.8924182, 52.3650557], [4.8924012, 52.3650761]]}, "properties": {"Speed": 11.2, "road_quality": 3, "marker": 6, "trip_id": "NORMA_Trip1", "hrot_diff": 1, "sample_diff": 18, "time_diff_s": 0.36, "gps_distance_m": 2.5, "original_speed": "-1", "wheel_diameter_mm": 711.1999999999999, "braking_intensity": 0.0, "is_braking": false}}, {"type": "Feature", "geometry": {"type": "LineString", "coordinates": [[4.8924012, 52.3650761], [4.8924585, 52.3650925]]}, "properties": {"Speed": 12.6, "road_quality": 3, "marker": 6, "trip_id": "NORMA_Trip1", "hrot_diff": 1, "sample_diff": 16, "time_diff_s": 0.32, "gps_distance_m": 4.3, "original_speed": "-1", "wheel_diameter_mm": 711.1999999999999, "braking_intensity": 0.0, "is_braking": false}}, {"type": "Feature", "geometry": {"type": "LineString", "coordinates": [[4.8924585, 52.3650925], [4.8925205, 52.365106]]}, "properties": {"Speed": 11.8, "road_quality": 3, "marker": 6, "trip_id": "NORMA_Trip1", "hrot_diff": 1, "sample_diff": 17, "time_diff_s": 0.34, "gps_distance_m": 4.5, "original_speed": "-1", "wheel_diameter_mm": 711.1999999999999, "braking_intensity": 0.0, "is_braking": false}}, {"type": "Feature", "geometry": {"type": "LineString", "coordinates": [[4.8925205, 52.365106], [4.8925684, 52.3651207]]}, "properties": {"Speed": 13.4, "road_quality": 3, "marker": 7, "trip_id": "NORMA_Trip1", "hrot_diff": 1, "sample_diff": 15, "time_diff_s": 0.3, "gps_distance_m": 3.6, "original_speed": "1401", "wheel_diameter_mm": 711.1999999999999, "braking_intensity": 0.0, "is_braking": false}}, {"type": "Feature", "geometry": {"type": "LineString", "coordinates": [[4.8925684, 52.3651207], [4.8926058, 52.3651375]]}, "properties": {"Speed": 20.1, "road_quality": 3, "marker": 6, "trip_id": "NORMA_Trip1", "hrot_diff": 1, "sample_diff": 10, "time_diff_s": 0.2, "gps_distance_m": 3.2, "original_speed": "-1", "wheel_diameter_mm": 711.1999999999999, "braking_intensity": 0.0, "is_braking": false}}, {"type": "Feature", "geometry": {"type": "LineString", "coordinates": [[4.8926058, 52.3651375], [4.8926219, 52.3651679]]}, "properties": {"Speed": 11.8, "road_quality": 3, "marker": 6, "trip_id": "NORMA_Trip1", "hrot_diff": 1, "sample_diff": 17, "time_diff_s": 0.34, "gps_distance_m": 3.6, "original_speed": "-1", "wheel_diameter_mm": 711.1999999999999, "braking_intensity": 0.0, "is_braking": false}}, {"type": "Feature", "geometry": {"type": "LineString", "coordinates": [[4.8926219, 52.3651679], [4.8926387, 52.3652078]]}, "properties": {"Speed": 12.6, "road_quality": 3, "marker": 7, "trip_id": "NORMA_Trip1", "hrot_diff": 1, "sample_diff": 16, "time_diff_s": 0.32, "gps_distance_m": 4.6, "original_speed": "1851", "wheel_diameter_mm": 711.1999999999999, "braking_intensity": 0.0, "is_braking": false}}, {"type": "Feature", "geometry": {"type": "LineString", "coordinates": [[4.8926387, 52.3652078], [4.8926599, 52.3652348]]}, "properties": {"Speed": 13.4, "road_quality": 2, "marker": 7, "trip_id": "NORMA_Trip1", "hrot_diff": 1, "sample_diff": 15, "time_diff_s": 0.3, "gps_distance_m": 3.3, "original_speed": "1500", "wheel_diameter_mm": 711.1999999999999, "braking_intensity": 0.0, "is_braking": false}}, {"type": "Feature", "geometry": {"type": "LineString", "coordinates": [[4.8926599, 52.3652348], [4.8926797, 52.3652636]]}, "properties": {"Speed": 11.8, "road_quality": 3, "marker": 7, "trip_id": "NORMA_Trip1", "hrot_diff": 1, "sample_diff": 17, "time_diff_s": 0.34, "gps_distance_m": 3.5, "original_speed": "1485", "wheel_diameter_mm": 711.1999999999999, "braking_intensity": 0.0, "is_braking": false}}, {"type": "Feature", "geometry": {"type": "LineString", "coordinates": [[4.8927033, 52.3652903], [4.8927157, 52.365313]]}, "properties": {"Speed": 14.4, "road_quality": 3, "marker": 6, "trip_id": "NORMA_Trip1", "hrot_diff": 1, "sample_diff": 14, "time_diff_s": 0.28, "gps_distance_m": 2.7, "original_speed": "-1", "wheel_diameter_mm": 711.1999999999999, "braking_intensity": 0.0, "is_braking": false}}, {"type": "Feature", "geometry": {"type": "LineString", "coordinates": [[4.8927157, 52.365313], [4.8927226, 52.3653502]]}, "properties": {"Speed": 6.5, "road_quality": 3, "marker": 6, "trip_id": "NORMA_Trip1", "hrot_diff": 1, "sample_diff": 31, "time_diff_s": 0.62, "gps_distance_m": 4.2, "original_speed": "-1", "wheel_diameter_mm": 711.1999999999999, "braking_intensity": 0.0, "is_braking": false}}, {"type": "Feature", "geometry": {"type": "LineString", "coordinates": [[4.8927226, 52.3653502], [4.8927423, 52.3654213]]}, "properties": {"Speed": 40, "road_quality": 3, "marker": 6, "trip_id": "NORMA_Trip1", "hrot_diff": 1, "sample_diff": 5, "time_diff_s": 0.1, "gps_distance_m": 8.0, "original_speed": "-1", "wheel_diameter_mm": 711.1999999999999, "braking_intensity": 0.0, "is_braking": false}}, {"type": "Feature", "geometry": {"type": "LineString", "coordinates": [[4.8927423, 52.3654213], [4.8927603, 52.3654662]]}, "properties": {"Speed": 22.3, "road_quality": 3, "marker": 7, "trip_id": "NORMA_Trip1", "hrot_diff": 1, "sample_diff": 9, "time_diff_s": 0.18, "gps_distance_m": 5.1, "original_speed": "3508", "wheel_diameter_mm": 711.1999999999999, "braking_intensity": 0.0, "is_braking": false}}, {"type": "Feature", "geometry": {"type": "LineString", "coordinates": [[4.8927603, 52.3654662], [4.892775, 52.3655184]]}, "properties": {"Speed": 33.5, "road_quality": 3, "marker": 7, "trip_id": "NORMA_Trip1", "hrot_diff": 1, "sample_diff": 6, "time_diff_s": 0.12, "gps_distance_m": 5.9, "original_speed": "3508", "wheel_diameter_mm": 711.1999999999999, "braking_intensity": 0.0, "is_braking": false}}, {"type": "Feature", "geometry": {"type": "LineString", "coordinates": [[4.892775, 52.3655184], [4.8927823, 52.365572]]}, "properties": {"Speed": 11.2, "road_quality": 3, "marker": 7, "trip_id": "NORMA_Trip1", "hrot_diff": 1, "sample_diff": 18, "time_diff_s": 0.36, "gps_distance_m": 6.0, "original_speed": "4411", "wheel_diameter_mm": 711.1999999999999, "braking_intensity": 0.0, "is_braking": false}}, {"type": "Feature", "geometry": {"type": "LineString", "coordinates": [[4.8927823, 52.365572], [4.8927949, 52.3656276]]}, "properties": {"Speed": 14.4, "road_quality": 3, "marker": 6, "trip_id": "NORMA_Trip1", "hrot_diff": 1, "sample_diff": 14, "time_diff_s": 0.28, "gps_distance_m": 6.2, "original_speed": "-1", "wheel_diameter_mm": 711.1999999999999, "braking_intensity": 0.0, "is_braking": false}}, {"type": "Feature", "geometry": {"type": "LineString", "coordinates": [[4.8927949, 52.3656276], [4.8928189, 52.3656818]]}, "properties": {"Speed": 22.3, "road_quality": 3, "marker": 6, "trip_id": "NORMA_Trip1", "hrot_diff": 1, "sample_diff": 9, "time_diff_s": 0.18, "gps_distance_m": 6.2, "original_speed": "-1", "wheel_diameter_mm": 711.1999999999999, "braking_intensity": 0.0, "is_braking": false}}, {"type": "Feature", "geometry": {"type": "LineString", "coordinates": [[4.8928189, 52.3656818], [4.8928456, 52.3657302]]}, "properties": {"Speed": 33.5, "road_quality": 3, "marker": 7, "trip_id": "NORMA_Trip1", "hrot_diff": 1, "sample_diff": 6, "time_diff_s": 0.12, "gps_distance_m": 5.7, "original_speed": "2564", "wheel_diameter_mm": 711.1999999999999, "braking_intensity": 0.0, "is_braking": false}}, {"type": "Feature", "geometry": {"type": "LineString", "coordinates": [[4.8928456, 52.3657302], [4.8928638, 52.3657758]]}, "properties": {"Speed": 25.1, "road_quality": 3, "marker": 7, "trip_id": "NORMA_Trip1", "hrot_diff": 1, "sample_diff": 8, "time_diff_s": 0.16, "gps_distance_m": 5.2, "original_speed": "2500", "wheel_diameter_mm": 711.1999999999999, "braking_intensity": 0.0, "is_braking": false}}, {"type": "Feature", "geometry": {"type": "LineString", "coordinates": [[4.8928638, 52.3657758], [4.892875, 52.365826]]}, "properties": {"Speed": 12.6, "road_quality": 3, "marker": 7, "trip_id": "NORMA_Trip1", "hrot_diff": 1, "sample_diff": 16, "time_diff_s": 0.32, "gps_distance_m": 5.6, "original_speed": "3738", "wheel_diameter_mm": 711.1999999999999, "braking_intensity": 0.0, "is_braking": false}}, {"type": "Feature", "geometry": {"type": "LineString", "coordinates": [[4.8928932, 52.3658787], [4.892908, 52.3659306]]}, "properties": {"Speed": 7.4, "road_quality": 3, "marker": 6, "trip_id": "NORMA_Trip1", "hrot_diff": 1, "sample_diff": 27, "time_diff_s": 0.54, "gps_distance_m": 5.9, "original_speed": "-1", "wheel_diameter_mm": 711.1999999999999, "braking_intensity": 0.0, "is_braking": false}}, {"type": "Feature", "geometry": {"type": "LineString", "coordinates": [[4.892908, 52.3659306], [4.8929228, 52.365982]]}, "properties": {"Speed": 18.3, "road_quality": 3, "marker": 6, "trip_id": "NORMA_Trip1", "hrot_diff": 1, "sample_diff": 11, "time_diff_s": 0.22, "gps_distance_m": 5.8, "original_speed": "-1", "wheel_diameter_mm": 711.1999999999999, "braking_intensity": 0.0, "is_braking": false}}, {"type": "Feature", "geometry": {"type": "LineString", "coordinates": [[4.8929228, 52.365982], [4.8929437, 52.3660398]]}, "properties": {"Speed": 25.1, "road_quality": 3, "marker": 6, "trip_id": "NORMA_Trip1", "hrot_diff": 1, "sample_diff": 8, "time_diff_s": 0.16, "gps_distance_m": 6.6, "original_speed": "-1", "wheel_diameter_mm": 711.1999999999999, "braking_intensity": 0.0, "is_braking": false}}, {"type": "Feature", "geometry": {"type": "LineString", "coordinates": [[4.8929437, 52.3660398], [4.8929771, 52.3661169]]}, "properties": {"Speed": 33.5, "road_quality": 3, "marker": 7, "trip_id": "NORMA_Trip1", "hrot_diff": 1, "sample_diff": 6, "time_diff_s": 0.12, "gps_distance_m": 8.9, "original_speed": "2912", "wheel_diameter_mm": 711.1999999999999, "braking_intensity": 0.0, "is_braking": false}}, {"type": "Feature", "geometry": {"type": "LineString", "coordinates": [[4.8929961, 52.3661761], [4.8930032, 52.366232]]}, "properties": {"Speed": 10.6, "road_quality": 3, "marker": 6, "trip_id": "NORMA_Trip1", "hrot_diff": 1, "sample_diff": 19, "time_diff_s": 0.38, "gps_distance_m": 6.2, "original_speed": "-1", "wheel_diameter_mm": 711.1999999999999, "braking_intensity": 0.0, "is_braking": false}}, {"type": "Feature", "geometry": {"type": "LineString", "coordinates": [[4.8930032, 52.366232], [4.8930014, 52.366281]]}, "properties": {"Speed": 40, "road_quality": 3, "marker": 6, "trip_id": "NORMA_Trip1", "hrot_diff": 1, "sample_diff": 4, "time_diff_s": 0.08, "gps_distance_m": 5.4, "original_speed": "-1", "wheel_diameter_mm": 711.1999999999999, "braking_intensity": 0.0, "is_braking": false}}, {"type": "Feature", "geometry": {"type": "LineString", "coordinates": [[4.8930014, 52.366281], [4.8930083, 52.366328]]}, "properties": {"Speed": 5.4, "road_quality": 3, "marker": 7, "trip_id": "NORMA_Trip1", "hrot_diff": 1, "sample_diff": 37, "time_diff_s": 0.74, "gps_distance_m": 5.2, "original_speed": "2941", "wheel_diameter_mm": 711.1999999999999, "braking_intensity": 0.0, "is_braking": false}}, {"type": "Feature", "geometry": {"type": "LineString", "coordinates": [[4.8930284, 52.3664273], [4.8930334, 52.366475]]}, "properties": {"Speed": 4.8, "road_quality": 3, "marker": 7, "trip_id": "NORMA_Trip1", "hrot_diff": 1, "sample_diff": 42, "time_diff_s": 0.84, "gps_distance_m": 5.3, "original_speed": "1485", "wheel_diameter_mm": 711.1999999999999, "braking_intensity": 0.0, "is_braking": false}}, {"type": "Feature", "geometry": {"type": "LineString", "coordinates": [[4.8930334, 52.366475], [4.8930417, 52.3665128]]}, "properties": {"Speed": 33.5, "road_quality": 3, "marker": 6, "trip_id": "NORMA_Trip1", "hrot_diff": 1, "sample_diff": 6, "time_diff_s": 0.12, "gps_distance_m": 4.2, "original_speed": "-1", "wheel_diameter_mm": 711.1999999999999, "braking_intensity": 0.0, "is_braking": false}}, {"type": "Feature", "geometry": {"type": "LineString", "coordinates": [[4.8930417, 52.3665128], [4.8930716, 52.3665683]]}, "properties": {"Speed": 25.1, "road_quality": 3, "marker": 7, "trip_id": "NORMA_Trip1", "hrot_diff": 1, "sample_diff": 8, "time_diff_s": 0.16, "gps_distance_m": 6.5, "original_speed": "2777", "wheel_diameter_mm": 711.1999999999999, "braking_intensity": 0.0, "is_braking": false}}, {"type": "Feature", "geometry": {"type": "LineString", "coordinates": [[4.8930716, 52.3665683], [4.8930974, 52.3666277]]}, "properties": {"Speed": 18.3, "road_quality": 3, "marker": 7, "trip_id": "NORMA_Trip1", "hrot_diff": 1, "sample_diff": 11, "time_diff_s": 0.22, "gps_distance_m": 6.8, "original_speed": "2970", "wheel_diameter_mm": 711.1999999999999, "braking_intensity": 0.0, "is_braking": false}}, {"type": "Feature", "geometry": {"type": "LineString", "coordinates": [[4.8930974, 52.3666277], [4.8931284, 52.3666885]]}, "properties": {"Speed": 22.3, "road_quality": 3, "marker": 7, "trip_id": "NORMA_Trip1", "hrot_diff": 1, "sample_diff": 9, "time_diff_s": 0.18, "gps_distance_m": 7.1, "original_speed": "2830", "wheel_diameter_mm": 711.1999999999999, "braking_intensity": 0.0, "is_braking": false}}, {"type": "Feature", "geometry": {"type": "LineString", "coordinates": [[4.8931284, 52.3666885], [4.8931522, 52.3667361]]}, "properties": {"Speed": 33.5, "road_quality": 3, "marker": 7, "trip_id": "NORMA_Trip1", "hrot_diff": 1, "sample_diff": 6, "time_diff_s": 0.12, "gps_distance_m": 5.5, "original_speed": "2830", "wheel_diameter_mm": 711.1999999999999, "braking_intensity": 0.0, "is_braking": false}}, {"type": "Feature", "geometry": {"type": "LineString", "coordinates": [[4.8931522, 52.3667361], [4.8931933, 52.3667972]]}, "properties": {"Speed": 7.4, "road_quality": 3, "marker": 7, "trip_id": "NORMA_Trip1", "hrot_diff": 1, "sample_diff": 27, "time_diff_s": 0.54, "gps_distance_m": 7.3, "original_speed": "2542", "wheel_diameter_mm": 711.1999999999999, "braking_intensity": 0.0, "is_braking": false}}, {"type": "Feature", "geometry": {"type": "LineString", "coordinates": [[4.8931933, 52.3667972], [4.8932295, 52.3668421]]}, "properties": {"Speed": 6.7, "road_quality": 3, "marker": 6, "trip_id": "NORMA_Trip1", "hrot_diff": 1, "sample_diff": 30, "time_diff_s": 0.6, "gps_distance_m": 5.6, "original_speed": "-1", "wheel_diameter_mm": 711.1999999999999, "braking_intensity": 0.0, "is_braking": false}}, {"type": "Feature", "geometry": {"type": "LineString", "coordinates": [[4.8932601, 52.366867], [4.8932997, 52.3668978]]}, "properties": {"Speed": 33.5, "road_quality": 3, "marker": 7, "trip_id": "NORMA_Trip1", "hrot_diff": 1, "sample_diff": 6, "time_diff_s": 0.12, "gps_distance_m": 4.4, "original_speed": "3431", "wheel_diameter_mm": 711.1999999999999, "braking_intensity": 0.0, "is_braking": false}}, {"type": "Feature", "geometry": {"type": "LineString", "coordinates": [[4.8932997, 52.3668978], [4.8933214, 52.3669269]]}, "properties": {"Speed": 20.1, "road_quality": 3, "marker": 7, "trip_id": "NORMA_Trip1", "hrot_diff": 1, "sample_diff": 10, "time_diff_s": 0.2, "gps_distance_m": 3.6, "original_speed": "2475", "wheel_diameter_mm": 711.1999999999999, "braking_intensity": 0.0, "is_braking": false}}, {"type": "Feature", "geometry": {"type": "LineString", "coordinates": [[4.8934368, 52.3670474], [4.8934798, 52.3670926]]}, "properties": {"Speed": 40, "road_quality": 3, "marker": 7, "trip_id": "NORMA_Trip1", "hrot_diff": 1, "sample_diff": 4, "time_diff_s": 0.08, "gps_distance_m": 5.8, "original_speed": "3500", "wheel_diameter_mm": 711.1999999999999, "braking_intensity": 0.0, "is_braking": false}}, {"type": "Feature", "geometry": {"type": "LineString", "coordinates": [[4.8934798, 52.3670926], [4.8935326, 52.3671492]]}, "properties": {"Speed": 4.0, "road_quality": 3, "marker": 7, "trip_id": "NORMA_Trip1", "hrot_diff": 1, "sample_diff": 50, "time_diff_s": 1.0, "gps_distance_m": 7.2, "original_speed": "2380", "wheel_diameter_mm": 711.1999999999999, "braking_intensity": 0.0, "is_braking": false}}, {"type": "Feature", "geometry": {"type": "LineString", "coordinates": [[4.8935703, 52.3672655], [4.8935765, 52.367319]]}, "properties": {"Speed": 40, "road_quality": 3, "marker": 6, "trip_id": "NORMA_Trip1", "hrot_diff": 1, "sample_diff": 4, "time_diff_s": 0.08, "gps_distance_m": 6.0, "original_speed": "-1", "wheel_diameter_mm": 711.1999999999999, "braking_intensity": 0.0, "is_braking": false}}, {"type": "Feature", "geometry": {"type": "LineString", "coordinates": [[4.8935783, 52.3673734], [4.8935684, 52.367428]]}, "properties": {"Speed": 4.9, "road_quality": 3, "marker": 6, "trip_id": "NORMA_Trip1", "hrot_diff": 1, "sample_diff": 41, "time_diff_s": 0.82, "gps_distance_m": 6.1, "original_speed": "-1", "wheel_diameter_mm": 711.1999999999999, "braking_intensity": 0.0, "is_braking": false}}, {"type": "Feature", "geometry": {"type": "LineString", "coordinates": [[4.8935684, 52.367428], [4.8935435, 52.3674909]]}, "properties": {"Speed": 40, "road_quality": 3, "marker": 7, "trip_id": "NORMA_Trip1", "hrot_diff": 1, "sample_diff": 4, "time_diff_s": 0.08, "gps_distance_m": 7.2, "original_speed": "3301", "wheel_diameter_mm": 711.1999999999999, "braking_intensity": 0.0, "is_braking": false}}, {"type": "Feature", "geometry": {"type": "LineString", "coordinates": [[4.8935048, 52.3675369], [4.8934527, 52.367583]]}, "properties": {"Speed": 16.8, "road_quality": 3, "marker": 6, "trip_id": "NORMA_Trip1", "hrot_diff": 1, "sample_diff": 12, "time_diff_s": 0.24, "gps_distance_m": 6.2, "original_speed": "-1", "wheel_diameter_mm": 711.1999999999999, "braking_intensity": 0.0, "is_braking": false}}, {"type": "Feature", "geometry": {"type": "LineString", "coordinates": [[4.8934527, 52.367583], [4.8933966, 52.3676337]]}, "properties": {"Speed": 11.2, "road_quality": 3, "marker": 6, "trip_id": "NORMA_Trip1", "hrot_diff": 1, "sample_diff": 18, "time_diff_s": 0.36, "gps_distance_m": 6.8, "original_speed": "-1", "wheel_diameter_mm": 711.1999999999999, "braking_intensity": 0.0, "is_braking": false}}, {"type": "Feature", "geometry": {"type": "LineString", "coordinates": [[4.8932821, 52.3677327], [4.8932312, 52.3677712]]}, "properties": {"Speed": 22.3, "road_quality": 3, "marker": 7, "trip_id": "NORMA_Trip1", "hrot_diff": 1, "sample_diff": 9, "time_diff_s": 0.18, "gps_distance_m": 5.5, "original_speed": "2450", "wheel_diameter_mm": 711.1999999999999, "braking_intensity": 0.0, "is_braking": false}}, {"type": "Feature", "geometry": {"type": "LineString", "coordinates": [[4.8930519, 52.3679339], [4.8929717, 52.3679896]]}, "properties": {"Speed": 40, "road_quality": 3, "marker": 7, "trip_id": "NORMA_Trip1", "hrot_diff": 1, "sample_diff": 5, "time_diff_s": 0.1, "gps_distance_m": 8.2, "original_speed": "3418", "wheel_diameter_mm": 711.1999999999999, "braking_intensity": 0.0, "is_braking": false}}, {"type": "Feature", "geometry": {"type": "LineString", "coordinates": [[4.8929717, 52.3679896], [4.8928969, 52.3680467]]}, "properties": {"Speed": 22.3, "road_quality": 3, "marker": 7, "trip_id": "NORMA_Trip1", "hrot_diff": 1, "sample_diff": 9, "time_diff_s": 0.18, "gps_distance_m": 8.1, "original_speed": "3539", "wheel_diameter_mm": 711.1999999999999, "braking_intensity": 0.0, "is_braking": false}}, {"type": "Feature", "geometry": {"type": "LineString", "coordinates": [[4.8928969, 52.3680467], [4.8928303, 52.3680981]]}, "properties": {"Speed": 22.3, "road_quality": 3, "marker": 7, "trip_id": "NORMA_Trip1", "hrot_diff": 1, "sample_diff": 9, "time_diff_s": 0.18, "gps_distance_m": 7.3, "original_speed": "4326", "wheel_diameter_mm": 711.1999999999999, "braking_intensity": 0.0, "is_braking": false}}, {"type": "Feature", "geometry": {"type": "LineString", "coordinates": [[4.8927211, 52.36819], [4.89266, 52.3682373]]}, "properties": {"Speed": 15.5, "road_quality": 3, "marker": 6, "trip_id": "NORMA_Trip1", "hrot_diff": 1, "sample_diff": 13, "time_diff_s": 0.26, "gps_distance_m": 6.7, "original_speed": "-1", "wheel_diameter_mm": 711.1999999999999, "braking_intensity": 0.0, "is_braking": false}}, {"type": "Feature", "geometry": {"type": "LineString", "coordinates": [[4.89266, 52.3682373], [4.8926068, 52.3682821]]}, "properties": {"Speed": 28.7, "road_quality": 3, "marker": 7, "trip_id": "NORMA_Trip1", "hrot_diff": 1, "sample_diff": 7, "time_diff_s": 0.14, "gps_distance_m": 6.2, "original_speed": "2500", "wheel_diameter_mm": 711.1999999999999, "braking_intensity": 0.0, "is_braking": false}}, {"type": "Feature", "geometry": {"type": "LineString", "coordinates": [[4.8926068, 52.3682821], [4.8925471, 52.3683282]]}, "properties": {"Speed": 28.7, "road_quality": 3, "marker": 7, "trip_id": "NORMA_Trip1", "hrot_diff": 1, "sample_diff": 7, "time_diff_s": 0.14, "gps_distance_m": 6.5, "original_speed": "3097", "wheel_diameter_mm": 711.1999999999999, "braking_intensity": 0.0, "is_braking": false}}, {"type": "Feature", "geometry": {"type": "LineString", "coordinates": [[4.8924898, 52.368377], [4.8924443, 52.3684264]]}, "properties": {"Speed": 22.3, "road_quality": 3, "marker": 6, "trip_id": "NORMA_Trip1", "hrot_diff": 1, "sample_diff": 9, "time_diff_s": 0.18, "gps_distance_m": 6.3, "original_speed": "-1", "wheel_diameter_mm": 711.1999999999999, "braking_intensity": 0.0, "is_braking": false}}, {"type": "Feature", "geometry": {"type": "LineString", "coordinates": [[4.8923983, 52.3684823], [4.8923519, 52.3685334]]}, "properties": {"Speed": 22.3, "road_quality": 3, "marker": 6, "trip_id": "NORMA_Trip1", "hrot_diff": 1, "sample_diff": 9, "time_diff_s": 0.18, "gps_distance_m": 6.5, "original_speed": "-1", "wheel_diameter_mm": 711.1999999999999, "braking_intensity": 0.0, "is_braking": false}}, {"type": "Feature", "geometry": {"type": "LineString", "coordinates": [[4.8923519, 52.3685334], [4.8922942, 52.3685961]]}, "properties": {"Speed": 13.4, "road_quality": 3, "marker": 7, "trip_id": "NORMA_Trip1", "hrot_diff": 1, "sample_diff": 15, "time_diff_s": 0.3, "gps_distance_m": 8.0, "original_speed": "1562", "wheel_diameter_mm": 711.1999999999999, "braking_intensity": 0.0, "is_braking": false}}, {"type": "Feature", "geometry": {"type": "LineString", "coordinates": [[4.8922942, 52.3685961], [4.8922528, 52.3686431]]}, "properties": {"Speed": 18.3, "road_quality": 3, "marker": 7, "trip_id": "NORMA_Trip1", "hrot_diff": 1, "sample_diff": 11, "time_diff_s": 0.22, "gps_distance_m": 5.9, "original_speed": "2403", "wheel_diameter_mm": 711.1999999999999, "braking_intensity": 0.0, "is_braking": false}}, {"type": "Feature", "geometry": {"type": "LineString", "coordinates": [[4.8922528, 52.3686431], [4.8922153, 52.3686925]]}, "properties": {"Speed": 8.4, "road_quality": 3, "marker": 6, "trip_id": "NORMA_Trip1", "hrot_diff": 1, "sample_diff": 24, "time_diff_s": 0.48, "gps_distance_m": 6.1, "original_speed": "-1", "wheel_diameter_mm": 711.1999999999999, "braking_intensity": 0.0, "is_braking": false}}, {"type": "Feature", "geometry": {"type": "LineString", "coordinates": [[4.8922153, 52.3686925], [4.8921699, 52.3687393]]}, "properties": {"Speed": 18.3, "road_quality": 3, "marker": 6, "trip_id": "NORMA_Trip1", "hrot_diff": 1, "sample_diff": 11, "time_diff_s": 0.22, "gps_distance_m": 6.0, "original_speed": "-1", "wheel_diameter_mm": 711.1999999999999, "braking_intensity": 0.0, "is_braking": false}}, {"type": "Feature", "geometry": {"type": "LineString", "coordinates": [[4.8921699, 52.3687393], [4.8921182, 52.3688012]]}, "properties": {"Speed": 9.6, "road_quality": 3, "marker": 7, "trip_id": "NORMA_Trip1", "hrot_diff": 1, "sample_diff": 21, "time_diff_s": 0.42, "gps_distance_m": 7.7, "original_speed": "2272", "wheel_diameter_mm": 711.1999999999999, "braking_intensity": 0.0, "is_braking": false}}, {"type": "Feature", "geometry": {"type": "LineString", "coordinates": [[4.8921182, 52.3688012], [4.8920749, 52.3688639]]}, "properties": {"Speed": 10.1, "road_quality": 3, "marker": 6, "trip_id": "NORMA_Trip1", "hrot_diff": 1, "sample_diff": 20, "time_diff_s": 0.4, "gps_distance_m": 7.6, "original_speed": "-1", "wheel_diameter_mm": 711.1999999999999, "braking_intensity": 0.0, "is_braking": false}}, {"type": "Feature", "geometry": {"type": "LineString", "coordinates": [[4.8920749, 52.3688639], [4.8920533, 52.3689248]]}, "properties": {"Speed": 9.1, "road_quality": 3, "marker": 6, "trip_id": "NORMA_Trip1", "hrot_diff": 1, "sample_diff": 22, "time_diff_s": 0.44, "gps_distance_m": 6.9, "original_speed": "-1", "wheel_diameter_mm": 711.1999999999999, "braking_intensity": 0.0, "is_braking": false}}, {"type": "Feature", "geometry": {"type": "LineString", "coordinates": [[4.8920533, 52.3689248], [4.8920578, 52.3689932]]}, "properties": {"Speed": 18.3, "road_quality": 3, "marker": 6, "trip_id": "NORMA_Trip1", "hrot_diff": 1, "sample_diff": 11, "time_diff_s": 0.22, "gps_distance_m": 7.6, "original_speed": "-1", "wheel_diameter_mm": 711.1999999999999, "braking_intensity": 0.0, "is_braking": false}}, {"type": "Feature", "geometry": {"type": "LineString", "coordinates": [[4.8920758, 52.3691069], [4.8920998, 52.3691685]]}, "properties": {"Speed": 7.2, "road_quality": 3, "marker": 7, "trip_id": "NORMA_Trip1", "hrot_diff": 1, "sample_diff": 28, "time_diff_s": 0.56, "gps_distance_m": 7.0, "original_speed": "2727", "wheel_diameter_mm": 711.1999999999999, "braking_intensity": 0.0, "is_braking": false}}, {"type": "Feature", "geometry": {"type": "LineString", "coordinates": [[4.8921309, 52.3692144], [4.8921587, 52.3692592]]}, "properties": {"Speed": 15.5, "road_quality": 3, "marker": 6, "trip_id": "NORMA_Trip1", "hrot_diff": 1, "sample_diff": 13, "time_diff_s": 0.26, "gps_distance_m": 5.3, "original_speed": "-1", "wheel_diameter_mm": 711.1999999999999, "braking_intensity": 0.0, "is_braking": false}}, {"type": "Feature", "geometry": {"type": "LineString", "coordinates": [[4.8921587, 52.3692592], [4.892183, 52.3693147]]}, "properties": {"Speed": 33.5, "road_quality": 3, "marker": 6, "trip_id": "NORMA_Trip1", "hrot_diff": 1, "sample_diff": 6, "time_diff_s": 0.12, "gps_distance_m": 6.4, "original_speed": "-1", "wheel_diameter_mm": 711.1999999999999, "braking_intensity": 0.0, "is_braking": false}}, {"type": "Feature", "geometry": {"type": "LineString", "coordinates": [[4.892183, 52.3693147], [4.8922159, 52.3693691]]}, "properties": {"Speed": 18.3, "road_quality": 3, "marker": 7, "trip_id": "NORMA_Trip1", "hrot_diff": 1, "sample_diff": 11, "time_diff_s": 0.22, "gps_distance_m": 6.4, "original_speed": "3883", "wheel_diameter_mm": 711.1999999999999, "braking_intensity": 0.0, "is_braking": false}}, {"type": "Feature", "geometry": {"type": "LineString", "coordinates": [[4.8922159, 52.3693691], [4.8922355, 52.3694332]]}, "properties": {"Speed": 33.5, "road_quality": 3, "marker": 6, "trip_id": "NORMA_Trip1", "hrot_diff": 1, "sample_diff": 6, "time_diff_s": 0.12, "gps_distance_m": 7.3, "original_speed": "-1", "wheel_diameter_mm": 711.1999999999999, "braking_intensity": 0.0, "is_braking": false}}, {"type": "Feature", "geometry": {"type": "LineString", "coordinates": [[4.8922355, 52.3694332], [4.8922517, 52.3695022]]}, "properties": {"Speed": 25.1, "road_quality": 4, "marker": 6, "trip_id": "NORMA_Trip1", "hrot_diff": 1, "sample_diff": 8, "time_diff_s": 0.16, "gps_distance_m": 7.8, "original_speed": "-1", "wheel_diameter_mm": 711.1999999999999, "braking_intensity": 0.0, "is_braking": false}}, {"type": "Feature", "geometry": {"type": "LineString", "coordinates": [[4.8922517, 52.3695022], [4.8922779, 52.3695653]]}, "properties": {"Speed": 40, "road_quality": 4, "marker": 7, "trip_id": "NORMA_Trip1", "hrot_diff": 1, "sample_diff": 4, "time_diff_s": 0.08, "gps_distance_m": 7.2, "original_speed": "4237", "wheel_diameter_mm": 711.1999999999999, "braking_intensity": 0.0, "is_braking": false}}, {"type": "Feature", "geometry": {"type": "LineString", "coordinates": [[4.8922779, 52.3695653], [4.8923041, 52.3696254]]}, "properties": {"Speed": 18.3, "road_quality": 3, "marker": 7, "trip_id": "NORMA_Trip1", "hrot_diff": 1, "sample_diff": 11, "time_diff_s": 0.22, "gps_distance_m": 6.9, "original_speed": "4368", "wheel_diameter_mm": 711.1999999999999, "braking_intensity": 0.0, "is_braking": false}}, {"type": "Feature", "geometry": {"type": "LineString", "coordinates": [[4.8923041, 52.3696254], [4.8923322, 52.3696841]]}, "properties": {"Speed": 5.4, "road_quality": 3, "marker": 7, "trip_id": "NORMA_Trip1", "hrot_diff": 1, "sample_diff": 37, "time_diff_s": 0.74, "gps_distance_m": 6.8, "original_speed": "2830", "wheel_diameter_mm": 711.1999999999999, "braking_intensity": 0.0, "is_braking": false}}, {"type": "Feature", "geometry": {"type": "LineString", "coordinates": [[4.8923322, 52.3696841], [4.892363, 52.3697501]]}, "properties": {"Speed": 22.3, "road_quality": 4, "marker": 6, "trip_id": "NORMA_Trip1", "hrot_diff": 1, "sample_diff": 9, "time_diff_s": 0.18, "gps_distance_m": 7.6, "original_speed": "-1", "wheel_diameter_mm": 711.1999999999999, "braking_intensity": 0.0, "is_braking": false}}, {"type": "Feature", "geometry": {"type": "LineString", "coordinates": [[4.8923962, 52.3698139], [4.8924355, 52.3698772]]}, "properties": {"Speed": 40, "road_quality": 3, "marker": 6, "trip_id": "NORMA_Trip1", "hrot_diff": 1, "sample_diff": 4, "time_diff_s": 0.08, "gps_distance_m": 7.5, "original_speed": "-1", "wheel_diameter_mm": 711.1999999999999, "braking_intensity": 0.0, "is_braking": false}}, {"type": "Feature", "geometry": {"type": "LineString", "coordinates": [[4.8924741, 52.3699443], [4.8925132, 52.3700086]]}, "properties": {"Speed": 33.5, "road_quality": 3, "marker": 6, "trip_id": "NORMA_Trip1", "hrot_diff": 1, "sample_diff": 6, "time_diff_s": 0.12, "gps_distance_m": 7.6, "original_speed": "-1", "wheel_diameter_mm": 711.1999999999999, "braking_intensity": 0.0, "is_braking": false}}, {"type": "Feature", "geometry": {"type": "LineString", "coordinates": [[4.8925132, 52.3700086], [4.8925394, 52.3700686]]}, "properties": {"Speed": 8.4, "road_quality": 3, "marker": 6, "trip_id": "NORMA_Trip1", "hrot_diff": 1, "sample_diff": 24, "time_diff_s": 0.48, "gps_distance_m": 6.9, "original_speed": "-1", "wheel_diameter_mm": 711.1999999999999, "braking_intensity": 0.0, "is_braking": false}}, {"type": "Feature", "geometry": {"type": "LineString", "coordinates": [[4.8925394, 52.3700686], [4.8925648, 52.370122]]}, "properties": {"Speed": 9.1, "road_quality": 3, "marker": 7, "trip_id": "NORMA_Trip1", "hrot_diff": 1, "sample_diff": 22, "time_diff_s": 0.44, "gps_distance_m": 6.2, "original_speed": "1293", "wheel_diameter_mm": 711.1999999999999, "braking_intensity": 0.0, "is_braking": false}}, {"type": "Feature", "geometry": {"type": "LineString", "coordinates": [[4.8925648, 52.370122], [4.8925849, 52.3701832]]}, "properties": {"Speed": 20.1, "road_quality": 3, "marker": 6, "trip_id": "NORMA_Trip1", "hrot_diff": 1, "sample_diff": 10, "time_diff_s": 0.2, "gps_distance_m": 6.9, "original_speed": "-1", "wheel_diameter_mm": 711.1999999999999, "braking_intensity": 0.0, "is_braking": false}}, {"type": "Feature", "geometry": {"type": "LineString", "coordinates": [[4.8925849, 52.3701832], [4.8926115, 52.3702494]]}, "properties": {"Speed": 25.1, "road_quality": 3, "marker": 7, "trip_id": "NORMA_Trip1", "hrot_diff": 1, "sample_diff": 8, "time_diff_s": 0.16, "gps_distance_m": 7.6, "original_speed": "3571", "wheel_diameter_mm": 711.1999999999999, "braking_intensity": 0.0, "is_braking": false}}, {"type": "Feature", "geometry": {"type": "LineString", "coordinates": [[4.8926115, 52.3702494], [4.8926271, 52.3703091]]}, "properties": {"Speed": 20.1, "road_quality": 3, "marker": 6, "trip_id": "NORMA_Trip1", "hrot_diff": 1, "sample_diff": 10, "time_diff_s": 0.2, "gps_distance_m": 6.7, "original_speed": "-1", "wheel_diameter_mm": 711.1999999999999, "braking_intensity": 0.0, "is_braking": false}}, {"type": "Feature", "geometry": {"type": "LineString", "coordinates": [[4.8926428, 52.3703725], [4.892651, 52.3704266]]}, "properties": {"Speed": 20.1, "road_quality": 3, "marker": 7, "trip_id": "NORMA_Trip1", "hrot_diff": 1, "sample_diff": 10, "time_diff_s": 0.2, "gps_distance_m": 6.0, "original_speed": "3398", "wheel_diameter_mm": 711.1999999999999, "braking_intensity": 0.0, "is_braking": false}}, {"type": "Feature", "geometry": {"type": "LineString", "coordinates": [[4.892651, 52.3704266], [4.8926721, 52.3704805]]}, "properties": {"Speed": 15.5, "road_quality": 3, "marker": 7, "trip_id": "NORMA_Trip1", "hrot_diff": 1, "sample_diff": 13, "time_diff_s": 0.26, "gps_distance_m": 6.2, "original_speed": "3669", "wheel_diameter_mm": 711.1999999999999, "braking_intensity": 0.0, "is_braking": false}}, {"type": "Feature", "geometry": {"type": "LineString", "coordinates": [[4.8927049, 52.3705515], [4.892738, 52.37066]]}, "properties": {"Speed": 22.3, "road_quality": 3, "marker": 7, "trip_id": "NORMA_Trip1", "hrot_diff": 1, "sample_diff": 9, "time_diff_s": 0.18, "gps_distance_m": 12.3, "original_speed": "3240", "wheel_diameter_mm": 711.1999999999999, "braking_intensity": 0.0, "is_braking": false}}, {"type": "Feature", "geometry": {"type": "LineString", "coordinates": [[4.892738, 52.37066], [4.8927772, 52.3707921]]}, "properties": {"Speed": 10.1, "road_quality": 3, "marker": 6, "trip_id": "NORMA_Trip1", "hrot_diff": 1, "sample_diff": 20, "time_diff_s": 0.4, "gps_distance_m": 14.9, "original_speed": "-1", "wheel_diameter_mm": 711.1999999999999, "braking_intensity": 0.0, "is_braking": false}}, {"type": "Feature", "geometry": {"type": "LineString", "coordinates": [[4.8927772, 52.3707921], [4.8927964, 52.3708558]]}, "properties": {"Speed": 33.5, "road_quality": 4, "marker": 6, "trip_id": "NORMA_Trip1", "hrot_diff": 1, "sample_diff": 6, "time_diff_s": 0.12, "gps_distance_m": 7.2, "original_speed": "-1", "wheel_diameter_mm": 711.1999999999999, "braking_intensity": 0.0, "is_braking": false}}, {"type": "Feature", "geometry": {"type": "LineString", "coordinates": [[4.8928166, 52.370916], [4.8928381, 52.3709733]]}, "properties": {"Speed": 10.1, "road_quality": 3, "marker": 7, "trip_id": "NORMA_Trip1", "hrot_diff": 1, "sample_diff": 20, "time_diff_s": 0.4, "gps_distance_m": 6.5, "original_speed": "2252", "wheel_diameter_mm": 711.1999999999999, "braking_intensity": 0.0, "is_braking": false}}, {"type": "Feature", "geometry": {"type": "LineString", "coordinates": [[4.8928586, 52.3710309], [4.8928741, 52.3710835]]}, "properties": {"Speed": 22.3, "road_quality": 3, "marker": 7, "trip_id": "NORMA_Trip1", "hrot_diff": 1, "sample_diff": 9, "time_diff_s": 0.18, "gps_distance_m": 5.9, "original_speed": "3153", "wheel_diameter_mm": 711.1999999999999, "braking_intensity": 0.0, "is_braking": false}}, {"type": "Feature", "geometry": {"type": "LineString", "coordinates": [[4.8929011, 52.3711751], [4.892917, 52.371232]]}, "properties": {"Speed": 12.6, "road_quality": 3, "marker": 7, "trip_id": "NORMA_Trip1", "hrot_diff": 1, "sample_diff": 16, "time_diff_s": 0.32, "gps_distance_m": 6.4, "original_speed": "2521", "wheel_diameter_mm": 711.1999999999999, "braking_intensity": 0.0, "is_braking": false}}, {"type": "Feature", "geometry": {"type": "LineString", "coordinates": [[4.8929277, 52.3712844], [4.8929375, 52.371333]]}, "properties": {"Speed": 16.8, "road_quality": 3, "marker": 6, "trip_id": "NORMA_Trip1", "hrot_diff": 1, "sample_diff": 12, "time_diff_s": 0.24, "gps_distance_m": 5.4, "original_speed": "-1", "wheel_diameter_mm": 711.1999999999999, "braking_intensity": 0.0, "is_braking": false}}, {"type": "Feature", "geometry": {"type": "LineString", "coordinates": [[4.8929458, 52.3713782], [4.8929606, 52.371424]]}, "properties": {"Speed": 13.4, "road_quality": 3, "marker": 6, "trip_id": "NORMA_Trip1", "hrot_diff": 1, "sample_diff": 15, "time_diff_s": 0.3, "gps_distance_m": 5.2, "original_speed": "-1", "wheel_diameter_mm": 711.1999999999999, "braking_intensity": 0.0, "is_braking": false}}, {"type": "Feature", "geometry": {"type": "LineString", "coordinates": [[4.8929606, 52.371424], [4.8929676, 52.3714646]]}, "properties": {"Speed": 20.1, "road_quality": 3, "marker": 7, "trip_id": "NORMA_Trip1", "hrot_diff": 1, "sample_diff": 10, "time_diff_s": 0.2, "gps_distance_m": 4.5, "original_speed": "3431", "wheel_diameter_mm": 711.1999999999999, "braking_intensity": 0.0, "is_braking": false}}, {"type": "Feature", "geometry": {"type": "LineString", "coordinates": [[4.8929676, 52.3714646], [4.8929791, 52.37152]]}, "properties": {"Speed": 22.3, "road_quality": 3, "marker": 7, "trip_id": "NORMA_Trip1", "hrot_diff": 1, "sample_diff": 9, "time_diff_s": 0.18, "gps_distance_m": 6.2, "original_speed": "3211", "wheel_diameter_mm": 711.1999999999999, "braking_intensity": 0.0, "is_braking": false}}, {"type": "Feature", "geometry": {"type": "LineString", "coordinates": [[4.8929791, 52.37152], [4.8929887, 52.3715824]]}, "properties": {"Speed": 25.1, "road_quality": 3, "marker": 7, "trip_id": "NORMA_Trip1", "hrot_diff": 1, "sample_diff": 8, "time_diff_s": 0.16, "gps_distance_m": 7.0, "original_speed": "3240", "wheel_diameter_mm": 711.1999999999999, "braking_intensity": 0.0, "is_braking": false}}, {"type": "Feature", "geometry": {"type": "LineString", "coordinates": [[4.8929887, 52.3715824], [4.892989, 52.371644]]}, "properties": {"Speed": 11.2, "road_quality": 3, "marker": 7, "trip_id": "NORMA_Trip1", "hrot_diff": 1, "sample_diff": 18, "time_diff_s": 0.36, "gps_distance_m": 6.8, "original_speed": "2100", "wheel_diameter_mm": 711.1999999999999, "braking_intensity": 0.0, "is_braking": false}}, {"type": "Feature", "geometry": {"type": "LineString", "coordinates": [[4.892989, 52.371644], [4.8929949, 52.3717087]]}, "properties": {"Speed": 8.7, "road_quality": 3, "marker": 6, "trip_id": "NORMA_Trip1", "hrot_diff": 1, "sample_diff": 23, "time_diff_s": 0.46, "gps_distance_m": 7.2, "original_speed": "-1", "wheel_diameter_mm": 711.1999999999999, "braking_intensity": 0.0, "is_braking": false}}, {"type": "Feature", "geometry": {"type": "LineString", "coordinates": [[4.8929949, 52.3717087], [4.8929962, 52.3717704]]}, "properties": {"Speed": 28.7, "road_quality": 3, "marker": 7, "trip_id": "NORMA_Trip1", "hrot_diff": 1, "sample_diff": 7, "time_diff_s": 0.14, "gps_distance_m": 6.9, "original_speed": "2325", "wheel_diameter_mm": 711.1999999999999, "braking_intensity": 0.0, "is_braking": false}}, {"type": "Feature", "geometry": {"type": "LineString", "coordinates": [[4.8929928, 52.3718196], [4.8929897, 52.3718706]]}, "properties": {"Speed": 20.1, "road_quality": 3, "marker": 7, "trip_id": "NORMA_Trip1", "hrot_diff": 1, "sample_diff": 10, "time_diff_s": 0.2, "gps_distance_m": 5.7, "original_speed": "3478", "wheel_diameter_mm": 711.1999999999999, "braking_intensity": 0.0, "is_braking": false}}, {"type": "Feature", "geometry": {"type": "LineString", "coordinates": [[4.8929887, 52.3719223], [4.8929974, 52.3719762]]}, "properties": {"Speed": 40, "road_quality": 3, "marker": 7, "trip_id": "NORMA_Trip1", "hrot_diff": 1, "sample_diff": 5, "time_diff_s": 0.1, "gps_distance_m": 6.0, "original_speed": "3000", "wheel_diameter_mm": 711.1999999999999, "braking_intensity": 0.0, "is_braking": false}}, {"type": "Feature", "geometry": {"type": "LineString", "coordinates": [[4.8929974, 52.3719762], [4.8930098, 52.3720257]]}, "properties": {"Speed": 7.4, "road_quality": 3, "marker": 7, "trip_id": "NORMA_Trip1", "hrot_diff": 1, "sample_diff": 27, "time_diff_s": 0.54, "gps_distance_m": 5.6, "original_speed": "3883", "wheel_diameter_mm": 711.1999999999999, "braking_intensity": 0.0, "is_braking": false}}, {"type": "Feature", "geometry": {"type": "LineString", "coordinates": [[4.8930098, 52.3720257], [4.8930189, 52.3720721]]}, "properties": {"Speed": 28.7, "road_quality": 3, "marker": 6, "trip_id": "NORMA_Trip1", "hrot_diff": 1, "sample_diff": 7, "time_diff_s": 0.14, "gps_distance_m": 5.2, "original_speed": "-1", "wheel_diameter_mm": 711.1999999999999, "braking_intensity": 0.0, "is_braking": false}}, {"type": "Feature", "geometry": {"type": "LineString", "coordinates": [[4.893024, 52.3721259], [4.8930282, 52.3721709]]}, "properties": {"Speed": 28.7, "road_quality": 3, "marker": 7, "trip_id": "NORMA_Trip1", "hrot_diff": 1, "sample_diff": 7, "time_diff_s": 0.14, "gps_distance_m": 5.0, "original_speed": "3465", "wheel_diameter_mm": 711.1999999999999, "braking_intensity": 0.0, "is_braking": false}}, {"type": "Feature", "geometry": {"type": "LineString", "coordinates": [[4.8930282, 52.3721709], [4.8930301, 52.3722166]]}, "properties": {"Speed": 14.4, "road_quality": 3, "marker": 7, "trip_id": "NORMA_Trip1", "hrot_diff": 1, "sample_diff": 14, "time_diff_s": 0.28, "gps_distance_m": 5.1, "original_speed": "2403", "wheel_diameter_mm": 711.1999999999999, "braking_intensity": 0.0, "is_braking": false}}, {"type": "Feature", "geometry": {"type": "LineString", "coordinates": [[4.8930301, 52.3722166], [4.8930309, 52.3722473]]}, "properties": {"Speed": 15.5, "road_quality": 2, "marker": 7, "trip_id": "NORMA_Trip1", "hrot_diff": 1, "sample_diff": 13, "time_diff_s": 0.26, "gps_distance_m": 3.4, "original_speed": "1886", "wheel_diameter_mm": 711.1999999999999, "braking_intensity": 0.0, "is_braking": false}}, {"type": "Feature", "geometry": {"type": "LineString", "coordinates": [[4.8930309, 52.3722473], [4.8930271, 52.3722758]]}, "properties": {"Speed": 10.6, "road_quality": 2, "marker": 7, "trip_id": "NORMA_Trip1", "hrot_diff": 1, "sample_diff": 19, "time_diff_s": 0.38, "gps_distance_m": 3.2, "original_speed": "1526", "wheel_diameter_mm": 711.1999999999999, "braking_intensity": 0.0, "is_braking": false}}, {"type": "Feature", "geometry": {"type": "LineString", "coordinates": [[4.8930271, 52.3722758], [4.8930305, 52.3722983]]}, "properties": {"Speed": 8.7, "road_quality": 2, "marker": 7, "trip_id": "NORMA_Trip1", "hrot_diff": 1, "sample_diff": 23, "time_diff_s": 0.46, "gps_distance_m": 2.5, "original_speed": "1282", "wheel_diameter_mm": 711.1999999999999, "braking_intensity": 0.0, "is_braking": false}}, {"type": "Feature", "geometry": {"type": "LineString", "coordinates": [[4.8930305, 52.3722983], [4.8930256, 52.3723192]]}, "properties": {"Speed": 6.1, "road_quality": 2, "marker": 7, "trip_id": "NORMA_Trip1", "hrot_diff": 1, "sample_diff": 33, "time_diff_s": 0.66, "gps_distance_m": 2.3, "original_speed": "1145", "wheel_diameter_mm": 711.1999999999999, "braking_intensity": 0.0, "is_braking": false}}, {"type": "Feature", "geometry": {"type": "LineString", "coordinates": [[4.8930256, 52.3723192], [4.8930287, 52.3723335]]}, "properties": {"Speed": 7.2, "road_quality": 2, "marker": 7, "trip_id": "NORMA_Trip1", "hrot_diff": 1, "sample_diff": 28, "time_diff_s": 0.56, "gps_distance_m": 1.6, "original_speed": "833", "wheel_diameter_mm": 711.1999999999999, "braking_intensity": 0.0, "is_braking": false}}, {"type": "Feature", "geometry": {"type": "LineString", "coordinates": [[4.8930287, 52.3723335], [4.893036, 52.3723586]]}, "properties": {"Speed": 8.7, "road_quality": 2, "marker": 7, "trip_id": "NORMA_Trip1", "hrot_diff": 1, "sample_diff": 23, "time_diff_s": 0.46, "gps_distance_m": 2.8, "original_speed": "917", "wheel_diameter_mm": 711.1999999999999, "braking_intensity": 0.0, "is_braking": false}}, {"type": "Feature", "geometry": {"type": "LineString", "coordinates": [[4.893036, 52.3723586], [4.8930448, 52.3723874]]}, "properties": {"Speed": 9.1, "road_quality": 3, "marker": 6, "trip_id": "NORMA_Trip1", "hrot_diff": 1, "sample_diff": 22, "time_diff_s": 0.44, "gps_distance_m": 3.3, "original_speed": "-1", "wheel_diameter_mm": 711.1999999999999, "braking_intensity": 0.0, "is_braking": false}}, {"type": "Feature", "geometry": {"type": "LineString", "coordinates": [[4.8930448, 52.3723874], [4.8930558, 52.3724187]]}, "properties": {"Speed": 10.6, "road_quality": 3, "marker": 6, "trip_id": "NORMA_Trip1", "hrot_diff": 1, "sample_diff": 19, "time_diff_s": 0.38, "gps_distance_m": 3.6, "original_speed": "-1", "wheel_diameter_mm": 711.1999999999999, "braking_intensity": 0.0, "is_braking": false}}, {"type": "Feature", "geometry": {"type": "LineString", "coordinates": [[4.8930558, 52.3724187], [4.8930661, 52.3724225]]}, "properties": {"Speed": 11.2, "road_quality": 3, "marker": 6, "trip_id": "NORMA_Trip1", "hrot_diff": 1, "sample_diff": 18, "time_diff_s": 0.36, "gps_distance_m": 0.8, "original_speed": "-1", "wheel_diameter_mm": 711.1999999999999, "braking_intensity": 0.0, "is_braking": false}}, {"type": "Feature", "geometry": {"type": "LineString", "coordinates": [[4.8930661, 52.3724225], [4.8930794, 52.3724391]]}, "properties": {"Speed": 15.5, "road_quality": 3, "marker": 6, "trip_id": "NORMA_Trip1", "hrot_diff": 1, "sample_diff": 13, "time_diff_s": 0.26, "gps_distance_m": 2.1, "original_speed": "-1", "wheel_diameter_mm": 711.1999999999999, "braking_intensity": 0.0, "is_braking": false}}, {"type": "Feature", "geometry": {"type": "LineString", "coordinates": [[4.8930794, 52.3724391], [4.89309, 52.3724693]]}, "properties": {"Speed": 12.6, "road_quality": 3, "marker": 7, "trip_id": "NORMA_Trip1", "hrot_diff": 1, "sample_diff": 16, "time_diff_s": 0.32, "gps_distance_m": 3.4, "original_speed": "2427", "wheel_diameter_mm": 711.1999999999999, "braking_intensity": 0.0, "is_braking": false}}, {"type": "Feature", "geometry": {"type": "LineString", "coordinates": [[4.89309, 52.3724693], [4.8930981, 52.3725064]]}, "properties": {"Speed": 18.3, "road_quality": 3, "marker": 6, "trip_id": "NORMA_Trip1", "hrot_diff": 1, "sample_diff": 11, "time_diff_s": 0.22, "gps_distance_m": 4.2, "original_speed": "-1", "wheel_diameter_mm": 711.1999999999999, "braking_intensity": 0.0, "is_braking": false}}, {"type": "Feature", "geometry": {"type": "LineString", "coordinates": [[4.8930981, 52.3725064], [4.8931151, 52.3725421]]}, "properties": {"Speed": 11.8, "road_quality": 3, "marker": 6, "trip_id": "NORMA_Trip1", "hrot_diff": 1, "sample_diff": 17, "time_diff_s": 0.34, "gps_distance_m": 4.1, "original_speed": "-1", "wheel_diameter_mm": 711.1999999999999, "braking_intensity": 0.0, "is_braking": false}}, {"type": "Feature", "geometry": {"type": "LineString", "coordinates": [[4.8931151, 52.3725421], [4.8931275, 52.3725741]]}, "properties": {"Speed": 7.4, "road_quality": 4, "marker": 7, "trip_id": "NORMA_Trip1", "hrot_diff": 1, "sample_diff": 27, "time_diff_s": 0.54, "gps_distance_m": 3.7, "original_speed": "1984", "wheel_diameter_mm": 711.1999999999999, "braking_intensity": 0.0, "is_braking": false}}, {"type": "Feature", "geometry": {"type": "LineString", "coordinates": [[4.8931275, 52.3725741], [4.8931377, 52.3726095]]}, "properties": {"Speed": 28.7, "road_quality": 3, "marker": 6, "trip_id": "NORMA_Trip1", "hrot_diff": 1, "sample_diff": 7, "time_diff_s": 0.14, "gps_distance_m": 4.0, "original_speed": "-1", "wheel_diameter_mm": 711.1999999999999, "braking_intensity": 0.0, "is_braking": false}}, {"type": "Feature", "geometry": {"type": "LineString", "coordinates": [[4.8931377, 52.3726095], [4.8931583, 52.3726416]]}, "properties": {"Speed": 25.1, "road_quality": 3, "marker": 6, "trip_id": "NORMA_Trip1", "hrot_diff": 1, "sample_diff": 8, "time_diff_s": 0.16, "gps_distance_m": 3.8, "original_speed": "-1", "wheel_diameter_mm": 711.1999999999999, "braking_intensity": 0.0, "is_braking": false}}, {"type": "Feature", "geometry": {"type": "LineString", "coordinates": [[4.8931583, 52.3726416], [4.8931767, 52.3726859]]}, "properties": {"Speed": 28.7, "road_quality": 4, "marker": 7, "trip_id": "NORMA_Trip1", "hrot_diff": 1, "sample_diff": 7, "time_diff_s": 0.14, "gps_distance_m": 5.1, "original_speed": "2118", "wheel_diameter_mm": 711.1999999999999, "braking_intensity": 0.0, "is_braking": false}}, {"type": "Feature", "geometry": {"type": "LineString", "coordinates": [[4.8931767, 52.3726859], [4.8931982, 52.3727359]]}, "properties": {"Speed": 40, "road_quality": 4, "marker": 7, "trip_id": "NORMA_Trip1", "hrot_diff": 1, "sample_diff": 5, "time_diff_s": 0.1, "gps_distance_m": 5.7, "original_speed": "3211", "wheel_diameter_mm": 711.1999999999999, "braking_intensity": 0.0, "is_braking": false}}, {"type": "Feature", "geometry": {"type": "LineString", "coordinates": [[4.8931982, 52.3727359], [4.8932347, 52.3727855]]}, "properties": {"Speed": 10.1, "road_quality": 4, "marker": 7, "trip_id": "NORMA_Trip1", "hrot_diff": 1, "sample_diff": 20, "time_diff_s": 0.397, "gps_distance_m": 6.0, "original_speed": "3070", "wheel_diameter_mm": 711.1999999999999, "braking_intensity": 0.0, "is_braking": false}}, {"type": "Feature", "geometry": {"type": "LineString", "coordinates": [[4.8932347, 52.3727855], [4.8932635, 52.3728429]]}, "properties": {"Speed": 40, "road_quality": 4, "marker": 6, "trip_id": "NORMA_Trip1", "hrot_diff": 1, "sample_diff": 5, "time_diff_s": 0.1, "gps_distance_m": 6.7, "original_speed": "-1", "wheel_diameter_mm": 711.1999999999999, "braking_intensity": 0.0, "is_braking": false}}, {"type": "Feature", "geometry": {"type": "LineString", "coordinates": [[4.8933429, 52.373027], [4.8933657, 52.3730839]]}, "properties": {"Speed": 14.4, "road_quality": 4, "marker": 7, "trip_id": "NORMA_Trip1", "hrot_diff": 1, "sample_diff": 14, "time_diff_s": 0.28, "gps_distance_m": 6.5, "original_speed": "3603", "wheel_diameter_mm": 711.1999999999999, "braking_intensity": 0.0, "is_braking": false}}, {"type": "Feature", "geometry": {"type": "LineString", "coordinates": [[4.8933657, 52.3730839], [4.8933896, 52.3731311]]}, "properties": {"Speed": 20.1, "road_quality": 4, "marker": 7, "trip_id": "NORMA_Trip1", "hrot_diff": 1, "sample_diff": 10, "time_diff_s": 0.2, "gps_distance_m": 5.5, "original_speed": "2678", "wheel_diameter_mm": 711.1999999999999, "braking_intensity": 0.0, "is_braking": false}}, {"type": "Feature", "geometry": {"type": "LineString", "coordinates": [[4.8933896, 52.3731311], [4.8934224, 52.3731853]]}, "properties": {"Speed": 28.7, "road_quality": 4, "marker": 7, "trip_id": "NORMA_Trip1", "hrot_diff": 1, "sample_diff": 7, "time_diff_s": 0.14, "gps_distance_m": 6.4, "original_speed": "3846", "wheel_diameter_mm": 711.1999999999999, "braking_intensity": 0.0, "is_braking": false}}, {"type": "Feature", "geometry": {"type": "LineString", "coordinates": [[4.8934224, 52.3731853], [4.8934534, 52.3732333]]}, "properties": {"Speed": 16.8, "road_quality": 3, "marker": 7, "trip_id": "NORMA_Trip1", "hrot_diff": 1, "sample_diff": 12, "time_diff_s": 0.24, "gps_distance_m": 5.7, "original_speed": "2803", "wheel_diameter_mm": 711.1999999999999, "braking_intensity": 0.0, "is_braking": false}}, {"type": "Feature", "geometry": {"type": "LineString", "coordinates": [[4.8934936, 52.3732751], [4.8935108, 52.3732966]]}, "properties": {"Speed": 22.3, "road_quality": 3, "marker": 6, "trip_id": "NORMA_Trip1", "hrot_diff": 1, "sample_diff": 9, "time_diff_s": 0.18, "gps_distance_m": 2.7, "original_speed": "-1", "wheel_diameter_mm": 711.1999999999999, "braking_intensity": 0.0, "is_braking": false}}, {"type": "Feature", "geometry": {"type": "LineString", "coordinates": [[4.8935285, 52.3733187], [4.8935565, 52.3733515]]}, "properties": {"Speed": 40, "road_quality": 3, "marker": 6, "trip_id": "NORMA_Trip1", "hrot_diff": 1, "sample_diff": 3, "time_diff_s": 0.06, "gps_distance_m": 4.1, "original_speed": "-1", "wheel_diameter_mm": 711.1999999999999, "braking_intensity": 0.0, "is_braking": false}}, {"type": "Feature", "geometry": {"type": "LineString", "coordinates": [[4.8935565, 52.3733515], [4.8936025, 52.3733916]]}, "properties": {"Speed": 25.1, "road_quality": 3, "marker": 6, "trip_id": "NORMA_Trip1", "hrot_diff": 1, "sample_diff": 8, "time_diff_s": 0.16, "gps_distance_m": 5.4, "original_speed": "-1", "wheel_diameter_mm": 711.1999999999999, "braking_intensity": 0.0, "is_braking": false}}, {"type": "Feature", "geometry": {"type": "LineString", "coordinates": [[4.8936025, 52.3733916], [4.8936469, 52.37343]]}, "properties": {"Speed": 14.4, "road_quality": 3, "marker": 7, "trip_id": "NORMA_Trip1", "hrot_diff": 1, "sample_diff": 14, "time_diff_s": 0.28, "gps_distance_m": 5.2, "original_speed": "2884", "wheel_diameter_mm": 711.1999999999999, "braking_intensity": 0.0, "is_braking": false}}, {"type": "Feature", "geometry": {"type": "LineString", "coordinates": [[4.8936469, 52.37343], [4.8936961, 52.3734728]]}, "properties": {"Speed": 40, "road_quality": 3, "marker": 7, "trip_id": "NORMA_Trip1", "hrot_diff": 1, "sample_diff": 5, "time_diff_s": 0.1, "gps_distance_m": 5.8, "original_speed": "2830", "wheel_diameter_mm": 711.1999999999999, "braking_intensity": 0.0, "is_braking": false}}, {"type": "Feature", "geometry": {"type": "LineString", "coordinates": [[4.8937401, 52.3735071], [4.8937839, 52.3735451]]}, "properties": {"Speed": 40, "road_quality": 3, "marker": 7, "trip_id": "NORMA_Trip1", "hrot_diff": 1, "sample_diff": 4, "time_diff_s": 0.08, "gps_distance_m": 5.2, "original_speed": "2857", "wheel_diameter_mm": 711.1999999999999, "braking_intensity": 0.0, "is_braking": false}}, {"type": "Feature", "geometry": {"type": "LineString", "coordinates": [[4.8938686, 52.3736275], [4.8939143, 52.3736702]]}, "properties": {"Speed": 14.4, "road_quality": 3, "marker": 6, "trip_id": "NORMA_Trip1", "hrot_diff": 1, "sample_diff": 14, "time_diff_s": 0.28, "gps_distance_m": 5.7, "original_speed": "-1", "wheel_diameter_mm": 711.1999999999999, "braking_intensity": 0.0, "is_braking": false}}, {"type": "Feature", "geometry": {"type": "LineString", "coordinates": [[4.8939143, 52.3736702], [4.8940235, 52.3737669]]}, "properties": {"Speed": 16.8, "road_quality": 3, "marker": 6, "trip_id": "NORMA_Trip1", "hrot_diff": 1, "sample_diff": 12, "time_diff_s": 0.24, "gps_distance_m": 13.1, "original_speed": "-1", "wheel_diameter_mm": 711.1999999999999, "braking_intensity": 0.0, "is_braking": false}}, {"type": "Feature", "geometry": {"type": "LineString", "coordinates": [[4.8940235, 52.3737669], [4.8940854, 52.3738118]]}, "properties": {"Speed": 40, "road_quality": 3, "marker": 6, "trip_id": "NORMA_Trip1", "hrot_diff": 1, "sample_diff": 5, "time_diff_s": 0.1, "gps_distance_m": 6.5, "original_speed": "-1", "wheel_diameter_mm": 711.1999999999999, "braking_intensity": 0.0, "is_braking": false}}, {"type": "Feature", "geometry": {"type": "LineString", "coordinates": [[4.8941842, 52.3738958], [4.8942375, 52.373936]]}, "properties": {"Speed": 7.7, "road_quality": 3, "marker": 7, "trip_id": "NORMA_Trip1", "hrot_diff": 1, "sample_diff": 26, "time_diff_s": 0.52, "gps_distance_m": 5.8, "original_speed": "990", "wheel_diameter_mm": 711.1999999999999, "braking_intensity": 0.0, "is_braking": false}}, {"type": "Feature", "geometry": {"type": "LineString", "coordinates": [[4.8942375, 52.373936], [4.8942913, 52.3739737]]}, "properties": {"Speed": 28.7, "road_quality": 3, "marker": 6, "trip_id": "NORMA_Trip1", "hrot_diff": 1, "sample_diff": 7, "time_diff_s": 0.14, "gps_distance_m": 5.6, "original_speed": "-1", "wheel_diameter_mm": 711.1999999999999, "braking_intensity": 0.0, "is_braking": false}}, {"type": "Feature", "geometry": {"type": "LineString", "coordinates": [[4.8942913, 52.3739737], [4.8943632, 52.3740194]]}, "properties": {"Speed": 20.9, "road_quality": 3, "marker": 6, "trip_id": "NORMA_Trip1", "hrot_diff": 1, "sample_diff": 10, "time_diff_s": 0.192, "gps_distance_m": 7.0, "original_speed": "-1", "wheel_diameter_mm": 711.1999999999999, "braking_intensity": 0.0, "is_braking": false}}, {"type": "Feature", "geometry": {"type": "LineString", "coordinates": [[4.8943632, 52.3740194], [4.8944262, 52.3740574]]}, "properties": {"Speed": 25.1, "road_quality": 3, "marker": 7, "trip_id": "NORMA_Trip1", "hrot_diff": 1, "sample_diff": 8, "time_diff_s": 0.16, "gps_distance_m": 6.0, "original_speed": "2678", "wheel_diameter_mm": 711.1999999999999, "braking_intensity": 0.0, "is_braking": false}}, {"type": "Feature", "geometry": {"type": "LineString", "coordinates": [[4.8944262, 52.3740574], [4.8945179, 52.3741327]]}, "properties": {"Speed": 16.8, "road_quality": 4, "marker": 7, "trip_id": "NORMA_Trip1", "hrot_diff": 1, "sample_diff": 12, "time_diff_s": 0.24, "gps_distance_m": 10.4, "original_speed": "2727", "wheel_diameter_mm": 711.1999999999999, "braking_intensity": 0.0, "is_braking": false}}, {"type": "Feature", "geometry": {"type": "LineString", "coordinates": [[4.8945179, 52.3741327], [4.8945695, 52.3741704]]}, "properties": {"Speed": 33.5, "road_quality": 3, "marker": 6, "trip_id": "NORMA_Trip1", "hrot_diff": 1, "sample_diff": 6, "time_diff_s": 0.12, "gps_distance_m": 5.5, "original_speed": "-1", "wheel_diameter_mm": 711.1999999999999, "braking_intensity": 0.0, "is_braking": false}}, {"type": "Feature", "geometry": {"type": "LineString", "coordinates": [[4.8946236, 52.3742045], [4.8946805, 52.3742494]]}, "properties": {"Speed": 33.5, "road_quality": 3, "marker": 6, "trip_id": "NORMA_Trip1", "hrot_diff": 1, "sample_diff": 6, "time_diff_s": 0.12, "gps_distance_m": 6.3, "original_speed": "-1", "wheel_diameter_mm": 711.1999999999999, "braking_intensity": 0.0, "is_braking": false}}, {"type": "Feature", "geometry": {"type": "LineString", "coordinates": [[4.8946805, 52.3742494], [4.8947345, 52.3742863]]}, "properties": {"Speed": 28.7, "road_quality": 3, "marker": 6, "trip_id": "NORMA_Trip1", "hrot_diff": 1, "sample_diff": 7, "time_diff_s": 0.14, "gps_distance_m": 5.5, "original_speed": "-1", "wheel_diameter_mm": 711.1999999999999, "braking_intensity": 0.0, "is_braking": false}}, {"type": "Feature", "geometry": {"type": "LineString", "coordinates": [[4.8950153, 52.3744817], [4.8950746, 52.3745326]]}, "properties": {"Speed": 33.5, "road_quality": 4, "marker": 6, "trip_id": "NORMA_Trip1", "hrot_diff": 1, "sample_diff": 6, "time_diff_s": 0.12, "gps_distance_m": 6.9, "original_speed": "-1", "wheel_diameter_mm": 711.1999999999999, "braking_intensity": 0.0, "is_braking": false}}, {"type": "Feature", "geometry": {"type": "LineString", "coordinates": [[4.8951452, 52.3745799], [4.8952063, 52.3746174]]}, "properties": {"Speed": 16.8, "road_quality": 3, "marker": 7, "trip_id": "NORMA_Trip1", "hrot_diff": 1, "sample_diff": 12, "time_diff_s": 0.24, "gps_distance_m": 5.9, "original_speed": "2403", "wheel_diameter_mm": 711.1999999999999, "braking_intensity": 0.0, "is_braking": false}}, {"type": "Feature", "geometry": {"type": "LineString", "coordinates": [[4.8952063, 52.3746174], [4.8952629, 52.374659]]}, "properties": {"Speed": 20.1, "road_quality": 3, "marker": 7, "trip_id": "NORMA_Trip1", "hrot_diff": 1, "sample_diff": 10, "time_diff_s": 0.2, "gps_distance_m": 6.0, "original_speed": "3000", "wheel_diameter_mm": 711.1999999999999, "braking_intensity": 0.0, "is_braking": false}}, {"type": "Feature", "geometry": {"type": "LineString", "coordinates": [[4.8952629, 52.374659], [4.8953111, 52.3747087]]}, "properties": {"Speed": 16.8, "road_quality": 3, "marker": 7, "trip_id": "NORMA_Trip1", "hrot_diff": 1, "sample_diff": 12, "time_diff_s": 0.24, "gps_distance_m": 6.4, "original_speed": "3070", "wheel_diameter_mm": 711.1999999999999, "braking_intensity": 0.0, "is_braking": false}}, {"type": "Feature", "geometry": {"type": "LineString", "coordinates": [[4.8953111, 52.3747087], [4.8953551, 52.3747594]]}, "properties": {"Speed": 18.3, "road_quality": 3, "marker": 7, "trip_id": "NORMA_Trip1", "hrot_diff": 1, "sample_diff": 11, "time_diff_s": 0.22, "gps_distance_m": 6.4, "original_speed": "2830", "wheel_diameter_mm": 711.1999999999999, "braking_intensity": 0.0, "is_braking": false}}, {"type": "Feature", "geometry": {"type": "LineString", "coordinates": [[4.8953551, 52.3747594], [4.8954055, 52.3748057]]}, "properties": {"Speed": 22.3, "road_quality": 3, "marker": 7, "trip_id": "NORMA_Trip1", "hrot_diff": 1, "sample_diff": 9, "time_diff_s": 0.18, "gps_distance_m": 6.2, "original_speed": "2941", "wheel_diameter_mm": 711.1999999999999, "braking_intensity": 0.0, "is_braking": false}}, {"type": "Feature", "geometry": {"type": "LineString", "coordinates": [[4.8954055, 52.3748057], [4.8954476, 52.3748502]]}, "properties": {"Speed": 20.1, "road_quality": 3, "marker": 7, "trip_id": "NORMA_Trip1", "hrot_diff": 1, "sample_diff": 10, "time_diff_s": 0.2, "gps_distance_m": 5.7, "original_speed": "2727", "wheel_diameter_mm": 711.1999999999999, "braking_intensity": 0.0, "is_braking": false}}, {"type": "Feature", "geometry": {"type": "LineString", "coordinates": [[4.8954476, 52.3748502], [4.8954847, 52.3749016]]}, "properties": {"Speed": 20.1, "road_quality": 3, "marker": 7, "trip_id": "NORMA_Trip1", "hrot_diff": 1, "sample_diff": 10, "time_diff_s": 0.2, "gps_distance_m": 6.2, "original_speed": "2857", "wheel_diameter_mm": 711.1999999999999, "braking_intensity": 0.0, "is_braking": false}}, {"type": "Feature", "geometry": {"type": "LineString", "coordinates": [[4.8954847, 52.3749016], [4.8955295, 52.3749485]]}, "properties": {"Speed": 33.5, "road_quality": 3, "marker": 7, "trip_id": "NORMA_Trip1", "hrot_diff": 1, "sample_diff": 6, "time_diff_s": 0.12, "gps_distance_m": 6.0, "original_speed": "2941", "wheel_diameter_mm": 711.1999999999999, "braking_intensity": 0.0, "is_braking": false}}, {"type": "Feature", "geometry": {"type": "LineString", "coordinates": [[4.8955295, 52.3749485], [4.8955642, 52.374998]]}, "properties": {"Speed": 20.1, "road_quality": 4, "marker": 7, "trip_id": "NORMA_Trip1", "hrot_diff": 1, "sample_diff": 10, "time_diff_s": 0.2, "gps_distance_m": 6.0, "original_speed": "3738", "wheel_diameter_mm": 711.1999999999999, "braking_intensity": 0.0, "is_braking": false}}, {"type": "Feature", "geometry": {"type": "LineString", "coordinates": [[4.8955642, 52.374998], [4.8956141, 52.3750452]]}, "properties": {"Speed": 18.3, "road_quality": 4, "marker": 7, "trip_id": "NORMA_Trip1", "hrot_diff": 1, "sample_diff": 11, "time_diff_s": 0.22, "gps_distance_m": 6.2, "original_speed": "2884", "wheel_diameter_mm": 711.1999999999999, "braking_intensity": 0.0, "is_braking": false}}, {"type": "Feature", "geometry": {"type": "LineString", "coordinates": [[4.8956141, 52.3750452], [4.8956641, 52.3750891]]}, "properties": {"Speed": 20.1, "road_quality": 3, "marker": 6, "trip_id": "NORMA_Trip1", "hrot_diff": 1, "sample_diff": 10, "time_diff_s": 0.2, "gps_distance_m": 5.9, "original_speed": "-1", "wheel_diameter_mm": 711.1999999999999, "braking_intensity": 0.0, "is_braking": false}}, {"type": "Feature", "geometry": {"type": "LineString", "coordinates": [[4.8957078, 52.3751242], [4.8957573, 52.3751633]]}, "properties": {"Speed": 10.6, "road_quality": 3, "marker": 7, "trip_id": "NORMA_Trip1", "hrot_diff": 1, "sample_diff": 19, "time_diff_s": 0.38, "gps_distance_m": 5.5, "original_speed": "1904", "wheel_diameter_mm": 711.1999999999999, "braking_intensity": 0.0, "is_braking": false}}, {"type": "Feature", "geometry": {"type": "LineString", "coordinates": [[4.8957573, 52.3751633], [4.895811, 52.3752004]]}, "properties": {"Speed": 25.1, "road_quality": 3, "marker": 6, "trip_id": "NORMA_Trip1", "hrot_diff": 1, "sample_diff": 8, "time_diff_s": 0.16, "gps_distance_m": 5.5, "original_speed": "-1", "wheel_diameter_mm": 711.1999999999999, "braking_intensity": 0.0, "is_braking": false}}, {"type": "Feature", "geometry": {"type": "LineString", "coordinates": [[4.895811, 52.3752004], [4.895865, 52.375244]]}, "properties": {"Speed": 18.3, "road_quality": 3, "marker": 6, "trip_id": "NORMA_Trip1", "hrot_diff": 1, "sample_diff": 11, "time_diff_s": 0.22, "gps_distance_m": 6.1, "original_speed": "-1", "wheel_diameter_mm": 711.1999999999999, "braking_intensity": 0.0, "is_braking": false}}, {"type": "Feature", "geometry": {"type": "LineString", "coordinates": [[4.895865, 52.375244], [4.8959233, 52.3752866]]}, "properties": {"Speed": 20.1, "road_quality": 4, "marker": 7, "trip_id": "NORMA_Trip1", "hrot_diff": 1, "sample_diff": 10, "time_diff_s": 0.2, "gps_distance_m": 6.2, "original_speed": "3571", "wheel_diameter_mm": 711.1999999999999, "braking_intensity": 0.0, "is_braking": false}}, {"type": "Feature", "geometry": {"type": "LineString", "coordinates": [[4.8959233, 52.3752866], [4.8959719, 52.3753211]]}, "properties": {"Speed": 8.4, "road_quality": 3, "marker": 7, "trip_id": "NORMA_Trip1", "hrot_diff": 1, "sample_diff": 24, "time_diff_s": 0.48, "gps_distance_m": 5.1, "original_speed": "3603", "wheel_diameter_mm": 711.1999999999999, "braking_intensity": 0.0, "is_braking": false}}, {"type": "Feature", "geometry": {"type": "LineString", "coordinates": [[4.8959719, 52.3753211], [4.8960314, 52.3753722]]}, "properties": {"Speed": 16.8, "road_quality": 4, "marker": 6, "trip_id": "NORMA_Trip1", "hrot_diff": 1, "sample_diff": 12, "time_diff_s": 0.24, "gps_distance_m": 7.0, "original_speed": "-1", "wheel_diameter_mm": 711.1999999999999, "braking_intensity": 0.0, "is_braking": false}}, {"type": "Feature", "geometry": {"type": "LineString", "coordinates": [[4.8961409, 52.3754746], [4.8961946, 52.3755196]]}, "properties": {"Speed": 22.3, "road_quality": 4, "marker": 6, "trip_id": "NORMA_Trip1", "hrot_diff": 1, "sample_diff": 9, "time_diff_s": 0.18, "gps_distance_m": 6.2, "original_speed": "-1", "wheel_diameter_mm": 711.1999999999999, "braking_intensity": 0.0, "is_braking": false}}, {"type": "Feature", "geometry": {"type": "LineString", "coordinates": [[4.8961946, 52.3755196], [4.8962386, 52.3755625]]}, "properties": {"Speed": 33.5, "road_quality": 4, "marker": 7, "trip_id": "NORMA_Trip1", "hrot_diff": 1, "sample_diff": 6, "time_diff_s": 0.12, "gps_distance_m": 5.6, "original_speed": "3211", "wheel_diameter_mm": 711.1999999999999, "braking_intensity": 0.0, "is_braking": false}}, {"type": "Feature", "geometry": {"type": "LineString", "coordinates": [[4.8962964, 52.3756067], [4.8963615, 52.3756527]]}, "properties": {"Speed": 28.7, "road_quality": 3, "marker": 7, "trip_id": "NORMA_Trip1", "hrot_diff": 1, "sample_diff": 7, "time_diff_s": 0.14, "gps_distance_m": 6.8, "original_speed": "2083", "wheel_diameter_mm": 711.1999999999999, "braking_intensity": 0.0, "is_braking": false}}, {"type": "Feature", "geometry": {"type": "LineString", "coordinates": [[4.8963615, 52.3756527], [4.8964227, 52.3756979]]}, "properties": {"Speed": 20.5, "road_quality": 3, "marker": 7, "trip_id": "NORMA_Trip1", "hrot_diff": 1, "sample_diff": 10, "time_diff_s": 0.196, "gps_distance_m": 6.5, "original_speed": "4545", "wheel_diameter_mm": 711.1999999999999, "braking_intensity": 0.0, "is_braking": false}}, {"type": "Feature", "geometry": {"type": "LineString", "coordinates": [[4.8964829, 52.375737], [4.8965443, 52.375762]]}, "properties": {"Speed": 14.4, "road_quality": 3, "marker": 6, "trip_id": "NORMA_Trip1", "hrot_diff": 1, "sample_diff": 14, "time_diff_s": 0.28, "gps_distance_m": 5.0, "original_speed": "-1", "wheel_diameter_mm": 711.1999999999999, "braking_intensity": 0.0, "is_braking": false}}, {"type": "Feature", "geometry": {"type": "LineString", "coordinates": [[4.8966605, 52.3758327], [4.8967227, 52.3758745]]}, "properties": {"Speed": 13.4, "road_quality": 3, "marker": 6, "trip_id": "NORMA_Trip1", "hrot_diff": 1, "sample_diff": 15, "time_diff_s": 0.3, "gps_distance_m": 6.3, "original_speed": "-1", "wheel_diameter_mm": 711.1999999999999, "braking_intensity": 0.0, "is_braking": false}}, {"type": "Feature", "geometry": {"type": "LineString", "coordinates": [[4.8967227, 52.3758745], [4.8967787, 52.3759161]]}, "properties": {"Speed": 18.3, "road_quality": 3, "marker": 6, "trip_id": "NORMA_Trip1", "hrot_diff": 1, "sample_diff": 11, "time_diff_s": 0.22, "gps_distance_m": 6.0, "original_speed": "-1", "wheel_diameter_mm": 711.1999999999999, "braking_intensity": 0.0, "is_braking": false}}, {"type": "Feature", "geometry": {"type": "LineString", "coordinates": [[4.8968863, 52.3759961], [4.8969566, 52.3760428]]}, "properties": {"Speed": 28.7, "road_quality": 3, "marker": 6, "trip_id": "NORMA_Trip1", "hrot_diff": 1, "sample_diff": 7, "time_diff_s": 0.14, "gps_distance_m": 7.1, "original_speed": "-1", "wheel_diameter_mm": 711.1999999999999, "braking_intensity": 0.0, "is_braking": false}}, {"type": "Feature", "geometry": {"type": "LineString", "coordinates": [[4.8969566, 52.3760428], [4.8970179, 52.3760829]]}, "properties": {"Speed": 25.1, "road_quality": 3, "marker": 7, "trip_id": "NORMA_Trip1", "hrot_diff": 1, "sample_diff": 8, "time_diff_s": 0.16, "gps_distance_m": 6.1, "original_speed": "3043", "wheel_diameter_mm": 711.1999999999999, "braking_intensity": 0.0, "is_braking": false}}, {"type": "Feature", "geometry": {"type": "LineString", "coordinates": [[4.8970179, 52.3760829], [4.8971369, 52.376157]]}, "properties": {"Speed": 28.7, "road_quality": 3, "marker": 7, "trip_id": "NORMA_Trip1", "hrot_diff": 1, "sample_diff": 7, "time_diff_s": 0.14, "gps_distance_m": 11.5, "original_speed": "4385", "wheel_diameter_mm": 711.1999999999999, "braking_intensity": 0.0, "is_braking": false}}, {"type": "Feature", "geometry": {"type": "LineString", "coordinates": [[4.8971369, 52.376157], [4.8971853, 52.3761915]]}, "properties": {"Speed": 18.3, "road_quality": 3, "marker": 7, "trip_id": "NORMA_Trip1", "hrot_diff": 1, "sample_diff": 11, "time_diff_s": 0.22, "gps_distance_m": 5.1, "original_speed": "5339", "wheel_diameter_mm": 711.1999999999999, "braking_intensity": 0.0, "is_braking": false}}, {"type": "Feature", "geometry": {"type": "LineString", "coordinates": [[4.8973126, 52.3762761], [4.8973718, 52.3763242]]}, "properties": {"Speed": 22.3, "road_quality": 3, "marker": 6, "trip_id": "NORMA_Trip1", "hrot_diff": 1, "sample_diff": 9, "time_diff_s": 0.18, "gps_distance_m": 6.7, "original_speed": "-1", "wheel_diameter_mm": 711.1999999999999, "braking_intensity": 0.0, "is_braking": false}}, {"type": "Feature", "geometry": {"type": "LineString", "coordinates": [[4.8974773, 52.3764092], [4.8975387, 52.3764489]]}, "properties": {"Speed": 18.3, "road_quality": 3, "marker": 7, "trip_id": "NORMA_Trip1", "hrot_diff": 1, "sample_diff": 11, "time_diff_s": 0.22, "gps_distance_m": 6.1, "original_speed": "3153", "wheel_diameter_mm": 711.1999999999999, "braking_intensity": 0.0, "is_braking": false}}, {"type": "Feature", "geometry": {"type": "LineString", "coordinates": [[4.8975387, 52.3764489], [4.8975985, 52.3764903]]}, "properties": {"Speed": 33.5, "road_quality": 4, "marker": 6, "trip_id": "NORMA_Trip1", "hrot_diff": 1, "sample_diff": 6, "time_diff_s": 0.12, "gps_distance_m": 6.1, "original_speed": "-1", "wheel_diameter_mm": 711.1999999999999, "braking_intensity": 0.0, "is_braking": false}}, {"type": "Feature", "geometry": {"type": "LineString", "coordinates": [[4.8975985, 52.3764903], [4.8976571, 52.376533]]}, "properties": {"Speed": 40, "road_quality": 4, "marker": 6, "trip_id": "NORMA_Trip1", "hrot_diff": 1, "sample_diff": 3, "time_diff_s": 0.06, "gps_distance_m": 6.2, "original_speed": "-1", "wheel_diameter_mm": 711.1999999999999, "braking_intensity": 0.0, "is_braking": false}}, {"type": "Feature", "geometry": {"type": "LineString", "coordinates": [[4.8976571, 52.376533], [4.8977203, 52.3765823]]}, "properties": {"Speed": 8.4, "road_quality": 4, "marker": 7, "trip_id": "NORMA_Trip1", "hrot_diff": 1, "sample_diff": 24, "time_diff_s": 0.48, "gps_distance_m": 7.0, "original_speed": "3539", "wheel_diameter_mm": 711.1999999999999, "braking_intensity": 0.0, "is_braking": false}}, {"type": "Feature", "geometry": {"type": "LineString", "coordinates": [[4.8977203, 52.3765823], [4.8977793, 52.3766279]]}, "properties": {"Speed": 25.1, "road_quality": 3, "marker": 6, "trip_id": "NORMA_Trip1", "hrot_diff": 1, "sample_diff": 8, "time_diff_s": 0.16, "gps_distance_m": 6.5, "original_speed": "-1", "wheel_diameter_mm": 711.1999999999999, "braking_intensity": 0.0, "is_braking": false}}, {"type": "Feature", "geometry": {"type": "LineString", "coordinates": [[4.8977793, 52.3766279], [4.8978322, 52.3766736]]}, "properties": {"Speed": 22.3, "road_quality": 3, "marker": 6, "trip_id": "NORMA_Trip1", "hrot_diff": 1, "sample_diff": 9, "time_diff_s": 0.18, "gps_distance_m": 6.2, "original_speed": "-1", "wheel_diameter_mm": 711.1999999999999, "braking_intensity": 0.0, "is_braking": false}}, {"type": "Feature", "geometry": {"type": "LineString", "coordinates": [[4.8978322, 52.3766736], [4.8978821, 52.3767126]]}, "properties": {"Speed": 18.3, "road_quality": 3, "marker": 7, "trip_id": "NORMA_Trip1", "hrot_diff": 1, "sample_diff": 11, "time_diff_s": 0.22, "gps_distance_m": 5.5, "original_speed": "3846", "wheel_diameter_mm": 711.1999999999999, "braking_intensity": 0.0, "is_braking": false}}, {"type": "Feature", "geometry": {"type": "LineString", "coordinates": [[4.8978821, 52.3767126], [4.8979333, 52.3767581]]}, "properties": {"Speed": 22.3, "road_quality": 3, "marker": 7, "trip_id": "NORMA_Trip1", "hrot_diff": 1, "sample_diff": 9, "time_diff_s": 0.18, "gps_distance_m": 6.1, "original_speed": "2752", "wheel_diameter_mm": 711.1999999999999, "braking_intensity": 0.0, "is_braking": false}}, {"type": "Feature", "geometry": {"type": "LineString", "coordinates": [[4.8979333, 52.3767581], [4.897987, 52.3768005]]}, "properties": {"Speed": 28.7, "road_quality": 4, "marker": 7, "trip_id": "NORMA_Trip1", "hrot_diff": 1, "sample_diff": 7, "time_diff_s": 0.14, "gps_distance_m": 6.0, "original_speed": "2564", "wheel_diameter_mm": 711.1999999999999, "braking_intensity": 0.0, "is_braking": false}}, {"type": "Feature", "geometry": {"type": "LineString", "coordinates": [[4.897987, 52.3768005], [4.8980376, 52.3768414]]}, "properties": {"Speed": 18.3, "road_quality": 3, "marker": 7, "trip_id": "NORMA_Trip1", "hrot_diff": 1, "sample_diff": 11, "time_diff_s": 0.22, "gps_distance_m": 5.7, "original_speed": "3398", "wheel_diameter_mm": 711.1999999999999, "braking_intensity": 0.0, "is_braking": false}}, {"type": "Feature", "geometry": {"type": "LineString", "coordinates": [[4.8980376, 52.3768414], [4.8980842, 52.3768832]]}, "properties": {"Speed": 15.5, "road_quality": 3, "marker": 7, "trip_id": "NORMA_Trip1", "hrot_diff": 1, "sample_diff": 13, "time_diff_s": 0.26, "gps_distance_m": 5.6, "original_speed": "3448", "wheel_diameter_mm": 711.1999999999999, "braking_intensity": 0.0, "is_braking": false}}, {"type": "Feature", "geometry": {"type": "LineString", "coordinates": [[4.8980842, 52.3768832], [4.8981465, 52.3769168]]}, "properties": {"Speed": 25.1, "road_quality": 3, "marker": 7, "trip_id": "NORMA_Trip1", "hrot_diff": 1, "sample_diff": 8, "time_diff_s": 0.16, "gps_distance_m": 5.6, "original_speed": "2083", "wheel_diameter_mm": 711.1999999999999, "braking_intensity": 0.0, "is_braking": false}}, {"type": "Feature", "geometry": {"type": "LineString", "coordinates": [[4.8981465, 52.3769168], [4.8981963, 52.3769391]]}, "properties": {"Speed": 10.6, "road_quality": 3, "marker": 7, "trip_id": "NORMA_Trip1", "hrot_diff": 1, "sample_diff": 19, "time_diff_s": 0.38, "gps_distance_m": 4.2, "original_speed": "2100", "wheel_diameter_mm": 711.1999999999999, "braking_intensity": 0.0, "is_braking": false}}, {"type": "Feature", "geometry": {"type": "LineString", "coordinates": [[4.8981963, 52.3769391], [4.898252, 52.3769579]]}, "properties": {"Speed": 16.8, "road_quality": 3, "marker": 6, "trip_id": "NORMA_Trip1", "hrot_diff": 1, "sample_diff": 12, "time_diff_s": 0.24, "gps_distance_m": 4.3, "original_speed": "-1", "wheel_diameter_mm": 711.1999999999999, "braking_intensity": 0.0, "is_braking": false}}, {"type": "Feature", "geometry": {"type": "LineString", "coordinates": [[4.898252, 52.3769579], [4.8983008, 52.376965]]}, "properties": {"Speed": 20.1, "road_quality": 3, "marker": 6, "trip_id": "NORMA_Trip1", "hrot_diff": 1, "sample_diff": 10, "time_diff_s": 0.2, "gps_distance_m": 3.4, "original_speed": "-1", "wheel_diameter_mm": 711.1999999999999, "braking_intensity": 0.0, "is_braking": false}}, {"type": "Feature", "geometry": {"type": "LineString", "coordinates": [[4.8983008, 52.376965], [4.8983684, 52.3769769]]}, "properties": {"Speed": 14.4, "road_quality": 3, "marker": 7, "trip_id": "NORMA_Trip1", "hrot_diff": 1, "sample_diff": 14, "time_diff_s": 0.28, "gps_distance_m": 4.8, "original_speed": "2049", "wheel_diameter_mm": 711.1999999999999, "braking_intensity": 0.0, "is_braking": false}}, {"type": "Feature", "geometry": {"type": "LineString", "coordinates": [[4.8983684, 52.3769769], [4.8984205, 52.3769784]]}, "properties": {"Speed": 8.4, "road_quality": 3, "marker": 7, "trip_id": "NORMA_Trip1", "hrot_diff": 1, "sample_diff": 24, "time_diff_s": 0.48, "gps_distance_m": 3.5, "original_speed": "2192", "wheel_diameter_mm": 711.1999999999999, "braking_intensity": 0.0, "is_braking": false}}, {"type": "Feature", "geometry": {"type": "LineString", "coordinates": [[4.8985323, 52.3769553], [4.8985882, 52.3769359]]}, "properties": {"Speed": 14.4, "road_quality": 3, "marker": 7, "trip_id": "NORMA_Trip1", "hrot_diff": 1, "sample_diff": 14, "time_diff_s": 0.28, "gps_distance_m": 4.4, "original_speed": "2727", "wheel_diameter_mm": 711.1999999999999, "braking_intensity": 0.0, "is_braking": false}}, {"type": "Feature", "geometry": {"type": "LineString", "coordinates": [[4.8985882, 52.3769359], [4.8987076, 52.376888]]}, "properties": {"Speed": 18.3, "road_quality": 3, "marker": 7, "trip_id": "NORMA_Trip1", "hrot_diff": 1, "sample_diff": 11, "time_diff_s": 0.22, "gps_distance_m": 9.7, "original_speed": "2066", "wheel_diameter_mm": 711.1999999999999, "braking_intensity": 0.0, "is_braking": false}}, {"type": "Feature", "geometry": {"type": "LineString", "coordinates": [[4.8987076, 52.376888], [4.8987727, 52.3768574]]}, "properties": {"Speed": 22.3, "road_quality": 3, "marker": 7, "trip_id": "NORMA_Trip1", "hrot_diff": 1, "sample_diff": 9, "time_diff_s": 0.18, "gps_distance_m": 5.6, "original_speed": "2293", "wheel_diameter_mm": 711.1999999999999, "braking_intensity": 0.0, "is_braking": false}}, {"type": "Feature", "geometry": {"type": "LineString", "coordinates": [[4.8987727, 52.3768574], [4.8988378, 52.3768163]]}, "properties": {"Speed": 15.5, "road_quality": 3, "marker": 7, "trip_id": "NORMA_Trip1", "hrot_diff": 1, "sample_diff": 13, "time_diff_s": 0.26, "gps_distance_m": 6.4, "original_speed": "1941", "wheel_diameter_mm": 711.1999999999999, "braking_intensity": 0.0, "is_braking": false}}, {"type": "Feature", "geometry": {"type": "LineString", "coordinates": [[4.8988378, 52.3768163], [4.8989055, 52.3767601]]}, "properties": {"Speed": 25.1, "road_quality": 2, "marker": 6, "trip_id": "NORMA_Trip1", "hrot_diff": 1, "sample_diff": 8, "time_diff_s": 0.16, "gps_distance_m": 7.8, "original_speed": "-1", "wheel_diameter_mm": 711.1999999999999, "braking_intensity": 0.0, "is_braking": false}}, {"type": "Feature", "geometry": {"type": "LineString", "coordinates": [[4.8989055, 52.3767601], [4.8989856, 52.3767186]]}, "properties": {"Speed": 15.5, "road_quality": 2, "marker": 6, "trip_id": "NORMA_Trip1", "hrot_diff": 1, "sample_diff": 13, "time_diff_s": 0.26, "gps_distance_m": 7.1, "original_speed": "-1", "wheel_diameter_mm": 711.1999999999999, "braking_intensity": 0.0, "is_braking": false}}, {"type": "Feature", "geometry": {"type": "LineString", "coordinates": [[4.8989856, 52.3767186], [4.8990673, 52.3766863]]}, "properties": {"Speed": 33.5, "road_quality": 2, "marker": 7, "trip_id": "NORMA_Trip1", "hrot_diff": 1, "sample_diff": 6, "time_diff_s": 0.12, "gps_distance_m": 6.6, "original_speed": "2702", "wheel_diameter_mm": 711.1999999999999, "braking_intensity": 0.0, "is_braking": false}}, {"type": "Feature", "geometry": {"type": "LineString", "coordinates": [[4.8990673, 52.3766863], [4.8991508, 52.3766713]]}, "properties": {"Speed": 25.1, "road_quality": 2, "marker": 7, "trip_id": "NORMA_Trip1", "hrot_diff": 1, "sample_diff": 8, "time_diff_s": 0.16, "gps_distance_m": 5.9, "original_speed": "2912", "wheel_diameter_mm": 711.1999999999999, "braking_intensity": 0.0, "is_braking": false}}, {"type": "Feature", "geometry": {"type": "LineString", "coordinates": [[4.8991508, 52.3766713], [4.8992455, 52.3766561]]}, "properties": {"Speed": 8.7, "road_quality": 2, "marker": 7, "trip_id": "NORMA_Trip1", "hrot_diff": 1, "sample_diff": 23, "time_diff_s": 0.46, "gps_distance_m": 6.6, "original_speed": "2000", "wheel_diameter_mm": 711.1999999999999, "braking_intensity": 0.0, "is_braking": false}}, {"type": "Feature", "geometry": {"type": "LineString", "coordinates": [[4.8992455, 52.3766561], [4.8993283, 52.3766565]]}, "properties": {"Speed": 28.7, "road_quality": 2, "marker": 6, "trip_id": "NORMA_Trip1", "hrot_diff": 1, "sample_diff": 7, "time_diff_s": 0.14, "gps_distance_m": 5.6, "original_speed": "-1", "wheel_diameter_mm": 711.1999999999999, "braking_intensity": 0.0, "is_braking": false}}, {"type": "Feature", "geometry": {"type": "LineString", "coordinates": [[4.8993283, 52.3766565], [4.8994062, 52.376674]]}, "properties": {"Speed": 20.1, "road_quality": 2, "marker": 6, "trip_id": "NORMA_Trip1", "hrot_diff": 1, "sample_diff": 10, "time_diff_s": 0.2, "gps_distance_m": 5.6, "original_speed": "-1", "wheel_diameter_mm": 711.1999999999999, "braking_intensity": 0.0, "is_braking": false}}, {"type": "Feature", "geometry": {"type": "LineString", "coordinates": [[4.8994062, 52.376674], [4.8994954, 52.3766879]]}, "properties": {"Speed": 22.3, "road_quality": 2, "marker": 7, "trip_id": "NORMA_Trip1", "hrot_diff": 1, "sample_diff": 9, "time_diff_s": 0.18, "gps_distance_m": 6.2, "original_speed": "3097", "wheel_diameter_mm": 711.1999999999999, "braking_intensity": 0.0, "is_braking": false}}, {"type": "Feature", "geometry": {"type": "LineString", "coordinates": [[4.8994954, 52.3766879], [4.899587, 52.3766927]]}, "properties": {"Speed": 18.3, "road_quality": 3, "marker": 7, "trip_id": "NORMA_Trip1", "hrot_diff": 1, "sample_diff": 11, "time_diff_s": 0.22, "gps_distance_m": 6.2, "original_speed": "2970", "wheel_diameter_mm": 711.1999999999999, "braking_intensity": 0.0, "is_braking": false}}, {"type": "Feature", "geometry": {"type": "LineString", "coordinates": [[4.899587, 52.3766927], [4.899662, 52.3766923]]}, "properties": {"Speed": 20.1, "road_quality": 3, "marker": 7, "trip_id": "NORMA_Trip1", "hrot_diff": 1, "sample_diff": 10, "time_diff_s": 0.2, "gps_distance_m": 5.1, "original_speed": "2966", "wheel_diameter_mm": 711.1999999999999, "braking_intensity": 0.0, "is_braking": false}}, {"type": "Feature", "geometry": {"type": "LineString", "coordinates": [[4.899662, 52.3766923], [4.8997342, 52.3766817]]}, "properties": {"Speed": 9.1, "road_quality": 2, "marker": 7, "trip_id": "NORMA_Trip1", "hrot_diff": 1, "sample_diff": 22, "time_diff_s": 0.44, "gps_distance_m": 5.0, "original_speed": "1960", "wheel_diameter_mm": 711.1999999999999, "braking_intensity": 0.0, "is_braking": false}}, {"type": "Feature", "geometry": {"type": "LineString", "coordinates": [[4.8997342, 52.3766817], [4.8998116, 52.3766657]]}, "properties": {"Speed": 22.3, "road_quality": 3, "marker": 6, "trip_id": "NORMA_Trip1", "hrot_diff": 1, "sample_diff": 9, "time_diff_s": 0.18, "gps_distance_m": 5.5, "original_speed": "-1", "wheel_diameter_mm": 711.1999999999999, "braking_intensity": 0.0, "is_braking": false}}, {"type": "Feature", "geometry": {"type": "LineString", "coordinates": [[4.8998116, 52.3766657], [4.8998934, 52.3766543]]}, "properties": {"Speed": 18.3, "road_quality": 3, "marker": 6, "trip_id": "NORMA_Trip1", "hrot_diff": 1, "sample_diff": 11, "time_diff_s": 0.22, "gps_distance_m": 5.7, "original_speed": "-1", "wheel_diameter_mm": 711.1999999999999, "braking_intensity": 0.0, "is_braking": false}}, {"type": "Feature", "geometry": {"type": "LineString", "coordinates": [[4.8998934, 52.3766543], [4.8999577, 52.3766377]]}, "properties": {"Speed": 20.1, "road_quality": 2, "marker": 7, "trip_id": "NORMA_Trip1", "hrot_diff": 1, "sample_diff": 10, "time_diff_s": 0.2, "gps_distance_m": 4.7, "original_speed": "2884", "wheel_diameter_mm": 711.1999999999999, "braking_intensity": 0.0, "is_braking": false}}, {"type": "Feature", "geometry": {"type": "LineString", "coordinates": [[4.9000082, 52.3766296], [4.900081, 52.3766217]]}, "properties": {"Speed": 28.7, "road_quality": 3, "marker": 7, "trip_id": "NORMA_Trip1", "hrot_diff": 1, "sample_diff": 7, "time_diff_s": 0.14, "gps_distance_m": 5.0, "original_speed": "2970", "wheel_diameter_mm": 711.1999999999999, "braking_intensity": 0.0, "is_braking": false}}, {"type": "Feature", "geometry": {"type": "LineString", "coordinates": [[4.900081, 52.3766217], [4.9001829, 52.3766155]]}, "properties": {"Speed": 28.7, "road_quality": 3, "marker": 7, "trip_id": "NORMA_Trip1", "hrot_diff": 1, "sample_diff": 7, "time_diff_s": 0.14, "gps_distance_m": 7.0, "original_speed": "2884", "wheel_diameter_mm": 711.1999999999999, "braking_intensity": 0.0, "is_braking": false}}, {"type": "Feature", "geometry": {"type": "LineString", "coordinates": [[4.9001829, 52.3766155], [4.9002697, 52.3766133]]}, "properties": {"Speed": 22.3, "road_quality": 3, "marker": 7, "trip_id": "NORMA_Trip1", "hrot_diff": 1, "sample_diff": 9, "time_diff_s": 0.18, "gps_distance_m": 5.9, "original_speed": "2803", "wheel_diameter_mm": 711.1999999999999, "braking_intensity": 0.0, "is_braking": false}}, {"type": "Feature", "geometry": {"type": "LineString", "coordinates": [[4.9002697, 52.3766133], [4.9003587, 52.3766199]]}, "properties": {"Speed": 22.3, "road_quality": 3, "marker": 7, "trip_id": "NORMA_Trip1", "hrot_diff": 1, "sample_diff": 9, "time_diff_s": 0.18, "gps_distance_m": 6.1, "original_speed": "2678", "wheel_diameter_mm": 711.1999999999999, "braking_intensity": 0.0, "is_braking": false}}, {"type": "Feature", "geometry": {"type": "LineString", "coordinates": [[4.9003587, 52.3766199], [4.9004374, 52.3766288]]}, "properties": {"Speed": 18.3, "road_quality": 3, "marker": 7, "trip_id": "NORMA_Trip1", "hrot_diff": 1, "sample_diff": 11, "time_diff_s": 0.22, "gps_distance_m": 5.4, "original_speed": "2752", "wheel_diameter_mm": 711.1999999999999, "braking_intensity": 0.0, "is_braking": false}}, {"type": "Feature", "geometry": {"type": "LineString", "coordinates": [[4.9005156, 52.3766387], [4.9005971, 52.376651]]}, "properties": {"Speed": 25.1, "road_quality": 2, "marker": 6, "trip_id": "NORMA_Trip1", "hrot_diff": 1, "sample_diff": 8, "time_diff_s": 0.16, "gps_distance_m": 5.7, "original_speed": "-1", "wheel_diameter_mm": 711.1999999999999, "braking_intensity": 0.0, "is_braking": false}}, {"type": "Feature", "geometry": {"type": "LineString", "coordinates": [[4.9005971, 52.376651], [4.9007087, 52.3766603]]}, "properties": {"Speed": 28.7, "road_quality": 2, "marker": 6, "trip_id": "NORMA_Trip1", "hrot_diff": 1, "sample_diff": 7, "time_diff_s": 0.14, "gps_distance_m": 7.6, "original_speed": "-1", "wheel_diameter_mm": 711.1999999999999, "braking_intensity": 0.0, "is_braking": false}}, {"type": "Feature", "geometry": {"type": "LineString", "coordinates": [[4.9007087, 52.3766603], [4.9008164, 52.3766737]]}, "properties": {"Speed": 22.3, "road_quality": 2, "marker": 7, "trip_id": "NORMA_Trip1", "hrot_diff": 1, "sample_diff": 9, "time_diff_s": 0.18, "gps_distance_m": 7.5, "original_speed": "2830", "wheel_diameter_mm": 711.1999999999999, "braking_intensity": 0.0, "is_braking": false}}, {"type": "Feature", "geometry": {"type": "LineString", "coordinates": [[4.9008164, 52.3766737], [4.9009095, 52.3766862]]}, "properties": {"Speed": 22.3, "road_quality": 3, "marker": 7, "trip_id": "NORMA_Trip1", "hrot_diff": 1, "sample_diff": 9, "time_diff_s": 0.18, "gps_distance_m": 6.5, "original_speed": "2830", "wheel_diameter_mm": 711.1999999999999, "braking_intensity": 0.0, "is_braking": false}}, {"type": "Feature", "geometry": {"type": "LineString", "coordinates": [[4.9009095, 52.3766862], [4.9009832, 52.3766971]]}, "properties": {"Speed": 7.7, "road_quality": 2, "marker": 7, "trip_id": "NORMA_Trip1", "hrot_diff": 1, "sample_diff": 26, "time_diff_s": 0.52, "gps_distance_m": 5.1, "original_speed": "1923", "wheel_diameter_mm": 711.1999999999999, "braking_intensity": 0.0, "is_braking": false}}, {"type": "Feature", "geometry": {"type": "LineString", "coordinates": [[4.9009832, 52.3766971], [4.9010633, 52.3767095]]}, "properties": {"Speed": 25.1, "road_quality": 3, "marker": 6, "trip_id": "NORMA_Trip1", "hrot_diff": 1, "sample_diff": 8, "time_diff_s": 0.16, "gps_distance_m": 5.6, "original_speed": "-1", "wheel_diameter_mm": 711.1999999999999, "braking_intensity": 0.0, "is_braking": false}}, {"type": "Feature", "geometry": {"type": "LineString", "coordinates": [[4.9011435, 52.3767218], [4.9012391, 52.376733]]}, "properties": {"Speed": 28.7, "road_quality": 2, "marker": 6, "trip_id": "NORMA_Trip1", "hrot_diff": 1, "sample_diff": 7, "time_diff_s": 0.14, "gps_distance_m": 6.6, "original_speed": "-1", "wheel_diameter_mm": 711.1999999999999, "braking_intensity": 0.0, "is_braking": false}}, {"type": "Feature", "geometry": {"type": "LineString", "coordinates": [[4.9012391, 52.376733], [4.901331, 52.3767415]]}, "properties": {"Speed": 28.7, "road_quality": 3, "marker": 6, "trip_id": "NORMA_Trip1", "hrot_diff": 1, "sample_diff": 7, "time_diff_s": 0.14, "gps_distance_m": 6.3, "original_speed": "-1", "wheel_diameter_mm": 711.1999999999999, "braking_intensity": 0.0, "is_braking": false}}, {"type": "Feature", "geometry": {"type": "LineString", "coordinates": [[4.901331, 52.3767415], [4.9014228, 52.376747]]}, "properties": {"Speed": 19.0, "road_quality": 3, "marker": 7, "trip_id": "NORMA_Trip1", "hrot_diff": 1, "sample_diff": 10, "time_diff_s": 0.212, "gps_distance_m": 6.3, "original_speed": "2884", "wheel_diameter_mm": 711.1999999999999, "braking_intensity": 0.0, "is_braking": false}}, {"type": "Feature", "geometry": {"type": "LineString", "coordinates": [[4.9014228, 52.376747], [4.90151, 52.3767514]]}, "properties": {"Speed": 20.1, "road_quality": 2, "marker": 7, "trip_id": "NORMA_Trip1", "hrot_diff": 1, "sample_diff": 10, "time_diff_s": 0.2, "gps_distance_m": 5.9, "original_speed": "2884", "wheel_diameter_mm": 711.1999999999999, "braking_intensity": 0.0, "is_braking": false}}, {"type": "Feature", "geometry": {"type": "LineString", "coordinates": [[4.90151, 52.3767514], [4.9015942, 52.3767526]]}, "properties": {"Speed": 20.1, "road_quality": 2, "marker": 7, "trip_id": "NORMA_Trip1", "hrot_diff": 1, "sample_diff": 10, "time_diff_s": 0.2, "gps_distance_m": 5.7, "original_speed": "2752", "wheel_diameter_mm": 711.1999999999999, "braking_intensity": 0.0, "is_braking": false}}, {"type": "Feature", "geometry": {"type": "LineString", "coordinates": [[4.9015942, 52.3767526], [4.9016882, 52.3767636]]}, "properties": {"Speed": 22.3, "road_quality": 2, "marker": 7, "trip_id": "NORMA_Trip1", "hrot_diff": 1, "sample_diff": 9, "time_diff_s": 0.18, "gps_distance_m": 6.5, "original_speed": "2678", "wheel_diameter_mm": 711.1999999999999, "braking_intensity": 0.0, "is_braking": false}}, {"type": "Feature", "geometry": {"type": "LineString", "coordinates": [[4.9016882, 52.3767636], [4.9017667, 52.3767705]]}, "properties": {"Speed": 22.3, "road_quality": 2, "marker": 7, "trip_id": "NORMA_Trip1", "hrot_diff": 1, "sample_diff": 9, "time_diff_s": 0.18, "gps_distance_m": 5.4, "original_speed": "2857", "wheel_diameter_mm": 711.1999999999999, "braking_intensity": 0.0, "is_braking": false}}, {"type": "Feature", "geometry": {"type": "LineString", "coordinates": [[4.9017667, 52.3767705], [4.9018573, 52.3767814]]}, "properties": {"Speed": 25.1, "road_quality": 2, "marker": 7, "trip_id": "NORMA_Trip1", "hrot_diff": 1, "sample_diff": 8, "time_diff_s": 0.16, "gps_distance_m": 6.3, "original_speed": "2803", "wheel_diameter_mm": 711.1999999999999, "braking_intensity": 0.0, "is_braking": false}}, {"type": "Feature", "geometry": {"type": "LineString", "coordinates": [[4.9018573, 52.3767814], [4.9019349, 52.3767837]]}, "properties": {"Speed": 22.3, "road_quality": 2, "marker": 7, "trip_id": "NORMA_Trip1", "hrot_diff": 1, "sample_diff": 9, "time_diff_s": 0.18, "gps_distance_m": 5.3, "original_speed": "2777", "wheel_diameter_mm": 711.1999999999999, "braking_intensity": 0.0, "is_braking": false}}, {"type": "Feature", "geometry": {"type": "LineString", "coordinates": [[4.9019349, 52.3767837], [4.9020077, 52.3767848]]}, "properties": {"Speed": 20.1, "road_quality": 2, "marker": 7, "trip_id": "NORMA_Trip1", "hrot_diff": 1, "sample_diff": 10, "time_diff_s": 0.2, "gps_distance_m": 4.9, "original_speed": "2777", "wheel_diameter_mm": 711.1999999999999, "braking_intensity": 0.0, "is_braking": false}}, {"type": "Feature", "geometry": {"type": "LineString", "coordinates": [[4.9020077, 52.3767848], [4.9020698, 52.3767689]]}, "properties": {"Speed": 15.5, "road_quality": 2, "marker": 7, "trip_id": "NORMA_Trip1", "hrot_diff": 1, "sample_diff": 13, "time_diff_s": 0.26, "gps_distance_m": 4.6, "original_speed": "2777", "wheel_diameter_mm": 711.1999999999999, "braking_intensity": 0.0, "is_braking": false}}, {"type": "Feature", "geometry": {"type": "LineString", "coordinates": [[4.9020698, 52.3767689], [4.9021288, 52.3767517]]}, "properties": {"Speed": 22.3, "road_quality": 2, "marker": 7, "trip_id": "NORMA_Trip1", "hrot_diff": 1, "sample_diff": 9, "time_diff_s": 0.18, "gps_distance_m": 4.4, "original_speed": "2777", "wheel_diameter_mm": 711.1999999999999, "braking_intensity": 0.0, "is_braking": false}}, {"type": "Feature", "geometry": {"type": "LineString", "coordinates": [[4.9021288, 52.3767517], [4.9021784, 52.3767137]]}, "properties": {"Speed": 18.3, "road_quality": 2, "marker": 7, "trip_id": "NORMA_Trip1", "hrot_diff": 1, "sample_diff": 11, "time_diff_s": 0.22, "gps_distance_m": 5.4, "original_speed": "2830", "wheel_diameter_mm": 711.1999999999999, "braking_intensity": 0.0, "is_braking": false}}, {"type": "Feature", "geometry": {"type": "LineString", "coordinates": [[4.9021784, 52.3767137], [4.9022334, 52.3766681]]}, "properties": {"Speed": 6.9, "road_quality": 2, "marker": 7, "trip_id": "NORMA_Trip1", "hrot_diff": 1, "sample_diff": 29, "time_diff_s": 0.58, "gps_distance_m": 6.3, "original_speed": "2803", "wheel_diameter_mm": 711.1999999999999, "braking_intensity": 0.0, "is_braking": false}}, {"type": "Feature", "geometry": {"type": "LineString", "coordinates": [[4.9022334, 52.3766681], [4.9022762, 52.3766229]]}, "properties": {"Speed": 18.3, "road_quality": 2, "marker": 6, "trip_id": "NORMA_Trip1", "hrot_diff": 1, "sample_diff": 11, "time_diff_s": 0.22, "gps_distance_m": 5.8, "original_speed": "-1", "wheel_diameter_mm": 711.1999999999999, "braking_intensity": 0.0, "is_braking": false}}, {"type": "Feature", "geometry": {"type": "LineString", "coordinates": [[4.9022762, 52.3766229], [4.902319, 52.376584]]}, "properties": {"Speed": 20.1, "road_quality": 2, "marker": 6, "trip_id": "NORMA_Trip1", "hrot_diff": 1, "sample_diff": 10, "time_diff_s": 0.2, "gps_distance_m": 5.2, "original_speed": "-1", "wheel_diameter_mm": 711.1999999999999, "braking_intensity": 0.0, "is_braking": false}}, {"type": "Feature", "geometry": {"type": "LineString", "coordinates": [[4.902319, 52.376584], [4.9023594, 52.3765361]]}, "properties": {"Speed": 22.3, "road_quality": 2, "marker": 7, "trip_id": "NORMA_Trip1", "hrot_diff": 1, "sample_diff": 9, "time_diff_s": 0.18, "gps_distance_m": 6.0, "original_speed": "2803", "wheel_diameter_mm": 711.1999999999999, "braking_intensity": 0.0, "is_braking": false}}, {"type": "Feature", "geometry": {"type": "LineString", "coordinates": [[4.9023594, 52.3765361], [4.9024108, 52.3764847]]}, "properties": {"Speed": 18.3, "road_quality": 2, "marker": 7, "trip_id": "NORMA_Trip1", "hrot_diff": 1, "sample_diff": 11, "time_diff_s": 0.22, "gps_distance_m": 6.7, "original_speed": "2727", "wheel_diameter_mm": 711.1999999999999, "braking_intensity": 0.0, "is_braking": false}}, {"type": "Feature", "geometry": {"type": "LineString", "coordinates": [[4.9024108, 52.3764847], [4.902451, 52.3764418]]}, "properties": {"Speed": 22.3, "road_quality": 2, "marker": 7, "trip_id": "NORMA_Trip1", "hrot_diff": 1, "sample_diff": 9, "time_diff_s": 0.18, "gps_distance_m": 5.5, "original_speed": "2777", "wheel_diameter_mm": 711.1999999999999, "braking_intensity": 0.0, "is_braking": false}}, {"type": "Feature", "geometry": {"type": "LineString", "coordinates": [[4.902451, 52.3764418], [4.9024878, 52.3763983]]}, "properties": {"Speed": 25.1, "road_quality": 2, "marker": 7, "trip_id": "NORMA_Trip1", "hrot_diff": 1, "sample_diff": 8, "time_diff_s": 0.16, "gps_distance_m": 5.4, "original_speed": "2884", "wheel_diameter_mm": 711.1999999999999, "braking_intensity": 0.0, "is_braking": false}}, {"type": "Feature", "geometry": {"type": "LineString", "coordinates": [[4.9024878, 52.3763983], [4.9025132, 52.3763576]]}, "properties": {"Speed": 20.1, "road_quality": 2, "marker": 7, "trip_id": "NORMA_Trip1", "hrot_diff": 1, "sample_diff": 10, "time_diff_s": 0.2, "gps_distance_m": 4.8, "original_speed": "2803", "wheel_diameter_mm": 711.1999999999999, "braking_intensity": 0.0, "is_braking": false}}, {"type": "Feature", "geometry": {"type": "LineString", "coordinates": [[4.9025132, 52.3763576], [4.9025422, 52.3763198]]}, "properties": {"Speed": 20.1, "road_quality": 2, "marker": 7, "trip_id": "NORMA_Trip1", "hrot_diff": 1, "sample_diff": 10, "time_diff_s": 0.2, "gps_distance_m": 4.6, "original_speed": "2654", "wheel_diameter_mm": 711.1999999999999, "braking_intensity": 0.0, "is_braking": false}}, {"type": "Feature", "geometry": {"type": "LineString", "coordinates": [[4.9025422, 52.3763198], [4.9025695, 52.376284]]}, "properties": {"Speed": 15.5, "road_quality": 3, "marker": 7, "trip_id": "NORMA_Trip1", "hrot_diff": 1, "sample_diff": 13, "time_diff_s": 0.26, "gps_distance_m": 4.4, "original_speed": "2173", "wheel_diameter_mm": 711.1999999999999, "braking_intensity": 0.0, "is_braking": false}}, {"type": "Feature", "geometry": {"type": "LineString", "coordinates": [[4.9025695, 52.376284], [4.9025972, 52.3762523]]}, "properties": {"Speed": 12.6, "road_quality": 3, "marker": 7, "trip_id": "NORMA_Trip1", "hrot_diff": 1, "sample_diff": 16, "time_diff_s": 0.32, "gps_distance_m": 4.0, "original_speed": "1904", "wheel_diameter_mm": 711.1999999999999, "braking_intensity": 0.0, "is_braking": false}}, {"type": "Feature", "geometry": {"type": "LineString", "coordinates": [[4.9025972, 52.3762523], [4.9026507, 52.3761882]]}, "properties": {"Speed": 18.3, "road_quality": 2, "marker": 7, "trip_id": "NORMA_Trip1", "hrot_diff": 1, "sample_diff": 11, "time_diff_s": 0.22, "gps_distance_m": 8.0, "original_speed": "2192", "wheel_diameter_mm": 711.1999999999999, "braking_intensity": 0.0, "is_braking": false}}, {"type": "Feature", "geometry": {"type": "LineString", "coordinates": [[4.9026507, 52.3761882], [4.9026719, 52.3761623]]}, "properties": {"Speed": 15.5, "road_quality": 3, "marker": 7, "trip_id": "NORMA_Trip1", "hrot_diff": 1, "sample_diff": 13, "time_diff_s": 0.26, "gps_distance_m": 3.2, "original_speed": "2450", "wheel_diameter_mm": 711.1999999999999, "braking_intensity": 0.0, "is_braking": false}}, {"type": "Feature", "geometry": {"type": "LineString", "coordinates": [[4.9026719, 52.3761623], [4.9027088, 52.3761244]]}, "properties": {"Speed": 18.3, "road_quality": 3, "marker": 6, "trip_id": "NORMA_Trip1", "hrot_diff": 1, "sample_diff": 11, "time_diff_s": 0.22, "gps_distance_m": 4.9, "original_speed": "-1", "wheel_diameter_mm": 711.1999999999999, "braking_intensity": 0.0, "is_braking": false}}, {"type": "Feature", "geometry": {"type": "LineString", "coordinates": [[4.9027088, 52.3761244], [4.9027523, 52.3760782]]}, "properties": {"Speed": 6.1, "road_quality": 2, "marker": 6, "trip_id": "NORMA_Trip1", "hrot_diff": 1, "sample_diff": 33, "time_diff_s": 0.66, "gps_distance_m": 5.9, "original_speed": "-1", "wheel_diameter_mm": 711.1999999999999, "braking_intensity": 0.0, "is_braking": false}}, {"type": "Feature", "geometry": {"type": "LineString", "coordinates": [[4.9027523, 52.3760782], [4.9027986, 52.3760276]]}, "properties": {"Speed": 18.3, "road_quality": 2, "marker": 7, "trip_id": "NORMA_Trip1", "hrot_diff": 1, "sample_diff": 11, "time_diff_s": 0.22, "gps_distance_m": 6.4, "original_speed": "2232", "wheel_diameter_mm": 711.1999999999999, "braking_intensity": 0.0, "is_braking": false}}, {"type": "Feature", "geometry": {"type": "LineString", "coordinates": [[4.9027986, 52.3760276], [4.9028481, 52.3759809]]}, "properties": {"Speed": 18.8, "road_quality": 2, "marker": 7, "trip_id": "NORMA_Trip1", "hrot_diff": 1, "sample_diff": 10, "time_diff_s": 0.214, "gps_distance_m": 6.2, "original_speed": "2752", "wheel_diameter_mm": 711.1999999999999, "braking_intensity": 0.0, "is_braking": false}}, {"type": "Feature", "geometry": {"type": "LineString", "coordinates": [[4.9028481, 52.3759809], [4.9029008, 52.375931]]}, "properties": {"Speed": 20.1, "road_quality": 2, "marker": 7, "trip_id": "NORMA_Trip1", "hrot_diff": 1, "sample_diff": 10, "time_diff_s": 0.2, "gps_distance_m": 6.6, "original_speed": "2678", "wheel_diameter_mm": 711.1999999999999, "braking_intensity": 0.0, "is_braking": false}}, {"type": "Feature", "geometry": {"type": "LineString", "coordinates": [[4.9029008, 52.375931], [4.902951, 52.3758911]]}, "properties": {"Speed": 28.7, "road_quality": 2, "marker": 7, "trip_id": "NORMA_Trip1", "hrot_diff": 1, "sample_diff": 7, "time_diff_s": 0.14, "gps_distance_m": 5.6, "original_speed": "2608", "wheel_diameter_mm": 711.1999999999999, "braking_intensity": 0.0, "is_braking": false}}, {"type": "Feature", "geometry": {"type": "LineString", "coordinates": [[4.902951, 52.3758911], [4.9030013, 52.3758467]]}, "properties": {"Speed": 20.1, "road_quality": 2, "marker": 7, "trip_id": "NORMA_Trip1", "hrot_diff": 1, "sample_diff": 10, "time_diff_s": 0.2, "gps_distance_m": 6.0, "original_speed": "2803", "wheel_diameter_mm": 711.1999999999999, "braking_intensity": 0.0, "is_braking": false}}, {"type": "Feature", "geometry": {"type": "LineString", "coordinates": [[4.9030013, 52.3758467], [4.9030524, 52.3757964]]}, "properties": {"Speed": 28.7, "road_quality": 2, "marker": 7, "trip_id": "NORMA_Trip1", "hrot_diff": 1, "sample_diff": 7, "time_diff_s": 0.14, "gps_distance_m": 6.6, "original_speed": "2608", "wheel_diameter_mm": 711.1999999999999, "braking_intensity": 0.0, "is_braking": false}}, {"type": "Feature", "geometry": {"type": "LineString", "coordinates": [[4.9030524, 52.3757964], [4.9030892, 52.3757506]]}, "properties": {"Speed": 20.1, "road_quality": 2, "marker": 7, "trip_id": "NORMA_Trip1", "hrot_diff": 1, "sample_diff": 10, "time_diff_s": 0.2, "gps_distance_m": 5.7, "original_speed": "2777", "wheel_diameter_mm": 711.1999999999999, "braking_intensity": 0.0, "is_braking": false}}, {"type": "Feature", "geometry": {"type": "LineString", "coordinates": [[4.9030892, 52.3757506], [4.9031087, 52.3756993]]}, "properties": {"Speed": 25.1, "road_quality": 2, "marker": 7, "trip_id": "NORMA_Trip1", "hrot_diff": 1, "sample_diff": 8, "time_diff_s": 0.16, "gps_distance_m": 5.9, "original_speed": "2727", "wheel_diameter_mm": 711.1999999999999, "braking_intensity": 0.0, "is_braking": false}}, {"type": "Feature", "geometry": {"type": "LineString", "coordinates": [[4.9031087, 52.3756993], [4.9031121, 52.3756466]]}, "properties": {"Speed": 25.1, "road_quality": 2, "marker": 7, "trip_id": "NORMA_Trip1", "hrot_diff": 1, "sample_diff": 8, "time_diff_s": 0.16, "gps_distance_m": 5.9, "original_speed": "2777", "wheel_diameter_mm": 711.1999999999999, "braking_intensity": 0.0, "is_braking": false}}, {"type": "Feature", "geometry": {"type": "LineString", "coordinates": [[4.9031121, 52.3756466], [4.903129, 52.375597]]}, "properties": {"Speed": 22.3, "road_quality": 3, "marker": 7, "trip_id": "NORMA_Trip1", "hrot_diff": 1, "sample_diff": 9, "time_diff_s": 0.18, "gps_distance_m": 5.6, "original_speed": "2884", "wheel_diameter_mm": 711.1999999999999, "braking_intensity": 0.0, "is_braking": false}}, {"type": "Feature", "geometry": {"type": "LineString", "coordinates": [[4.903129, 52.375597], [4.9031326, 52.375546]]}, "properties": {"Speed": 40, "road_quality": 3, "marker": 7, "trip_id": "NORMA_Trip1", "hrot_diff": 1, "sample_diff": 5, "time_diff_s": 0.1, "gps_distance_m": 5.7, "original_speed": "2777", "wheel_diameter_mm": 711.1999999999999, "braking_intensity": 0.0, "is_braking": false}}, {"type": "Feature", "geometry": {"type": "LineString", "coordinates": [[4.9031286, 52.3754944], [4.9031165, 52.3754434]]}, "properties": {"Speed": 15.5, "road_quality": 3, "marker": 7, "trip_id": "NORMA_Trip1", "hrot_diff": 1, "sample_diff": 13, "time_diff_s": 0.26, "gps_distance_m": 5.7, "original_speed": "1271", "wheel_diameter_mm": 711.1999999999999, "braking_intensity": 0.0, "is_braking": false}}, {"type": "Feature", "geometry": {"type": "LineString", "coordinates": [[4.9031133, 52.3753537], [4.9031174, 52.3753154]]}, "properties": {"Speed": 28.7, "road_quality": 2, "marker": 7, "trip_id": "NORMA_Trip1", "hrot_diff": 1, "sample_diff": 7, "time_diff_s": 0.14, "gps_distance_m": 4.3, "original_speed": "2803", "wheel_diameter_mm": 711.1999999999999, "braking_intensity": 0.0, "is_braking": false}}, {"type": "Feature", "geometry": {"type": "LineString", "coordinates": [[4.9031174, 52.3753154], [4.9031331, 52.3752732]]}, "properties": {"Speed": 22.3, "road_quality": 2, "marker": 7, "trip_id": "NORMA_Trip1", "hrot_diff": 1, "sample_diff": 9, "time_diff_s": 0.18, "gps_distance_m": 4.8, "original_speed": "2830", "wheel_diameter_mm": 711.1999999999999, "braking_intensity": 0.0, "is_braking": false}}, {"type": "Feature", "geometry": {"type": "LineString", "coordinates": [[4.9031331, 52.3752732], [4.9031643, 52.3752257]]}, "properties": {"Speed": 20.1, "road_quality": 3, "marker": 7, "trip_id": "NORMA_Trip1", "hrot_diff": 1, "sample_diff": 10, "time_diff_s": 0.2, "gps_distance_m": 5.7, "original_speed": "2830", "wheel_diameter_mm": 711.1999999999999, "braking_intensity": 0.0, "is_braking": false}}, {"type": "Feature", "geometry": {"type": "LineString", "coordinates": [[4.9031643, 52.3752257], [4.9032034, 52.3751818]]}, "properties": {"Speed": 20.1, "road_quality": 3, "marker": 7, "trip_id": "NORMA_Trip1", "hrot_diff": 1, "sample_diff": 10, "time_diff_s": 0.2, "gps_distance_m": 5.6, "original_speed": "3669", "wheel_diameter_mm": 711.1999999999999, "braking_intensity": 0.0, "is_braking": false}}, {"type": "Feature", "geometry": {"type": "LineString", "coordinates": [[4.9032533, 52.3751303], [4.9032994, 52.3750881]]}, "properties": {"Speed": 16.8, "road_quality": 3, "marker": 6, "trip_id": "NORMA_Trip1", "hrot_diff": 1, "sample_diff": 12, "time_diff_s": 0.24, "gps_distance_m": 5.6, "original_speed": "-1", "wheel_diameter_mm": 711.1999999999999, "braking_intensity": 0.0, "is_braking": false}}, {"type": "Feature", "geometry": {"type": "LineString", "coordinates": [[4.9032994, 52.3750881], [4.9034227, 52.3750028]]}, "properties": {"Speed": 22.3, "road_quality": 3, "marker": 7, "trip_id": "NORMA_Trip1", "hrot_diff": 1, "sample_diff": 9, "time_diff_s": 0.18, "gps_distance_m": 12.6, "original_speed": "2970", "wheel_diameter_mm": 711.1999999999999, "braking_intensity": 0.0, "is_braking": false}}, {"type": "Feature", "geometry": {"type": "LineString", "coordinates": [[4.9034227, 52.3750028], [4.9034878, 52.3749664]]}, "properties": {"Speed": 25.1, "road_quality": 3, "marker": 7, "trip_id": "NORMA_Trip1", "hrot_diff": 1, "sample_diff": 8, "time_diff_s": 0.16, "gps_distance_m": 6.0, "original_speed": "2777", "wheel_diameter_mm": 711.1999999999999, "braking_intensity": 0.0, "is_braking": false}}, {"type": "Feature", "geometry": {"type": "LineString", "coordinates": [[4.9035641, 52.3749268], [4.9036366, 52.3748928]]}, "properties": {"Speed": 20.0, "road_quality": 3, "marker": 6, "trip_id": "NORMA_Trip1", "hrot_diff": 1, "sample_diff": 10, "time_diff_s": 0.201, "gps_distance_m": 6.2, "original_speed": "-1", "wheel_diameter_mm": 711.1999999999999, "braking_intensity": 0.0, "is_braking": false}}, {"type": "Feature", "geometry": {"type": "LineString", "coordinates": [[4.9036366, 52.3748928], [4.9036987, 52.3748558]]}, "properties": {"Speed": 33.5, "road_quality": 4, "marker": 7, "trip_id": "NORMA_Trip1", "hrot_diff": 1, "sample_diff": 6, "time_diff_s": 0.12, "gps_distance_m": 5.9, "original_speed": "2803", "wheel_diameter_mm": 711.1999999999999, "braking_intensity": 0.0, "is_braking": false}}, {"type": "Feature", "geometry": {"type": "LineString", "coordinates": [[4.9036987, 52.3748558], [4.9037524, 52.3748211]]}, "properties": {"Speed": 33.5, "road_quality": 4, "marker": 6, "trip_id": "NORMA_Trip1", "hrot_diff": 1, "sample_diff": 6, "time_diff_s": 0.12, "gps_distance_m": 5.3, "original_speed": "-1", "wheel_diameter_mm": 711.1999999999999, "braking_intensity": 0.0, "is_braking": false}}, {"type": "Feature", "geometry": {"type": "LineString", "coordinates": [[4.9037524, 52.3748211], [4.9038126, 52.3747847]]}, "properties": {"Speed": 28.7, "road_quality": 3, "marker": 6, "trip_id": "NORMA_Trip1", "hrot_diff": 1, "sample_diff": 7, "time_diff_s": 0.14, "gps_distance_m": 5.8, "original_speed": "-1", "wheel_diameter_mm": 711.1999999999999, "braking_intensity": 0.0, "is_braking": false}}, {"type": "Feature", "geometry": {"type": "LineString", "coordinates": [[4.9038126, 52.3747847], [4.9038559, 52.3747551]]}, "properties": {"Speed": 16.8, "road_quality": 3, "marker": 6, "trip_id": "NORMA_Trip1", "hrot_diff": 1, "sample_diff": 12, "time_diff_s": 0.24, "gps_distance_m": 4.4, "original_speed": "-1", "wheel_diameter_mm": 711.1999999999999, "braking_intensity": 0.0, "is_braking": false}}, {"type": "Feature", "geometry": {"type": "LineString", "coordinates": [[4.9039701, 52.3746832], [4.9040227, 52.3746436]]}, "properties": {"Speed": 13.4, "road_quality": 3, "marker": 7, "trip_id": "NORMA_Trip1", "hrot_diff": 1, "sample_diff": 15, "time_diff_s": 0.3, "gps_distance_m": 5.7, "original_speed": "3211", "wheel_diameter_mm": 711.1999999999999, "braking_intensity": 0.0, "is_braking": false}}, {"type": "Feature", "geometry": {"type": "LineString", "coordinates": [[4.9040765, 52.3746036], [4.9041252, 52.3745638]]}, "properties": {"Speed": 10.6, "road_quality": 3, "marker": 6, "trip_id": "NORMA_Trip1", "hrot_diff": 1, "sample_diff": 19, "time_diff_s": 0.38, "gps_distance_m": 5.5, "original_speed": "-1", "wheel_diameter_mm": 711.1999999999999, "braking_intensity": 0.0, "is_braking": false}}, {"type": "Feature", "geometry": {"type": "LineString", "coordinates": [[4.9041252, 52.3745638], [4.9041718, 52.374522]]}, "properties": {"Speed": 18.3, "road_quality": 3, "marker": 6, "trip_id": "NORMA_Trip1", "hrot_diff": 1, "sample_diff": 11, "time_diff_s": 0.22, "gps_distance_m": 5.6, "original_speed": "-1", "wheel_diameter_mm": 711.1999999999999, "braking_intensity": 0.0, "is_braking": false}}, {"type": "Feature", "geometry": {"type": "LineString", "coordinates": [[4.9041718, 52.374522], [4.9042308, 52.374478]]}, "properties": {"Speed": 28.7, "road_quality": 3, "marker": 7, "trip_id": "NORMA_Trip1", "hrot_diff": 1, "sample_diff": 7, "time_diff_s": 0.14, "gps_distance_m": 6.3, "original_speed": "2212", "wheel_diameter_mm": 711.1999999999999, "braking_intensity": 0.0, "is_braking": false}}, {"type": "Feature", "geometry": {"type": "LineString", "coordinates": [[4.9042308, 52.374478], [4.9042793, 52.3744421]]}, "properties": {"Speed": 16.8, "road_quality": 3, "marker": 7, "trip_id": "NORMA_Trip1", "hrot_diff": 1, "sample_diff": 12, "time_diff_s": 0.24, "gps_distance_m": 5.2, "original_speed": "2362", "wheel_diameter_mm": 711.1999999999999, "braking_intensity": 0.0, "is_braking": false}}, {"type": "Feature", "geometry": {"type": "LineString", "coordinates": [[4.9042793, 52.3744421], [4.9043347, 52.3744003]]}, "properties": {"Speed": 40, "road_quality": 3, "marker": 6, "trip_id": "NORMA_Trip1", "hrot_diff": 1, "sample_diff": 4, "time_diff_s": 0.08, "gps_distance_m": 6.0, "original_speed": "-1", "wheel_diameter_mm": 711.1999999999999, "braking_intensity": 0.0, "is_braking": false}}, {"type": "Feature", "geometry": {"type": "LineString", "coordinates": [[4.9043903, 52.3743696], [4.90444, 52.3743378]]}, "properties": {"Speed": 10.6, "road_quality": 3, "marker": 7, "trip_id": "NORMA_Trip1", "hrot_diff": 1, "sample_diff": 19, "time_diff_s": 0.38, "gps_distance_m": 4.9, "original_speed": "3301", "wheel_diameter_mm": 711.1999999999999, "braking_intensity": 0.0, "is_braking": false}}, {"type": "Feature", "geometry": {"type": "LineString", "coordinates": [[4.90444, 52.3743378], [4.904487, 52.3743119]]}, "properties": {"Speed": 33.5, "road_quality": 3, "marker": 7, "trip_id": "NORMA_Trip1", "hrot_diff": 1, "sample_diff": 6, "time_diff_s": 0.12, "gps_distance_m": 4.3, "original_speed": "2803", "wheel_diameter_mm": 711.1999999999999, "braking_intensity": 0.0, "is_braking": false}}, {"type": "Feature", "geometry": {"type": "LineString", "coordinates": [[4.904487, 52.3743119], [4.9045327, 52.3742829]]}, "properties": {"Speed": 20.1, "road_quality": 3, "marker": 7, "trip_id": "NORMA_Trip1", "hrot_diff": 1, "sample_diff": 10, "time_diff_s": 0.2, "gps_distance_m": 4.5, "original_speed": "3000", "wheel_diameter_mm": 711.1999999999999, "braking_intensity": 0.0, "is_braking": false}}, {"type": "Feature", "geometry": {"type": "LineString", "coordinates": [[4.9045327, 52.3742829], [4.9046029, 52.3742471]]}, "properties": {"Speed": 33.5, "road_quality": 3, "marker": 7, "trip_id": "NORMA_Trip1", "hrot_diff": 1, "sample_diff": 6, "time_diff_s": 0.12, "gps_distance_m": 6.2, "original_speed": "3000", "wheel_diameter_mm": 711.1999999999999, "braking_intensity": 0.0, "is_braking": false}}, {"type": "Feature", "geometry": {"type": "LineString", "coordinates": [[4.9046029, 52.3742471], [4.9046731, 52.3742145]]}, "properties": {"Speed": 40, "road_quality": 3, "marker": 7, "trip_id": "NORMA_Trip1", "hrot_diff": 1, "sample_diff": 5, "time_diff_s": 0.1, "gps_distance_m": 6.0, "original_speed": "2991", "wheel_diameter_mm": 711.1999999999999, "braking_intensity": 0.0, "is_braking": false}}, {"type": "Feature", "geometry": {"type": "LineString", "coordinates": [[4.9046731, 52.3742145], [4.9047454, 52.3741755]]}, "properties": {"Speed": 40, "road_quality": 3, "marker": 7, "trip_id": "NORMA_Trip1", "hrot_diff": 1, "sample_diff": 3, "time_diff_s": 0.06, "gps_distance_m": 6.5, "original_speed": "4000", "wheel_diameter_mm": 711.1999999999999, "braking_intensity": 0.0, "is_braking": false}}, {"type": "Feature", "geometry": {"type": "LineString", "coordinates": [[4.9048098, 52.3741356], [4.9048899, 52.3740875]]}, "properties": {"Speed": 15.5, "road_quality": 3, "marker": 6, "trip_id": "NORMA_Trip1", "hrot_diff": 1, "sample_diff": 13, "time_diff_s": 0.26, "gps_distance_m": 7.6, "original_speed": "-1", "wheel_diameter_mm": 711.1999999999999, "braking_intensity": 0.0, "is_braking": false}}, {"type": "Feature", "geometry": {"type": "LineString", "coordinates": [[4.9049631, 52.374048], [4.9050297, 52.3740077]]}, "properties": {"Speed": 8.0, "road_quality": 3, "marker": 7, "trip_id": "NORMA_Trip1", "hrot_diff": 1, "sample_diff": 25, "time_diff_s": 0.5, "gps_distance_m": 6.4, "original_speed": "2136", "wheel_diameter_mm": 711.1999999999999, "braking_intensity": 0.0, "is_braking": false}}, {"type": "Feature", "geometry": {"type": "LineString", "coordinates": [[4.9050297, 52.3740077], [4.9050963, 52.3739663]]}, "properties": {"Speed": 22.3, "road_quality": 3, "marker": 6, "trip_id": "NORMA_Trip1", "hrot_diff": 1, "sample_diff": 9, "time_diff_s": 0.18, "gps_distance_m": 6.5, "original_speed": "-1", "wheel_diameter_mm": 711.1999999999999, "braking_intensity": 0.0, "is_braking": false}}, {"type": "Feature", "geometry": {"type": "LineString", "coordinates": [[4.9050963, 52.3739663], [4.9051633, 52.3739294]]}, "properties": {"Speed": 18.3, "road_quality": 3, "marker": 6, "trip_id": "NORMA_Trip1", "hrot_diff": 1, "sample_diff": 11, "time_diff_s": 0.22, "gps_distance_m": 6.1, "original_speed": "-1", "wheel_diameter_mm": 711.1999999999999, "braking_intensity": 0.0, "is_braking": false}}, {"type": "Feature", "geometry": {"type": "LineString", "coordinates": [[4.9051633, 52.3739294], [4.9052266, 52.3738988]]}, "properties": {"Speed": 8.7, "road_quality": 3, "marker": 7, "trip_id": "NORMA_Trip1", "hrot_diff": 1, "sample_diff": 23, "time_diff_s": 0.46, "gps_distance_m": 5.5, "original_speed": "2912", "wheel_diameter_mm": 711.1999999999999, "braking_intensity": 0.0, "is_braking": false}}, {"type": "Feature", "geometry": {"type": "LineString", "coordinates": [[4.9052266, 52.3738988], [4.9052943, 52.3738661]]}, "properties": {"Speed": 20.1, "road_quality": 3, "marker": 6, "trip_id": "NORMA_Trip1", "hrot_diff": 1, "sample_diff": 10, "time_diff_s": 0.2, "gps_distance_m": 5.9, "original_speed": "-1", "wheel_diameter_mm": 711.1999999999999, "braking_intensity": 0.0, "is_braking": false}}, {"type": "Feature", "geometry": {"type": "LineString", "coordinates": [[4.9052943, 52.3738661], [4.9053569, 52.3738278]]}, "properties": {"Speed": 22.3, "road_quality": 3, "marker": 7, "trip_id": "NORMA_Trip1", "hrot_diff": 1, "sample_diff": 9, "time_diff_s": 0.18, "gps_distance_m": 6.0, "original_speed": "2970", "wheel_diameter_mm": 711.1999999999999, "braking_intensity": 0.0, "is_braking": false}}, {"type": "Feature", "geometry": {"type": "LineString", "coordinates": [[4.9054155, 52.3737888], [4.9054803, 52.3737498]]}, "properties": {"Speed": 28.7, "road_quality": 3, "marker": 7, "trip_id": "NORMA_Trip1", "hrot_diff": 1, "sample_diff": 7, "time_diff_s": 0.14, "gps_distance_m": 6.2, "original_speed": "2912", "wheel_diameter_mm": 711.1999999999999, "braking_intensity": 0.0, "is_braking": false}}, {"type": "Feature", "geometry": {"type": "LineString", "coordinates": [[4.9054803, 52.3737498], [4.9055486, 52.373713]]}, "properties": {"Speed": 18.3, "road_quality": 3, "marker": 7, "trip_id": "NORMA_Trip1", "hrot_diff": 1, "sample_diff": 11, "time_diff_s": 0.22, "gps_distance_m": 6.2, "original_speed": "3153", "wheel_diameter_mm": 711.1999999999999, "braking_intensity": 0.0, "is_braking": false}}, {"type": "Feature", "geometry": {"type": "LineString", "coordinates": [[4.9055486, 52.373713], [4.9056199, 52.3736775]]}, "properties": {"Speed": 33.5, "road_quality": 3, "marker": 7, "trip_id": "NORMA_Trip1", "hrot_diff": 1, "sample_diff": 6, "time_diff_s": 0.12, "gps_distance_m": 6.2, "original_speed": "2830", "wheel_diameter_mm": 711.1999999999999, "braking_intensity": 0.0, "is_braking": false}}, {"type": "Feature", "geometry": {"type": "LineString", "coordinates": [[4.9056199, 52.3736775], [4.9056875, 52.3736456]]}, "properties": {"Speed": 28.7, "road_quality": 4, "marker": 7, "trip_id": "NORMA_Trip1", "hrot_diff": 1, "sample_diff": 7, "time_diff_s": 0.14, "gps_distance_m": 5.8, "original_speed": "3070", "wheel_diameter_mm": 711.1999999999999, "braking_intensity": 0.0, "is_braking": false}}, {"type": "Feature", "geometry": {"type": "LineString", "coordinates": [[4.9057818, 52.3735897], [4.9058276, 52.3735691]]}, "properties": {"Speed": 20.1, "road_quality": 3, "marker": 6, "trip_id": "NORMA_Trip1", "hrot_diff": 1, "sample_diff": 10, "time_diff_s": 0.2, "gps_distance_m": 3.9, "original_speed": "-1", "wheel_diameter_mm": 711.1999999999999, "braking_intensity": 0.0, "is_braking": false}}, {"type": "Feature", "geometry": {"type": "LineString", "coordinates": [[4.9058276, 52.3735691], [4.9058912, 52.3735385]]}, "properties": {"Speed": 22.3, "road_quality": 3, "marker": 7, "trip_id": "NORMA_Trip1", "hrot_diff": 1, "sample_diff": 9, "time_diff_s": 0.18, "gps_distance_m": 5.5, "original_speed": "2293", "wheel_diameter_mm": 711.1999999999999, "braking_intensity": 0.0, "is_braking": false}}, {"type": "Feature", "geometry": {"type": "LineString", "coordinates": [[4.9059473, 52.3735081], [4.9060132, 52.3734805]]}, "properties": {"Speed": 28.7, "road_quality": 3, "marker": 6, "trip_id": "NORMA_Trip1", "hrot_diff": 1, "sample_diff": 7, "time_diff_s": 0.14, "gps_distance_m": 5.4, "original_speed": "-1", "wheel_diameter_mm": 711.1999999999999, "braking_intensity": 0.0, "is_braking": false}}, {"type": "Feature", "geometry": {"type": "LineString", "coordinates": [[4.9060132, 52.3734805], [4.9060918, 52.3734455]]}, "properties": {"Speed": 18.3, "road_quality": 3, "marker": 7, "trip_id": "NORMA_Trip1", "hrot_diff": 1, "sample_diff": 11, "time_diff_s": 0.22, "gps_distance_m": 6.6, "original_speed": "2912", "wheel_diameter_mm": 711.1999999999999, "braking_intensity": 0.0, "is_braking": false}}, {"type": "Feature", "geometry": {"type": "LineString", "coordinates": [[4.9060918, 52.3734455], [4.9061645, 52.3734025]]}, "properties": {"Speed": 20.1, "road_quality": 3, "marker": 7, "trip_id": "NORMA_Trip1", "hrot_diff": 1, "sample_diff": 10, "time_diff_s": 0.2, "gps_distance_m": 6.9, "original_speed": "2857", "wheel_diameter_mm": 711.1999999999999, "braking_intensity": 0.0, "is_braking": false}}, {"type": "Feature", "geometry": {"type": "LineString", "coordinates": [[4.9061645, 52.3734025], [4.906228, 52.3733646]]}, "properties": {"Speed": 28.7, "road_quality": 3, "marker": 7, "trip_id": "NORMA_Trip1", "hrot_diff": 1, "sample_diff": 7, "time_diff_s": 0.14, "gps_distance_m": 6.0, "original_speed": "2752", "wheel_diameter_mm": 711.1999999999999, "braking_intensity": 0.0, "is_braking": false}}, {"type": "Feature", "geometry": {"type": "LineString", "coordinates": [[4.9063978, 52.3732748], [4.9064787, 52.373231]]}, "properties": {"Speed": 20.1, "road_quality": 3, "marker": 6, "trip_id": "NORMA_Trip1", "hrot_diff": 1, "sample_diff": 10, "time_diff_s": 0.2, "gps_distance_m": 7.3, "original_speed": "-1", "wheel_diameter_mm": 711.1999999999999, "braking_intensity": 0.0, "is_braking": false}}, {"type": "Feature", "geometry": {"type": "LineString", "coordinates": [[4.9064787, 52.373231], [4.9065563, 52.3731879]]}, "properties": {"Speed": 20.1, "road_quality": 3, "marker": 6, "trip_id": "NORMA_Trip1", "hrot_diff": 1, "sample_diff": 10, "time_diff_s": 0.2, "gps_distance_m": 7.1, "original_speed": "-1", "wheel_diameter_mm": 711.1999999999999, "braking_intensity": 0.0, "is_braking": false}}, {"type": "Feature", "geometry": {"type": "LineString", "coordinates": [[4.9065563, 52.3731879], [4.9066258, 52.3731488]]}, "properties": {"Speed": 22.3, "road_quality": 3, "marker": 7, "trip_id": "NORMA_Trip1", "hrot_diff": 1, "sample_diff": 9, "time_diff_s": 0.18, "gps_distance_m": 6.4, "original_speed": "2884", "wheel_diameter_mm": 711.1999999999999, "braking_intensity": 0.0, "is_braking": false}}, {"type": "Feature", "geometry": {"type": "LineString", "coordinates": [[4.9066258, 52.3731488], [4.9066905, 52.3731061]]}, "properties": {"Speed": 15.5, "road_quality": 3, "marker": 7, "trip_id": "NORMA_Trip1", "hrot_diff": 1, "sample_diff": 13, "time_diff_s": 0.26, "gps_distance_m": 6.5, "original_speed": "2966", "wheel_diameter_mm": 711.1999999999999, "braking_intensity": 0.0, "is_braking": false}}, {"type": "Feature", "geometry": {"type": "LineString", "coordinates": [[4.9067699, 52.3730588], [4.9069122, 52.3729754]]}, "properties": {"Speed": 15.5, "road_quality": 3, "marker": 7, "trip_id": "NORMA_Trip1", "hrot_diff": 1, "sample_diff": 13, "time_diff_s": 0.26, "gps_distance_m": 13.4, "original_speed": "2912", "wheel_diameter_mm": 711.1999999999999, "braking_intensity": 0.0, "is_braking": false}}, {"type": "Feature", "geometry": {"type": "LineString", "coordinates": [[4.9069122, 52.3729754], [4.9069853, 52.3729276]]}, "properties": {"Speed": 20.1, "road_quality": 3, "marker": 7, "trip_id": "NORMA_Trip1", "hrot_diff": 1, "sample_diff": 10, "time_diff_s": 0.2, "gps_distance_m": 7.3, "original_speed": "2803", "wheel_diameter_mm": 711.1999999999999, "braking_intensity": 0.0, "is_braking": false}}, {"type": "Feature", "geometry": {"type": "LineString", "coordinates": [[4.9069853, 52.3729276], [4.9070522, 52.3728842]]}, "properties": {"Speed": 33.5, "road_quality": 3, "marker": 7, "trip_id": "NORMA_Trip1", "hrot_diff": 1, "sample_diff": 6, "time_diff_s": 0.12, "gps_distance_m": 6.6, "original_speed": "3738", "wheel_diameter_mm": 711.1999999999999, "braking_intensity": 0.0, "is_braking": false}}, {"type": "Feature", "geometry": {"type": "LineString", "coordinates": [[4.9071186, 52.3728366], [4.9071795, 52.3727962]]}, "properties": {"Speed": 20.1, "road_quality": 3, "marker": 6, "trip_id": "NORMA_Trip1", "hrot_diff": 1, "sample_diff": 10, "time_diff_s": 0.2, "gps_distance_m": 6.1, "original_speed": "-1", "wheel_diameter_mm": 711.1999999999999, "braking_intensity": 0.0, "is_braking": false}}, {"type": "Feature", "geometry": {"type": "LineString", "coordinates": [[4.9072371, 52.3727625], [4.9073015, 52.3727229]]}, "properties": {"Speed": 7.2, "road_quality": 3, "marker": 7, "trip_id": "NORMA_Trip1", "hrot_diff": 1, "sample_diff": 28, "time_diff_s": 0.56, "gps_distance_m": 6.2, "original_speed": "2358", "wheel_diameter_mm": 711.1999999999999, "braking_intensity": 0.0, "is_braking": false}}, {"type": "Feature", "geometry": {"type": "LineString", "coordinates": [[4.9073453, 52.3727005], [4.9073801, 52.3726803]]}, "properties": {"Speed": 5.9, "road_quality": 3, "marker": 6, "trip_id": "NORMA_Trip1", "hrot_diff": 1, "sample_diff": 34, "time_diff_s": 0.68, "gps_distance_m": 3.3, "original_speed": "-1", "wheel_diameter_mm": 711.1999999999999, "braking_intensity": 0.0, "is_braking": false}}, {"type": "Feature", "geometry": {"type": "LineString", "coordinates": [[4.9073801, 52.3726803], [4.9074284, 52.3726505]]}, "properties": {"Speed": 7.2, "road_quality": 2, "marker": 7, "trip_id": "NORMA_Trip1", "hrot_diff": 1, "sample_diff": 28, "time_diff_s": 0.56, "gps_distance_m": 4.7, "original_speed": "1401", "wheel_diameter_mm": 711.1999999999999, "braking_intensity": 0.0, "is_braking": false}}, {"type": "Feature", "geometry": {"type": "LineString", "coordinates": [[4.9074284, 52.3726505], [4.9074834, 52.3726232]]}, "properties": {"Speed": 20.1, "road_quality": 3, "marker": 6, "trip_id": "NORMA_Trip1", "hrot_diff": 1, "sample_diff": 10, "time_diff_s": 0.2, "gps_distance_m": 4.8, "original_speed": "-1", "wheel_diameter_mm": 711.1999999999999, "braking_intensity": 0.0, "is_braking": false}}, {"type": "Feature", "geometry": {"type": "LineString", "coordinates": [[4.9074834, 52.3726232], [4.9075007, 52.3726077]]}, "properties": {"Speed": 20.1, "road_quality": 3, "marker": 6, "trip_id": "NORMA_Trip1", "hrot_diff": 1, "sample_diff": 10, "time_diff_s": 0.2, "gps_distance_m": 2.1, "original_speed": "-1", "wheel_diameter_mm": 711.1999999999999, "braking_intensity": 0.0, "is_braking": false}}, {"type": "Feature", "geometry": {"type": "LineString", "coordinates": [[4.9075007, 52.3726077], [4.9075072, 52.3725831]]}, "properties": {"Speed": 15.5, "road_quality": 3, "marker": 7, "trip_id": "NORMA_Trip1", "hrot_diff": 1, "sample_diff": 13, "time_diff_s": 0.26, "gps_distance_m": 2.8, "original_speed": "2450", "wheel_diameter_mm": 711.1999999999999, "braking_intensity": 0.0, "is_braking": false}}, {"type": "Feature", "geometry": {"type": "LineString", "coordinates": [[4.9075541, 52.3724866], [4.9075859, 52.3724232]]}, "properties": {"Speed": 33.5, "road_quality": 3, "marker": 6, "trip_id": "NORMA_Trip1", "hrot_diff": 1, "sample_diff": 6, "time_diff_s": 0.12, "gps_distance_m": 7.4, "original_speed": "-1", "wheel_diameter_mm": 711.1999999999999, "braking_intensity": 0.0, "is_braking": false}}, {"type": "Feature", "geometry": {"type": "LineString", "coordinates": [[4.9076213, 52.3723752], [4.9076593, 52.3723284]]}, "properties": {"Speed": 25.1, "road_quality": 3, "marker": 6, "trip_id": "NORMA_Trip1", "hrot_diff": 1, "sample_diff": 8, "time_diff_s": 0.16, "gps_distance_m": 5.8, "original_speed": "-1", "wheel_diameter_mm": 711.1999999999999, "braking_intensity": 0.0, "is_braking": false}}, {"type": "Feature", "geometry": {"type": "LineString", "coordinates": [[4.9076917, 52.3723071], [4.9077532, 52.3722799]]}, "properties": {"Speed": 28.7, "road_quality": 4, "marker": 7, "trip_id": "NORMA_Trip1", "hrot_diff": 1, "sample_diff": 7, "time_diff_s": 0.14, "gps_distance_m": 5.2, "original_speed": "2803", "wheel_diameter_mm": 711.1999999999999, "braking_intensity": 0.0, "is_braking": false}}, {"type": "Feature", "geometry": {"type": "LineString", "coordinates": [[4.9078037, 52.3722513], [4.9078751, 52.3722253]]}, "properties": {"Speed": 40, "road_quality": 4, "marker": 6, "trip_id": "NORMA_Trip1", "hrot_diff": 1, "sample_diff": 4, "time_diff_s": 0.08, "gps_distance_m": 5.6, "original_speed": "-1", "wheel_diameter_mm": 711.1999999999999, "braking_intensity": 0.0, "is_braking": false}}, {"type": "Feature", "geometry": {"type": "LineString", "coordinates": [[4.9078751, 52.3722253], [4.9079842, 52.3721991]]}, "properties": {"Speed": 22.3, "road_quality": 4, "marker": 6, "trip_id": "NORMA_Trip1", "hrot_diff": 1, "sample_diff": 9, "time_diff_s": 0.18, "gps_distance_m": 8.0, "original_speed": "-1", "wheel_diameter_mm": 711.1999999999999, "braking_intensity": 0.0, "is_braking": false}}, {"type": "Feature", "geometry": {"type": "LineString", "coordinates": [[4.9082091, 52.372143], [4.9082902, 52.3721212]]}, "properties": {"Speed": 25.1, "road_quality": 4, "marker": 6, "trip_id": "NORMA_Trip1", "hrot_diff": 1, "sample_diff": 8, "time_diff_s": 0.16, "gps_distance_m": 6.0, "original_speed": "-1", "wheel_diameter_mm": 711.1999999999999, "braking_intensity": 0.0, "is_braking": false}}, {"type": "Feature", "geometry": {"type": "LineString", "coordinates": [[4.9082902, 52.3721212], [4.90837, 52.3720988]]}, "properties": {"Speed": 18.3, "road_quality": 4, "marker": 7, "trip_id": "NORMA_Trip1", "hrot_diff": 1, "sample_diff": 11, "time_diff_s": 0.22, "gps_distance_m": 6.0, "original_speed": "3809", "wheel_diameter_mm": 711.1999999999999, "braking_intensity": 0.0, "is_braking": false}}, {"type": "Feature", "geometry": {"type": "LineString", "coordinates": [[4.90837, 52.3720988], [4.9084456, 52.3720779]]}, "properties": {"Speed": 25.1, "road_quality": 4, "marker": 7, "trip_id": "NORMA_Trip1", "hrot_diff": 1, "sample_diff": 8, "time_diff_s": 0.16, "gps_distance_m": 5.6, "original_speed": "2727", "wheel_diameter_mm": 711.1999999999999, "braking_intensity": 0.0, "is_braking": false}}, {"type": "Feature", "geometry": {"type": "LineString", "coordinates": [[4.9085301, 52.3720519], [4.9086147, 52.3720256]]}, "properties": {"Speed": 22.3, "road_quality": 4, "marker": 6, "trip_id": "NORMA_Trip1", "hrot_diff": 1, "sample_diff": 9, "time_diff_s": 0.18, "gps_distance_m": 6.4, "original_speed": "-1", "wheel_diameter_mm": 711.1999999999999, "braking_intensity": 0.0, "is_braking": false}}, {"type": "Feature", "geometry": {"type": "LineString", "coordinates": [[4.9086147, 52.3720256], [4.9086926, 52.372006]]}, "properties": {"Speed": 22.3, "road_quality": 4, "marker": 6, "trip_id": "NORMA_Trip1", "hrot_diff": 1, "sample_diff": 9, "time_diff_s": 0.18, "gps_distance_m": 5.7, "original_speed": "-1", "wheel_diameter_mm": 711.1999999999999, "braking_intensity": 0.0, "is_braking": false}}, {"type": "Feature", "geometry": {"type": "LineString", "coordinates": [[4.9087594, 52.3719854], [4.9088408, 52.3719556]]}, "properties": {"Speed": 40, "road_quality": 4, "marker": 6, "trip_id": "NORMA_Trip1", "hrot_diff": 1, "sample_diff": 5, "time_diff_s": 0.1, "gps_distance_m": 6.4, "original_speed": "-1", "wheel_diameter_mm": 711.1999999999999, "braking_intensity": 0.0, "is_braking": false}}, {"type": "Feature", "geometry": {"type": "LineString", "coordinates": [[4.9088408, 52.3719556], [4.9089221, 52.3719185]]}, "properties": {"Speed": 33.5, "road_quality": 4, "marker": 6, "trip_id": "NORMA_Trip1", "hrot_diff": 1, "sample_diff": 6, "time_diff_s": 0.12, "gps_distance_m": 6.9, "original_speed": "-1", "wheel_diameter_mm": 711.1999999999999, "braking_intensity": 0.0, "is_braking": false}}, {"type": "Feature", "geometry": {"type": "LineString", "coordinates": [[4.909051, 52.3718686], [4.909126, 52.3718386]]}, "properties": {"Speed": 11.8, "road_quality": 3, "marker": 6, "trip_id": "NORMA_Trip1", "hrot_diff": 1, "sample_diff": 17, "time_diff_s": 0.34, "gps_distance_m": 6.1, "original_speed": "-1", "wheel_diameter_mm": 711.1999999999999, "braking_intensity": 0.0, "is_braking": false}}, {"type": "Feature", "geometry": {"type": "LineString", "coordinates": [[4.9092045, 52.3718059], [4.909286, 52.3717705]]}, "properties": {"Speed": 25.1, "road_quality": 3, "marker": 6, "trip_id": "NORMA_Trip1", "hrot_diff": 1, "sample_diff": 8, "time_diff_s": 0.16, "gps_distance_m": 6.8, "original_speed": "-1", "wheel_diameter_mm": 711.1999999999999, "braking_intensity": 0.0, "is_braking": false}}, {"type": "Feature", "geometry": {"type": "LineString", "coordinates": [[4.9093556, 52.3717429], [4.9094075, 52.3717212]]}, "properties": {"Speed": 18.3, "road_quality": 4, "marker": 6, "trip_id": "NORMA_Trip1", "hrot_diff": 1, "sample_diff": 11, "time_diff_s": 0.22, "gps_distance_m": 4.3, "original_speed": "-1", "wheel_diameter_mm": 711.1999999999999, "braking_intensity": 0.0, "is_braking": false}}, {"type": "Feature", "geometry": {"type": "LineString", "coordinates": [[4.9094075, 52.3717212], [4.9094737, 52.3716898]]}, "properties": {"Speed": 33.5, "road_quality": 4, "marker": 6, "trip_id": "NORMA_Trip1", "hrot_diff": 1, "sample_diff": 6, "time_diff_s": 0.12, "gps_distance_m": 5.7, "original_speed": "-1", "wheel_diameter_mm": 711.1999999999999, "braking_intensity": 0.0, "is_braking": false}}, {"type": "Feature", "geometry": {"type": "LineString", "coordinates": [[4.9094737, 52.3716898], [4.9095477, 52.3716511]]}, "properties": {"Speed": 22.3, "road_quality": 3, "marker": 7, "trip_id": "NORMA_Trip1", "hrot_diff": 1, "sample_diff": 9, "time_diff_s": 0.18, "gps_distance_m": 6.6, "original_speed": "3883", "wheel_diameter_mm": 711.1999999999999, "braking_intensity": 0.0, "is_braking": false}}, {"type": "Feature", "geometry": {"type": "LineString", "coordinates": [[4.9095477, 52.3716511], [4.909624, 52.371611]]}, "properties": {"Speed": 6.7, "road_quality": 3, "marker": 7, "trip_id": "NORMA_Trip1", "hrot_diff": 1, "sample_diff": 30, "time_diff_s": 0.6, "gps_distance_m": 6.8, "original_speed": "3125", "wheel_diameter_mm": 711.1999999999999, "braking_intensity": 0.0, "is_braking": false}}, {"type": "Feature", "geometry": {"type": "LineString", "coordinates": [[4.909624, 52.371611], [4.9097028, 52.3715792]]}, "properties": {"Speed": 5.4, "road_quality": 3, "marker": 7, "trip_id": "NORMA_Trip1", "hrot_diff": 1, "sample_diff": 37, "time_diff_s": 0.74, "gps_distance_m": 6.4, "original_speed": "1485", "wheel_diameter_mm": 711.1999999999999, "braking_intensity": 0.0, "is_braking": false}}, {"type": "Feature", "geometry": {"type": "LineString", "coordinates": [[4.9097028, 52.3715792], [4.909766, 52.3715564]]}, "properties": {"Speed": 11.2, "road_quality": 2, "marker": 6, "trip_id": "NORMA_Trip1", "hrot_diff": 1, "sample_diff": 18, "time_diff_s": 0.36, "gps_distance_m": 5.0, "original_speed": "-1", "wheel_diameter_mm": 711.1999999999999, "braking_intensity": 0.0, "is_braking": false}}, {"type": "Feature", "geometry": {"type": "LineString", "coordinates": [[4.909766, 52.3715564], [4.9098081, 52.3715402]]}, "properties": {"Speed": 7.2, "road_quality": 2, "marker": 6, "trip_id": "NORMA_Trip1", "hrot_diff": 1, "sample_diff": 28, "time_diff_s": 0.56, "gps_distance_m": 3.4, "original_speed": "-1", "wheel_diameter_mm": 711.1999999999999, "braking_intensity": 0.0, "is_braking": false}}, {"type": "Feature", "geometry": {"type": "LineString", "coordinates": [[4.9098081, 52.3715402], [4.9098462, 52.3715326]]}, "properties": {"Speed": 1.7, "road_quality": 2, "marker": 7, "trip_id": "NORMA_Trip1", "hrot_diff": 1, "sample_diff": 121, "time_diff_s": 2.42, "gps_distance_m": 2.7, "original_speed": "1171", "wheel_diameter_mm": 711.1999999999999, "braking_intensity": 0.0, "is_braking": false}}, {"type": "Feature", "geometry": {"type": "LineString", "coordinates": [[4.9098462, 52.3715326], [4.9102472, 52.3715893]]}, "properties": {"Speed": 0.1, "road_quality": 2, "marker": 3, "trip_id": "NORMA_Trip1", "hrot_diff": 1, "sample_diff": 2339, "time_diff_s": 46.78, "gps_distance_m": 27.9, "original_speed": "0", "wheel_diameter_mm": 711.1999999999999, "braking_intensity": 0.0, "is_braking": false}}, {"type": "Feature", "geometry": {"type": "LineString", "coordinates": [[4.9102472, 52.3715893], [4.9102664, 52.3715847]]}, "properties": {"Speed": 7.2, "road_quality": 2, "marker": 3, "trip_id": "NORMA_Trip1", "hrot_diff": 1, "sample_diff": 28, "time_diff_s": 0.56, "gps_distance_m": 1.4, "original_speed": "0", "wheel_diameter_mm": 711.1999999999999, "braking_intensity": 0.0, "is_braking": false}}, {"type": "Feature", "geometry": {"type": "LineString", "coordinates": [[4.9102664, 52.3715847], [4.9102887, 52.3715837]]}, "properties": {"Speed": 5.4, "road_quality": 2, "marker": 7, "trip_id": "NORMA_Trip1", "hrot_diff": 1, "sample_diff": 37, "time_diff_s": 0.74, "gps_distance_m": 1.5, "original_speed": "21", "wheel_diameter_mm": 711.1999999999999, "braking_intensity": 0.0, "is_braking": false}}, {"type": "Feature", "geometry": {"type": "LineString", "coordinates": [[4.9102887, 52.3715837], [4.9103239, 52.3715762]]}, "properties": {"Speed": 8.7, "road_quality": 2, "marker": 7, "trip_id": "NORMA_Trip1", "hrot_diff": 1, "sample_diff": 23, "time_diff_s": 0.46, "gps_distance_m": 2.5, "original_speed": "787", "wheel_diameter_mm": 711.1999999999999, "braking_intensity": 0.0, "is_braking": false}}, {"type": "Feature", "geometry": {"type": "LineString", "coordinates": [[4.9103239, 52.3715762], [4.9103578, 52.3715691]]}, "properties": {"Speed": 11.2, "road_quality": 2, "marker": 7, "trip_id": "NORMA_Trip1", "hrot_diff": 1, "sample_diff": 18, "time_diff_s": 0.36, "gps_distance_m": 2.4, "original_speed": "1136", "wheel_diameter_mm": 711.1999999999999, "braking_intensity": 0.0, "is_braking": false}}, {"type": "Feature", "geometry": {"type": "LineString", "coordinates": [[4.9103578, 52.3715691], [4.9103896, 52.3715645]]}, "properties": {"Speed": 13.4, "road_quality": 2, "marker": 7, "trip_id": "NORMA_Trip1", "hrot_diff": 1, "sample_diff": 15, "time_diff_s": 0.3, "gps_distance_m": 2.2, "original_speed": "1388", "wheel_diameter_mm": 711.1999999999999, "braking_intensity": 0.0, "is_braking": false}}, {"type": "Feature", "geometry": {"type": "LineString", "coordinates": [[4.9103896, 52.3715645], [4.9104402, 52.3715591]]}, "properties": {"Speed": 15.5, "road_quality": 2, "marker": 7, "trip_id": "NORMA_Trip1", "hrot_diff": 1, "sample_diff": 13, "time_diff_s": 0.26, "gps_distance_m": 3.5, "original_speed": "1538", "wheel_diameter_mm": 711.1999999999999, "braking_intensity": 0.0, "is_braking": false}}, {"type": "Feature", "geometry": {"type": "LineString", "coordinates": [[4.9104402, 52.3715591], [4.9104816, 52.3715533]]}, "properties": {"Speed": 14.4, "road_quality": 2, "marker": 7, "trip_id": "NORMA_Trip1", "hrot_diff": 1, "sample_diff": 14, "time_diff_s": 0.28, "gps_distance_m": 2.9, "original_speed": "1694", "wheel_diameter_mm": 711.1999999999999, "braking_intensity": 0.0, "is_braking": false}}, {"type": "Feature", "geometry": {"type": "LineString", "coordinates": [[4.9104816, 52.3715533], [4.9105284, 52.3715465]]}, "properties": {"Speed": 14.4, "road_quality": 2, "marker": 7, "trip_id": "NORMA_Trip1", "hrot_diff": 1, "sample_diff": 14, "time_diff_s": 0.28, "gps_distance_m": 3.3, "original_speed": "1886", "wheel_diameter_mm": 711.1999999999999, "braking_intensity": 0.0, "is_braking": false}}, {"type": "Feature", "geometry": {"type": "LineString", "coordinates": [[4.9105284, 52.3715465], [4.9105977, 52.3715324]]}, "properties": {"Speed": 15.5, "road_quality": 2, "marker": 7, "trip_id": "NORMA_Trip1", "hrot_diff": 1, "sample_diff": 13, "time_diff_s": 0.26, "gps_distance_m": 5.0, "original_speed": "1960", "wheel_diameter_mm": 711.1999999999999, "braking_intensity": 0.0, "is_braking": false}}, {"type": "Feature", "geometry": {"type": "LineString", "coordinates": [[4.9105977, 52.3715324], [4.910668, 52.3715238]]}, "properties": {"Speed": 14.4, "road_quality": 2, "marker": 7, "trip_id": "NORMA_Trip1", "hrot_diff": 1, "sample_diff": 14, "time_diff_s": 0.28, "gps_distance_m": 4.9, "original_speed": "2100", "wheel_diameter_mm": 711.1999999999999, "braking_intensity": 0.0, "is_braking": false}}, {"type": "Feature", "geometry": {"type": "LineString", "coordinates": [[4.910668, 52.3715238], [4.910744, 52.371507]]}, "properties": {"Speed": 20.1, "road_quality": 2, "marker": 7, "trip_id": "NORMA_Trip1", "hrot_diff": 1, "sample_diff": 10, "time_diff_s": 0.2, "gps_distance_m": 5.5, "original_speed": "2252", "wheel_diameter_mm": 711.1999999999999, "braking_intensity": 0.0, "is_braking": false}}, {"type": "Feature", "geometry": {"type": "LineString", "coordinates": [[4.910744, 52.371507], [4.9108093, 52.3714846]]}, "properties": {"Speed": 16.8, "road_quality": 2, "marker": 7, "trip_id": "NORMA_Trip1", "hrot_diff": 1, "sample_diff": 12, "time_diff_s": 0.24, "gps_distance_m": 5.1, "original_speed": "3097", "wheel_diameter_mm": 711.1999999999999, "braking_intensity": 0.0, "is_braking": false}}, {"type": "Feature", "geometry": {"type": "LineString", "coordinates": [[4.9108093, 52.3714846], [4.9108711, 52.3714637]]}, "properties": {"Speed": 13.4, "road_quality": 2, "marker": 7, "trip_id": "NORMA_Trip1", "hrot_diff": 1, "sample_diff": 15, "time_diff_s": 0.3, "gps_distance_m": 4.8, "original_speed": "2380", "wheel_diameter_mm": 711.1999999999999, "braking_intensity": 0.0, "is_braking": false}}, {"type": "Feature", "geometry": {"type": "LineString", "coordinates": [[4.9108711, 52.3714637], [4.9109403, 52.371443]]}, "properties": {"Speed": 13.4, "road_quality": 2, "marker": 7, "trip_id": "NORMA_Trip1", "hrot_diff": 1, "sample_diff": 15, "time_diff_s": 0.3, "gps_distance_m": 5.2, "original_speed": "2403", "wheel_diameter_mm": 711.1999999999999, "braking_intensity": 0.0, "is_braking": false}}, {"type": "Feature", "geometry": {"type": "LineString", "coordinates": [[4.9109403, 52.371443], [4.911006, 52.3714203]]}, "properties": {"Speed": 22.3, "road_quality": 3, "marker": 7, "trip_id": "NORMA_Trip1", "hrot_diff": 1, "sample_diff": 9, "time_diff_s": 0.18, "gps_distance_m": 5.1, "original_speed": "2521", "wheel_diameter_mm": 711.1999999999999, "braking_intensity": 0.0, "is_braking": false}}, {"type": "Feature", "geometry": {"type": "LineString", "coordinates": [[4.911006, 52.3714203], [4.9110599, 52.3713997]]}, "properties": {"Speed": 18.3, "road_quality": 3, "marker": 7, "trip_id": "NORMA_Trip1", "hrot_diff": 1, "sample_diff": 11, "time_diff_s": 0.22, "gps_distance_m": 4.3, "original_speed": "2192", "wheel_diameter_mm": 711.1999999999999, "braking_intensity": 0.0, "is_braking": false}}, {"type": "Feature", "geometry": {"type": "LineString", "coordinates": [[4.9110599, 52.3713997], [4.9111356, 52.3713776]]}, "properties": {"Speed": 25.1, "road_quality": 2, "marker": 6, "trip_id": "NORMA_Trip1", "hrot_diff": 1, "sample_diff": 8, "time_diff_s": 0.16, "gps_distance_m": 5.7, "original_speed": "-1", "wheel_diameter_mm": 711.1999999999999, "braking_intensity": 0.0, "is_braking": false}}, {"type": "Feature", "geometry": {"type": "LineString", "coordinates": [[4.9113352, 52.3713123], [4.9114053, 52.3712903]]}, "properties": {"Speed": 28.7, "road_quality": 3, "marker": 6, "trip_id": "NORMA_Trip1", "hrot_diff": 1, "sample_diff": 7, "time_diff_s": 0.14, "gps_distance_m": 5.4, "original_speed": "-1", "wheel_diameter_mm": 711.1999999999999, "braking_intensity": 0.0, "is_braking": false}}, {"type": "Feature", "geometry": {"type": "LineString", "coordinates": [[4.9114053, 52.3712903], [4.911484, 52.3712603]]}, "properties": {"Speed": 20.1, "road_quality": 4, "marker": 7, "trip_id": "NORMA_Trip1", "hrot_diff": 1, "sample_diff": 10, "time_diff_s": 0.2, "gps_distance_m": 6.3, "original_speed": "3365", "wheel_diameter_mm": 711.1999999999999, "braking_intensity": 0.0, "is_braking": false}}, {"type": "Feature", "geometry": {"type": "LineString", "coordinates": [[4.9116851, 52.3711679], [4.911732, 52.3711404]]}, "properties": {"Speed": 8.4, "road_quality": 3, "marker": 6, "trip_id": "NORMA_Trip1", "hrot_diff": 1, "sample_diff": 24, "time_diff_s": 0.48, "gps_distance_m": 4.4, "original_speed": "-1", "wheel_diameter_mm": 711.1999999999999, "braking_intensity": 0.0, "is_braking": false}}, {"type": "Feature", "geometry": {"type": "LineString", "coordinates": [[4.9118495, 52.3710743], [4.9119172, 52.371044]]}, "properties": {"Speed": 20.1, "road_quality": 3, "marker": 6, "trip_id": "NORMA_Trip1", "hrot_diff": 1, "sample_diff": 10, "time_diff_s": 0.2, "gps_distance_m": 5.7, "original_speed": "-1", "wheel_diameter_mm": 711.1999999999999, "braking_intensity": 0.0, "is_braking": false}}, {"type": "Feature", "geometry": {"type": "LineString", "coordinates": [[4.9119172, 52.371044], [4.911977, 52.371022]]}, "properties": {"Speed": 25.1, "road_quality": 3, "marker": 7, "trip_id": "NORMA_Trip1", "hrot_diff": 1, "sample_diff": 8, "time_diff_s": 0.16, "gps_distance_m": 4.7, "original_speed": "2192", "wheel_diameter_mm": 711.1999999999999, "braking_intensity": 0.0, "is_braking": false}}, {"type": "Feature", "geometry": {"type": "LineString", "coordinates": [[4.9120418, 52.3709987], [4.9121296, 52.3709784]]}, "properties": {"Speed": 18.3, "road_quality": 3, "marker": 6, "trip_id": "NORMA_Trip1", "hrot_diff": 1, "sample_diff": 11, "time_diff_s": 0.22, "gps_distance_m": 6.4, "original_speed": "-1", "wheel_diameter_mm": 711.1999999999999, "braking_intensity": 0.0, "is_braking": false}}, {"type": "Feature", "geometry": {"type": "LineString", "coordinates": [[4.9121296, 52.3709784], [4.9121985, 52.3709675]]}, "properties": {"Speed": 15.5, "road_quality": 2, "marker": 7, "trip_id": "NORMA_Trip1", "hrot_diff": 1, "sample_diff": 13, "time_diff_s": 0.26, "gps_distance_m": 4.8, "original_speed": "2450", "wheel_diameter_mm": 711.1999999999999, "braking_intensity": 0.0, "is_braking": false}}, {"type": "Feature", "geometry": {"type": "LineString", "coordinates": [[4.9121985, 52.3709675], [4.9122657, 52.3709539]]}, "properties": {"Speed": 22.3, "road_quality": 2, "marker": 7, "trip_id": "NORMA_Trip1", "hrot_diff": 1, "sample_diff": 9, "time_diff_s": 0.18, "gps_distance_m": 4.8, "original_speed": "2586", "wheel_diameter_mm": 711.1999999999999, "braking_intensity": 0.0, "is_braking": false}}, {"type": "Feature", "geometry": {"type": "LineString", "coordinates": [[4.9122657, 52.3709539], [4.9123209, 52.3709511]]}, "properties": {"Speed": 18.3, "road_quality": 3, "marker": 7, "trip_id": "NORMA_Trip1", "hrot_diff": 1, "sample_diff": 11, "time_diff_s": 0.22, "gps_distance_m": 3.8, "original_speed": "2475", "wheel_diameter_mm": 711.1999999999999, "braking_intensity": 0.0, "is_braking": false}}, {"type": "Feature", "geometry": {"type": "LineString", "coordinates": [[4.9123209, 52.3709511], [4.9123853, 52.3709497]]}, "properties": {"Speed": 20.1, "road_quality": 3, "marker": 7, "trip_id": "NORMA_Trip1", "hrot_diff": 1, "sample_diff": 10, "time_diff_s": 0.2, "gps_distance_m": 4.4, "original_speed": "2314", "wheel_diameter_mm": 711.1999999999999, "braking_intensity": 0.0, "is_braking": false}}, {"type": "Feature", "geometry": {"type": "LineString", "coordinates": [[4.9123853, 52.3709497], [4.9124635, 52.3709394]]}, "properties": {"Speed": 18.3, "road_quality": 3, "marker": 7, "trip_id": "NORMA_Trip1", "hrot_diff": 1, "sample_diff": 11, "time_diff_s": 0.22, "gps_distance_m": 5.4, "original_speed": "2475", "wheel_diameter_mm": 711.1999999999999, "braking_intensity": 0.0, "is_braking": false}}, {"type": "Feature", "geometry": {"type": "LineString", "coordinates": [[4.9124635, 52.3709394], [4.9125361, 52.370925]]}, "properties": {"Speed": 25.1, "road_quality": 3, "marker": 7, "trip_id": "NORMA_Trip1", "hrot_diff": 1, "sample_diff": 8, "time_diff_s": 0.16, "gps_distance_m": 5.2, "original_speed": "2500", "wheel_diameter_mm": 711.1999999999999, "braking_intensity": 0.0, "is_braking": false}}, {"type": "Feature", "geometry": {"type": "LineString", "coordinates": [[4.9126735, 52.370901], [4.9127529, 52.3708837]]}, "properties": {"Speed": 22.3, "road_quality": 2, "marker": 7, "trip_id": "NORMA_Trip1", "hrot_diff": 1, "sample_diff": 9, "time_diff_s": 0.18, "gps_distance_m": 5.7, "original_speed": "2427", "wheel_diameter_mm": 711.1999999999999, "braking_intensity": 0.0, "is_braking": false}}, {"type": "Feature", "geometry": {"type": "LineString", "coordinates": [[4.9127529, 52.3708837], [4.9128415, 52.3708688]]}, "properties": {"Speed": 18.3, "road_quality": 2, "marker": 7, "trip_id": "NORMA_Trip1", "hrot_diff": 1, "sample_diff": 11, "time_diff_s": 0.22, "gps_distance_m": 6.2, "original_speed": "2475", "wheel_diameter_mm": 711.1999999999999, "braking_intensity": 0.0, "is_braking": false}}, {"type": "Feature", "geometry": {"type": "LineString", "coordinates": [[4.9128415, 52.3708688], [4.9129289, 52.3708429]]}, "properties": {"Speed": 25.1, "road_quality": 2, "marker": 7, "trip_id": "NORMA_Trip1", "hrot_diff": 1, "sample_diff": 8, "time_diff_s": 0.16, "gps_distance_m": 6.6, "original_speed": "2475", "wheel_diameter_mm": 711.1999999999999, "braking_intensity": 0.0, "is_braking": false}}, {"type": "Feature", "geometry": {"type": "LineString", "coordinates": [[4.9129289, 52.3708429], [4.9129995, 52.3708253]]}, "properties": {"Speed": 15.5, "road_quality": 2, "marker": 7, "trip_id": "NORMA_Trip1", "hrot_diff": 1, "sample_diff": 13, "time_diff_s": 0.26, "gps_distance_m": 5.2, "original_speed": "2752", "wheel_diameter_mm": 711.1999999999999, "braking_intensity": 0.0, "is_braking": false}}, {"type": "Feature", "geometry": {"type": "LineString", "coordinates": [[4.9129995, 52.3708253], [4.9130858, 52.3707983]]}, "properties": {"Speed": 22.3, "road_quality": 2, "marker": 7, "trip_id": "NORMA_Trip1", "hrot_diff": 1, "sample_diff": 9, "time_diff_s": 0.18, "gps_distance_m": 6.6, "original_speed": "2631", "wheel_diameter_mm": 711.1999999999999, "braking_intensity": 0.0, "is_braking": false}}, {"type": "Feature", "geometry": {"type": "LineString", "coordinates": [[4.9130858, 52.3707983], [4.9131642, 52.3707728]]}, "properties": {"Speed": 20.1, "road_quality": 3, "marker": 7, "trip_id": "NORMA_Trip1", "hrot_diff": 1, "sample_diff": 10, "time_diff_s": 0.2, "gps_distance_m": 6.0, "original_speed": "2912", "wheel_diameter_mm": 711.1999999999999, "braking_intensity": 0.0, "is_braking": false}}, {"type": "Feature", "geometry": {"type": "LineString", "coordinates": [[4.9131642, 52.3707728], [4.9132257, 52.3707449]]}, "properties": {"Speed": 20.1, "road_quality": 3, "marker": 7, "trip_id": "NORMA_Trip1", "hrot_diff": 1, "sample_diff": 10, "time_diff_s": 0.2, "gps_distance_m": 5.2, "original_speed": "2912", "wheel_diameter_mm": 711.1999999999999, "braking_intensity": 0.0, "is_braking": false}}, {"type": "Feature", "geometry": {"type": "LineString", "coordinates": [[4.9132257, 52.3707449], [4.9133022, 52.370722]]}, "properties": {"Speed": 25.1, "road_quality": 2, "marker": 7, "trip_id": "NORMA_Trip1", "hrot_diff": 1, "sample_diff": 8, "time_diff_s": 0.16, "gps_distance_m": 5.8, "original_speed": "2752", "wheel_diameter_mm": 711.1999999999999, "braking_intensity": 0.0, "is_braking": false}}, {"type": "Feature", "geometry": {"type": "LineString", "coordinates": [[4.9133022, 52.370722], [4.9133782, 52.370696]]}, "properties": {"Speed": 20.1, "road_quality": 2, "marker": 7, "trip_id": "NORMA_Trip1", "hrot_diff": 1, "sample_diff": 10, "time_diff_s": 0.2, "gps_distance_m": 5.9, "original_speed": "2803", "wheel_diameter_mm": 711.1999999999999, "braking_intensity": 0.0, "is_braking": false}}, {"type": "Feature", "geometry": {"type": "LineString", "coordinates": [[4.9133782, 52.370696], [4.9134361, 52.3706769]]}, "properties": {"Speed": 20.1, "road_quality": 2, "marker": 7, "trip_id": "NORMA_Trip1", "hrot_diff": 1, "sample_diff": 10, "time_diff_s": 0.2, "gps_distance_m": 4.5, "original_speed": "2830", "wheel_diameter_mm": 711.1999999999999, "braking_intensity": 0.0, "is_braking": false}}, {"type": "Feature", "geometry": {"type": "LineString", "coordinates": [[4.9134361, 52.3706769], [4.9134947, 52.3706563]]}, "properties": {"Speed": 7.4, "road_quality": 2, "marker": 7, "trip_id": "NORMA_Trip1", "hrot_diff": 1, "sample_diff": 27, "time_diff_s": 0.54, "gps_distance_m": 4.6, "original_speed": "1869", "wheel_diameter_mm": 711.1999999999999, "braking_intensity": 0.0, "is_braking": false}}, {"type": "Feature", "geometry": {"type": "LineString", "coordinates": [[4.9134947, 52.3706563], [4.9135563, 52.3706358]]}, "properties": {"Speed": 22.3, "road_quality": 2, "marker": 6, "trip_id": "NORMA_Trip1", "hrot_diff": 1, "sample_diff": 9, "time_diff_s": 0.18, "gps_distance_m": 4.8, "original_speed": "-1", "wheel_diameter_mm": 711.1999999999999, "braking_intensity": 0.0, "is_braking": false}}, {"type": "Feature", "geometry": {"type": "LineString", "coordinates": [[4.9136322, 52.3706188], [4.9136987, 52.3706083]]}, "properties": {"Speed": 25.1, "road_quality": 3, "marker": 7, "trip_id": "NORMA_Trip1", "hrot_diff": 1, "sample_diff": 8, "time_diff_s": 0.16, "gps_distance_m": 4.7, "original_speed": "2857", "wheel_diameter_mm": 711.1999999999999, "braking_intensity": 0.0, "is_braking": false}}, {"type": "Feature", "geometry": {"type": "LineString", "coordinates": [[4.9136987, 52.3706083], [4.9137609, 52.3706061]]}, "properties": {"Speed": 33.5, "road_quality": 3, "marker": 7, "trip_id": "NORMA_Trip1", "hrot_diff": 1, "sample_diff": 6, "time_diff_s": 0.12, "gps_distance_m": 4.2, "original_speed": "2631", "wheel_diameter_mm": 711.1999999999999, "braking_intensity": 0.0, "is_braking": false}}, {"type": "Feature", "geometry": {"type": "LineString", "coordinates": [[4.9137609, 52.3706061], [4.9138281, 52.3706069]]}, "properties": {"Speed": 18.3, "road_quality": 3, "marker": 7, "trip_id": "NORMA_Trip1", "hrot_diff": 1, "sample_diff": 11, "time_diff_s": 0.22, "gps_distance_m": 4.6, "original_speed": "2803", "wheel_diameter_mm": 711.1999999999999, "braking_intensity": 0.0, "is_braking": false}}, {"type": "Feature", "geometry": {"type": "LineString", "coordinates": [[4.9138281, 52.3706069], [4.9139159, 52.3706166]]}, "properties": {"Speed": 18.3, "road_quality": 3, "marker": 7, "trip_id": "NORMA_Trip1", "hrot_diff": 1, "sample_diff": 11, "time_diff_s": 0.22, "gps_distance_m": 6.1, "original_speed": "2857", "wheel_diameter_mm": 711.1999999999999, "braking_intensity": 0.0, "is_braking": false}}, {"type": "Feature", "geometry": {"type": "LineString", "coordinates": [[4.9139159, 52.3706166], [4.9140051, 52.3706267]]}, "properties": {"Speed": 33.5, "road_quality": 3, "marker": 7, "trip_id": "NORMA_Trip1", "hrot_diff": 1, "sample_diff": 6, "time_diff_s": 0.12, "gps_distance_m": 6.2, "original_speed": "2884", "wheel_diameter_mm": 711.1999999999999, "braking_intensity": 0.0, "is_braking": false}}, {"type": "Feature", "geometry": {"type": "LineString", "coordinates": [[4.9140051, 52.3706267], [4.9140903, 52.370639]]}, "properties": {"Speed": 25.1, "road_quality": 3, "marker": 7, "trip_id": "NORMA_Trip1", "hrot_diff": 1, "sample_diff": 8, "time_diff_s": 0.16, "gps_distance_m": 5.9, "original_speed": "3153", "wheel_diameter_mm": 711.1999999999999, "braking_intensity": 0.0, "is_braking": false}}, {"type": "Feature", "geometry": {"type": "LineString", "coordinates": [[4.9140903, 52.370639], [4.9141779, 52.3706591]]}, "properties": {"Speed": 28.7, "road_quality": 3, "marker": 7, "trip_id": "NORMA_Trip1", "hrot_diff": 1, "sample_diff": 7, "time_diff_s": 0.14, "gps_distance_m": 6.4, "original_speed": "2678", "wheel_diameter_mm": 711.1999999999999, "braking_intensity": 0.0, "is_braking": false}}, {"type": "Feature", "geometry": {"type": "LineString", "coordinates": [[4.9141779, 52.3706591], [4.9142669, 52.3706872]]}, "properties": {"Speed": 18.6, "road_quality": 3, "marker": 7, "trip_id": "NORMA_Trip1", "hrot_diff": 1, "sample_diff": 10, "time_diff_s": 0.216, "gps_distance_m": 6.8, "original_speed": "2314", "wheel_diameter_mm": 711.1999999999999, "braking_intensity": 0.0, "is_braking": false}}, {"type": "Feature", "geometry": {"type": "LineString", "coordinates": [[4.9142669, 52.3706872], [4.9143527, 52.3707221]]}, "properties": {"Speed": 16.8, "road_quality": 3, "marker": 6, "trip_id": "NORMA_Trip1", "hrot_diff": 1, "sample_diff": 12, "time_diff_s": 0.24, "gps_distance_m": 7.0, "original_speed": "-1", "wheel_diameter_mm": 711.1999999999999, "braking_intensity": 0.0, "is_braking": false}}, {"type": "Feature", "geometry": {"type": "LineString", "coordinates": [[4.9143527, 52.3707221], [4.9144277, 52.3707552]]}, "properties": {"Speed": 22.3, "road_quality": 2, "marker": 6, "trip_id": "NORMA_Trip1", "hrot_diff": 1, "sample_diff": 9, "time_diff_s": 0.18, "gps_distance_m": 6.3, "original_speed": "-1", "wheel_diameter_mm": 711.1999999999999, "braking_intensity": 0.0, "is_braking": false}}, {"type": "Feature", "geometry": {"type": "LineString", "coordinates": [[4.9144277, 52.3707552], [4.9145023, 52.3707875]]}, "properties": {"Speed": 14.4, "road_quality": 3, "marker": 7, "trip_id": "NORMA_Trip1", "hrot_diff": 1, "sample_diff": 14, "time_diff_s": 0.28, "gps_distance_m": 6.2, "original_speed": "2475", "wheel_diameter_mm": 711.1999999999999, "braking_intensity": 0.0, "is_braking": false}}, {"type": "Feature", "geometry": {"type": "LineString", "coordinates": [[4.9145737, 52.3708211], [4.914627, 52.3708468]]}, "properties": {"Speed": 12.6, "road_quality": 3, "marker": 7, "trip_id": "NORMA_Trip1", "hrot_diff": 1, "sample_diff": 16, "time_diff_s": 0.32, "gps_distance_m": 4.6, "original_speed": "2380", "wheel_diameter_mm": 711.1999999999999, "braking_intensity": 0.0, "is_braking": false}}, {"type": "Feature", "geometry": {"type": "LineString", "coordinates": [[4.914627, 52.3708468], [4.9146875, 52.3708739]]}, "properties": {"Speed": 22.3, "road_quality": 3, "marker": 7, "trip_id": "NORMA_Trip1", "hrot_diff": 1, "sample_diff": 9, "time_diff_s": 0.18, "gps_distance_m": 5.1, "original_speed": "2336", "wheel_diameter_mm": 711.1999999999999, "braking_intensity": 0.0, "is_braking": false}}, {"type": "Feature", "geometry": {"type": "LineString", "coordinates": [[4.9146875, 52.3708739], [4.9147454, 52.3708985]]}, "properties": {"Speed": 20.1, "road_quality": 3, "marker": 7, "trip_id": "NORMA_Trip1", "hrot_diff": 1, "sample_diff": 10, "time_diff_s": 0.2, "gps_distance_m": 4.8, "original_speed": "2336", "wheel_diameter_mm": 711.1999999999999, "braking_intensity": 0.0, "is_braking": false}}, {"type": "Feature", "geometry": {"type": "LineString", "coordinates": [[4.9147454, 52.3708985], [4.9148065, 52.370922]]}, "properties": {"Speed": 15.5, "road_quality": 3, "marker": 7, "trip_id": "NORMA_Trip1", "hrot_diff": 1, "sample_diff": 13, "time_diff_s": 0.26, "gps_distance_m": 4.9, "original_speed": "2427", "wheel_diameter_mm": 711.1999999999999, "braking_intensity": 0.0, "is_braking": false}}, {"type": "Feature", "geometry": {"type": "LineString", "coordinates": [[4.9148065, 52.370922], [4.914905, 52.3709567]]}, "properties": {"Speed": 18.3, "road_quality": 3, "marker": 6, "trip_id": "NORMA_Trip1", "hrot_diff": 1, "sample_diff": 11, "time_diff_s": 0.22, "gps_distance_m": 7.7, "original_speed": "-1", "wheel_diameter_mm": 711.1999999999999, "braking_intensity": 0.0, "is_braking": false}}, {"type": "Feature", "geometry": {"type": "LineString", "coordinates": [[4.914905, 52.3709567], [4.9149876, 52.3709868]]}, "properties": {"Speed": 11.8, "road_quality": 2, "marker": 6, "trip_id": "NORMA_Trip1", "hrot_diff": 1, "sample_diff": 17, "time_diff_s": 0.34, "gps_distance_m": 6.5, "original_speed": "-1", "wheel_diameter_mm": 711.1999999999999, "braking_intensity": 0.0, "is_braking": false}}, {"type": "Feature", "geometry": {"type": "LineString", "coordinates": [[4.9149876, 52.3709868], [4.9150658, 52.3710075]]}, "properties": {"Speed": 25.1, "road_quality": 3, "marker": 7, "trip_id": "NORMA_Trip1", "hrot_diff": 1, "sample_diff": 8, "time_diff_s": 0.16, "gps_distance_m": 5.8, "original_speed": "2542", "wheel_diameter_mm": 711.1999999999999, "braking_intensity": 0.0, "is_braking": false}}, {"type": "Feature", "geometry": {"type": "LineString", "coordinates": [[4.9150658, 52.3710075], [4.9151488, 52.3710297]]}, "properties": {"Speed": 12.6, "road_quality": 3, "marker": 7, "trip_id": "NORMA_Trip1", "hrot_diff": 1, "sample_diff": 16, "time_diff_s": 0.32, "gps_distance_m": 6.2, "original_speed": "2403", "wheel_diameter_mm": 711.1999999999999, "braking_intensity": 0.0, "is_braking": false}}, {"type": "Feature", "geometry": {"type": "LineString", "coordinates": [[4.9151488, 52.3710297], [4.9152328, 52.3710478]]}, "properties": {"Speed": 16.8, "road_quality": 3, "marker": 7, "trip_id": "NORMA_Trip1", "hrot_diff": 1, "sample_diff": 12, "time_diff_s": 0.24, "gps_distance_m": 6.0, "original_speed": "2232", "wheel_diameter_mm": 711.1999999999999, "braking_intensity": 0.0, "is_braking": false}}, {"type": "Feature", "geometry": {"type": "LineString", "coordinates": [[4.9152328, 52.3710478], [4.915277, 52.3710712]]}, "properties": {"Speed": 16.8, "road_quality": 2, "marker": 7, "trip_id": "NORMA_Trip1", "hrot_diff": 1, "sample_diff": 12, "time_diff_s": 0.24, "gps_distance_m": 4.0, "original_speed": "2155", "wheel_diameter_mm": 711.1999999999999, "braking_intensity": 0.0, "is_braking": false}}, {"type": "Feature", "geometry": {"type": "LineString", "coordinates": [[4.915277, 52.3710712], [4.9153313, 52.3710942]]}, "properties": {"Speed": 11.2, "road_quality": 2, "marker": 7, "trip_id": "NORMA_Trip1", "hrot_diff": 1, "sample_diff": 18, "time_diff_s": 0.36, "gps_distance_m": 4.5, "original_speed": "1960", "wheel_diameter_mm": 711.1999999999999, "braking_intensity": 0.0, "is_braking": false}}, {"type": "Feature", "geometry": {"type": "LineString", "coordinates": [[4.9153313, 52.3710942], [4.9153819, 52.3711164]]}, "properties": {"Speed": 13.4, "road_quality": 2, "marker": 7, "trip_id": "NORMA_Trip1", "hrot_diff": 1, "sample_diff": 15, "time_diff_s": 0.3, "gps_distance_m": 4.2, "original_speed": "1801", "wheel_diameter_mm": 711.1999999999999, "braking_intensity": 0.0, "is_braking": false}}, {"type": "Feature", "geometry": {"type": "LineString", "coordinates": [[4.9153819, 52.3711164], [4.915402, 52.3711208]]}, "properties": {"Speed": 16.8, "road_quality": 2, "marker": 7, "trip_id": "NORMA_Trip1", "hrot_diff": 1, "sample_diff": 12, "time_diff_s": 0.24, "gps_distance_m": 1.4, "original_speed": "1724", "wheel_diameter_mm": 711.1999999999999, "braking_intensity": 0.0, "is_braking": false}}, {"type": "Feature", "geometry": {"type": "LineString", "coordinates": [[4.915402, 52.3711208], [4.9154389, 52.3711125]]}, "properties": {"Speed": 15.5, "road_quality": 2, "marker": 7, "trip_id": "NORMA_Trip1", "hrot_diff": 1, "sample_diff": 13, "time_diff_s": 0.26, "gps_distance_m": 2.7, "original_speed": "1666", "wheel_diameter_mm": 711.1999999999999, "braking_intensity": 0.0, "is_braking": false}}, {"type": "Feature", "geometry": {"type": "LineString", "coordinates": [[4.9154389, 52.3711125], [4.9154846, 52.3710977]]}, "properties": {"Speed": 16.8, "road_quality": 2, "marker": 7, "trip_id": "NORMA_Trip1", "hrot_diff": 1, "sample_diff": 12, "time_diff_s": 0.24, "gps_distance_m": 3.5, "original_speed": "1984", "wheel_diameter_mm": 711.1999999999999, "braking_intensity": 0.0, "is_braking": false}}, {"type": "Feature", "geometry": {"type": "LineString", "coordinates": [[4.9154846, 52.3710977], [4.9155357, 52.3710657]]}, "properties": {"Speed": 22.3, "road_quality": 2, "marker": 7, "trip_id": "NORMA_Trip1", "hrot_diff": 1, "sample_diff": 9, "time_diff_s": 0.18, "gps_distance_m": 5.0, "original_speed": "2173", "wheel_diameter_mm": 711.1999999999999, "braking_intensity": 0.0, "is_braking": false}}, {"type": "Feature", "geometry": {"type": "LineString", "coordinates": [[4.9155357, 52.3710657], [4.9155837, 52.3710288]]}, "properties": {"Speed": 18.3, "road_quality": 2, "marker": 7, "trip_id": "NORMA_Trip1", "hrot_diff": 1, "sample_diff": 11, "time_diff_s": 0.22, "gps_distance_m": 5.2, "original_speed": "2403", "wheel_diameter_mm": 711.1999999999999, "braking_intensity": 0.0, "is_braking": false}}, {"type": "Feature", "geometry": {"type": "LineString", "coordinates": [[4.9155837, 52.3710288], [4.9156452, 52.3709974]]}, "properties": {"Speed": 20.1, "road_quality": 3, "marker": 7, "trip_id": "NORMA_Trip1", "hrot_diff": 1, "sample_diff": 10, "time_diff_s": 0.2, "gps_distance_m": 5.4, "original_speed": "2500", "wheel_diameter_mm": 711.1999999999999, "braking_intensity": 0.0, "is_braking": false}}, {"type": "Feature", "geometry": {"type": "LineString", "coordinates": [[4.9156452, 52.3709974], [4.9157, 52.3709763]]}, "properties": {"Speed": 20.1, "road_quality": 2, "marker": 7, "trip_id": "NORMA_Trip1", "hrot_diff": 1, "sample_diff": 10, "time_diff_s": 0.2, "gps_distance_m": 4.4, "original_speed": "2586", "wheel_diameter_mm": 711.1999999999999, "braking_intensity": 0.0, "is_braking": false}}, {"type": "Feature", "geometry": {"type": "LineString", "coordinates": [[4.9157, 52.3709763], [4.9157713, 52.3709512]]}, "properties": {"Speed": 18.3, "road_quality": 3, "marker": 7, "trip_id": "NORMA_Trip1", "hrot_diff": 1, "sample_diff": 11, "time_diff_s": 0.22, "gps_distance_m": 5.6, "original_speed": "2727", "wheel_diameter_mm": 711.1999999999999, "braking_intensity": 0.0, "is_braking": false}}, {"type": "Feature", "geometry": {"type": "LineString", "coordinates": [[4.9157713, 52.3709512], [4.9158479, 52.3709248]]}, "properties": {"Speed": 16.8, "road_quality": 3, "marker": 7, "trip_id": "NORMA_Trip1", "hrot_diff": 1, "sample_diff": 12, "time_diff_s": 0.24, "gps_distance_m": 6.0, "original_speed": "2803", "wheel_diameter_mm": 711.1999999999999, "braking_intensity": 0.0, "is_braking": false}}, {"type": "Feature", "geometry": {"type": "LineString", "coordinates": [[4.9158479, 52.3709248], [4.9159307, 52.3708966]]}, "properties": {"Speed": 25.1, "road_quality": 2, "marker": 7, "trip_id": "NORMA_Trip1", "hrot_diff": 1, "sample_diff": 8, "time_diff_s": 0.16, "gps_distance_m": 6.4, "original_speed": "2857", "wheel_diameter_mm": 711.1999999999999, "braking_intensity": 0.0, "is_braking": false}}, {"type": "Feature", "geometry": {"type": "LineString", "coordinates": [[4.9159307, 52.3708966], [4.9160175, 52.370869]]}, "properties": {"Speed": 33.5, "road_quality": 2, "marker": 7, "trip_id": "NORMA_Trip1", "hrot_diff": 1, "sample_diff": 6, "time_diff_s": 0.12, "gps_distance_m": 6.6, "original_speed": "2912", "wheel_diameter_mm": 711.1999999999999, "braking_intensity": 0.0, "is_braking": false}}, {"type": "Feature", "geometry": {"type": "LineString", "coordinates": [[4.9160175, 52.370869], [4.9160827, 52.3708466]]}, "properties": {"Speed": 8.4, "road_quality": 3, "marker": 7, "trip_id": "NORMA_Trip1", "hrot_diff": 1, "sample_diff": 24, "time_diff_s": 0.48, "gps_distance_m": 5.1, "original_speed": "2272", "wheel_diameter_mm": 711.1999999999999, "braking_intensity": 0.0, "is_braking": false}}, {"type": "Feature", "geometry": {"type": "LineString", "coordinates": [[4.9160827, 52.3708466], [4.9161747, 52.3708172]]}, "properties": {"Speed": 22.3, "road_quality": 3, "marker": 6, "trip_id": "NORMA_Trip1", "hrot_diff": 1, "sample_diff": 9, "time_diff_s": 0.18, "gps_distance_m": 7.0, "original_speed": "-1", "wheel_diameter_mm": 711.1999999999999, "braking_intensity": 0.0, "is_braking": false}}, {"type": "Feature", "geometry": {"type": "LineString", "coordinates": [[4.9161747, 52.3708172], [4.9162634, 52.3707878]]}, "properties": {"Speed": 9.6, "road_quality": 2, "marker": 6, "trip_id": "NORMA_Trip1", "hrot_diff": 1, "sample_diff": 21, "time_diff_s": 0.42, "gps_distance_m": 6.9, "original_speed": "-1", "wheel_diameter_mm": 711.1999999999999, "braking_intensity": 0.0, "is_braking": false}}, {"type": "Feature", "geometry": {"type": "LineString", "coordinates": [[4.9162634, 52.3707878], [4.9163425, 52.3707673]]}, "properties": {"Speed": 8.4, "road_quality": 3, "marker": 6, "trip_id": "NORMA_Trip1", "hrot_diff": 1, "sample_diff": 24, "time_diff_s": 0.48, "gps_distance_m": 5.8, "original_speed": "-1", "wheel_diameter_mm": 711.1999999999999, "braking_intensity": 0.0, "is_braking": false}}, {"type": "Feature", "geometry": {"type": "LineString", "coordinates": [[4.9163425, 52.3707673], [4.9164122, 52.3707451]]}, "properties": {"Speed": 22.3, "road_quality": 3, "marker": 6, "trip_id": "NORMA_Trip1", "hrot_diff": 1, "sample_diff": 9, "time_diff_s": 0.18, "gps_distance_m": 5.3, "original_speed": "-1", "wheel_diameter_mm": 711.1999999999999, "braking_intensity": 0.0, "is_braking": false}}, {"type": "Feature", "geometry": {"type": "LineString", "coordinates": [[4.9164122, 52.3707451], [4.9164877, 52.3707242]]}, "properties": {"Speed": 9.1, "road_quality": 3, "marker": 7, "trip_id": "NORMA_Trip1", "hrot_diff": 1, "sample_diff": 22, "time_diff_s": 0.44, "gps_distance_m": 5.6, "original_speed": "2314", "wheel_diameter_mm": 711.1999999999999, "braking_intensity": 0.0, "is_braking": false}}, {"type": "Feature", "geometry": {"type": "LineString", "coordinates": [[4.9164877, 52.3707242], [4.9165601, 52.3706978]]}, "properties": {"Speed": 28.7, "road_quality": 2, "marker": 6, "trip_id": "NORMA_Trip1", "hrot_diff": 1, "sample_diff": 7, "time_diff_s": 0.14, "gps_distance_m": 5.7, "original_speed": "-1", "wheel_diameter_mm": 711.1999999999999, "braking_intensity": 0.0, "is_braking": false}}, {"type": "Feature", "geometry": {"type": "LineString", "coordinates": [[4.9165601, 52.3706978], [4.9166438, 52.370662]]}, "properties": {"Speed": 3.7, "road_quality": 2, "marker": 6, "trip_id": "NORMA_Trip1", "hrot_diff": 1, "sample_diff": 54, "time_diff_s": 1.08, "gps_distance_m": 6.9, "original_speed": "-1", "wheel_diameter_mm": 711.1999999999999, "braking_intensity": 0.0, "is_braking": false}}, {"type": "Feature", "geometry": {"type": "LineString", "coordinates": [[4.9166438, 52.370662], [4.9167243, 52.3706367]]}, "properties": {"Speed": 9.1, "road_quality": 2, "marker": 7, "trip_id": "NORMA_Trip1", "hrot_diff": 1, "sample_diff": 22, "time_diff_s": 0.44, "gps_distance_m": 6.1, "original_speed": "806", "wheel_diameter_mm": 711.1999999999999, "braking_intensity": 0.0, "is_braking": false}}, {"type": "Feature", "geometry": {"type": "LineString", "coordinates": [[4.9167243, 52.3706367], [4.9167776, 52.3706067]]}, "properties": {"Speed": 8.7, "road_quality": 2, "marker": 6, "trip_id": "NORMA_Trip1", "hrot_diff": 1, "sample_diff": 23, "time_diff_s": 0.46, "gps_distance_m": 4.9, "original_speed": "-1", "wheel_diameter_mm": 711.1999999999999, "braking_intensity": 0.0, "is_braking": false}}, {"type": "Feature", "geometry": {"type": "LineString", "coordinates": [[4.9168528, 52.3705711], [4.9169462, 52.3705362]]}, "properties": {"Speed": 25.1, "road_quality": 2, "marker": 6, "trip_id": "NORMA_Trip1", "hrot_diff": 1, "sample_diff": 8, "time_diff_s": 0.16, "gps_distance_m": 7.4, "original_speed": "-1", "wheel_diameter_mm": 711.1999999999999, "braking_intensity": 0.0, "is_braking": false}}, {"type": "Feature", "geometry": {"type": "LineString", "coordinates": [[4.9169462, 52.3705362], [4.9170375, 52.3705076]]}, "properties": {"Speed": 28.7, "road_quality": 2, "marker": 6, "trip_id": "NORMA_Trip1", "hrot_diff": 1, "sample_diff": 7, "time_diff_s": 0.14, "gps_distance_m": 7.0, "original_speed": "-1", "wheel_diameter_mm": 711.1999999999999, "braking_intensity": 0.0, "is_braking": false}}, {"type": "Feature", "geometry": {"type": "LineString", "coordinates": [[4.9170375, 52.3705076], [4.9171262, 52.370477]]}, "properties": {"Speed": 28.7, "road_quality": 2, "marker": 7, "trip_id": "NORMA_Trip1", "hrot_diff": 1, "sample_diff": 7, "time_diff_s": 0.14, "gps_distance_m": 6.9, "original_speed": "3211", "wheel_diameter_mm": 711.1999999999999, "braking_intensity": 0.0, "is_braking": false}}, {"type": "Feature", "geometry": {"type": "LineString", "coordinates": [[4.9171262, 52.370477], [4.9172254, 52.3704432]]}, "properties": {"Speed": 33.5, "road_quality": 2, "marker": 7, "trip_id": "NORMA_Trip1", "hrot_diff": 1, "sample_diff": 6, "time_diff_s": 0.12, "gps_distance_m": 7.7, "original_speed": "3301", "wheel_diameter_mm": 711.1999999999999, "braking_intensity": 0.0, "is_braking": false}}, {"type": "Feature", "geometry": {"type": "LineString", "coordinates": [[4.9172254, 52.3704432], [4.9173085, 52.3704214]]}, "properties": {"Speed": 20.1, "road_quality": 2, "marker": 7, "trip_id": "NORMA_Trip1", "hrot_diff": 1, "sample_diff": 10, "time_diff_s": 0.2, "gps_distance_m": 6.1, "original_speed": "3181", "wheel_diameter_mm": 711.1999999999999, "braking_intensity": 0.0, "is_braking": false}}, {"type": "Feature", "geometry": {"type": "LineString", "coordinates": [[4.9173085, 52.3704214], [4.9173912, 52.3704001]]}, "properties": {"Speed": 40, "road_quality": 3, "marker": 7, "trip_id": "NORMA_Trip1", "hrot_diff": 1, "sample_diff": 5, "time_diff_s": 0.1, "gps_distance_m": 6.1, "original_speed": "3240", "wheel_diameter_mm": 711.1999999999999, "braking_intensity": 0.0, "is_braking": false}}, {"type": "Feature", "geometry": {"type": "LineString", "coordinates": [[4.9173912, 52.3704001], [4.9174754, 52.3703793]]}, "properties": {"Speed": 25.1, "road_quality": 3, "marker": 7, "trip_id": "NORMA_Trip1", "hrot_diff": 1, "sample_diff": 8, "time_diff_s": 0.16, "gps_distance_m": 6.2, "original_speed": "2803", "wheel_diameter_mm": 711.1999999999999, "braking_intensity": 0.0, "is_braking": false}}, {"type": "Feature", "geometry": {"type": "LineString", "coordinates": [[4.9174754, 52.3703793], [4.9175479, 52.3703563]]}, "properties": {"Speed": 28.7, "road_quality": 2, "marker": 6, "trip_id": "NORMA_Trip1", "hrot_diff": 1, "sample_diff": 7, "time_diff_s": 0.14, "gps_distance_m": 5.5, "original_speed": "-1", "wheel_diameter_mm": 711.1999999999999, "braking_intensity": 0.0, "is_braking": false}}, {"type": "Feature", "geometry": {"type": "LineString", "coordinates": [[4.9175479, 52.3703563], [4.9176174, 52.370331]]}, "properties": {"Speed": 22.3, "road_quality": 2, "marker": 6, "trip_id": "NORMA_Trip1", "hrot_diff": 1, "sample_diff": 9, "time_diff_s": 0.18, "gps_distance_m": 5.5, "original_speed": "-1", "wheel_diameter_mm": 711.1999999999999, "braking_intensity": 0.0, "is_braking": false}}, {"type": "Feature", "geometry": {"type": "LineString", "coordinates": [[4.9176174, 52.370331], [4.9177001, 52.3703042]]}, "properties": {"Speed": 20.1, "road_quality": 2, "marker": 7, "trip_id": "NORMA_Trip1", "hrot_diff": 1, "sample_diff": 10, "time_diff_s": 0.2, "gps_distance_m": 6.4, "original_speed": "3181", "wheel_diameter_mm": 711.1999999999999, "braking_intensity": 0.0, "is_braking": false}}, {"type": "Feature", "geometry": {"type": "LineString", "coordinates": [[4.9177001, 52.3703042], [4.9177823, 52.3702783]]}, "properties": {"Speed": 25.1, "road_quality": 2, "marker": 7, "trip_id": "NORMA_Trip1", "hrot_diff": 1, "sample_diff": 8, "time_diff_s": 0.16, "gps_distance_m": 6.3, "original_speed": "3153", "wheel_diameter_mm": 711.1999999999999, "braking_intensity": 0.0, "is_braking": false}}, {"type": "Feature", "geometry": {"type": "LineString", "coordinates": [[4.9177823, 52.3702783], [4.9178613, 52.3702474]]}, "properties": {"Speed": 25.1, "road_quality": 2, "marker": 7, "trip_id": "NORMA_Trip1", "hrot_diff": 1, "sample_diff": 8, "time_diff_s": 0.16, "gps_distance_m": 6.4, "original_speed": "3181", "wheel_diameter_mm": 711.1999999999999, "braking_intensity": 0.0, "is_braking": false}}, {"type": "Feature", "geometry": {"type": "LineString", "coordinates": [[4.9178613, 52.3702474], [4.9179421, 52.3702133]]}, "properties": {"Speed": 20.1, "road_quality": 2, "marker": 7, "trip_id": "NORMA_Trip1", "hrot_diff": 1, "sample_diff": 10, "time_diff_s": 0.2, "gps_distance_m": 6.7, "original_speed": "3125", "wheel_diameter_mm": 711.1999999999999, "braking_intensity": 0.0, "is_braking": false}}, {"type": "Feature", "geometry": {"type": "LineString", "coordinates": [[4.9179421, 52.3702133], [4.9180495, 52.3701711]]}, "properties": {"Speed": 25.1, "road_quality": 2, "marker": 7, "trip_id": "NORMA_Trip1", "hrot_diff": 1, "sample_diff": 8, "time_diff_s": 0.16, "gps_distance_m": 8.7, "original_speed": "3070", "wheel_diameter_mm": 711.1999999999999, "braking_intensity": 0.0, "is_braking": false}}, {"type": "Feature", "geometry": {"type": "LineString", "coordinates": [[4.918201, 52.3701209], [4.9182862, 52.3700886]]}, "properties": {"Speed": 22.3, "road_quality": 2, "marker": 6, "trip_id": "NORMA_Trip1", "hrot_diff": 1, "sample_diff": 9, "time_diff_s": 0.18, "gps_distance_m": 6.8, "original_speed": "-1", "wheel_diameter_mm": 711.1999999999999, "braking_intensity": 0.0, "is_braking": false}}, {"type": "Feature", "geometry": {"type": "LineString", "coordinates": [[4.9182862, 52.3700886], [4.9183566, 52.3700657]]}, "properties": {"Speed": 20.1, "road_quality": 2, "marker": 6, "trip_id": "NORMA_Trip1", "hrot_diff": 1, "sample_diff": 10, "time_diff_s": 0.2, "gps_distance_m": 5.4, "original_speed": "-1", "wheel_diameter_mm": 711.1999999999999, "braking_intensity": 0.0, "is_braking": false}}, {"type": "Feature", "geometry": {"type": "LineString", "coordinates": [[4.9183566, 52.3700657], [4.9184177, 52.3700481]]}, "properties": {"Speed": 22.3, "road_quality": 2, "marker": 7, "trip_id": "NORMA_Trip1", "hrot_diff": 1, "sample_diff": 9, "time_diff_s": 0.18, "gps_distance_m": 4.6, "original_speed": "2970", "wheel_diameter_mm": 711.1999999999999, "braking_intensity": 0.0, "is_braking": false}}, {"type": "Feature", "geometry": {"type": "LineString", "coordinates": [[4.9184738, 52.3700257], [4.918547, 52.3699994]]}, "properties": {"Speed": 20.1, "road_quality": 3, "marker": 7, "trip_id": "NORMA_Trip1", "hrot_diff": 1, "sample_diff": 10, "time_diff_s": 0.2, "gps_distance_m": 5.8, "original_speed": "3603", "wheel_diameter_mm": 711.1999999999999, "braking_intensity": 0.0, "is_braking": false}}, {"type": "Feature", "geometry": {"type": "LineString", "coordinates": [[4.918547, 52.3699994], [4.9186212, 52.369972]]}, "properties": {"Speed": 7.2, "road_quality": 3, "marker": 7, "trip_id": "NORMA_Trip1", "hrot_diff": 1, "sample_diff": 28, "time_diff_s": 0.56, "gps_distance_m": 5.9, "original_speed": "3000", "wheel_diameter_mm": 711.1999999999999, "braking_intensity": 0.0, "is_braking": false}}, {"type": "Feature", "geometry": {"type": "LineString", "coordinates": [[4.9186212, 52.369972], [4.9187088, 52.369937]]}, "properties": {"Speed": 28.7, "road_quality": 3, "marker": 6, "trip_id": "NORMA_Trip1", "hrot_diff": 1, "sample_diff": 7, "time_diff_s": 0.14, "gps_distance_m": 7.1, "original_speed": "-1", "wheel_diameter_mm": 711.1999999999999, "braking_intensity": 0.0, "is_braking": false}}, {"type": "Feature", "geometry": {"type": "LineString", "coordinates": [[4.9187088, 52.369937], [4.9188319, 52.3699069]]}, "properties": {"Speed": 15.5, "road_quality": 2, "marker": 7, "trip_id": "NORMA_Trip1", "hrot_diff": 1, "sample_diff": 13, "time_diff_s": 0.26, "gps_distance_m": 9.0, "original_speed": "2586", "wheel_diameter_mm": 711.1999999999999, "braking_intensity": 0.0, "is_braking": false}}, {"type": "Feature", "geometry": {"type": "LineString", "coordinates": [[4.9188319, 52.3699069], [4.918927, 52.3698866]]}, "properties": {"Speed": 16.8, "road_quality": 3, "marker": 7, "trip_id": "NORMA_Trip1", "hrot_diff": 1, "sample_diff": 12, "time_diff_s": 0.24, "gps_distance_m": 6.8, "original_speed": "2272", "wheel_diameter_mm": 711.1999999999999, "braking_intensity": 0.0, "is_braking": false}}, {"type": "Feature", "geometry": {"type": "LineString", "coordinates": [[4.918927, 52.3698866], [4.9189914, 52.3698763]]}, "properties": {"Speed": 33.5, "road_quality": 2, "marker": 7, "trip_id": "NORMA_Trip1", "hrot_diff": 1, "sample_diff": 6, "time_diff_s": 0.12, "gps_distance_m": 4.5, "original_speed": "2272", "wheel_diameter_mm": 711.1999999999999, "braking_intensity": 0.0, "is_braking": false}}, {"type": "Feature", "geometry": {"type": "LineString", "coordinates": [[4.9189914, 52.3698763], [4.9190437, 52.3698652]]}, "properties": {"Speed": 20.1, "road_quality": 3, "marker": 7, "trip_id": "NORMA_Trip1", "hrot_diff": 1, "sample_diff": 10, "time_diff_s": 0.2, "gps_distance_m": 3.8, "original_speed": "2380", "wheel_diameter_mm": 711.1999999999999, "braking_intensity": 0.0, "is_braking": false}}, {"type": "Feature", "geometry": {"type": "LineString", "coordinates": [[4.9190437, 52.3698652], [4.919108, 52.3698588]]}, "properties": {"Speed": 20.1, "road_quality": 3, "marker": 7, "trip_id": "NORMA_Trip1", "hrot_diff": 1, "sample_diff": 10, "time_diff_s": 0.2, "gps_distance_m": 4.4, "original_speed": "2232", "wheel_diameter_mm": 711.1999999999999, "braking_intensity": 0.0, "is_braking": false}}]}